anchor_stamp_s,scene_stamp_s,sync_dt_ms,label_mode,prompt,label_waypoints_json,wp0_x,wp0_y,wp0_z,wp1_x,wp1_y,wp1_z,wp2_x,wp2_y,wp2_z,wp3_x,wp3_y,wp3_z,wp4_x,wp4_y,wp4_z
1773821990.208107233,1773821990.208107233,0.000,offline_ground_truth_window,"Environment section (T(v)):
- Current position NED is (-0.09, -0.05, -2.37) m.
- Current velocity is (-0.01, 0.00, 0.00) m/s (speed 0.01 m/s).
- Goal position NED is (0.82, 27.10, -2.50) m.
- Output contract: predict exactly 5 waypoint x/y pairs in NED. The planner will set every waypoint z to goal z = -2.50 m before execution.
- Goal delta from current state is (0.91, 27.15, -0.13) m with distance 27.17 m.
- Obstacle pipeline: depth_camera_to_body_to_ned_current_frame.
- Current depth frame obstacle points projected into NED: 46. Nearest depth obstacle in NED is at (-0.17, 0.87, -2.28) m, relative vector (-0.08, 0.92, 0.08) m, distance 0.92 m.
- Depth validity fraction is 0.60. Global nearest obstacle distance is 0.78 m.
- Sector minimum distances [far_left, left, center, right, far_right] are [1.11, 0.82, 0.78, 0.83, 1.12] m.
- Nearest obstacle sector is center at 0.78 m and clearance status is blocked.
- Lateral planning hint: prefer center progress.","{""waypoints"":[{""x"":-0.15203323529411777,""y"":0.530341588235294},{""x"":-0.3726214705882354,""y"":0.9568121764705881},{""x"":-0.5932097058823531,""y"":1.383282764705882},{""x"":-0.8137979411764706,""y"":1.8097533529411765},{""x"":-1.0343861764705884,""y"":2.2362239411764704}],""reasoning"":""Selected waypoint 0 moves the reference anchor from 27.01 m to 26.59 m from goal immediately and to 24.94 m by the final waypoint, so progress is 0.42 m selected / 2.07 m final and passes with monotonic goal-distance reduction. Kinematics is evaluated on 5 unique label waypoint(s), excluding consecutive duplicate terminal holds, and checks only that the trajectory stays within the configured bounds speed <= 15.00 m/s and acceleration <= 8.00 m/s^2, so kinematics passes. Goal is not reached within this label waypoint window. Safety passes: minimum clearance 5.03 m against manifest obstacles with 0 violating segment(s).""}",-0.15203323529411777,0.530341588235294,-2.5,-0.3726214705882354,0.9568121764705881,-2.5,-0.5932097058823531,1.383282764705882,-2.5,-0.8137979411764706,1.8097533529411765,-2.5,-1.0343861764705884,2.2362239411764704,-2.5
1773821994.862172127,1773821994.862172127,0.000,offline_ground_truth_window,"Environment section (T(v)):
- Current position NED is (-0.12, 0.28, -2.50) m.
- Current velocity is (-0.01, 0.08, 0.00) m/s (speed 0.09 m/s).
- Goal position NED is (0.82, 27.10, -2.50) m.
- Output contract: predict exactly 5 waypoint x/y pairs in NED. The planner will set every waypoint z to goal z = -2.50 m before execution.
- Goal delta from current state is (0.94, 26.83, -0.00) m with distance 26.84 m.
- Obstacle pipeline: depth_camera_to_body_to_ned_current_frame.
- Current depth frame obstacle points projected into NED: 78. Nearest depth obstacle in NED is at (-0.21, 0.89, -2.50) m, relative vector (-0.09, 0.62, -0.00) m, distance 0.62 m.
- Depth validity fraction is 0.58. Global nearest obstacle distance is 0.49 m.
- Sector minimum distances [far_left, left, center, right, far_right] are [5.04, 0.49, 0.49, 0.52, 5.04] m.
- Nearest obstacle sector is center at 0.49 m and clearance status is blocked.
- Lateral planning hint: prefer center progress.","{""waypoints"":[{""x"":-0.3726214705882354,""y"":0.9568121764705881},{""x"":-0.5932097058823531,""y"":1.383282764705882},{""x"":-0.8137979411764706,""y"":1.8097533529411765},{""x"":-1.0343861764705884,""y"":2.2362239411764704},{""x"":-1.2549744117647061,""y"":2.6626945294117648}],""reasoning"":""Selected waypoint 0 moves the reference anchor from 26.59 m to 26.17 m from goal immediately and to 24.53 m by the final waypoint, so progress is 0.42 m selected / 2.06 m final and passes with monotonic goal-distance reduction. Kinematics is evaluated on 5 unique label waypoint(s), excluding consecutive duplicate terminal holds, and checks only that the trajectory stays within the configured bounds speed <= 15.00 m/s and acceleration <= 8.00 m/s^2, so kinematics passes. Goal is not reached within this label waypoint window. Safety passes: minimum clearance 4.59 m against manifest obstacles with 0 violating segment(s).""}",-0.3726214705882354,0.9568121764705881,-2.5,-0.5932097058823531,1.383282764705882,-2.5,-0.8137979411764706,1.8097533529411765,-2.5,-1.0343861764705884,2.2362239411764704,-2.5,-1.2549744117647061,2.6626945294117648,-2.5
1773822001.194343328,1773822001.194343328,0.000,offline_ground_truth_window,"Environment section (T(v)):
- Current position NED is (-0.32, 0.72, -2.56) m.
- Current velocity is (-0.01, 0.06, 0.02) m/s (speed 0.07 m/s).
- Goal position NED is (0.82, 27.10, -2.50) m.
- Output contract: predict exactly 5 waypoint x/y pairs in NED. The planner will set every waypoint z to goal z = -2.50 m before execution.
- Goal delta from current state is (1.13, 26.39, 0.06) m with distance 26.41 m.
- Obstacle pipeline: depth_camera_to_body_to_ned_current_frame.
- Current depth frame obstacle points projected into NED: 17. Nearest depth obstacle in NED is at (0.03, 8.42, -2.69) m, relative vector (0.35, 7.71, -0.13) m, distance 7.71 m.
- Depth validity fraction is 0.58. Global nearest obstacle distance is 0.30 m.
- Sector minimum distances [far_left, left, center, right, far_right] are [0.30, 5.08, 5.08, 5.08, 5.08] m.
- Nearest obstacle sector is far_left at 0.30 m and clearance status is blocked.
- Lateral planning hint: right side is clearer.","{""waypoints"":[{""x"":-0.5932097058823531,""y"":1.383282764705882},{""x"":-0.8137979411764706,""y"":1.8097533529411765},{""x"":-1.0343861764705884,""y"":2.2362239411764704},{""x"":-1.2549744117647061,""y"":2.6626945294117648},{""x"":-1.4755626470588235,""y"":3.0891651176470587}],""reasoning"":""Selected waypoint 0 moves the reference anchor from 26.17 m to 25.76 m from goal immediately and to 24.12 m by the final waypoint, so progress is 0.41 m selected / 2.05 m final and passes with monotonic goal-distance reduction. Kinematics is evaluated on 5 unique label waypoint(s), excluding consecutive duplicate terminal holds, and checks only that the trajectory stays within the configured bounds speed <= 15.00 m/s and acceleration <= 8.00 m/s^2, so kinematics passes. Goal is not reached within this label waypoint window. Safety passes: minimum clearance 4.16 m against manifest obstacles with 0 violating segment(s).""}",-0.5932097058823531,1.383282764705882,-2.5,-0.8137979411764706,1.8097533529411765,-2.5,-1.0343861764705884,2.2362239411764704,-2.5,-1.2549744117647061,2.6626945294117648,-2.5,-1.4755626470588235,3.0891651176470587,-2.5
1773822006.438821793,1773822006.438821793,0.000,offline_ground_truth_window,"Environment section (T(v)):
- Current position NED is (-0.49, 1.17, -2.56) m.
- Current velocity is (-0.03, 0.08, 0.02) m/s (speed 0.09 m/s).
- Goal position NED is (0.82, 27.10, -2.50) m.
- Output contract: predict exactly 5 waypoint x/y pairs in NED. The planner will set every waypoint z to goal z = -2.50 m before execution.
- Goal delta from current state is (1.31, 25.94, 0.06) m with distance 25.97 m.
- Obstacle pipeline: depth_camera_to_body_to_ned_current_frame.
- Current depth frame obstacle points projected into NED: 12. Nearest depth obstacle in NED is at (-0.33, 8.45, -2.66) m, relative vector (0.16, 7.28, -0.10) m, distance 7.28 m.
- Depth validity fraction is 0.58. Global nearest obstacle distance is 5.11 m.
- Sector minimum distances [far_left, left, center, right, far_right] are [5.11, 5.11, 5.11, 5.11, 5.11] m.
- Nearest obstacle sector is far_left at 5.11 m and clearance status is clear.
- Lateral planning hint: prefer center progress.","{""waypoints"":[{""x"":-0.8137979411764706,""y"":1.8097533529411765},{""x"":-1.0343861764705884,""y"":2.2362239411764704},{""x"":-1.2549744117647061,""y"":2.6626945294117648},{""x"":-1.4755626470588235,""y"":3.0891651176470587},{""x"":-1.6961508823529412,""y"":3.515635705882353}],""reasoning"":""Selected waypoint 0 moves the reference anchor from 25.76 m to 25.35 m from goal immediately and to 23.72 m by the final waypoint, so progress is 0.41 m selected / 2.04 m final and passes with monotonic goal-distance reduction. Kinematics is evaluated on 5 unique label waypoint(s), excluding consecutive duplicate terminal holds, and checks only that the trajectory stays within the configured bounds speed <= 15.00 m/s and acceleration <= 8.00 m/s^2, so kinematics passes. Goal is not reached within this label waypoint window. Safety passes: minimum clearance 3.74 m against manifest obstacles with 0 violating segment(s).""}",-0.8137979411764706,1.8097533529411765,-2.5,-1.0343861764705884,2.2362239411764704,-2.5,-1.2549744117647061,2.6626945294117648,-2.5,-1.4755626470588235,3.0891651176470587,-2.5,-1.6961508823529412,3.515635705882353,-2.5
1773822012.568058729,1773822012.568058729,0.000,offline_ground_truth_window,"Environment section (T(v)):
- Current position NED is (-0.70, 1.60, -2.55) m.
- Current velocity is (-0.04, 0.07, 0.02) m/s (speed 0.08 m/s).
- Goal position NED is (0.82, 27.10, -2.50) m.
- Output contract: predict exactly 5 waypoint x/y pairs in NED. The planner will set every waypoint z to goal z = -2.50 m before execution.
- Goal delta from current state is (1.52, 25.50, 0.05) m with distance 25.55 m.
- Obstacle pipeline: depth_camera_to_body_to_ned_current_frame.
- Current depth frame obstacle points projected into NED: 10. Nearest depth obstacle in NED is at (-0.87, 8.42, -2.44) m, relative vector (-0.17, 6.81, 0.11) m, distance 6.82 m.
- Depth validity fraction is 0.58. Global nearest obstacle distance is 5.09 m.
- Sector minimum distances [far_left, left, center, right, far_right] are [5.09, 5.09, 5.09, 5.10, 5.10] m.
- Nearest obstacle sector is far_left at 5.09 m and clearance status is clear.
- Lateral planning hint: prefer center progress.","{""waypoints"":[{""x"":-1.0343861764705884,""y"":2.2362239411764704},{""x"":-1.2549744117647061,""y"":2.6626945294117648},{""x"":-1.4755626470588235,""y"":3.0891651176470587},{""x"":-1.6961508823529412,""y"":3.515635705882353},{""x"":-1.916739117647059,""y"":3.9421062941176466}],""reasoning"":""Selected waypoint 0 moves the reference anchor from 25.35 m to 24.94 m from goal immediately and to 23.32 m by the final waypoint, so progress is 0.41 m selected / 2.02 m final and passes with monotonic goal-distance reduction. Kinematics is evaluated on 5 unique label waypoint(s), excluding consecutive duplicate terminal holds, and checks only that the trajectory stays within the configured bounds speed <= 15.00 m/s and acceleration <= 8.00 m/s^2, so kinematics passes. Goal is not reached within this label waypoint window. Safety passes: minimum clearance 3.33 m against manifest obstacles with 0 violating segment(s).""}",-1.0343861764705884,2.2362239411764704,-2.5,-1.2549744117647061,2.6626945294117648,-2.5,-1.4755626470588235,3.0891651176470587,-2.5,-1.6961508823529412,3.515635705882353,-2.5,-1.916739117647059,3.9421062941176466,-2.5
1773822019.487137079,1773822019.487137079,0.000,offline_ground_truth_window,"Environment section (T(v)):
- Current position NED is (-0.94, 2.02, -2.55) m.
- Current velocity is (-0.02, 0.04, 0.02) m/s (speed 0.05 m/s).
- Goal position NED is (0.82, 27.10, -2.50) m.
- Output contract: predict exactly 5 waypoint x/y pairs in NED. The planner will set every waypoint z to goal z = -2.50 m before execution.
- Goal delta from current state is (1.76, 25.09, 0.05) m with distance 25.15 m.
- Obstacle pipeline: depth_camera_to_body_to_ned_current_frame.
- Current depth frame obstacle points projected into NED: 14. Nearest depth obstacle in NED is at (-1.10, 8.38, -2.54) m, relative vector (-0.16, 6.37, 0.01) m, distance 6.37 m.
- Depth validity fraction is 0.59. Global nearest obstacle distance is 5.02 m.
- Sector minimum distances [far_left, left, center, right, far_right] are [5.03, 5.02, 5.02, 5.02, 5.02] m.
- Nearest obstacle sector is far_right at 5.02 m and clearance status is clear.
- Lateral planning hint: prefer center progress.","{""waypoints"":[{""x"":-1.2549744117647061,""y"":2.6626945294117648},{""x"":-1.4755626470588235,""y"":3.0891651176470587},{""x"":-1.6961508823529412,""y"":3.515635705882353},{""x"":-1.916739117647059,""y"":3.9421062941176466},{""x"":-2.1373273529411767,""y"":4.368576882352941}],""reasoning"":""Selected waypoint 0 moves the reference anchor from 24.94 m to 24.53 m from goal immediately and to 22.93 m by the final waypoint, so progress is 0.41 m selected / 2.01 m final and passes with monotonic goal-distance reduction. Kinematics is evaluated on 5 unique label waypoint(s), excluding consecutive duplicate terminal holds, and checks only that the trajectory stays within the configured bounds speed <= 15.00 m/s and acceleration <= 8.00 m/s^2, so kinematics passes. Goal is not reached within this label waypoint window. Safety passes: minimum clearance 2.94 m against manifest obstacles with 0 violating segment(s).""}",-1.2549744117647061,2.6626945294117648,-2.5,-1.4755626470588235,3.0891651176470587,-2.5,-1.6961508823529412,3.515635705882353,-2.5,-1.916739117647059,3.9421062941176466,-2.5,-2.1373273529411767,4.368576882352941,-2.5
1773822026.657507181,1773822026.657507181,0.000,offline_ground_truth_window,"Environment section (T(v)):
- Current position NED is (-1.16, 2.44, -2.54) m.
- Current velocity is (-0.03, 0.05, 0.01) m/s (speed 0.06 m/s).
- Goal position NED is (0.82, 27.10, -2.50) m.
- Output contract: predict exactly 5 waypoint x/y pairs in NED. The planner will set every waypoint z to goal z = -2.50 m before execution.
- Goal delta from current state is (1.98, 24.66, 0.04) m with distance 24.74 m.
- Obstacle pipeline: depth_camera_to_body_to_ned_current_frame.
- Current depth frame obstacle points projected into NED: 15. Nearest depth obstacle in NED is at (-1.66, 8.34, -2.57) m, relative vector (-0.50, 5.89, -0.03) m, distance 5.92 m.
- Depth validity fraction is 0.60. Global nearest obstacle distance is 5.01 m.
- Sector minimum distances [far_left, left, center, right, far_right] are [5.01, 5.02, 5.03, 5.03, 5.04] m.
- Nearest obstacle sector is far_left at 5.01 m and clearance status is clear.
- Lateral planning hint: prefer center progress.","{""waypoints"":[{""x"":-1.4755626470588235,""y"":3.0891651176470587},{""x"":-1.6961508823529412,""y"":3.515635705882353},{""x"":-1.916739117647059,""y"":3.9421062941176466},{""x"":-2.1373273529411767,""y"":4.368576882352941},{""x"":-2.3579155882352945,""y"":4.795047470588235}],""reasoning"":""Selected waypoint 0 moves the reference anchor from 24.53 m to 24.12 m from goal immediately and to 22.53 m by the final waypoint, so progress is 0.40 m selected / 2.00 m final and passes with monotonic goal-distance reduction. Kinematics is evaluated on 5 unique label waypoint(s), excluding consecutive duplicate terminal holds, and checks only that the trajectory stays within the configured bounds speed <= 15.00 m/s and acceleration <= 8.00 m/s^2, so kinematics passes. Goal is not reached within this label waypoint window. Safety passes: minimum clearance 2.57 m against manifest obstacles with 0 violating segment(s).""}",-1.4755626470588235,3.0891651176470587,-2.5,-1.6961508823529412,3.515635705882353,-2.5,-1.916739117647059,3.9421062941176466,-2.5,-2.1373273529411767,4.368576882352941,-2.5,-2.3579155882352945,4.795047470588235,-2.5
1773822033.872938395,1773822033.872938395,0.000,offline_ground_truth_window,"Environment section (T(v)):
- Current position NED is (-1.34, 2.89, -2.51) m.
- Current velocity is (-0.04, 0.06, 0.01) m/s (speed 0.07 m/s).
- Goal position NED is (0.82, 27.10, -2.50) m.
- Output contract: predict exactly 5 waypoint x/y pairs in NED. The planner will set every waypoint z to goal z = -2.50 m before execution.
- Goal delta from current state is (2.16, 24.21, 0.01) m with distance 24.31 m.
- Obstacle pipeline: depth_camera_to_body_to_ned_current_frame.
- Current depth frame obstacle points projected into NED: 24. Nearest depth obstacle in NED is at (-1.95, 8.31, -2.72) m, relative vector (-0.61, 5.41, -0.21) m, distance 5.45 m.
- Depth validity fraction is 0.59. Global nearest obstacle distance is 5.03 m.
- Sector minimum distances [far_left, left, center, right, far_right] are [5.03, 5.04, 5.04, 5.05, 5.05] m.
- Nearest obstacle sector is far_left at 5.03 m and clearance status is clear.
- Lateral planning hint: prefer center progress.","{""waypoints"":[{""x"":-1.6961508823529412,""y"":3.515635705882353},{""x"":-1.916739117647059,""y"":3.9421062941176466},{""x"":-2.1373273529411767,""y"":4.368576882352941},{""x"":-2.3579155882352945,""y"":4.795047470588235},{""x"":-2.578503823529412,""y"":5.22151805882353}],""reasoning"":""Selected waypoint 0 moves the reference anchor from 24.12 m to 23.72 m from goal immediately and to 22.14 m by the final waypoint, so progress is 0.40 m selected / 1.98 m final and passes with monotonic goal-distance reduction. Kinematics is evaluated on 5 unique label waypoint(s), excluding consecutive duplicate terminal holds, and checks only that the trajectory stays within the configured bounds speed <= 15.00 m/s and acceleration <= 8.00 m/s^2, so kinematics passes. Goal is not reached within this label waypoint window. Safety passes: minimum clearance 2.24 m against manifest obstacles with 0 violating segment(s).""}",-1.6961508823529412,3.515635705882353,-2.5,-1.916739117647059,3.9421062941176466,-2.5,-2.1373273529411767,4.368576882352941,-2.5,-2.3579155882352945,4.795047470588235,-2.5,-2.578503823529412,5.22151805882353,-2.5
1773822040.360534430,1773822040.360534430,0.000,offline_ground_truth_window,"Environment section (T(v)):
- Current position NED is (-1.60, 3.30, -2.52) m.
- Current velocity is (-0.04, 0.05, 0.01) m/s (speed 0.06 m/s).
- Goal position NED is (0.82, 27.10, -2.50) m.
- Output contract: predict exactly 5 waypoint x/y pairs in NED. The planner will set every waypoint z to goal z = -2.50 m before execution.
- Goal delta from current state is (2.42, 23.80, 0.02) m with distance 23.92 m.
- Obstacle pipeline: depth_camera_to_body_to_ned_current_frame.
- Current depth frame obstacle points projected into NED: 24. Nearest depth obstacle in NED is at (-2.33, 8.30, -2.42) m, relative vector (-0.73, 5.00, 0.10) m, distance 5.05 m.
- Depth validity fraction is 0.60. Global nearest obstacle distance is 4.91 m.
- Sector minimum distances [far_left, left, center, right, far_right] are [5.04, 5.05, 4.91, 5.06, 5.07] m.
- Nearest obstacle sector is center at 4.91 m and clearance status is clear.
- Lateral planning hint: prefer center progress.","{""waypoints"":[{""x"":-1.916739117647059,""y"":3.9421062941176466},{""x"":-2.1373273529411767,""y"":4.368576882352941},{""x"":-2.3579155882352945,""y"":4.795047470588235},{""x"":-2.578503823529412,""y"":5.22151805882353},{""x"":-2.799092058823529,""y"":5.647988647058823}],""reasoning"":""Selected waypoint 0 moves the reference anchor from 23.72 m to 23.32 m from goal immediately and to 21.76 m by the final waypoint, so progress is 0.40 m selected / 1.96 m final and passes with monotonic goal-distance reduction. Kinematics is evaluated on 5 unique label waypoint(s), excluding consecutive duplicate terminal holds, and checks only that the trajectory stays within the configured bounds speed <= 15.00 m/s and acceleration <= 8.00 m/s^2, so kinematics passes. Goal is not reached within this label waypoint window. Safety passes: minimum clearance 1.96 m against manifest obstacles with 0 violating segment(s).""}",-1.916739117647059,3.9421062941176466,-2.5,-2.1373273529411767,4.368576882352941,-2.5,-2.3579155882352945,4.795047470588235,-2.5,-2.578503823529412,5.22151805882353,-2.5,-2.799092058823529,5.647988647058823,-2.5
1773822046.046371937,1773822046.046371937,0.000,offline_ground_truth_window,"Environment section (T(v)):
- Current position NED is (-1.81, 3.73, -2.53) m.
- Current velocity is (-0.04, 0.07, 0.02) m/s (speed 0.08 m/s).
- Goal position NED is (0.82, 27.10, -2.50) m.
- Output contract: predict exactly 5 waypoint x/y pairs in NED. The planner will set every waypoint z to goal z = -2.50 m before execution.
- Goal delta from current state is (2.63, 23.37, 0.03) m with distance 23.52 m.
- Obstacle pipeline: depth_camera_to_body_to_ned_current_frame.
- Current depth frame obstacle points projected into NED: 35. Nearest depth obstacle in NED is at (-2.58, 8.30, -2.69) m, relative vector (-0.78, 4.56, -0.15) m, distance 4.63 m.
- Depth validity fraction is 0.61. Global nearest obstacle distance is 4.48 m.
- Sector minimum distances [far_left, left, center, right, far_right] are [5.02, 4.63, 4.48, 5.02, 5.02] m.
- Nearest obstacle sector is center at 4.48 m and clearance status is clear.
- Lateral planning hint: prefer center progress.","{""waypoints"":[{""x"":-2.1373273529411767,""y"":4.368576882352941},{""x"":-2.3579155882352945,""y"":4.795047470588235},{""x"":-2.578503823529412,""y"":5.22151805882353},{""x"":-2.799092058823529,""y"":5.647988647058823},{""x"":-3.019680294117647,""y"":6.074459235294118}],""reasoning"":""Selected waypoint 0 moves the reference anchor from 23.32 m to 22.93 m from goal immediately and to 21.38 m by the final waypoint, so progress is 0.40 m selected / 1.95 m final and passes with monotonic goal-distance reduction. Kinematics is evaluated on 5 unique label waypoint(s), excluding consecutive duplicate terminal holds, and checks only that the trajectory stays within the configured bounds speed <= 15.00 m/s and acceleration <= 8.00 m/s^2, so kinematics passes. Goal is not reached within this label waypoint window. Safety passes: minimum clearance 1.75 m against manifest obstacles with 0 violating segment(s).""}",-2.1373273529411767,4.368576882352941,-2.5,-2.3579155882352945,4.795047470588235,-2.5,-2.578503823529412,5.22151805882353,-2.5,-2.799092058823529,5.647988647058823,-2.5,-3.019680294117647,6.074459235294118,-2.5
1773822051.807517767,1773822051.807517767,0.000,offline_ground_truth_window,"Environment section (T(v)):
- Current position NED is (-2.02, 4.16, -2.52) m.
- Current velocity is (-0.04, 0.06, 0.01) m/s (speed 0.07 m/s).
- Goal position NED is (0.82, 27.10, -2.50) m.
- Output contract: predict exactly 5 waypoint x/y pairs in NED. The planner will set every waypoint z to goal z = -2.50 m before execution.
- Goal delta from current state is (2.84, 22.94, 0.02) m with distance 23.12 m.
- Obstacle pipeline: depth_camera_to_body_to_ned_current_frame.
- Current depth frame obstacle points projected into NED: 28. Nearest depth obstacle in NED is at (-3.04, 8.23, -2.46) m, relative vector (-1.02, 4.07, 0.06) m, distance 4.19 m.
- Depth validity fraction is 0.61. Global nearest obstacle distance is 4.03 m.
- Sector minimum distances [far_left, left, center, right, far_right] are [5.04, 4.03, 4.03, 5.04, 5.04] m.
- Nearest obstacle sector is center at 4.03 m and clearance status is clear.
- Lateral planning hint: right side is clearer.","{""waypoints"":[{""x"":-2.3579155882352945,""y"":4.795047470588235},{""x"":-2.578503823529412,""y"":5.22151805882353},{""x"":-2.799092058823529,""y"":5.647988647058823},{""x"":-3.019680294117647,""y"":6.074459235294118},{""x"":-3.2402685294117646,""y"":6.500929823529411}],""reasoning"":""Selected waypoint 0 moves the reference anchor from 22.93 m to 22.53 m from goal immediately and to 21.00 m by the final waypoint, so progress is 0.39 m selected / 1.93 m final and passes with monotonic goal-distance reduction. Kinematics is evaluated on 5 unique label waypoint(s), excluding consecutive duplicate terminal holds, and checks only that the trajectory stays within the configured bounds speed <= 15.00 m/s and acceleration <= 8.00 m/s^2, so kinematics passes. Goal is not reached within this label waypoint window. Safety passes: minimum clearance 1.62 m against manifest obstacles with 0 violating segment(s).""}",-2.3579155882352945,4.795047470588235,-2.5,-2.578503823529412,5.22151805882353,-2.5,-2.799092058823529,5.647988647058823,-2.5,-3.019680294117647,6.074459235294118,-2.5,-3.2402685294117646,6.500929823529411,-2.5
1773822058.585326433,1773822058.585326433,0.000,offline_ground_truth_window,"Environment section (T(v)):
- Current position NED is (-2.26, 4.58, -2.53) m.
- Current velocity is (-0.04, 0.07, 0.01) m/s (speed 0.08 m/s).
- Goal position NED is (0.82, 27.10, -2.50) m.
- Output contract: predict exactly 5 waypoint x/y pairs in NED. The planner will set every waypoint z to goal z = -2.50 m before execution.
- Goal delta from current state is (3.07, 22.52, 0.03) m with distance 22.73 m.
- Obstacle pipeline: depth_camera_to_body_to_ned_current_frame.
- Current depth frame obstacle points projected into NED: 73. Nearest depth obstacle in NED is at (-3.49, 8.21, -2.31) m, relative vector (-1.23, 3.63, 0.21) m, distance 3.84 m.
- Depth validity fraction is 0.62. Global nearest obstacle distance is 3.62 m.
- Sector minimum distances [far_left, left, center, right, far_right] are [5.10, 3.62, 3.68, 5.11, 5.11] m.
- Nearest obstacle sector is left at 3.62 m and clearance status is clear.
- Lateral planning hint: right side is clearer.","{""waypoints"":[{""x"":-2.578503823529412,""y"":5.22151805882353},{""x"":-2.799092058823529,""y"":5.647988647058823},{""x"":-3.019680294117647,""y"":6.074459235294118},{""x"":-3.2402685294117646,""y"":6.500929823529411},{""x"":-3.4608567647058823,""y"":6.927400411764706}],""reasoning"":""Selected waypoint 0 moves the reference anchor from 22.53 m to 22.14 m from goal immediately and to 20.63 m by the final waypoint, so progress is 0.39 m selected / 1.91 m final and passes with monotonic goal-distance reduction. Kinematics is evaluated on 5 unique label waypoint(s), excluding consecutive duplicate terminal holds, and checks only that the trajectory stays within the configured bounds speed <= 15.00 m/s and acceleration <= 8.00 m/s^2, so kinematics passes. Goal is not reached within this label waypoint window. Safety passes: minimum clearance 1.60 m against manifest obstacles with 0 violating segment(s).""}",-2.578503823529412,5.22151805882353,-2.5,-2.799092058823529,5.647988647058823,-2.5,-3.019680294117647,6.074459235294118,-2.5,-3.2402685294117646,6.500929823529411,-2.5,-3.4608567647058823,6.927400411764706,-2.5
1773822066.814616442,1773822066.814616442,0.000,offline_ground_truth_window,"Environment section (T(v)):
- Current position NED is (-2.50, 5.00, -2.55) m.
- Current velocity is (-0.03, 0.05, 0.02) m/s (speed 0.06 m/s).
- Goal position NED is (0.82, 27.10, -2.50) m.
- Output contract: predict exactly 5 waypoint x/y pairs in NED. The planner will set every waypoint z to goal z = -2.50 m before execution.
- Goal delta from current state is (3.32, 22.10, 0.05) m with distance 22.35 m.
- Obstacle pipeline: depth_camera_to_body_to_ned_current_frame.
- Current depth frame obstacle points projected into NED: 90. Nearest depth obstacle in NED is at (-3.71, 8.21, -2.54) m, relative vector (-1.21, 3.21, 0.02) m, distance 3.43 m.
- Depth validity fraction is 0.63. Global nearest obstacle distance is 3.16 m.
- Sector minimum distances [far_left, left, center, right, far_right] are [5.00, 3.16, 3.56, 5.01, 4.88] m.
- Nearest obstacle sector is left at 3.16 m and clearance status is clear.
- Lateral planning hint: right side is clearer.","{""waypoints"":[{""x"":-2.799092058823529,""y"":5.647988647058823},{""x"":-3.019680294117647,""y"":6.074459235294118},{""x"":-3.2402685294117646,""y"":6.500929823529411},{""x"":-3.4608567647058823,""y"":6.927400411764706},{""x"":-3.681445,""y"":7.353871}],""reasoning"":""Selected waypoint 0 moves the reference anchor from 22.14 m to 21.76 m from goal immediately and to 20.26 m by the final waypoint, so progress is 0.39 m selected / 1.89 m final and passes with monotonic goal-distance reduction. Kinematics is evaluated on 5 unique label waypoint(s), excluding consecutive duplicate terminal holds, and checks only that the trajectory stays within the configured bounds speed <= 15.00 m/s and acceleration <= 8.00 m/s^2, so kinematics passes. Goal is not reached within this label waypoint window. Safety passes: minimum clearance 1.60 m against manifest obstacles with 0 violating segment(s).""}",-2.799092058823529,5.647988647058823,-2.5,-3.019680294117647,6.074459235294118,-2.5,-3.2402685294117646,6.500929823529411,-2.5,-3.4608567647058823,6.927400411764706,-2.5,-3.681445,7.353871,-2.5
1773822073.722296953,1773822073.722296953,0.000,offline_ground_truth_window,"Environment section (T(v)):
- Current position NED is (-2.70, 5.44, -2.49) m.
- Current velocity is (-0.04, 0.07, 0.00) m/s (speed 0.08 m/s).
- Goal position NED is (0.82, 27.10, -2.50) m.
- Output contract: predict exactly 5 waypoint x/y pairs in NED. The planner will set every waypoint z to goal z = -2.50 m before execution.
- Goal delta from current state is (3.51, 21.67, -0.01) m with distance 21.95 m.
- Obstacle pipeline: depth_camera_to_body_to_ned_current_frame.
- Current depth frame obstacle points projected into NED: 79. Nearest depth obstacle in NED is at (-4.09, 8.18, -2.30) m, relative vector (-1.39, 2.74, 0.20) m, distance 3.08 m.
- Depth validity fraction is 0.64. Global nearest obstacle distance is 2.72 m.
- Sector minimum distances [far_left, left, center, right, far_right] are [2.72, 2.72, 4.87, 4.87, 4.56] m.
- Nearest obstacle sector is far_left at 2.72 m and clearance status is caution.
- Lateral planning hint: right side is clearer.","{""waypoints"":[{""x"":-3.019680294117647,""y"":6.074459235294118},{""x"":-3.2402685294117646,""y"":6.500929823529411},{""x"":-3.4608567647058823,""y"":6.927400411764706},{""x"":-3.681445,""y"":7.353871},{""x"":-3.5716889024390244,""y"":7.835578317073171}],""reasoning"":""Selected waypoint 0 moves the reference anchor from 21.76 m to 21.38 m from goal immediately and to 19.76 m by the final waypoint, so progress is 0.38 m selected / 2.00 m final and passes with monotonic goal-distance reduction. Kinematics is evaluated on 5 unique label waypoint(s), excluding consecutive duplicate terminal holds, and checks only that the trajectory stays within the configured bounds speed <= 15.00 m/s and acceleration <= 8.00 m/s^2, so kinematics passes. Goal is not reached within this label waypoint window. Safety passes: minimum clearance 1.55 m against manifest obstacles with 0 violating segment(s).""}",-3.019680294117647,6.074459235294118,-2.5,-3.2402685294117646,6.500929823529411,-2.5,-3.4608567647058823,6.927400411764706,-2.5,-3.681445,7.353871,-2.5,-3.5716889024390244,7.835578317073171,-2.5
1773822080.653269053,1773822080.653269053,0.000,offline_ground_truth_window,"Environment section (T(v)):
- Current position NED is (-2.91, 5.86, -2.50) m.
- Current velocity is (-0.03, 0.05, 0.01) m/s (speed 0.06 m/s).
- Goal position NED is (0.82, 27.10, -2.50) m.
- Output contract: predict exactly 5 waypoint x/y pairs in NED. The planner will set every waypoint z to goal z = -2.50 m before execution.
- Goal delta from current state is (3.73, 21.24, 0.00) m with distance 21.57 m.
- Obstacle pipeline: depth_camera_to_body_to_ned_current_frame.
- Current depth frame obstacle points projected into NED: 117. Nearest depth obstacle in NED is at (-4.47, 8.13, -2.44) m, relative vector (-1.56, 2.27, 0.07) m, distance 2.75 m.
- Depth validity fraction is 0.63. Global nearest obstacle distance is 2.28 m.
- Sector minimum distances [far_left, left, center, right, far_right] are [2.28, 2.43, 4.97, 4.97, 4.27] m.
- Nearest obstacle sector is far_left at 2.28 m and clearance status is caution.
- Lateral planning hint: right side is clearer.","{""waypoints"":[{""x"":-3.2402685294117646,""y"":6.500929823529411},{""x"":-3.4608567647058823,""y"":6.927400411764706},{""x"":-3.681445,""y"":7.353871},{""x"":-3.5716889024390244,""y"":7.835578317073171},{""x"":-3.4619328048780487,""y"":8.31728563414634}],""reasoning"":""Selected waypoint 0 moves the reference anchor from 21.38 m to 21.00 m from goal immediately and to 19.27 m by the final waypoint, so progress is 0.38 m selected / 2.11 m final and passes with monotonic goal-distance reduction. Kinematics is evaluated on 5 unique label waypoint(s), excluding consecutive duplicate terminal holds, and checks only that the trajectory stays within the configured bounds speed <= 15.00 m/s and acceleration <= 8.00 m/s^2, so kinematics passes. Goal is not reached within this label waypoint window. Safety passes: minimum clearance 1.52 m against manifest obstacles with 0 violating segment(s).""}",-3.2402685294117646,6.500929823529411,-2.5,-3.4608567647058823,6.927400411764706,-2.5,-3.681445,7.353871,-2.5,-3.5716889024390244,7.835578317073171,-2.5,-3.4619328048780487,8.31728563414634,-2.5
1773822086.655798197,1773822086.655798197,0.000,offline_ground_truth_window,"Environment section (T(v)):
- Current position NED is (-3.15, 6.28, -2.52) m.
- Current velocity is (-0.02, 0.06, 0.01) m/s (speed 0.07 m/s).
- Goal position NED is (0.82, 27.10, -2.50) m.
- Output contract: predict exactly 5 waypoint x/y pairs in NED. The planner will set every waypoint z to goal z = -2.50 m before execution.
- Goal delta from current state is (3.97, 20.83, 0.02) m with distance 21.20 m.
- Obstacle pipeline: depth_camera_to_body_to_ned_current_frame.
- Current depth frame obstacle points projected into NED: 107. Nearest depth obstacle in NED is at (-4.77, 8.17, -2.58) m, relative vector (-1.62, 1.89, -0.06) m, distance 2.49 m.
- Depth validity fraction is 0.62. Global nearest obstacle distance is 1.92 m.
- Sector minimum distances [far_left, left, center, right, far_right] are [1.92, 4.98, 4.97, 4.97, 4.00] m.
- Nearest obstacle sector is far_left at 1.92 m and clearance status is caution.
- Lateral planning hint: right side is clearer.","{""waypoints"":[{""x"":-3.4608567647058823,""y"":6.927400411764706},{""x"":-3.681445,""y"":7.353871},{""x"":-3.5716889024390244,""y"":7.835578317073171},{""x"":-3.4619328048780487,""y"":8.31728563414634},{""x"":-3.3521767073170734,""y"":8.798992951219512}],""reasoning"":""Selected waypoint 0 moves the reference anchor from 21.00 m to 20.63 m from goal immediately and to 18.77 m by the final waypoint, so progress is 0.37 m selected / 2.22 m final and passes with monotonic goal-distance reduction. Kinematics is evaluated on 5 unique label waypoint(s), excluding consecutive duplicate terminal holds, and checks only that the trajectory stays within the configured bounds speed <= 15.00 m/s and acceleration <= 8.00 m/s^2, so kinematics passes. Goal is not reached within this label waypoint window. Safety passes: minimum clearance 1.52 m against manifest obstacles with 0 violating segment(s).""}",-3.4608567647058823,6.927400411764706,-2.5,-3.681445,7.353871,-2.5,-3.5716889024390244,7.835578317073171,-2.5,-3.4619328048780487,8.31728563414634,-2.5,-3.3521767073170734,8.798992951219512,-2.5
1773822091.483444452,1773822091.483444452,0.000,offline_ground_truth_window,"Environment section (T(v)):
- Current position NED is (-3.35, 6.71, -2.50) m.
- Current velocity is (-0.03, 0.06, 0.00) m/s (speed 0.06 m/s).
- Goal position NED is (0.82, 27.10, -2.50) m.
- Output contract: predict exactly 5 waypoint x/y pairs in NED. The planner will set every waypoint z to goal z = -2.50 m before execution.
- Goal delta from current state is (4.17, 20.39, -0.00) m with distance 20.81 m.
- Obstacle pipeline: depth_camera_to_body_to_ned_current_frame.
- Current depth frame obstacle points projected into NED: 103. Nearest depth obstacle in NED is at (-4.94, 8.46, -2.42) m, relative vector (-1.59, 1.75, 0.08) m, distance 2.36 m.
- Depth validity fraction is 0.61. Global nearest obstacle distance is 1.81 m.
- Sector minimum distances [far_left, left, center, right, far_right] are [1.81, 4.92, 4.92, 4.92, 3.72] m.
- Nearest obstacle sector is far_left at 1.81 m and clearance status is caution.
- Lateral planning hint: right side is clearer.","{""waypoints"":[{""x"":-3.681445,""y"":7.353871},{""x"":-3.5716889024390244,""y"":7.835578317073171},{""x"":-3.4619328048780487,""y"":8.31728563414634},{""x"":-3.3521767073170734,""y"":8.798992951219512},{""x"":-3.2424206097560977,""y"":9.280700268292684}],""reasoning"":""Selected waypoint 0 moves the reference anchor from 20.63 m to 20.26 m from goal immediately and to 18.28 m by the final waypoint, so progress is 0.37 m selected / 2.35 m final and passes with monotonic goal-distance reduction. Kinematics is evaluated on 5 unique label waypoint(s), excluding consecutive duplicate terminal holds, and checks only that the trajectory stays within the configured bounds speed <= 15.00 m/s and acceleration <= 8.00 m/s^2, so kinematics passes. Goal is not reached within this label waypoint window. Safety passes: minimum clearance 1.52 m against manifest obstacles with 0 violating segment(s).""}",-3.681445,7.353871,-2.5,-3.5716889024390244,7.835578317073171,-2.5,-3.4619328048780487,8.31728563414634,-2.5,-3.3521767073170734,8.798992951219512,-2.5,-3.2424206097560977,9.280700268292684,-2.5
1773822097.358768463,1773822097.358768463,0.000,offline_ground_truth_window,"Environment section (T(v)):
- Current position NED is (-3.59, 7.13, -2.51) m.
- Current velocity is (-0.05, 0.07, 0.01) m/s (speed 0.09 m/s).
- Goal position NED is (0.82, 27.10, -2.50) m.
- Output contract: predict exactly 5 waypoint x/y pairs in NED. The planner will set every waypoint z to goal z = -2.50 m before execution.
- Goal delta from current state is (4.41, 19.97, 0.01) m with distance 20.45 m.
- Obstacle pipeline: depth_camera_to_body_to_ned_current_frame.
- Current depth frame obstacle points projected into NED: 77. Nearest depth obstacle in NED is at (-1.58, 10.97, -2.59) m, relative vector (2.01, 3.84, -0.07) m, distance 4.34 m.
- Depth validity fraction is 0.61. Global nearest obstacle distance is 3.40 m.
- Sector minimum distances [far_left, left, center, right, far_right] are [4.99, 4.99, 5.00, 5.01, 3.40] m.
- Nearest obstacle sector is far_right at 3.40 m and clearance status is clear.
- Lateral planning hint: left side is clearer.","{""waypoints"":[{""x"":-3.5716889024390244,""y"":7.835578317073171},{""x"":-3.4619328048780487,""y"":8.31728563414634},{""x"":-3.3521767073170734,""y"":8.798992951219512},{""x"":-3.2424206097560977,""y"":9.280700268292684},{""x"":-3.132664512195122,""y"":9.762407585365853}],""reasoning"":""Selected waypoint 0 moves the reference anchor from 20.26 m to 19.76 m from goal immediately and to 17.79 m by the final waypoint, so progress is 0.49 m selected / 2.47 m final and passes with monotonic goal-distance reduction. Kinematics is evaluated on 5 unique label waypoint(s), excluding consecutive duplicate terminal holds, and checks only that the trajectory stays within the configured bounds speed <= 15.00 m/s and acceleration <= 8.00 m/s^2, so kinematics passes. Goal is not reached within this label waypoint window. Safety passes: minimum clearance 1.52 m against manifest obstacles with 0 violating segment(s).""}",-3.5716889024390244,7.835578317073171,-2.5,-3.4619328048780487,8.31728563414634,-2.5,-3.3521767073170734,8.798992951219512,-2.5,-3.2424206097560977,9.280700268292684,-2.5,-3.132664512195122,9.762407585365853,-2.5
1773822103.713328600,1773822103.713328600,0.000,offline_ground_truth_window,"Environment section (T(v)):
- Current position NED is (-3.58, 7.58, -2.52) m.
- Current velocity is (0.00, 0.05, 0.01) m/s (speed 0.06 m/s).
- Goal position NED is (0.82, 27.10, -2.50) m.
- Output contract: predict exactly 5 waypoint x/y pairs in NED. The planner will set every waypoint z to goal z = -2.50 m before execution.
- Goal delta from current state is (4.40, 19.52, 0.02) m with distance 20.01 m.
- Obstacle pipeline: depth_camera_to_body_to_ned_current_frame.
- Current depth frame obstacle points projected into NED: 90. Nearest depth obstacle in NED is at (-1.48, 11.45, -1.92) m, relative vector (2.10, 3.87, 0.61) m, distance 4.44 m.
- Depth validity fraction is 0.60. Global nearest obstacle distance is 3.44 m.
- Sector minimum distances [far_left, left, center, right, far_right] are [5.04, 5.03, 5.03, 5.03, 3.44] m.
- Nearest obstacle sector is far_right at 3.44 m and clearance status is clear.
- Lateral planning hint: left side is clearer.","{""waypoints"":[{""x"":-3.4619328048780487,""y"":8.31728563414634},{""x"":-3.3521767073170734,""y"":8.798992951219512},{""x"":-3.2424206097560977,""y"":9.280700268292684},{""x"":-3.132664512195122,""y"":9.762407585365853},{""x"":-3.0229084146341467,""y"":10.244114902439025}],""reasoning"":""Selected waypoint 0 moves the reference anchor from 19.76 m to 19.27 m from goal immediately and to 17.29 m by the final waypoint, so progress is 0.49 m selected / 2.47 m final and passes with monotonic goal-distance reduction. Kinematics is evaluated on 5 unique label waypoint(s), excluding consecutive duplicate terminal holds, and checks only that the trajectory stays within the configured bounds speed <= 15.00 m/s and acceleration <= 8.00 m/s^2, so kinematics passes. Goal is not reached within this label waypoint window. Safety passes: minimum clearance 1.52 m against manifest obstacles with 0 violating segment(s).""}",-3.4619328048780487,8.31728563414634,-2.5,-3.3521767073170734,8.798992951219512,-2.5,-3.2424206097560977,9.280700268292684,-2.5,-3.132664512195122,9.762407585365853,-2.5,-3.0229084146341467,10.244114902439025,-2.5
1773822110.536613464,1773822110.536613464,0.000,offline_ground_truth_window,"Environment section (T(v)):
- Current position NED is (-3.52, 8.08, -2.54) m.
- Current velocity is (0.00, 0.08, 0.01) m/s (speed 0.08 m/s).
- Goal position NED is (0.82, 27.10, -2.50) m.
- Output contract: predict exactly 5 waypoint x/y pairs in NED. The planner will set every waypoint z to goal z = -2.50 m before execution.
- Goal delta from current state is (4.33, 19.03, 0.04) m with distance 19.51 m.
- Obstacle pipeline: depth_camera_to_body_to_ned_current_frame.
- Current depth frame obstacle points projected into NED: 71. Nearest depth obstacle in NED is at (-1.33, 12.24, -2.48) m, relative vector (2.18, 4.16, 0.05) m, distance 4.70 m.
- Depth validity fraction is 0.60. Global nearest obstacle distance is 3.56 m.
- Sector minimum distances [far_left, left, center, right, far_right] are [4.98, 4.98, 4.98, 4.98, 3.56] m.
- Nearest obstacle sector is far_right at 3.56 m and clearance status is clear.
- Lateral planning hint: left side is clearer.","{""waypoints"":[{""x"":-3.3521767073170734,""y"":8.798992951219512},{""x"":-3.2424206097560977,""y"":9.280700268292684},{""x"":-3.132664512195122,""y"":9.762407585365853},{""x"":-3.0229084146341467,""y"":10.244114902439025},{""x"":-2.9131523170731706,""y"":10.725822219512194}],""reasoning"":""Selected waypoint 0 moves the reference anchor from 19.27 m to 18.77 m from goal immediately and to 16.80 m by the final waypoint, so progress is 0.49 m selected / 2.47 m final and passes with monotonic goal-distance reduction. Kinematics is evaluated on 5 unique label waypoint(s), excluding consecutive duplicate terminal holds, and checks only that the trajectory stays within the configured bounds speed <= 15.00 m/s and acceleration <= 8.00 m/s^2, so kinematics passes. Goal is not reached within this label waypoint window. Safety passes: minimum clearance 1.52 m against manifest obstacles with 0 violating segment(s).""}",-3.3521767073170734,8.798992951219512,-2.5,-3.2424206097560977,9.280700268292684,-2.5,-3.132664512195122,9.762407585365853,-2.5,-3.0229084146341467,10.244114902439025,-2.5,-2.9131523170731706,10.725822219512194,-2.5
1773822117.144614935,1773822117.144614935,0.000,offline_ground_truth_window,"Environment section (T(v)):
- Current position NED is (-3.42, 8.56, -2.49) m.
- Current velocity is (0.01, 0.06, 0.00) m/s (speed 0.06 m/s).
- Goal position NED is (0.82, 27.10, -2.50) m.
- Output contract: predict exactly 5 waypoint x/y pairs in NED. The planner will set every waypoint z to goal z = -2.50 m before execution.
- Goal delta from current state is (4.23, 18.54, -0.01) m with distance 19.02 m.
- Obstacle pipeline: depth_camera_to_body_to_ned_current_frame.
- Current depth frame obstacle points projected into NED: 81. Nearest depth obstacle in NED is at (-1.09, 12.75, -2.11) m, relative vector (2.32, 4.19, 0.38) m, distance 4.80 m.
- Depth validity fraction is 0.60. Global nearest obstacle distance is 3.72 m.
- Sector minimum distances [far_left, left, center, right, far_right] are [4.85, 4.85, 4.85, 4.86, 3.72] m.
- Nearest obstacle sector is far_right at 3.72 m and clearance status is clear.
- Lateral planning hint: left side is clearer.","{""waypoints"":[{""x"":-3.2424206097560977,""y"":9.280700268292684},{""x"":-3.132664512195122,""y"":9.762407585365853},{""x"":-3.0229084146341467,""y"":10.244114902439025},{""x"":-2.9131523170731706,""y"":10.725822219512194},{""x"":-2.8033962195121953,""y"":11.207529536585366}],""reasoning"":""Selected waypoint 0 moves the reference anchor from 18.77 m to 18.28 m from goal immediately and to 16.30 m by the final waypoint, so progress is 0.49 m selected / 2.47 m final and passes with monotonic goal-distance reduction. Kinematics is evaluated on 5 unique label waypoint(s), excluding consecutive duplicate terminal holds, and checks only that the trajectory stays within the configured bounds speed <= 15.00 m/s and acceleration <= 8.00 m/s^2, so kinematics passes. Goal is not reached within this label waypoint window. Safety passes: minimum clearance 1.61 m against manifest obstacles with 0 violating segment(s).""}",-3.2424206097560977,9.280700268292684,-2.5,-3.132664512195122,9.762407585365853,-2.5,-3.0229084146341467,10.244114902439025,-2.5,-2.9131523170731706,10.725822219512194,-2.5,-2.8033962195121953,11.207529536585366,-2.5
1773822124.463635683,1773822124.463635683,0.000,offline_ground_truth_window,"Environment section (T(v)):
- Current position NED is (-3.30, 9.04, -2.48) m.
- Current velocity is (0.00, 0.05, -0.00) m/s (speed 0.05 m/s).
- Goal position NED is (0.82, 27.10, -2.50) m.
- Output contract: predict exactly 5 waypoint x/y pairs in NED. The planner will set every waypoint z to goal z = -2.50 m before execution.
- Goal delta from current state is (4.11, 18.06, -0.02) m with distance 18.52 m.
- Obstacle pipeline: depth_camera_to_body_to_ned_current_frame.
- Current depth frame obstacle points projected into NED: 70. Nearest depth obstacle in NED is at (-0.89, 13.53, -2.00) m, relative vector (2.40, 4.49, 0.48) m, distance 5.11 m.
- Depth validity fraction is 0.60. Global nearest obstacle distance is 3.86 m.
- Sector minimum distances [far_left, left, center, right, far_right] are [4.84, 4.85, 4.85, 4.85, 3.86] m.
- Nearest obstacle sector is far_right at 3.86 m and clearance status is clear.
- Lateral planning hint: left side is clearer.","{""waypoints"":[{""x"":-3.132664512195122,""y"":9.762407585365853},{""x"":-3.0229084146341467,""y"":10.244114902439025},{""x"":-2.9131523170731706,""y"":10.725822219512194},{""x"":-2.8033962195121953,""y"":11.207529536585366},{""x"":-2.6936401219512196,""y"":11.689236853658537}],""reasoning"":""Selected waypoint 0 moves the reference anchor from 18.28 m to 17.79 m from goal immediately and to 15.81 m by the final waypoint, so progress is 0.49 m selected / 2.47 m final and passes with monotonic goal-distance reduction. Kinematics is evaluated on 5 unique label waypoint(s), excluding consecutive duplicate terminal holds, and checks only that the trajectory stays within the configured bounds speed <= 15.00 m/s and acceleration <= 8.00 m/s^2, so kinematics passes. Goal is not reached within this label waypoint window. Safety passes: minimum clearance 1.81 m against manifest obstacles with 0 violating segment(s).""}",-3.132664512195122,9.762407585365853,-2.5,-3.0229084146341467,10.244114902439025,-2.5,-2.9131523170731706,10.725822219512194,-2.5,-2.8033962195121953,11.207529536585366,-2.5,-2.6936401219512196,11.689236853658537,-2.5
1773822130.520344257,1773822130.520344257,0.000,offline_ground_truth_window,"Environment section (T(v)):
- Current position NED is (-3.20, 9.53, -2.49) m.
- Current velocity is (0.01, 0.06, 0.00) m/s (speed 0.06 m/s).
- Goal position NED is (0.82, 27.10, -2.50) m.
- Output contract: predict exactly 5 waypoint x/y pairs in NED. The planner will set every waypoint z to goal z = -2.50 m before execution.
- Goal delta from current state is (4.02, 17.58, -0.01) m with distance 18.03 m.
- Obstacle pipeline: depth_camera_to_body_to_ned_current_frame.
- Current depth frame obstacle points projected into NED: 74. Nearest depth obstacle in NED is at (-0.64, 14.00, -1.92) m, relative vector (2.57, 4.47, 0.57) m, distance 5.19 m.
- Depth validity fraction is 0.58. Global nearest obstacle distance is 4.04 m.
- Sector minimum distances [far_left, left, center, right, far_right] are [5.00, 5.00, 5.00, 5.00, 4.04] m.
- Nearest obstacle sector is far_right at 4.04 m and clearance status is clear.
- Lateral planning hint: left side is clearer.","{""waypoints"":[{""x"":-3.0229084146341467,""y"":10.244114902439025},{""x"":-2.9131523170731706,""y"":10.725822219512194},{""x"":-2.8033962195121953,""y"":11.207529536585366},{""x"":-2.6936401219512196,""y"":11.689236853658537},{""x"":-2.583884024390244,""y"":12.170944170731707}],""reasoning"":""Selected waypoint 0 moves the reference anchor from 17.79 m to 17.29 m from goal immediately and to 15.32 m by the final waypoint, so progress is 0.49 m selected / 2.47 m final and passes with monotonic goal-distance reduction. Kinematics is evaluated on 5 unique label waypoint(s), excluding consecutive duplicate terminal holds, and checks only that the trajectory stays within the configured bounds speed <= 15.00 m/s and acceleration <= 8.00 m/s^2, so kinematics passes. Goal is not reached within this label waypoint window. Safety passes: minimum clearance 2.08 m against manifest obstacles with 0 violating segment(s).""}",-3.0229084146341467,10.244114902439025,-2.5,-2.9131523170731706,10.725822219512194,-2.5,-2.8033962195121953,11.207529536585366,-2.5,-2.6936401219512196,11.689236853658537,-2.5,-2.583884024390244,12.170944170731707,-2.5
1773822137.306987047,1773822137.306987047,0.000,offline_ground_truth_window,"Environment section (T(v)):
- Current position NED is (-3.07, 10.00, -2.50) m.
- Current velocity is (0.00, 0.08, 0.00) m/s (speed 0.08 m/s).
- Goal position NED is (0.82, 27.10, -2.50) m.
- Output contract: predict exactly 5 waypoint x/y pairs in NED. The planner will set every waypoint z to goal z = -2.50 m before execution.
- Goal delta from current state is (3.89, 17.10, 0.00) m with distance 17.54 m.
- Obstacle pipeline: depth_camera_to_body_to_ned_current_frame.
- Current depth frame obstacle points projected into NED: 58. Nearest depth obstacle in NED is at (-0.44, 14.60, -1.56) m, relative vector (2.63, 4.60, 0.94) m, distance 5.38 m.
- Depth validity fraction is 0.58. Global nearest obstacle distance is 4.15 m.
- Sector minimum distances [far_left, left, center, right, far_right] are [4.97, 4.97, 4.97, 4.97, 4.15] m.
- Nearest obstacle sector is far_right at 4.15 m and clearance status is clear.
- Lateral planning hint: left side is clearer.","{""waypoints"":[{""x"":-2.9131523170731706,""y"":10.725822219512194},{""x"":-2.8033962195121953,""y"":11.207529536585366},{""x"":-2.6936401219512196,""y"":11.689236853658537},{""x"":-2.583884024390244,""y"":12.170944170731707},{""x"":-2.474127926829268,""y"":12.652651487804878}],""reasoning"":""Selected waypoint 0 moves the reference anchor from 17.29 m to 16.80 m from goal immediately and to 14.82 m by the final waypoint, so progress is 0.49 m selected / 2.47 m final and passes with monotonic goal-distance reduction. Kinematics is evaluated on 5 unique label waypoint(s), excluding consecutive duplicate terminal holds, and checks only that the trajectory stays within the configured bounds speed <= 15.00 m/s and acceleration <= 8.00 m/s^2, so kinematics passes. Goal is not reached within this label waypoint window. Safety passes: minimum clearance 2.42 m against manifest obstacles with 0 violating segment(s).""}",-2.9131523170731706,10.725822219512194,-2.5,-2.8033962195121953,11.207529536585366,-2.5,-2.6936401219512196,11.689236853658537,-2.5,-2.583884024390244,12.170944170731707,-2.5,-2.474127926829268,12.652651487804878,-2.5
1773822144.550420523,1773822144.550420523,0.000,offline_ground_truth_window,"Environment section (T(v)):
- Current position NED is (-2.94, 10.49, -2.51) m.
- Current velocity is (0.01, 0.07, 0.01) m/s (speed 0.07 m/s).
- Goal position NED is (0.82, 27.10, -2.50) m.
- Output contract: predict exactly 5 waypoint x/y pairs in NED. The planner will set every waypoint z to goal z = -2.50 m before execution.
- Goal delta from current state is (3.76, 16.62, 0.01) m with distance 17.04 m.
- Obstacle pipeline: depth_camera_to_body_to_ned_current_frame.
- Current depth frame obstacle points projected into NED: 62. Nearest depth obstacle in NED is at (-0.14, 15.29, -2.75) m, relative vector (2.80, 4.80, -0.25) m, distance 5.57 m.
- Depth validity fraction is 0.57. Global nearest obstacle distance is 4.37 m.
- Sector minimum distances [far_left, left, center, right, far_right] are [5.02, 5.01, 5.00, 4.99, 4.37] m.
- Nearest obstacle sector is far_right at 4.37 m and clearance status is clear.
- Lateral planning hint: prefer center progress.","{""waypoints"":[{""x"":-2.8033962195121953,""y"":11.207529536585366},{""x"":-2.6936401219512196,""y"":11.689236853658537},{""x"":-2.583884024390244,""y"":12.170944170731707},{""x"":-2.474127926829268,""y"":12.652651487804878},{""x"":-2.364371829268293,""y"":13.13435880487805}],""reasoning"":""Selected waypoint 0 moves the reference anchor from 16.80 m to 16.30 m from goal immediately and to 14.33 m by the final waypoint, so progress is 0.49 m selected / 2.47 m final and passes with monotonic goal-distance reduction. Kinematics is evaluated on 5 unique label waypoint(s), excluding consecutive duplicate terminal holds, and checks only that the trajectory stays within the configured bounds speed <= 15.00 m/s and acceleration <= 8.00 m/s^2, so kinematics passes. Goal is not reached within this label waypoint window. Safety passes: minimum clearance 2.45 m against manifest obstacles with 0 violating segment(s).""}",-2.8033962195121953,11.207529536585366,-2.5,-2.6936401219512196,11.689236853658537,-2.5,-2.583884024390244,12.170944170731707,-2.5,-2.474127926829268,12.652651487804878,-2.5,-2.364371829268293,13.13435880487805,-2.5
1773822150.549135923,1773822150.549135923,0.000,offline_ground_truth_window,"Environment section (T(v)):
- Current position NED is (-2.84, 10.97, -2.50) m.
- Current velocity is (0.02, 0.10, 0.01) m/s (speed 0.10 m/s).
- Goal position NED is (0.82, 27.10, -2.50) m.
- Output contract: predict exactly 5 waypoint x/y pairs in NED. The planner will set every waypoint z to goal z = -2.50 m before execution.
- Goal delta from current state is (3.66, 16.14, 0.00) m with distance 16.55 m.
- Obstacle pipeline: depth_camera_to_body_to_ned_current_frame.
- Current depth frame obstacle points projected into NED: 62. Nearest depth obstacle in NED is at (0.06, 15.95, -2.00) m, relative vector (2.90, 4.98, 0.50) m, distance 5.79 m.
- Depth validity fraction is 0.58. Global nearest obstacle distance is 4.52 m.
- Sector minimum distances [far_left, left, center, right, far_right] are [4.92, 4.92, 4.92, 4.92, 4.52] m.
- Nearest obstacle sector is far_right at 4.52 m and clearance status is clear.
- Lateral planning hint: prefer center progress.","{""waypoints"":[{""x"":-2.6936401219512196,""y"":11.689236853658537},{""x"":-2.583884024390244,""y"":12.170944170731707},{""x"":-2.474127926829268,""y"":12.652651487804878},{""x"":-2.364371829268293,""y"":13.13435880487805},{""x"":-2.254615731707317,""y"":13.616066121951219}],""reasoning"":""Selected waypoint 0 moves the reference anchor from 16.30 m to 15.81 m from goal immediately and to 13.83 m by the final waypoint, so progress is 0.49 m selected / 2.47 m final and passes with monotonic goal-distance reduction. Kinematics is evaluated on 5 unique label waypoint(s), excluding consecutive duplicate terminal holds, and checks only that the trajectory stays within the configured bounds speed <= 15.00 m/s and acceleration <= 8.00 m/s^2, so kinematics passes. Goal is not reached within this label waypoint window. Safety passes: minimum clearance 2.47 m against manifest obstacles with 0 violating segment(s).""}",-2.6936401219512196,11.689236853658537,-2.5,-2.583884024390244,12.170944170731707,-2.5,-2.474127926829268,12.652651487804878,-2.5,-2.364371829268293,13.13435880487805,-2.5,-2.254615731707317,13.616066121951219,-2.5
1773822157.447855473,1773822157.447855473,0.000,offline_ground_truth_window,"Environment section (T(v)):
- Current position NED is (-2.75, 11.45, -2.51) m.
- Current velocity is (0.02, 0.06, 0.01) m/s (speed 0.06 m/s).
- Goal position NED is (0.82, 27.10, -2.50) m.
- Output contract: predict exactly 5 waypoint x/y pairs in NED. The planner will set every waypoint z to goal z = -2.50 m before execution.
- Goal delta from current state is (3.57, 15.65, 0.01) m with distance 16.06 m.
- Obstacle pipeline: depth_camera_to_body_to_ned_current_frame.
- Current depth frame obstacle points projected into NED: 67. Nearest depth obstacle in NED is at (0.25, 16.69, -2.58) m, relative vector (3.00, 5.24, -0.07) m, distance 6.04 m.
- Depth validity fraction is 0.58. Global nearest obstacle distance is 4.68 m.
- Sector minimum distances [far_left, left, center, right, far_right] are [4.94, 4.94, 4.94, 4.93, 4.68] m.
- Nearest obstacle sector is far_right at 4.68 m and clearance status is clear.
- Lateral planning hint: prefer center progress.","{""waypoints"":[{""x"":-2.583884024390244,""y"":12.170944170731707},{""x"":-2.474127926829268,""y"":12.652651487804878},{""x"":-2.364371829268293,""y"":13.13435880487805},{""x"":-2.254615731707317,""y"":13.616066121951219},{""x"":-2.1448596341463415,""y"":14.09777343902439}],""reasoning"":""Selected waypoint 0 moves the reference anchor from 15.81 m to 15.32 m from goal immediately and to 13.34 m by the final waypoint, so progress is 0.49 m selected / 2.47 m final and passes with monotonic goal-distance reduction. Kinematics is evaluated on 5 unique label waypoint(s), excluding consecutive duplicate terminal holds, and checks only that the trajectory stays within the configured bounds speed <= 15.00 m/s and acceleration <= 8.00 m/s^2, so kinematics passes. Goal is not reached within this label waypoint window. Safety passes: minimum clearance 2.56 m against manifest obstacles with 0 violating segment(s).""}",-2.583884024390244,12.170944170731707,-2.5,-2.474127926829268,12.652651487804878,-2.5,-2.364371829268293,13.13435880487805,-2.5,-2.254615731707317,13.616066121951219,-2.5,-2.1448596341463415,14.09777343902439,-2.5
1773822163.180292368,1773822163.180292368,0.000,offline_ground_truth_window,"Environment section (T(v)):
- Current position NED is (-2.59, 11.92, -2.50) m.
- Current velocity is (0.01, 0.08, 0.01) m/s (speed 0.08 m/s).
- Goal position NED is (0.82, 27.10, -2.50) m.
- Output contract: predict exactly 5 waypoint x/y pairs in NED. The planner will set every waypoint z to goal z = -2.50 m before execution.
- Goal delta from current state is (3.41, 15.18, 0.00) m with distance 15.56 m.
- Obstacle pipeline: depth_camera_to_body_to_ned_current_frame.
- Current depth frame obstacle points projected into NED: 63. Nearest depth obstacle in NED is at (0.57, 17.24, -2.63) m, relative vector (3.17, 5.32, -0.13) m, distance 6.19 m.
- Depth validity fraction is 0.58. Global nearest obstacle distance is 4.89 m.
- Sector minimum distances [far_left, left, center, right, far_right] are [4.98, 4.98, 4.97, 4.97, 4.89] m.
- Nearest obstacle sector is far_right at 4.89 m and clearance status is clear.
- Lateral planning hint: prefer center progress.","{""waypoints"":[{""x"":-2.474127926829268,""y"":12.652651487804878},{""x"":-2.364371829268293,""y"":13.13435880487805},{""x"":-2.254615731707317,""y"":13.616066121951219},{""x"":-2.1448596341463415,""y"":14.09777343902439},{""x"":-2.035103536585366,""y"":14.579480756097562}],""reasoning"":""Selected waypoint 0 moves the reference anchor from 15.32 m to 14.82 m from goal immediately and to 12.85 m by the final waypoint, so progress is 0.49 m selected / 2.47 m final and passes with monotonic goal-distance reduction. Kinematics is evaluated on 5 unique label waypoint(s), excluding consecutive duplicate terminal holds, and checks only that the trajectory stays within the configured bounds speed <= 15.00 m/s and acceleration <= 8.00 m/s^2, so kinematics passes. Goal is not reached within this label waypoint window. Safety passes: minimum clearance 2.73 m against manifest obstacles with 0 violating segment(s).""}",-2.474127926829268,12.652651487804878,-2.5,-2.364371829268293,13.13435880487805,-2.5,-2.254615731707317,13.616066121951219,-2.5,-2.1448596341463415,14.09777343902439,-2.5,-2.035103536585366,14.579480756097562,-2.5
1773822169.386728525,1773822169.386728525,0.000,offline_ground_truth_window,"Environment section (T(v)):
- Current position NED is (-2.53, 12.41, -2.50) m.
- Current velocity is (0.00, 0.08, 0.01) m/s (speed 0.08 m/s).
- Goal position NED is (0.82, 27.10, -2.50) m.
- Output contract: predict exactly 5 waypoint x/y pairs in NED. The planner will set every waypoint z to goal z = -2.50 m before execution.
- Goal delta from current state is (3.35, 14.69, -0.00) m with distance 15.07 m.
- Obstacle pipeline: depth_camera_to_body_to_ned_current_frame.
- Current depth frame obstacle points projected into NED: 58. Nearest depth obstacle in NED is at (0.66, 17.78, -2.74) m, relative vector (3.19, 5.37, -0.24) m, distance 6.25 m.
- Depth validity fraction is 0.59. Global nearest obstacle distance is 4.93 m.
- Sector minimum distances [far_left, left, center, right, far_right] are [4.97, 4.97, 4.97, 4.97, 4.93] m.
- Nearest obstacle sector is far_right at 4.93 m and clearance status is clear.
- Lateral planning hint: prefer center progress.","{""waypoints"":[{""x"":-2.364371829268293,""y"":13.13435880487805},{""x"":-2.254615731707317,""y"":13.616066121951219},{""x"":-2.1448596341463415,""y"":14.09777343902439},{""x"":-2.035103536585366,""y"":14.579480756097562},{""x"":-1.9253474390243903,""y"":15.061188073170731}],""reasoning"":""Selected waypoint 0 moves the reference anchor from 14.82 m to 14.33 m from goal immediately and to 12.35 m by the final waypoint, so progress is 0.49 m selected / 2.47 m final and passes with monotonic goal-distance reduction. Kinematics is evaluated on 5 unique label waypoint(s), excluding consecutive duplicate terminal holds, and checks only that the trajectory stays within the configured bounds speed <= 15.00 m/s and acceleration <= 8.00 m/s^2, so kinematics passes. Goal is not reached within this label waypoint window. Safety passes: minimum clearance 2.96 m against manifest obstacles with 0 violating segment(s).""}",-2.364371829268293,13.13435880487805,-2.5,-2.254615731707317,13.616066121951219,-2.5,-2.1448596341463415,14.09777343902439,-2.5,-2.035103536585366,14.579480756097562,-2.5,-1.9253474390243903,15.061188073170731,-2.5
1773822175.207598686,1773822175.207598686,0.000,offline_ground_truth_window,"Environment section (T(v)):
- Current position NED is (-2.44, 12.90, -2.46) m.
- Current velocity is (0.03, 0.08, 0.00) m/s (speed 0.08 m/s).
- Goal position NED is (0.82, 27.10, -2.50) m.
- Output contract: predict exactly 5 waypoint x/y pairs in NED. The planner will set every waypoint z to goal z = -2.50 m before execution.
- Goal delta from current state is (3.26, 14.20, -0.04) m with distance 14.57 m.
- Obstacle pipeline: depth_camera_to_body_to_ned_current_frame.
- Current depth frame obstacle points projected into NED: 58. Nearest depth obstacle in NED is at (-1.57, 18.99, -2.27) m, relative vector (0.86, 6.09, 0.20) m, distance 6.15 m.
- Depth validity fraction is 0.61. Global nearest obstacle distance is 4.85 m.
- Sector minimum distances [far_left, left, center, right, far_right] are [4.85, 4.85, 4.85, 4.85, 4.85] m.
- Nearest obstacle sector is far_left at 4.85 m and clearance status is clear.
- Lateral planning hint: prefer center progress.","{""waypoints"":[{""x"":-2.254615731707317,""y"":13.616066121951219},{""x"":-2.1448596341463415,""y"":14.09777343902439},{""x"":-2.035103536585366,""y"":14.579480756097562},{""x"":-1.9253474390243903,""y"":15.061188073170731},{""x"":-1.8155913414634148,""y"":15.542895390243904}],""reasoning"":""Selected waypoint 0 moves the reference anchor from 14.33 m to 13.83 m from goal immediately and to 11.86 m by the final waypoint, so progress is 0.49 m selected / 2.47 m final and passes with monotonic goal-distance reduction. Kinematics is evaluated on 5 unique label waypoint(s), excluding consecutive duplicate terminal holds, and checks only that the trajectory stays within the configured bounds speed <= 15.00 m/s and acceleration <= 8.00 m/s^2, so kinematics passes. Goal is not reached within this label waypoint window. Safety passes: minimum clearance 2.93 m against manifest obstacles with 0 violating segment(s).""}",-2.254615731707317,13.616066121951219,-2.5,-2.1448596341463415,14.09777343902439,-2.5,-2.035103536585366,14.579480756097562,-2.5,-1.9253474390243903,15.061188073170731,-2.5,-1.8155913414634148,15.542895390243904,-2.5
1773822181.104991913,1773822181.104991913,0.000,offline_ground_truth_window,"Environment section (T(v)):
- Current position NED is (-2.32, 13.39, -2.50) m.
- Current velocity is (0.03, 0.10, 0.01) m/s (speed 0.10 m/s).
- Goal position NED is (0.82, 27.10, -2.50) m.
- Output contract: predict exactly 5 waypoint x/y pairs in NED. The planner will set every waypoint z to goal z = -2.50 m before execution.
- Goal delta from current state is (3.14, 13.71, -0.00) m with distance 14.07 m.
- Obstacle pipeline: depth_camera_to_body_to_ned_current_frame.
- Current depth frame obstacle points projected into NED: 53. Nearest depth obstacle in NED is at (-1.26, 19.01, -2.48) m, relative vector (1.06, 5.62, 0.02) m, distance 5.72 m.
- Depth validity fraction is 0.61. Global nearest obstacle distance is 4.93 m.
- Sector minimum distances [far_left, left, center, right, far_right] are [4.94, 4.93, 4.93, 4.93, 4.93] m.
- Nearest obstacle sector is far_right at 4.93 m and clearance status is clear.
- Lateral planning hint: prefer center progress.","{""waypoints"":[{""x"":-2.1448596341463415,""y"":14.09777343902439},{""x"":-2.035103536585366,""y"":14.579480756097562},{""x"":-1.9253474390243903,""y"":15.061188073170731},{""x"":-1.8155913414634148,""y"":15.542895390243904},{""x"":-1.7058352439024391,""y"":16.024602707317072}],""reasoning"":""Selected waypoint 0 moves the reference anchor from 13.83 m to 13.34 m from goal immediately and to 11.36 m by the final waypoint, so progress is 0.49 m selected / 2.47 m final and passes with monotonic goal-distance reduction. Kinematics is evaluated on 5 unique label waypoint(s), excluding consecutive duplicate terminal holds, and checks only that the trajectory stays within the configured bounds speed <= 15.00 m/s and acceleration <= 8.00 m/s^2, so kinematics passes. Goal is not reached within this label waypoint window. Safety passes: minimum clearance 2.63 m against manifest obstacles with 0 violating segment(s).""}",-2.1448596341463415,14.09777343902439,-2.5,-2.035103536585366,14.579480756097562,-2.5,-1.9253474390243903,15.061188073170731,-2.5,-1.8155913414634148,15.542895390243904,-2.5,-1.7058352439024391,16.024602707317072,-2.5
1773822187.690387487,1773822187.690387487,0.000,offline_ground_truth_window,"Environment section (T(v)):
- Current position NED is (-2.22, 13.86, -2.51) m.
- Current velocity is (0.02, 0.06, 0.01) m/s (speed 0.06 m/s).
- Goal position NED is (0.82, 27.10, -2.50) m.
- Output contract: predict exactly 5 waypoint x/y pairs in NED. The planner will set every waypoint z to goal z = -2.50 m before execution.
- Goal delta from current state is (3.04, 13.24, 0.01) m with distance 13.58 m.
- Obstacle pipeline: depth_camera_to_body_to_ned_current_frame.
- Current depth frame obstacle points projected into NED: 59. Nearest depth obstacle in NED is at (-1.14, 19.00, -2.39) m, relative vector (1.08, 5.14, 0.12) m, distance 5.25 m.
- Depth validity fraction is 0.61. Global nearest obstacle distance is 4.88 m.
- Sector minimum distances [far_left, left, center, right, far_right] are [4.90, 4.90, 4.90, 4.88, 4.91] m.
- Nearest obstacle sector is right at 4.88 m and clearance status is clear.
- Lateral planning hint: prefer center progress.","{""waypoints"":[{""x"":-2.035103536585366,""y"":14.579480756097562},{""x"":-1.9253474390243903,""y"":15.061188073170731},{""x"":-1.8155913414634148,""y"":15.542895390243904},{""x"":-1.7058352439024391,""y"":16.024602707317072},{""x"":-1.5960791463414634,""y"":16.506310024390245}],""reasoning"":""Selected waypoint 0 moves the reference anchor from 13.34 m to 12.85 m from goal immediately and to 10.87 m by the final waypoint, so progress is 0.49 m selected / 2.47 m final and passes with monotonic goal-distance reduction. Kinematics is evaluated on 5 unique label waypoint(s), excluding consecutive duplicate terminal holds, and checks only that the trajectory stays within the configured bounds speed <= 15.00 m/s and acceleration <= 8.00 m/s^2, so kinematics passes. Goal is not reached within this label waypoint window. Safety passes: minimum clearance 2.39 m against manifest obstacles with 0 violating segment(s).""}",-2.035103536585366,14.579480756097562,-2.5,-1.9253474390243903,15.061188073170731,-2.5,-1.8155913414634148,15.542895390243904,-2.5,-1.7058352439024391,16.024602707317072,-2.5,-1.5960791463414634,16.506310024390245,-2.5
1773822193.865864515,1773822193.865864515,0.000,offline_ground_truth_window,"Environment section (T(v)):
- Current position NED is (-2.13, 14.35, -2.50) m.
- Current velocity is (0.01, 0.05, 0.01) m/s (speed 0.05 m/s).
- Goal position NED is (0.82, 27.10, -2.50) m.
- Output contract: predict exactly 5 waypoint x/y pairs in NED. The planner will set every waypoint z to goal z = -2.50 m before execution.
- Goal delta from current state is (2.95, 12.76, 0.00) m with distance 13.09 m.
- Obstacle pipeline: depth_camera_to_body_to_ned_current_frame.
- Current depth frame obstacle points projected into NED: 15. Nearest depth obstacle in NED is at (-0.82, 19.00, -2.54) m, relative vector (1.31, 4.65, -0.04) m, distance 4.83 m.
- Depth validity fraction is 0.60. Global nearest obstacle distance is 4.39 m.
- Sector minimum distances [far_left, left, center, right, far_right] are [4.99, 4.99, 4.98, 4.39, 4.57] m.
- Nearest obstacle sector is right at 4.39 m and clearance status is clear.
- Lateral planning hint: left side is clearer.","{""waypoints"":[{""x"":-1.9253474390243903,""y"":15.061188073170731},{""x"":-1.8155913414634148,""y"":15.542895390243904},{""x"":-1.7058352439024391,""y"":16.024602707317072},{""x"":-1.5960791463414634,""y"":16.506310024390245},{""x"":-1.4863230487804877,""y"":16.98801734146342}],""reasoning"":""Selected waypoint 0 moves the reference anchor from 12.85 m to 12.35 m from goal immediately and to 10.38 m by the final waypoint, so progress is 0.49 m selected / 2.47 m final and passes with monotonic goal-distance reduction. Kinematics is evaluated on 5 unique label waypoint(s), excluding consecutive duplicate terminal holds, and checks only that the trajectory stays within the configured bounds speed <= 15.00 m/s and acceleration <= 8.00 m/s^2, so kinematics passes. Goal is not reached within this label waypoint window. Safety passes: minimum clearance 2.22 m against manifest obstacles with 0 violating segment(s).""}",-1.9253474390243903,15.061188073170731,-2.5,-1.8155913414634148,15.542895390243904,-2.5,-1.7058352439024391,16.024602707317072,-2.5,-1.5960791463414634,16.506310024390245,-2.5,-1.4863230487804877,16.98801734146342,-2.5
1773822200.269787312,1773822200.269787312,0.000,offline_ground_truth_window,"Environment section (T(v)):
- Current position NED is (-1.95, 14.82, -2.49) m.
- Current velocity is (0.01, 0.08, -0.00) m/s (speed 0.08 m/s).
- Goal position NED is (0.82, 27.10, -2.50) m.
- Output contract: predict exactly 5 waypoint x/y pairs in NED. The planner will set every waypoint z to goal z = -2.50 m before execution.
- Goal delta from current state is (2.77, 12.28, -0.01) m with distance 12.59 m.
- Obstacle pipeline: depth_camera_to_body_to_ned_current_frame.
- Current depth frame obstacle points projected into NED: 32. Nearest depth obstacle in NED is at (-0.50, 19.04, -2.45) m, relative vector (1.45, 4.22, 0.04) m, distance 4.46 m.
- Depth validity fraction is 0.61. Global nearest obstacle distance is 3.94 m.
- Sector minimum distances [far_left, left, center, right, far_right] are [4.90, 4.90, 4.90, 3.97, 3.94] m.
- Nearest obstacle sector is far_right at 3.94 m and clearance status is clear.
- Lateral planning hint: left side is clearer.","{""waypoints"":[{""x"":-1.8155913414634148,""y"":15.542895390243904},{""x"":-1.7058352439024391,""y"":16.024602707317072},{""x"":-1.5960791463414634,""y"":16.506310024390245},{""x"":-1.4863230487804877,""y"":16.98801734146342},{""x"":-1.3765669512195124,""y"":17.469724658536585}],""reasoning"":""Selected waypoint 0 moves the reference anchor from 12.35 m to 11.86 m from goal immediately and to 9.88 m by the final waypoint, so progress is 0.49 m selected / 2.47 m final and passes with monotonic goal-distance reduction. Kinematics is evaluated on 5 unique label waypoint(s), excluding consecutive duplicate terminal holds, and checks only that the trajectory stays within the configured bounds speed <= 15.00 m/s and acceleration <= 8.00 m/s^2, so kinematics passes. Goal is not reached within this label waypoint window. Safety passes: minimum clearance 2.14 m against manifest obstacles with 0 violating segment(s).""}",-1.8155913414634148,15.542895390243904,-2.5,-1.7058352439024391,16.024602707317072,-2.5,-1.5960791463414634,16.506310024390245,-2.5,-1.4863230487804877,16.98801734146342,-2.5,-1.3765669512195124,17.469724658536585,-2.5
1773822207.390062094,1773822207.390062094,0.000,offline_ground_truth_window,"Environment section (T(v)):
- Current position NED is (-1.88, 15.31, -2.50) m.
- Current velocity is (0.02, 0.07, 0.01) m/s (speed 0.08 m/s).
- Goal position NED is (0.82, 27.10, -2.50) m.
- Output contract: predict exactly 5 waypoint x/y pairs in NED. The planner will set every waypoint z to goal z = -2.50 m before execution.
- Goal delta from current state is (2.69, 11.79, 0.00) m with distance 12.10 m.
- Obstacle pipeline: depth_camera_to_body_to_ned_current_frame.
- Current depth frame obstacle points projected into NED: 21. Nearest depth obstacle in NED is at (-0.38, 19.07, -2.47) m, relative vector (1.49, 3.77, 0.03) m, distance 4.05 m.
- Depth validity fraction is 0.60. Global nearest obstacle distance is 3.46 m.
- Sector minimum distances [far_left, left, center, right, far_right] are [4.97, 4.97, 4.97, 3.67, 3.46] m.
- Nearest obstacle sector is far_right at 3.46 m and clearance status is clear.
- Lateral planning hint: left side is clearer.","{""waypoints"":[{""x"":-1.7058352439024391,""y"":16.024602707317072},{""x"":-1.5960791463414634,""y"":16.506310024390245},{""x"":-1.4863230487804877,""y"":16.98801734146342},{""x"":-1.3765669512195124,""y"":17.469724658536585},{""x"":-1.2668108536585363,""y"":17.951431975609758}],""reasoning"":""Selected waypoint 0 moves the reference anchor from 11.86 m to 11.36 m from goal immediately and to 9.39 m by the final waypoint, so progress is 0.49 m selected / 2.47 m final and passes with monotonic goal-distance reduction. Kinematics is evaluated on 5 unique label waypoint(s), excluding consecutive duplicate terminal holds, and checks only that the trajectory stays within the configured bounds speed <= 15.00 m/s and acceleration <= 8.00 m/s^2, so kinematics passes. Goal is not reached within this label waypoint window. Safety passes: minimum clearance 2.13 m against manifest obstacles with 0 violating segment(s).""}",-1.7058352439024391,16.024602707317072,-2.5,-1.5960791463414634,16.506310024390245,-2.5,-1.4863230487804877,16.98801734146342,-2.5,-1.3765669512195124,17.469724658536585,-2.5,-1.2668108536585363,17.951431975609758,-2.5
1773822214.231184959,1773822214.231184959,0.000,offline_ground_truth_window,"Environment section (T(v)):
- Current position NED is (-1.75, 15.79, -2.52) m.
- Current velocity is (0.02, 0.07, 0.01) m/s (speed 0.08 m/s).
- Goal position NED is (0.82, 27.10, -2.50) m.
- Output contract: predict exactly 5 waypoint x/y pairs in NED. The planner will set every waypoint z to goal z = -2.50 m before execution.
- Goal delta from current state is (2.57, 11.31, 0.02) m with distance 11.60 m.
- Obstacle pipeline: depth_camera_to_body_to_ned_current_frame.
- Current depth frame obstacle points projected into NED: 42. Nearest depth obstacle in NED is at (-0.05, 19.05, -2.68) m, relative vector (1.70, 3.26, -0.17) m, distance 3.68 m.
- Depth validity fraction is 0.60. Global nearest obstacle distance is 2.96 m.
- Sector minimum distances [far_left, left, center, right, far_right] are [4.97, 4.97, 4.97, 4.97, 2.96] m.
- Nearest obstacle sector is far_right at 2.96 m and clearance status is caution.
- Lateral planning hint: left side is clearer.","{""waypoints"":[{""x"":-1.5960791463414634,""y"":16.506310024390245},{""x"":-1.4863230487804877,""y"":16.98801734146342},{""x"":-1.3765669512195124,""y"":17.469724658536585},{""x"":-1.2668108536585363,""y"":17.951431975609758},{""x"":-1.157054756097561,""y"":18.43313929268293}],""reasoning"":""Selected waypoint 0 moves the reference anchor from 11.36 m to 10.87 m from goal immediately and to 8.89 m by the final waypoint, so progress is 0.49 m selected / 2.47 m final and passes with monotonic goal-distance reduction. Kinematics is evaluated on 5 unique label waypoint(s), excluding consecutive duplicate terminal holds, and checks only that the trajectory stays within the configured bounds speed <= 15.00 m/s and acceleration <= 8.00 m/s^2, so kinematics passes. Goal is not reached within this label waypoint window. Safety passes: minimum clearance 2.13 m against manifest obstacles with 0 violating segment(s).""}",-1.5960791463414634,16.506310024390245,-2.5,-1.4863230487804877,16.98801734146342,-2.5,-1.3765669512195124,17.469724658536585,-2.5,-1.2668108536585363,17.951431975609758,-2.5,-1.157054756097561,18.43313929268293,-2.5
1773822221.469497681,1773822221.469497681,0.000,offline_ground_truth_window,"Environment section (T(v)):
- Current position NED is (-1.67, 16.27, -2.49) m.
- Current velocity is (0.02, 0.06, 0.01) m/s (speed 0.07 m/s).
- Goal position NED is (0.82, 27.10, -2.50) m.
- Output contract: predict exactly 5 waypoint x/y pairs in NED. The planner will set every waypoint z to goal z = -2.50 m before execution.
- Goal delta from current state is (2.48, 10.83, -0.01) m with distance 11.12 m.
- Obstacle pipeline: depth_camera_to_body_to_ned_current_frame.
- Current depth frame obstacle points projected into NED: 40. Nearest depth obstacle in NED is at (0.06, 19.16, -2.65) m, relative vector (1.73, 2.89, -0.16) m, distance 3.37 m.
- Depth validity fraction is 0.59. Global nearest obstacle distance is 2.61 m.
- Sector minimum distances [far_left, left, center, right, far_right] are [4.98, 4.98, 4.97, 4.97, 2.61] m.
- Nearest obstacle sector is far_right at 2.61 m and clearance status is caution.
- Lateral planning hint: left side is clearer.","{""waypoints"":[{""x"":-1.4863230487804877,""y"":16.98801734146342},{""x"":-1.3765669512195124,""y"":17.469724658536585},{""x"":-1.2668108536585363,""y"":17.951431975609758},{""x"":-1.157054756097561,""y"":18.43313929268293},{""x"":-1.0472986585365858,""y"":18.914846609756097}],""reasoning"":""Selected waypoint 0 moves the reference anchor from 10.87 m to 10.38 m from goal immediately and to 8.40 m by the final waypoint, so progress is 0.49 m selected / 2.47 m final and passes with monotonic goal-distance reduction. Kinematics is evaluated on 5 unique label waypoint(s), excluding consecutive duplicate terminal holds, and checks only that the trajectory stays within the configured bounds speed <= 15.00 m/s and acceleration <= 8.00 m/s^2, so kinematics passes. Goal is not reached within this label waypoint window. Safety passes: minimum clearance 2.13 m against manifest obstacles with 0 violating segment(s).""}",-1.4863230487804877,16.98801734146342,-2.5,-1.3765669512195124,17.469724658536585,-2.5,-1.2668108536585363,17.951431975609758,-2.5,-1.157054756097561,18.43313929268293,-2.5,-1.0472986585365858,18.914846609756097,-2.5
1773822227.565347910,1773822227.565347910,0.000,offline_ground_truth_window,"Environment section (T(v)):
- Current position NED is (-1.55, 16.76, -2.52) m.
- Current velocity is (0.02, 0.08, 0.01) m/s (speed 0.09 m/s).
- Goal position NED is (0.82, 27.10, -2.50) m.
- Output contract: predict exactly 5 waypoint x/y pairs in NED. The planner will set every waypoint z to goal z = -2.50 m before execution.
- Goal delta from current state is (2.37, 10.34, 0.02) m with distance 10.61 m.
- Obstacle pipeline: depth_camera_to_body_to_ned_current_frame.
- Current depth frame obstacle points projected into NED: 9. Nearest depth obstacle in NED is at (0.15, 22.27, -2.64) m, relative vector (1.70, 5.51, -0.12) m, distance 5.77 m.
- Depth validity fraction is 0.58. Global nearest obstacle distance is 5.03 m.
- Sector minimum distances [far_left, left, center, right, far_right] are [5.04, 5.04, 5.04, 5.03, 5.03] m.
- Nearest obstacle sector is far_right at 5.03 m and clearance status is clear.
- Lateral planning hint: prefer center progress.","{""waypoints"":[{""x"":-1.3765669512195124,""y"":17.469724658536585},{""x"":-1.2668108536585363,""y"":17.951431975609758},{""x"":-1.157054756097561,""y"":18.43313929268293},{""x"":-1.0472986585365858,""y"":18.914846609756097},{""x"":-0.9375425609756101,""y"":19.39655392682927}],""reasoning"":""Selected waypoint 0 moves the reference anchor from 10.38 m to 9.88 m from goal immediately and to 7.90 m by the final waypoint, so progress is 0.49 m selected / 2.47 m final and passes with monotonic goal-distance reduction. Kinematics is evaluated on 5 unique label waypoint(s), excluding consecutive duplicate terminal holds, and checks only that the trajectory stays within the configured bounds speed <= 15.00 m/s and acceleration <= 8.00 m/s^2, so kinematics passes. Goal is not reached within this label waypoint window. Safety passes: minimum clearance 2.13 m against manifest obstacles with 0 violating segment(s).""}",-1.3765669512195124,17.469724658536585,-2.5,-1.2668108536585363,17.951431975609758,-2.5,-1.157054756097561,18.43313929268293,-2.5,-1.0472986585365858,18.914846609756097,-2.5,-0.9375425609756101,19.39655392682927,-2.5
1773822233.682857990,1773822233.682857990,0.000,offline_ground_truth_window,"Environment section (T(v)):
- Current position NED is (-1.46, 17.24, -2.52) m.
- Current velocity is (0.01, 0.07, 0.01) m/s (speed 0.08 m/s).
- Goal position NED is (0.82, 27.10, -2.50) m.
- Output contract: predict exactly 5 waypoint x/y pairs in NED. The planner will set every waypoint z to goal z = -2.50 m before execution.
- Goal delta from current state is (2.28, 9.87, 0.02) m with distance 10.13 m.
- Obstacle pipeline: depth_camera_to_body_to_ned_current_frame.
- Current depth frame obstacle points projected into NED: 14. Nearest depth obstacle in NED is at (0.38, 22.30, -2.57) m, relative vector (1.84, 5.06, -0.05) m, distance 5.38 m.
- Depth validity fraction is 0.58. Global nearest obstacle distance is 4.75 m.
- Sector minimum distances [far_left, left, center, right, far_right] are [4.99, 4.99, 4.99, 4.80, 4.75] m.
- Nearest obstacle sector is far_right at 4.75 m and clearance status is clear.
- Lateral planning hint: prefer center progress.","{""waypoints"":[{""x"":-1.2668108536585363,""y"":17.951431975609758},{""x"":-1.157054756097561,""y"":18.43313929268293},{""x"":-1.0472986585365858,""y"":18.914846609756097},{""x"":-0.9375425609756101,""y"":19.39655392682927},{""x"":-0.8277864634146344,""y"":19.878261243902443}],""reasoning"":""Selected waypoint 0 moves the reference anchor from 9.88 m to 9.39 m from goal immediately and to 7.41 m by the final waypoint, so progress is 0.49 m selected / 2.47 m final and passes with monotonic goal-distance reduction. Kinematics is evaluated on 5 unique label waypoint(s), excluding consecutive duplicate terminal holds, and checks only that the trajectory stays within the configured bounds speed <= 15.00 m/s and acceleration <= 8.00 m/s^2, so kinematics passes. Goal is not reached within this label waypoint window. Safety passes: minimum clearance 2.13 m against manifest obstacles with 0 violating segment(s).""}",-1.2668108536585363,17.951431975609758,-2.5,-1.157054756097561,18.43313929268293,-2.5,-1.0472986585365858,18.914846609756097,-2.5,-0.9375425609756101,19.39655392682927,-2.5,-0.8277864634146344,19.878261243902443,-2.5
1773822240.987950087,1773822240.987950087,0.000,offline_ground_truth_window,"Environment section (T(v)):
- Current position NED is (-1.35, 17.72, -2.50) m.
- Current velocity is (0.01, 0.05, 0.00) m/s (speed 0.06 m/s).
- Goal position NED is (0.82, 27.10, -2.50) m.
- Output contract: predict exactly 5 waypoint x/y pairs in NED. The planner will set every waypoint z to goal z = -2.50 m before execution.
- Goal delta from current state is (2.16, 9.39, -0.00) m with distance 9.63 m.
- Obstacle pipeline: depth_camera_to_body_to_ned_current_frame.
- Current depth frame obstacle points projected into NED: 21. Nearest depth obstacle in NED is at (0.60, 22.28, -2.19) m, relative vector (1.95, 4.57, 0.31) m, distance 4.97 m.
- Depth validity fraction is 0.59. Global nearest obstacle distance is 4.26 m.
- Sector minimum distances [far_left, left, center, right, far_right] are [4.91, 4.91, 4.92, 4.48, 4.26] m.
- Nearest obstacle sector is far_right at 4.26 m and clearance status is clear.
- Lateral planning hint: left side is clearer.","{""waypoints"":[{""x"":-1.157054756097561,""y"":18.43313929268293},{""x"":-1.0472986585365858,""y"":18.914846609756097},{""x"":-0.9375425609756101,""y"":19.39655392682927},{""x"":-0.8277864634146344,""y"":19.878261243902443},{""x"":-0.7180303658536586,""y"":20.35996856097561}],""reasoning"":""Selected waypoint 0 moves the reference anchor from 9.39 m to 8.89 m from goal immediately and to 6.92 m by the final waypoint, so progress is 0.49 m selected / 2.47 m final and passes with monotonic goal-distance reduction. Kinematics is evaluated on 5 unique label waypoint(s), excluding consecutive duplicate terminal holds, and checks only that the trajectory stays within the configured bounds speed <= 15.00 m/s and acceleration <= 8.00 m/s^2, so kinematics passes. Goal is not reached within this label waypoint window. Safety passes: minimum clearance 2.15 m against manifest obstacles with 0 violating segment(s).""}",-1.157054756097561,18.43313929268293,-2.5,-1.0472986585365858,18.914846609756097,-2.5,-0.9375425609756101,19.39655392682927,-2.5,-0.8277864634146344,19.878261243902443,-2.5,-0.7180303658536586,20.35996856097561,-2.5
1773822247.067637205,1773822247.067637205,0.000,offline_ground_truth_window,"Environment section (T(v)):
- Current position NED is (-1.22, 18.20, -2.49) m.
- Current velocity is (0.02, 0.06, 0.01) m/s (speed 0.07 m/s).
- Goal position NED is (0.82, 27.10, -2.50) m.
- Output contract: predict exactly 5 waypoint x/y pairs in NED. The planner will set every waypoint z to goal z = -2.50 m before execution.
- Goal delta from current state is (2.04, 8.90, -0.01) m with distance 9.13 m.
- Obstacle pipeline: depth_camera_to_body_to_ned_current_frame.
- Current depth frame obstacle points projected into NED: 18. Nearest depth obstacle in NED is at (0.79, 22.33, -2.19) m, relative vector (2.00, 4.13, 0.30) m, distance 4.60 m.
- Depth validity fraction is 0.58. Global nearest obstacle distance is 3.74 m.
- Sector minimum distances [far_left, left, center, right, far_right] are [4.97, 4.96, 4.95, 4.95, 3.74] m.
- Nearest obstacle sector is far_right at 3.74 m and clearance status is clear.
- Lateral planning hint: left side is clearer.","{""waypoints"":[{""x"":-1.0472986585365858,""y"":18.914846609756097},{""x"":-0.9375425609756101,""y"":19.39655392682927},{""x"":-0.8277864634146344,""y"":19.878261243902443},{""x"":-0.7180303658536586,""y"":20.35996856097561},{""x"":-0.6082742682926829,""y"":20.841675878048783}],""reasoning"":""Selected waypoint 0 moves the reference anchor from 8.89 m to 8.40 m from goal immediately and to 6.42 m by the final waypoint, so progress is 0.49 m selected / 2.47 m final and passes with monotonic goal-distance reduction. Kinematics is evaluated on 5 unique label waypoint(s), excluding consecutive duplicate terminal holds, and checks only that the trajectory stays within the configured bounds speed <= 15.00 m/s and acceleration <= 8.00 m/s^2, so kinematics passes. Goal is not reached within this label waypoint window. Safety passes: minimum clearance 2.26 m against manifest obstacles with 0 violating segment(s).""}",-1.0472986585365858,18.914846609756097,-2.5,-0.9375425609756101,19.39655392682927,-2.5,-0.8277864634146344,19.878261243902443,-2.5,-0.7180303658536586,20.35996856097561,-2.5,-0.6082742682926829,20.841675878048783,-2.5
1773822254.238635302,1773822254.238635302,0.000,offline_ground_truth_window,"Environment section (T(v)):
- Current position NED is (-1.12, 18.68, -2.50) m.
- Current velocity is (0.02, 0.06, 0.01) m/s (speed 0.07 m/s).
- Goal position NED is (0.82, 27.10, -2.50) m.
- Output contract: predict exactly 5 waypoint x/y pairs in NED. The planner will set every waypoint z to goal z = -2.50 m before execution.
- Goal delta from current state is (1.94, 8.42, 0.00) m with distance 8.64 m.
- Obstacle pipeline: depth_camera_to_body_to_ned_current_frame.
- Current depth frame obstacle points projected into NED: 18. Nearest depth obstacle in NED is at (1.07, 22.31, -2.55) m, relative vector (2.19, 3.63, -0.04) m, distance 4.24 m.
- Depth validity fraction is 0.58. Global nearest obstacle distance is 3.33 m.
- Sector minimum distances [far_left, left, center, right, far_right] are [4.98, 4.98, 4.98, 4.98, 3.33] m.
- Nearest obstacle sector is far_right at 3.33 m and clearance status is clear.
- Lateral planning hint: left side is clearer.","{""waypoints"":[{""x"":-0.9375425609756101,""y"":19.39655392682927},{""x"":-0.8277864634146344,""y"":19.878261243902443},{""x"":-0.7180303658536586,""y"":20.35996856097561},{""x"":-0.6082742682926829,""y"":20.841675878048783},{""x"":-0.49851817073170773,""y"":21.32338319512195}],""reasoning"":""Selected waypoint 0 moves the reference anchor from 8.40 m to 7.90 m from goal immediately and to 5.93 m by the final waypoint, so progress is 0.49 m selected / 2.47 m final and passes with monotonic goal-distance reduction. Kinematics is evaluated on 5 unique label waypoint(s), excluding consecutive duplicate terminal holds, and checks only that the trajectory stays within the configured bounds speed <= 15.00 m/s and acceleration <= 8.00 m/s^2, so kinematics passes. Goal is not reached within this label waypoint window. Safety passes: minimum clearance 2.45 m against manifest obstacles with 0 violating segment(s).""}",-0.9375425609756101,19.39655392682927,-2.5,-0.8277864634146344,19.878261243902443,-2.5,-0.7180303658536586,20.35996856097561,-2.5,-0.6082742682926829,20.841675878048783,-2.5,-0.49851817073170773,21.32338319512195,-2.5
1773822260.397070408,1773822260.397070408,0.000,offline_ground_truth_window,"Environment section (T(v)):
- Current position NED is (-0.98, 19.15, -2.51) m.
- Current velocity is (0.02, 0.07, 0.01) m/s (speed 0.08 m/s).
- Goal position NED is (0.82, 27.10, -2.50) m.
- Output contract: predict exactly 5 waypoint x/y pairs in NED. The planner will set every waypoint z to goal z = -2.50 m before execution.
- Goal delta from current state is (1.79, 7.95, 0.01) m with distance 8.15 m.
- Obstacle pipeline: depth_camera_to_body_to_ned_current_frame.
- Current depth frame obstacle points projected into NED: 28. Nearest depth obstacle in NED is at (1.14, 22.64, -2.22) m, relative vector (2.12, 3.49, 0.29) m, distance 4.09 m.
- Depth validity fraction is 0.58. Global nearest obstacle distance is 3.16 m.
- Sector minimum distances [far_left, left, center, right, far_right] are [4.99, 4.98, 4.98, 4.97, 3.16] m.
- Nearest obstacle sector is far_right at 3.16 m and clearance status is clear.
- Lateral planning hint: left side is clearer.","{""waypoints"":[{""x"":-0.8277864634146344,""y"":19.878261243902443},{""x"":-0.7180303658536586,""y"":20.35996856097561},{""x"":-0.6082742682926829,""y"":20.841675878048783},{""x"":-0.49851817073170773,""y"":21.32338319512195},{""x"":-0.388762073170732,""y"":21.80509051219512}],""reasoning"":""Selected waypoint 0 moves the reference anchor from 7.90 m to 7.41 m from goal immediately and to 5.43 m by the final waypoint, so progress is 0.49 m selected / 2.47 m final and passes with monotonic goal-distance reduction. Kinematics is evaluated on 5 unique label waypoint(s), excluding consecutive duplicate terminal holds, and checks only that the trajectory stays within the configured bounds speed <= 15.00 m/s and acceleration <= 8.00 m/s^2, so kinematics passes. Goal is not reached within this label waypoint window. Safety passes: minimum clearance 2.60 m against manifest obstacles with 0 violating segment(s).""}",-0.8277864634146344,19.878261243902443,-2.5,-0.7180303658536586,20.35996856097561,-2.5,-0.6082742682926829,20.841675878048783,-2.5,-0.49851817073170773,21.32338319512195,-2.5,-0.388762073170732,21.80509051219512,-2.5
1773822267.939213753,1773822267.939213753,0.000,offline_ground_truth_window,"Environment section (T(v)):
- Current position NED is (-0.87, 19.64, -2.49) m.
- Current velocity is (0.01, 0.06, 0.00) m/s (speed 0.06 m/s).
- Goal position NED is (0.82, 27.10, -2.50) m.
- Output contract: predict exactly 5 waypoint x/y pairs in NED. The planner will set every waypoint z to goal z = -2.50 m before execution.
- Goal delta from current state is (1.69, 7.47, -0.01) m with distance 7.66 m.
- Obstacle pipeline: depth_camera_to_body_to_ned_current_frame.
- Current depth frame obstacle points projected into NED: 17. Nearest depth obstacle in NED is at (-1.32, 30.99, -2.30) m, relative vector (-0.45, 11.35, 0.19) m, distance 11.36 m.
- Depth validity fraction is 0.58. Global nearest obstacle distance is 4.93 m.
- Sector minimum distances [far_left, left, center, right, far_right] are [4.94, 4.93, 4.93, 4.93, 4.93] m.
- Nearest obstacle sector is far_right at 4.93 m and clearance status is clear.
- Lateral planning hint: prefer center progress.","{""waypoints"":[{""x"":-0.7180303658536586,""y"":20.35996856097561},{""x"":-0.6082742682926829,""y"":20.841675878048783},{""x"":-0.49851817073170773,""y"":21.32338319512195},{""x"":-0.388762073170732,""y"":21.80509051219512},{""x"":-0.2790059756097563,""y"":22.286797829268295}],""reasoning"":""Selected waypoint 0 moves the reference anchor from 7.41 m to 6.92 m from goal immediately and to 4.94 m by the final waypoint, so progress is 0.49 m selected / 2.47 m final and passes with monotonic goal-distance reduction. Kinematics is evaluated on 5 unique label waypoint(s), excluding consecutive duplicate terminal holds, and checks only that the trajectory stays within the configured bounds speed <= 15.00 m/s and acceleration <= 8.00 m/s^2, so kinematics passes. Goal is not reached within this label waypoint window. Safety passes: minimum clearance 2.60 m against manifest obstacles with 0 violating segment(s).""}",-0.7180303658536586,20.35996856097561,-2.5,-0.6082742682926829,20.841675878048783,-2.5,-0.49851817073170773,21.32338319512195,-2.5,-0.388762073170732,21.80509051219512,-2.5,-0.2790059756097563,22.286797829268295,-2.5
1773822275.085620165,1773822275.085620165,0.000,offline_ground_truth_window,"Environment section (T(v)):
- Current position NED is (-0.80, 20.13, -2.50) m.
- Current velocity is (0.02, 0.06, 0.00) m/s (speed 0.07 m/s).
- Goal position NED is (0.82, 27.10, -2.50) m.
- Output contract: predict exactly 5 waypoint x/y pairs in NED. The planner will set every waypoint z to goal z = -2.50 m before execution.
- Goal delta from current state is (1.61, 6.98, -0.00) m with distance 7.16 m.
- Obstacle pipeline: depth_camera_to_body_to_ned_current_frame.
- Current depth frame obstacle points projected into NED: 23. Nearest depth obstacle in NED is at (-2.19, 27.62, -2.53) m, relative vector (-1.39, 7.49, -0.04) m, distance 7.62 m.
- Depth validity fraction is 0.58. Global nearest obstacle distance is 4.90 m.
- Sector minimum distances [far_left, left, center, right, far_right] are [4.90, 4.91, 4.91, 4.91, 4.91] m.
- Nearest obstacle sector is far_left at 4.90 m and clearance status is clear.
- Lateral planning hint: prefer center progress.","{""waypoints"":[{""x"":-0.6082742682926829,""y"":20.841675878048783},{""x"":-0.49851817073170773,""y"":21.32338319512195},{""x"":-0.388762073170732,""y"":21.80509051219512},{""x"":-0.2790059756097563,""y"":22.286797829268295},{""x"":-0.1692498780487806,""y"":22.768505146341468}],""reasoning"":""Selected waypoint 0 moves the reference anchor from 6.92 m to 6.42 m from goal immediately and to 4.45 m by the final waypoint, so progress is 0.49 m selected / 2.47 m final and passes with monotonic goal-distance reduction. Kinematics is evaluated on 5 unique label waypoint(s), excluding consecutive duplicate terminal holds, and checks only that the trajectory stays within the configured bounds speed <= 15.00 m/s and acceleration <= 8.00 m/s^2, so kinematics passes. Goal is not reached within this label waypoint window. Safety passes: minimum clearance 2.60 m against manifest obstacles with 0 violating segment(s).""}",-0.6082742682926829,20.841675878048783,-2.5,-0.49851817073170773,21.32338319512195,-2.5,-0.388762073170732,21.80509051219512,-2.5,-0.2790059756097563,22.286797829268295,-2.5,-0.1692498780487806,22.768505146341468,-2.5
1773822281.771558762,1773822281.771558762,0.000,offline_ground_truth_window,"Environment section (T(v)):
- Current position NED is (-0.69, 20.61, -2.50) m.
- Current velocity is (0.02, 0.06, 0.01) m/s (speed 0.06 m/s).
- Goal position NED is (0.82, 27.10, -2.50) m.
- Output contract: predict exactly 5 waypoint x/y pairs in NED. The planner will set every waypoint z to goal z = -2.50 m before execution.
- Goal delta from current state is (1.51, 6.50, 0.00) m with distance 6.67 m.
- Obstacle pipeline: depth_camera_to_body_to_ned_current_frame.
- Current depth frame obstacle points projected into NED: 26. Nearest depth obstacle in NED is at (-2.19, 27.51, -2.68) m, relative vector (-1.50, 6.90, -0.18) m, distance 7.06 m.
- Depth validity fraction is 0.57. Global nearest obstacle distance is 4.97 m.
- Sector minimum distances [far_left, left, center, right, far_right] are [4.99, 4.98, 4.98, 4.97, 4.97] m.
- Nearest obstacle sector is far_right at 4.97 m and clearance status is clear.
- Lateral planning hint: prefer center progress.","{""waypoints"":[{""x"":-0.49851817073170773,""y"":21.32338319512195},{""x"":-0.388762073170732,""y"":21.80509051219512},{""x"":-0.2790059756097563,""y"":22.286797829268295},{""x"":-0.1692498780487806,""y"":22.768505146341468},{""x"":-0.05949378048780489,""y"":23.250212463414634}],""reasoning"":""Selected waypoint 0 moves the reference anchor from 6.42 m to 5.93 m from goal immediately and to 3.95 m by the final waypoint, so progress is 0.49 m selected / 2.47 m final and passes with monotonic goal-distance reduction. Kinematics is evaluated on 5 unique label waypoint(s), excluding consecutive duplicate terminal holds, and checks only that the trajectory stays within the configured bounds speed <= 15.00 m/s and acceleration <= 8.00 m/s^2, so kinematics passes. Goal is not reached within this label waypoint window. Safety passes: minimum clearance 2.60 m against manifest obstacles with 0 violating segment(s).""}",-0.49851817073170773,21.32338319512195,-2.5,-0.388762073170732,21.80509051219512,-2.5,-0.2790059756097563,22.286797829268295,-2.5,-0.1692498780487806,22.768505146341468,-2.5,-0.05949378048780489,23.250212463414634,-2.5
1773822288.271114349,1773822288.271114349,0.000,offline_ground_truth_window,"Environment section (T(v)):
- Current position NED is (-0.55, 21.09, -2.50) m.
- Current velocity is (0.01, 0.05, 0.00) m/s (speed 0.05 m/s).
- Goal position NED is (0.82, 27.10, -2.50) m.
- Output contract: predict exactly 5 waypoint x/y pairs in NED. The planner will set every waypoint z to goal z = -2.50 m before execution.
- Goal delta from current state is (1.37, 6.02, -0.00) m with distance 6.17 m.
- Obstacle pipeline: depth_camera_to_body_to_ned_current_frame.
- Current depth frame obstacle points projected into NED: 40. Nearest depth obstacle in NED is at (-2.13, 28.02, -2.05) m, relative vector (-1.57, 6.93, 0.45) m, distance 7.12 m.
- Depth validity fraction is 0.58. Global nearest obstacle distance is 4.89 m.
- Sector minimum distances [far_left, left, center, right, far_right] are [4.89, 4.89, 4.89, 4.89, 4.89] m.
- Nearest obstacle sector is far_left at 4.89 m and clearance status is clear.
- Lateral planning hint: prefer center progress.","{""waypoints"":[{""x"":-0.388762073170732,""y"":21.80509051219512},{""x"":-0.2790059756097563,""y"":22.286797829268295},{""x"":-0.1692498780487806,""y"":22.768505146341468},{""x"":-0.05949378048780489,""y"":23.250212463414634},{""x"":0.05026231707317037,""y"":23.731919780487807}],""reasoning"":""Selected waypoint 0 moves the reference anchor from 5.93 m to 5.43 m from goal immediately and to 3.46 m by the final waypoint, so progress is 0.49 m selected / 2.47 m final and passes with monotonic goal-distance reduction. Kinematics is evaluated on 5 unique label waypoint(s), excluding consecutive duplicate terminal holds, and checks only that the trajectory stays within the configured bounds speed <= 15.00 m/s and acceleration <= 8.00 m/s^2, so kinematics passes. Goal is not reached within this label waypoint window. Safety passes: minimum clearance 2.63 m against manifest obstacles with 0 violating segment(s).""}",-0.388762073170732,21.80509051219512,-2.5,-0.2790059756097563,22.286797829268295,-2.5,-0.1692498780487806,22.768505146341468,-2.5,-0.05949378048780489,23.250212463414634,-2.5,0.05026231707317037,23.731919780487807,-2.5
1773822294.293144226,1773822294.293144226,0.000,offline_ground_truth_window,"Environment section (T(v)):
- Current position NED is (-0.49, 21.57, -2.51) m.
- Current velocity is (0.02, 0.08, 0.01) m/s (speed 0.09 m/s).
- Goal position NED is (0.82, 27.10, -2.50) m.
- Output contract: predict exactly 5 waypoint x/y pairs in NED. The planner will set every waypoint z to goal z = -2.50 m before execution.
- Goal delta from current state is (1.31, 5.53, 0.01) m with distance 5.68 m.
- Obstacle pipeline: depth_camera_to_body_to_ned_current_frame.
- Current depth frame obstacle points projected into NED: 43. Nearest depth obstacle in NED is at (-1.60, 27.57, -2.67) m, relative vector (-1.11, 6.00, -0.15) m, distance 6.10 m.
- Depth validity fraction is 0.57. Global nearest obstacle distance is 4.98 m.
- Sector minimum distances [far_left, left, center, right, far_right] are [4.98, 4.98, 4.99, 4.99, 5.00] m.
- Nearest obstacle sector is far_left at 4.98 m and clearance status is clear.
- Lateral planning hint: prefer center progress.","{""waypoints"":[{""x"":-0.2790059756097563,""y"":22.286797829268295},{""x"":-0.1692498780487806,""y"":22.768505146341468},{""x"":-0.05949378048780489,""y"":23.250212463414634},{""x"":0.05026231707317037,""y"":23.731919780487807},{""x"":0.16001841463414607,""y"":24.213627097560973}],""reasoning"":""Selected waypoint 0 moves the reference anchor from 5.43 m to 4.94 m from goal immediately and to 2.96 m by the final waypoint, so progress is 0.49 m selected / 2.47 m final and passes with monotonic goal-distance reduction. Kinematics is evaluated on 5 unique label waypoint(s), excluding consecutive duplicate terminal holds, and checks only that the trajectory stays within the configured bounds speed <= 15.00 m/s and acceleration <= 8.00 m/s^2, so kinematics passes. Goal is not reached within this label waypoint window. Safety passes: minimum clearance 2.72 m against manifest obstacles with 0 violating segment(s).""}",-0.2790059756097563,22.286797829268295,-2.5,-0.1692498780487806,22.768505146341468,-2.5,-0.05949378048780489,23.250212463414634,-2.5,0.05026231707317037,23.731919780487807,-2.5,0.16001841463414607,24.213627097560973,-2.5
1773822300.941396952,1773822300.941396952,0.000,offline_ground_truth_window,"Environment section (T(v)):
- Current position NED is (-0.33, 22.05, -2.50) m.
- Current velocity is (0.01, 0.06, 0.00) m/s (speed 0.06 m/s).
- Goal position NED is (0.82, 27.10, -2.50) m.
- Output contract: predict exactly 5 waypoint x/y pairs in NED. The planner will set every waypoint z to goal z = -2.50 m before execution.
- Goal delta from current state is (1.15, 5.06, -0.00) m with distance 5.18 m.
- Obstacle pipeline: depth_camera_to_body_to_ned_current_frame.
- Current depth frame obstacle points projected into NED: 47. Nearest depth obstacle in NED is at (-0.87, 27.98, -2.56) m, relative vector (-0.54, 5.94, -0.06) m, distance 5.96 m.
- Depth validity fraction is 0.57. Global nearest obstacle distance is 4.93 m.
- Sector minimum distances [far_left, left, center, right, far_right] are [4.93, 4.93, 4.93, 4.93, 4.93] m.
- Nearest obstacle sector is far_left at 4.93 m and clearance status is clear.
- Lateral planning hint: prefer center progress.","{""waypoints"":[{""x"":-0.1692498780487806,""y"":22.768505146341468},{""x"":-0.05949378048780489,""y"":23.250212463414634},{""x"":0.05026231707317037,""y"":23.731919780487807},{""x"":0.16001841463414607,""y"":24.213627097560973},{""x"":0.2697745121951218,""y"":24.695334414634146}],""reasoning"":""Selected waypoint 0 moves the reference anchor from 4.94 m to 4.45 m from goal immediately and to 2.47 m by the final waypoint, so progress is 0.49 m selected / 2.47 m final and passes with monotonic goal-distance reduction. Kinematics is evaluated on 5 unique label waypoint(s), excluding consecutive duplicate terminal holds, and checks only that the trajectory stays within the configured bounds speed <= 15.00 m/s and acceleration <= 8.00 m/s^2, so kinematics passes. Goal is not reached within this label waypoint window. Safety passes: minimum clearance 2.89 m against manifest obstacles with 0 violating segment(s).""}",-0.1692498780487806,22.768505146341468,-2.5,-0.05949378048780489,23.250212463414634,-2.5,0.05026231707317037,23.731919780487807,-2.5,0.16001841463414607,24.213627097560973,-2.5,0.2697745121951218,24.695334414634146,-2.5
1773822307.437415838,1773822307.437415838,0.000,offline_ground_truth_window,"Environment section (T(v)):
- Current position NED is (-0.22, 22.53, -2.51) m.
- Current velocity is (0.01, 0.07, 0.01) m/s (speed 0.07 m/s).
- Goal position NED is (0.82, 27.10, -2.50) m.
- Output contract: predict exactly 5 waypoint x/y pairs in NED. The planner will set every waypoint z to goal z = -2.50 m before execution.
- Goal delta from current state is (1.04, 4.58, 0.01) m with distance 4.69 m.
- Obstacle pipeline: depth_camera_to_body_to_ned_current_frame.
- Current depth frame obstacle points projected into NED: 53. Nearest depth obstacle in NED is at (-1.02, 27.56, -2.59) m, relative vector (-0.80, 5.03, -0.08) m, distance 5.10 m.
- Depth validity fraction is 0.57. Global nearest obstacle distance is 4.89 m.
- Sector minimum distances [far_left, left, center, right, far_right] are [4.94, 4.89, 4.90, 4.94, 4.94] m.
- Nearest obstacle sector is left at 4.89 m and clearance status is clear.
- Lateral planning hint: prefer center progress.","{""waypoints"":[{""x"":-0.05949378048780489,""y"":23.250212463414634},{""x"":0.05026231707317037,""y"":23.731919780487807},{""x"":0.16001841463414607,""y"":24.213627097560973},{""x"":0.2697745121951218,""y"":24.695334414634146},{""x"":0.3795306097560979,""y"":25.17704173170732}],""reasoning"":""Selected waypoint 0 moves the reference anchor from 4.45 m to 3.95 m from goal immediately and to 1.98 m by the final waypoint, so progress is 0.49 m selected / 2.47 m final and passes with monotonic goal-distance reduction. Kinematics is evaluated on 5 unique label waypoint(s), excluding consecutive duplicate terminal holds, and checks only that the trajectory stays within the configured bounds speed <= 15.00 m/s and acceleration <= 8.00 m/s^2, so kinematics passes. Goal is not reached within this label waypoint window. Safety passes: minimum clearance 3.11 m against manifest obstacles with 0 violating segment(s).""}",-0.05949378048780489,23.250212463414634,-2.5,0.05026231707317037,23.731919780487807,-2.5,0.16001841463414607,24.213627097560973,-2.5,0.2697745121951218,24.695334414634146,-2.5,0.3795306097560979,25.17704173170732,-2.5
1773822313.847283125,1773822313.847283125,0.000,offline_ground_truth_window,"Environment section (T(v)):
- Current position NED is (-0.13, 23.02, -2.52) m.
- Current velocity is (0.01, 0.06, 0.01) m/s (speed 0.06 m/s).
- Goal position NED is (0.82, 27.10, -2.50) m.
- Output contract: predict exactly 5 waypoint x/y pairs in NED. The planner will set every waypoint z to goal z = -2.50 m before execution.
- Goal delta from current state is (0.95, 4.09, 0.02) m with distance 4.20 m.
- Obstacle pipeline: depth_camera_to_body_to_ned_current_frame.
- Current depth frame obstacle points projected into NED: 72. Nearest depth obstacle in NED is at (-1.45, 27.73, -2.62) m, relative vector (-1.32, 4.72, -0.10) m, distance 4.90 m.
- Depth validity fraction is 0.57. Global nearest obstacle distance is 4.42 m.
- Sector minimum distances [far_left, left, center, right, far_right] are [4.96, 4.42, 4.43, 4.96, 4.96] m.
- Nearest obstacle sector is left at 4.42 m and clearance status is clear.
- Lateral planning hint: prefer center progress.","{""waypoints"":[{""x"":0.05026231707317037,""y"":23.731919780487807},{""x"":0.16001841463414607,""y"":24.213627097560973},{""x"":0.2697745121951218,""y"":24.695334414634146},{""x"":0.3795306097560979,""y"":25.17704173170732},{""x"":0.4892867073170732,""y"":25.658749048780486}],""reasoning"":""Selected waypoint 0 moves the reference anchor from 3.95 m to 3.46 m from goal immediately and to 1.48 m by the final waypoint, so progress is 0.49 m selected / 2.47 m final and passes with monotonic goal-distance reduction. Kinematics is evaluated on 5 unique label waypoint(s), excluding consecutive duplicate terminal holds, and checks only that the trajectory stays within the configured bounds speed <= 15.00 m/s and acceleration <= 8.00 m/s^2, so kinematics passes. Goal is not reached within this label waypoint window. Safety passes: minimum clearance 3.38 m against manifest obstacles with 0 violating segment(s).""}",0.05026231707317037,23.731919780487807,-2.5,0.16001841463414607,24.213627097560973,-2.5,0.2697745121951218,24.695334414634146,-2.5,0.3795306097560979,25.17704173170732,-2.5,0.4892867073170732,25.658749048780486,-2.5
1773822321.702634096,1773822321.702634096,0.000,offline_ground_truth_window,"Environment section (T(v)):
- Current position NED is (0.01, 23.49, -2.52) m.
- Current velocity is (0.02, 0.07, 0.01) m/s (speed 0.08 m/s).
- Goal position NED is (0.82, 27.10, -2.50) m.
- Output contract: predict exactly 5 waypoint x/y pairs in NED. The planner will set every waypoint z to goal z = -2.50 m before execution.
- Goal delta from current state is (0.81, 3.61, 0.02) m with distance 3.70 m.
- Obstacle pipeline: depth_camera_to_body_to_ned_current_frame.
- Current depth frame obstacle points projected into NED: 72. Nearest depth obstacle in NED is at (-0.89, 27.56, -2.63) m, relative vector (-0.90, 4.07, -0.11) m, distance 4.17 m.
- Depth validity fraction is 0.57. Global nearest obstacle distance is 3.93 m.
- Sector minimum distances [far_left, left, center, right, far_right] are [5.00, 3.93, 3.94, 4.98, 4.98] m.
- Nearest obstacle sector is left at 3.93 m and clearance status is clear.
- Lateral planning hint: right side is clearer.","{""waypoints"":[{""x"":0.16001841463414607,""y"":24.213627097560973},{""x"":0.2697745121951218,""y"":24.695334414634146},{""x"":0.3795306097560979,""y"":25.17704173170732},{""x"":0.4892867073170732,""y"":25.658749048780486},{""x"":0.5990428048780485,""y"":26.14045636585366}],""reasoning"":""Selected waypoint 0 moves the reference anchor from 3.46 m to 2.96 m from goal immediately and to 0.99 m by the final waypoint, so progress is 0.49 m selected / 2.47 m final and passes with monotonic goal-distance reduction. Kinematics is evaluated on 5 unique label waypoint(s), excluding consecutive duplicate terminal holds, and checks only that the trajectory stays within the configured bounds speed <= 15.00 m/s and acceleration <= 8.00 m/s^2, so kinematics passes. Goal is not reached within this label waypoint window. Safety passes: minimum clearance 3.41 m against manifest obstacles with 0 violating segment(s).""}",0.16001841463414607,24.213627097560973,-2.5,0.2697745121951218,24.695334414634146,-2.5,0.3795306097560979,25.17704173170732,-2.5,0.4892867073170732,25.658749048780486,-2.5,0.5990428048780485,26.14045636585366,-2.5
1773822329.284346581,1773822329.284346581,0.000,offline_ground_truth_window,"Environment section (T(v)):
- Current position NED is (0.11, 23.97, -2.50) m.
- Current velocity is (0.01, 0.04, 0.01) m/s (speed 0.04 m/s).
- Goal position NED is (0.82, 27.10, -2.50) m.
- Output contract: predict exactly 5 waypoint x/y pairs in NED. The planner will set every waypoint z to goal z = -2.50 m before execution.
- Goal delta from current state is (0.70, 3.13, 0.00) m with distance 3.21 m.
- Obstacle pipeline: depth_camera_to_body_to_ned_current_frame.
- Current depth frame obstacle points projected into NED: 90. Nearest depth obstacle in NED is at (-1.12, 27.92, -2.58) m, relative vector (-1.23, 3.95, -0.07) m, distance 4.14 m.
- Depth validity fraction is 0.58. Global nearest obstacle distance is 3.45 m.
- Sector minimum distances [far_left, left, center, right, far_right] are [4.64, 3.45, 3.45, 4.93, 4.93] m.
- Nearest obstacle sector is center at 3.45 m and clearance status is clear.
- Lateral planning hint: right side is clearer.","{""waypoints"":[{""x"":0.2697745121951218,""y"":24.695334414634146},{""x"":0.3795306097560979,""y"":25.17704173170732},{""x"":0.4892867073170732,""y"":25.658749048780486},{""x"":0.5990428048780485,""y"":26.14045636585366},{""x"":0.7087989024390247,""y"":26.622163682926832}],""reasoning"":""Selected waypoint 0 moves the reference anchor from 2.96 m to 2.47 m from goal immediately and to 0.49 m by the final waypoint, so progress is 0.49 m selected / 2.47 m final and passes with monotonic goal-distance reduction. Kinematics is evaluated on 5 unique label waypoint(s), excluding consecutive duplicate terminal holds, and checks only that the trajectory stays within the configured bounds speed <= 15.00 m/s and acceleration <= 8.00 m/s^2, so kinematics passes. Goal is not reached within this label waypoint window. Safety passes: minimum clearance 3.10 m against manifest obstacles with 0 violating segment(s).""}",0.2697745121951218,24.695334414634146,-2.5,0.3795306097560979,25.17704173170732,-2.5,0.4892867073170732,25.658749048780486,-2.5,0.5990428048780485,26.14045636585366,-2.5,0.7087989024390247,26.622163682926832,-2.5
1773822335.446202993,1773822335.446202993,0.000,offline_ground_truth_window,"Environment section (T(v)):
- Current position NED is (0.26, 24.45, -2.50) m.
- Current velocity is (0.01, 0.07, 0.01) m/s (speed 0.07 m/s).
- Goal position NED is (0.82, 27.10, -2.50) m.
- Output contract: predict exactly 5 waypoint x/y pairs in NED. The planner will set every waypoint z to goal z = -2.50 m before execution.
- Goal delta from current state is (0.56, 2.66, 0.00) m with distance 2.71 m.
- Obstacle pipeline: depth_camera_to_body_to_ned_current_frame.
- Current depth frame obstacle points projected into NED: 98. Nearest depth obstacle in NED is at (-0.20, 28.04, -2.18) m, relative vector (-0.46, 3.59, 0.33) m, distance 3.63 m.
- Depth validity fraction is 0.60. Global nearest obstacle distance is 2.99 m.
- Sector minimum distances [far_left, left, center, right, far_right] are [4.25, 3.00, 2.99, 4.95, 4.95] m.
- Nearest obstacle sector is center at 2.99 m and clearance status is caution.
- Lateral planning hint: right side is clearer.","{""waypoints"":[{""x"":0.3795306097560979,""y"":25.17704173170732},{""x"":0.4892867073170732,""y"":25.658749048780486},{""x"":0.5990428048780485,""y"":26.14045636585366},{""x"":0.7087989024390247,""y"":26.622163682926832},{""x"":0.8185549999999999,""y"":27.103870999999998}],""reasoning"":""Selected waypoint 0 moves the reference anchor from 2.47 m to 1.98 m from goal immediately and to 0.00 m by the final waypoint, so progress is 0.49 m selected / 2.47 m final and passes with monotonic goal-distance reduction. Kinematics is evaluated on 5 unique label waypoint(s), excluding consecutive duplicate terminal holds, and checks only that the trajectory stays within the configured bounds speed <= 15.00 m/s and acceleration <= 8.00 m/s^2, so kinematics passes. Goal will be reached in 5 waypoint(s) within 0.35 m tolerance. Safety passes: minimum clearance 2.85 m against manifest obstacles with 0 violating segment(s).""}",0.3795306097560979,25.17704173170732,-2.5,0.4892867073170732,25.658749048780486,-2.5,0.5990428048780485,26.14045636585366,-2.5,0.7087989024390247,26.622163682926832,-2.5,0.8185549999999999,27.103870999999998,-2.5
1773822341.381451368,1773822341.381451368,0.000,offline_ground_truth_window,"Environment section (T(v)):
- Current position NED is (0.33, 24.94, -2.50) m.
- Current velocity is (0.01, 0.08, 0.00) m/s (speed 0.08 m/s).
- Goal position NED is (0.82, 27.10, -2.50) m.
- Output contract: predict exactly 5 waypoint x/y pairs in NED. The planner will set every waypoint z to goal z = -2.50 m before execution.
- Goal delta from current state is (0.49, 2.17, 0.00) m with distance 2.22 m.
- Obstacle pipeline: depth_camera_to_body_to_ned_current_frame.
- Current depth frame obstacle points projected into NED: 121. Nearest depth obstacle in NED is at (-0.32, 27.58, -2.56) m, relative vector (-0.65, 2.64, -0.06) m, distance 2.72 m.
- Depth validity fraction is 0.64. Global nearest obstacle distance is 2.47 m.
- Sector minimum distances [far_left, left, center, right, far_right] are [4.09, 2.48, 2.47, 4.90, 4.91] m.
- Nearest obstacle sector is center at 2.47 m and clearance status is caution.
- Lateral planning hint: right side is clearer.","{""waypoints"":[{""x"":0.8185549999999999,""y"":27.103870999999998},{""x"":0.8185549999999999,""y"":27.103870999999998},{""x"":0.8185549999999999,""y"":27.103870999999998},{""x"":0.8185549999999999,""y"":27.103870999999998},{""x"":0.8185549999999999,""y"":27.103870999999998}],""reasoning"":""Selected waypoint 0 moves the reference anchor from 1.98 m to 0.00 m from goal immediately and to 0.00 m by the final waypoint, so progress is 1.98 m selected / 1.98 m final and passes with monotonic goal-distance reduction. Kinematics is evaluated on 1 unique label waypoint(s), excluding consecutive duplicate terminal holds, and checks only that the trajectory stays within the configured bounds speed <= 15.00 m/s and acceleration <= 8.00 m/s^2, so kinematics passes. Goal will be reached in 1 waypoint(s) within 0.35 m tolerance. Safety passes: minimum clearance 2.85 m against manifest obstacles with 0 violating segment(s).""}",0.8185549999999999,27.103870999999998,-2.5,0.8185549999999999,27.103870999999998,-2.5,0.8185549999999999,27.103870999999998,-2.5,0.8185549999999999,27.103870999999998,-2.5,0.8185549999999999,27.103870999999998,-2.5
1773822347.190628767,1773822347.190628767,0.000,offline_ground_truth_window,"Environment section (T(v)):
- Current position NED is (0.41, 25.42, -2.50) m.
- Current velocity is (0.02, 0.06, 0.01) m/s (speed 0.07 m/s).
- Goal position NED is (0.82, 27.10, -2.50) m.
- Output contract: predict exactly 5 waypoint x/y pairs in NED. The planner will set every waypoint z to goal z = -2.50 m before execution.
- Goal delta from current state is (0.40, 1.68, 0.00) m with distance 1.73 m.
- Obstacle pipeline: depth_camera_to_body_to_ned_current_frame.
- Current depth frame obstacle points projected into NED: 114. Nearest depth obstacle in NED is at (-0.16, 27.67, -2.62) m, relative vector (-0.58, 2.24, -0.12) m, distance 2.32 m.
- Depth validity fraction is 0.66. Global nearest obstacle distance is 2.01 m.
- Sector minimum distances [far_left, left, center, right, far_right] are [5.03, 2.02, 2.01, 2.28, 5.01] m.
- Nearest obstacle sector is center at 2.01 m and clearance status is caution.
- Lateral planning hint: prefer center progress.","{""waypoints"":[{""x"":0.8185549999999999,""y"":27.103870999999998},{""x"":0.8185549999999999,""y"":27.103870999999998},{""x"":0.8185549999999999,""y"":27.103870999999998},{""x"":0.8185549999999999,""y"":27.103870999999998},{""x"":0.8185549999999999,""y"":27.103870999999998}],""reasoning"":""Selected waypoint 0 moves the reference anchor from 1.48 m to 0.00 m from goal immediately and to 0.00 m by the final waypoint, so progress is 1.48 m selected / 1.48 m final and passes with monotonic goal-distance reduction. Kinematics is evaluated on 1 unique label waypoint(s), excluding consecutive duplicate terminal holds, and checks only that the trajectory stays within the configured bounds speed <= 15.00 m/s and acceleration <= 8.00 m/s^2, so kinematics passes. Goal will be reached in 1 waypoint(s) within 0.35 m tolerance. Safety passes: minimum clearance 2.85 m against manifest obstacles with 0 violating segment(s).""}",0.8185549999999999,27.103870999999998,-2.5,0.8185549999999999,27.103870999999998,-2.5,0.8185549999999999,27.103870999999998,-2.5,0.8185549999999999,27.103870999999998,-2.5,0.8185549999999999,27.103870999999998,-2.5
1773822354.013103962,1773822354.013103962,0.000,offline_ground_truth_window,"Environment section (T(v)):
- Current position NED is (0.58, 25.90, -2.52) m.
- Current velocity is (-0.00, 0.06, 0.01) m/s (speed 0.06 m/s).
- Goal position NED is (0.82, 27.10, -2.50) m.
- Output contract: predict exactly 5 waypoint x/y pairs in NED. The planner will set every waypoint z to goal z = -2.50 m before execution.
- Goal delta from current state is (0.24, 1.21, 0.02) m with distance 1.23 m.
- Obstacle pipeline: depth_camera_to_body_to_ned_current_frame.
- Current depth frame obstacle points projected into NED: 174. Nearest depth obstacle in NED is at (0.43, 27.52, -2.66) m, relative vector (-0.14, 1.63, -0.14) m, distance 1.64 m.
- Depth validity fraction is 0.70. Global nearest obstacle distance is 1.50 m.
- Sector minimum distances [far_left, left, center, right, far_right] are [5.00, 1.51, 1.50, 1.59, 4.79] m.
- Nearest obstacle sector is center at 1.50 m and clearance status is blocked.
- Lateral planning hint: prefer center progress.","{""waypoints"":[{""x"":0.8185549999999999,""y"":27.103870999999998},{""x"":0.8185549999999999,""y"":27.103870999999998},{""x"":0.8185549999999999,""y"":27.103870999999998},{""x"":0.8185549999999999,""y"":27.103870999999998},{""x"":0.8185549999999999,""y"":27.103870999999998}],""reasoning"":""Selected waypoint 0 moves the reference anchor from 0.99 m to 0.00 m from goal immediately and to 0.00 m by the final waypoint, so progress is 0.99 m selected / 0.99 m final and passes with monotonic goal-distance reduction. Kinematics is evaluated on 1 unique label waypoint(s), excluding consecutive duplicate terminal holds, and checks only that the trajectory stays within the configured bounds speed <= 15.00 m/s and acceleration <= 8.00 m/s^2, so kinematics passes. Goal will be reached in 1 waypoint(s) within 0.35 m tolerance. Safety passes: minimum clearance 2.85 m against manifest obstacles with 0 violating segment(s).""}",0.8185549999999999,27.103870999999998,-2.5,0.8185549999999999,27.103870999999998,-2.5,0.8185549999999999,27.103870999999998,-2.5,0.8185549999999999,27.103870999999998,-2.5,0.8185549999999999,27.103870999999998,-2.5
1773822359.777947187,1773822359.777947187,0.000,offline_ground_truth_window,"Environment section (T(v)):
- Current position NED is (0.65, 26.38, -2.52) m.
- Current velocity is (0.03, 0.12, 0.01) m/s (speed 0.12 m/s).
- Goal position NED is (0.82, 27.10, -2.50) m.
- Output contract: predict exactly 5 waypoint x/y pairs in NED. The planner will set every waypoint z to goal z = -2.50 m before execution.
- Goal delta from current state is (0.16, 0.72, 0.02) m with distance 0.74 m.
- Obstacle pipeline: depth_camera_to_body_to_ned_current_frame.
- Current depth frame obstacle points projected into NED: 226. Nearest depth obstacle in NED is at (0.56, 27.51, -2.64) m, relative vector (-0.10, 1.13, -0.12) m, distance 1.14 m.
- Depth validity fraction is 0.73. Global nearest obstacle distance is 0.99 m.
- Sector minimum distances [far_left, left, center, right, far_right] are [1.23, 1.01, 0.99, 1.02, 4.28] m.
- Nearest obstacle sector is center at 0.99 m and clearance status is blocked.
- Lateral planning hint: right side is clearer.","{""waypoints"":[{""x"":0.8185549999999999,""y"":27.103870999999998},{""x"":0.8185549999999999,""y"":27.103870999999998},{""x"":0.8185549999999999,""y"":27.103870999999998},{""x"":0.8185549999999999,""y"":27.103870999999998},{""x"":0.8185549999999999,""y"":27.103870999999998}],""reasoning"":""Selected waypoint 0 moves the reference anchor from 0.49 m to 0.00 m from goal immediately and to 0.00 m by the final waypoint, so progress is 0.49 m selected / 0.49 m final and passes with monotonic goal-distance reduction. Kinematics is evaluated on 1 unique label waypoint(s), excluding consecutive duplicate terminal holds, and checks only that the trajectory stays within the configured bounds speed <= 15.00 m/s and acceleration <= 8.00 m/s^2, so kinematics passes. Goal will be reached in 1 waypoint(s) within 0.35 m tolerance. Safety passes: minimum clearance 2.85 m against manifest obstacles with 0 violating segment(s).""}",0.8185549999999999,27.103870999999998,-2.5,0.8185549999999999,27.103870999999998,-2.5,0.8185549999999999,27.103870999999998,-2.5,0.8185549999999999,27.103870999999998,-2.5,0.8185549999999999,27.103870999999998,-2.5
1773822366.909095049,1773822366.909095049,0.000,offline_ground_truth_window,"Environment section (T(v)):
- Current position NED is (0.75, 26.87, -2.52) m.
- Current velocity is (0.02, 0.05, 0.01) m/s (speed 0.05 m/s).
- Goal position NED is (0.82, 27.10, -2.50) m.
- Output contract: predict exactly 5 waypoint x/y pairs in NED. The planner will set every waypoint z to goal z = -2.50 m before execution.
- Goal delta from current state is (0.07, 0.23, 0.02) m with distance 0.24 m.
- Obstacle pipeline: depth_camera_to_body_to_ned_current_frame.
- Current depth frame obstacle points projected into NED: 305. Nearest depth obstacle in NED is at (0.82, 27.63, -2.61) m, relative vector (0.07, 0.76, -0.09) m, distance 0.77 m.
- Depth validity fraction is 0.76. Global nearest obstacle distance is 0.63 m.
- Sector minimum distances [far_left, left, center, right, far_right] are [0.64, 0.63, 0.63, 0.63, 0.63] m.
- Nearest obstacle sector is left at 0.63 m and clearance status is blocked.
- Lateral planning hint: prefer center progress.","{""waypoints"":[{""x"":0.8185549999999999,""y"":27.103870999999998},{""x"":0.8185549999999999,""y"":27.103870999999998},{""x"":0.8185549999999999,""y"":27.103870999999998},{""x"":0.8185549999999999,""y"":27.103870999999998},{""x"":0.8185549999999999,""y"":27.103870999999998}],""reasoning"":""Selected waypoint 0 moves the reference anchor from 0.00 m to 0.00 m from goal immediately and to 0.00 m by the final waypoint, so progress is 0.00 m selected / 0.00 m final and fails with monotonic goal-distance reduction. Kinematics is evaluated on 1 unique label waypoint(s), excluding consecutive duplicate terminal holds, and checks only that the trajectory stays within the configured bounds speed <= 15.00 m/s and acceleration <= 8.00 m/s^2, so kinematics passes. Goal has already been reached at the reference anchor within 0.35 m tolerance. Safety passes: minimum clearance 2.85 m against manifest obstacles with 0 violating segment(s).""}",0.8185549999999999,27.103870999999998,-2.5,0.8185549999999999,27.103870999999998,-2.5,0.8185549999999999,27.103870999999998,-2.5,0.8185549999999999,27.103870999999998,-2.5,0.8185549999999999,27.103870999999998,-2.5
