anchor_stamp_s,scene_stamp_s,sync_dt_ms,label_mode,prompt,label_waypoints_json,wp0_x,wp0_y,wp0_z,wp1_x,wp1_y,wp1_z,wp2_x,wp2_y,wp2_z,wp3_x,wp3_y,wp3_z,wp4_x,wp4_y,wp4_z
1773818624.505996466,1773818624.505996466,0.000,offline_ground_truth_window,"Environment section (T(v)):
- Current position NED is (0.01, -0.05, -2.31) m.
- Current velocity is (-0.00, 0.00, 0.00) m/s (speed 0.00 m/s).
- Goal position NED is (0.16, 28.50, -2.50) m.
- Output contract: predict exactly 5 waypoint x/y pairs in NED. The planner will set every waypoint z to goal z = -2.50 m before execution.
- Goal delta from current state is (0.14, 28.55, -0.19) m with distance 28.56 m.
- Obstacle pipeline: depth_camera_to_body_to_ned_current_frame.
- Current depth frame obstacle points projected into NED: 60. Nearest depth obstacle in NED is at (-0.11, 0.76, -2.21) m, relative vector (-0.12, 0.82, 0.10) m, distance 0.83 m.
- Depth validity fraction is 0.60. Global nearest obstacle distance is 0.69 m.
- Sector minimum distances [far_left, left, center, right, far_right] are [1.02, 0.70, 0.69, 0.76, 1.03] m.
- Nearest obstacle sector is center at 0.69 m and clearance status is blocked.
- Lateral planning hint: prefer center progress.","{""waypoints"":[{""x"":-0.08771065517241365,""y"":0.4913798103448276},{""x"":-0.08340031034482744,""y"":0.9827591206896552},{""x"":-0.07908996551724123,""y"":1.4741384310344827},{""x"":-0.07477962068965503,""y"":1.9655177413793106},{""x"":-0.07046927586206882,""y"":2.456897051724138}],""reasoning"":""Selected waypoint 0 moves the reference anchor from 28.50 m to 28.01 m from goal immediately and to 26.04 m by the final waypoint, so progress is 0.49 m selected / 2.46 m final and passes with monotonic goal-distance reduction. Kinematics is evaluated on 5 unique label waypoint(s), excluding consecutive duplicate terminal holds, and checks only that the trajectory stays within the configured bounds speed <= 15.00 m/s and acceleration <= 8.00 m/s^2, so kinematics passes. Goal is not reached within this label waypoint window. Safety passes: minimum clearance 6.25 m against manifest obstacles with 0 violating segment(s).""}",-0.08771065517241365,0.4913798103448276,-2.5,-0.08340031034482744,0.9827591206896552,-2.5,-0.07908996551724123,1.4741384310344827,-2.5,-0.07477962068965503,1.9655177413793106,-2.5,-0.07046927586206882,2.456897051724138,-2.5
1773818631.628673553,1773818631.628673553,0.000,offline_ground_truth_window,"Environment section (T(v)):
- Current position NED is (-0.03, 0.25, -2.43) m.
- Current velocity is (-0.00, 0.04, -0.02) m/s (speed 0.05 m/s).
- Goal position NED is (0.16, 28.50, -2.50) m.
- Output contract: predict exactly 5 waypoint x/y pairs in NED. The planner will set every waypoint z to goal z = -2.50 m before execution.
- Goal delta from current state is (0.19, 28.25, -0.07) m with distance 28.25 m.
- Obstacle pipeline: depth_camera_to_body_to_ned_current_frame.
- Current depth frame obstacle points projected into NED: 99. Nearest depth obstacle in NED is at (-0.17, 0.76, -2.38) m, relative vector (-0.14, 0.51, 0.05) m, distance 0.53 m.
- Depth validity fraction is 0.56. Global nearest obstacle distance is 0.39 m.
- Sector minimum distances [far_left, left, center, right, far_right] are [0.40, 0.39, 0.39, 0.47, 4.82] m.
- Nearest obstacle sector is left at 0.39 m and clearance status is blocked.
- Lateral planning hint: right side is clearer.","{""waypoints"":[{""x"":-0.08340031034482744,""y"":0.9827591206896552},{""x"":-0.07908996551724123,""y"":1.4741384310344827},{""x"":-0.07477962068965503,""y"":1.9655177413793106},{""x"":-0.07046927586206882,""y"":2.456897051724138},{""x"":-0.06615893103448262,""y"":2.9482763620689654}],""reasoning"":""Selected waypoint 0 moves the reference anchor from 28.01 m to 27.52 m from goal immediately and to 25.55 m by the final waypoint, so progress is 0.49 m selected / 2.46 m final and passes with monotonic goal-distance reduction. Kinematics is evaluated on 5 unique label waypoint(s), excluding consecutive duplicate terminal holds, and checks only that the trajectory stays within the configured bounds speed <= 15.00 m/s and acceleration <= 8.00 m/s^2, so kinematics passes. Goal is not reached within this label waypoint window. Safety passes: minimum clearance 5.90 m against manifest obstacles with 0 violating segment(s).""}",-0.08340031034482744,0.9827591206896552,-2.5,-0.07908996551724123,1.4741384310344827,-2.5,-0.07477962068965503,1.9655177413793106,-2.5,-0.07046927586206882,2.456897051724138,-2.5,-0.06615893103448262,2.9482763620689654,-2.5
1773818639.002309799,1773818639.002309799,0.000,offline_ground_truth_window,"Environment section (T(v)):
- Current position NED is (-0.10, 0.74, -2.48) m.
- Current velocity is (-0.00, 0.06, -0.00) m/s (speed 0.06 m/s).
- Goal position NED is (0.16, 28.50, -2.50) m.
- Output contract: predict exactly 5 waypoint x/y pairs in NED. The planner will set every waypoint z to goal z = -2.50 m before execution.
- Goal delta from current state is (0.26, 27.76, -0.02) m with distance 27.76 m.
- Obstacle pipeline: depth_camera_to_body_to_ned_current_frame.
- Current depth frame obstacle points projected into NED: 9. Nearest depth obstacle in NED is at (2.60, 8.99, -2.16) m, relative vector (2.71, 8.25, 0.32) m, distance 8.69 m.
- Depth validity fraction is 0.53. Global nearest obstacle distance is 0.21 m.
- Sector minimum distances [far_left, left, center, right, far_right] are [0.21, 4.96, 4.97, 4.97, 4.98] m.
- Nearest obstacle sector is far_left at 0.21 m and clearance status is blocked.
- Lateral planning hint: right side is clearer.","{""waypoints"":[{""x"":-0.07908996551724123,""y"":1.4741384310344827},{""x"":-0.07477962068965503,""y"":1.9655177413793106},{""x"":-0.07046927586206882,""y"":2.456897051724138},{""x"":-0.06615893103448262,""y"":2.9482763620689654},{""x"":-0.0618485862068964,""y"":3.4396556724137937}],""reasoning"":""Selected waypoint 0 moves the reference anchor from 27.52 m to 27.03 m from goal immediately and to 25.06 m by the final waypoint, so progress is 0.49 m selected / 2.46 m final and passes with monotonic goal-distance reduction. Kinematics is evaluated on 5 unique label waypoint(s), excluding consecutive duplicate terminal holds, and checks only that the trajectory stays within the configured bounds speed <= 15.00 m/s and acceleration <= 8.00 m/s^2, so kinematics passes. Goal is not reached within this label waypoint window. Safety passes: minimum clearance 5.50 m against manifest obstacles with 0 violating segment(s).""}",-0.07908996551724123,1.4741384310344827,-2.5,-0.07477962068965503,1.9655177413793106,-2.5,-0.07046927586206882,2.456897051724138,-2.5,-0.06615893103448262,2.9482763620689654,-2.5,-0.0618485862068964,3.4396556724137937,-2.5
1773818645.434520483,1773818645.434520483,0.000,offline_ground_truth_window,"Environment section (T(v)):
- Current position NED is (-0.11, 1.23, -2.50) m.
- Current velocity is (0.00, 0.05, 0.01) m/s (speed 0.05 m/s).
- Goal position NED is (0.16, 28.50, -2.50) m.
- Output contract: predict exactly 5 waypoint x/y pairs in NED. The planner will set every waypoint z to goal z = -2.50 m before execution.
- Goal delta from current state is (0.27, 27.27, -0.00) m with distance 27.27 m.
- Obstacle pipeline: depth_camera_to_body_to_ned_current_frame.
- Current depth frame obstacle points projected into NED: 6. Nearest depth obstacle in NED is at (2.49, 9.04, -1.86) m, relative vector (2.60, 7.81, 0.64) m, distance 8.26 m.
- Depth validity fraction is 0.53. Global nearest obstacle distance is 5.06 m.
- Sector minimum distances [far_left, left, center, right, far_right] are [5.06, 5.06, 5.06, 5.07, 5.07] m.
- Nearest obstacle sector is far_left at 5.06 m and clearance status is clear.
- Lateral planning hint: prefer center progress.","{""waypoints"":[{""x"":-0.07477962068965503,""y"":1.9655177413793106},{""x"":-0.07046927586206882,""y"":2.456897051724138},{""x"":-0.06615893103448262,""y"":2.9482763620689654},{""x"":-0.0618485862068964,""y"":3.4396556724137937},{""x"":-0.0575382413793102,""y"":3.931034982758621}],""reasoning"":""Selected waypoint 0 moves the reference anchor from 27.03 m to 26.54 m from goal immediately and to 24.57 m by the final waypoint, so progress is 0.49 m selected / 2.46 m final and passes with monotonic goal-distance reduction. Kinematics is evaluated on 5 unique label waypoint(s), excluding consecutive duplicate terminal holds, and checks only that the trajectory stays within the configured bounds speed <= 15.00 m/s and acceleration <= 8.00 m/s^2, so kinematics passes. Goal is not reached within this label waypoint window. Safety passes: minimum clearance 5.12 m against manifest obstacles with 0 violating segment(s).""}",-0.07477962068965503,1.9655177413793106,-2.5,-0.07046927586206882,2.456897051724138,-2.5,-0.06615893103448262,2.9482763620689654,-2.5,-0.0618485862068964,3.4396556724137937,-2.5,-0.0575382413793102,3.931034982758621,-2.5
1773818652.749018908,1773818652.749018908,0.000,offline_ground_truth_window,"Environment section (T(v)):
- Current position NED is (-0.09, 1.72, -2.51) m.
- Current velocity is (-0.00, 0.05, 0.00) m/s (speed 0.05 m/s).
- Goal position NED is (0.16, 28.50, -2.50) m.
- Output contract: predict exactly 5 waypoint x/y pairs in NED. The planner will set every waypoint z to goal z = -2.50 m before execution.
- Goal delta from current state is (0.25, 26.78, 0.01) m with distance 26.78 m.
- Obstacle pipeline: depth_camera_to_body_to_ned_current_frame.
- Current depth frame obstacle points projected into NED: 11. Nearest depth obstacle in NED is at (2.62, 9.00, -2.39) m, relative vector (2.71, 7.28, 0.12) m, distance 7.76 m.
- Depth validity fraction is 0.53. Global nearest obstacle distance is 5.06 m.
- Sector minimum distances [far_left, left, center, right, far_right] are [5.06, 5.06, 5.06, 5.07, 5.07] m.
- Nearest obstacle sector is far_left at 5.06 m and clearance status is clear.
- Lateral planning hint: prefer center progress.","{""waypoints"":[{""x"":-0.07046927586206882,""y"":2.456897051724138},{""x"":-0.06615893103448262,""y"":2.9482763620689654},{""x"":-0.0618485862068964,""y"":3.4396556724137937},{""x"":-0.0575382413793102,""y"":3.931034982758621},{""x"":-0.053227896551724,""y"":4.422414293103448}],""reasoning"":""Selected waypoint 0 moves the reference anchor from 26.54 m to 26.04 m from goal immediately and to 24.08 m by the final waypoint, so progress is 0.49 m selected / 2.46 m final and passes with monotonic goal-distance reduction. Kinematics is evaluated on 5 unique label waypoint(s), excluding consecutive duplicate terminal holds, and checks only that the trajectory stays within the configured bounds speed <= 15.00 m/s and acceleration <= 8.00 m/s^2, so kinematics passes. Goal is not reached within this label waypoint window. Safety passes: minimum clearance 4.76 m against manifest obstacles with 0 violating segment(s).""}",-0.07046927586206882,2.456897051724138,-2.5,-0.06615893103448262,2.9482763620689654,-2.5,-0.0618485862068964,3.4396556724137937,-2.5,-0.0575382413793102,3.931034982758621,-2.5,-0.053227896551724,4.422414293103448,-2.5
1773818663.204574585,1773818663.204574585,0.000,offline_ground_truth_window,"Environment section (T(v)):
- Current position NED is (-0.05, 2.21, -2.52) m.
- Current velocity is (0.01, 0.03, 0.00) m/s (speed 0.03 m/s).
- Goal position NED is (0.16, 28.50, -2.50) m.
- Output contract: predict exactly 5 waypoint x/y pairs in NED. The planner will set every waypoint z to goal z = -2.50 m before execution.
- Goal delta from current state is (0.20, 26.29, 0.02) m with distance 26.29 m.
- Obstacle pipeline: depth_camera_to_body_to_ned_current_frame.
- Current depth frame obstacle points projected into NED: 15. Nearest depth obstacle in NED is at (2.80, 9.00, -2.69) m, relative vector (2.85, 6.79, -0.17) m, distance 7.36 m.
- Depth validity fraction is 0.53. Global nearest obstacle distance is 4.99 m.
- Sector minimum distances [far_left, left, center, right, far_right] are [5.00, 5.00, 4.99, 4.99, 4.99] m.
- Nearest obstacle sector is far_right at 4.99 m and clearance status is clear.
- Lateral planning hint: prefer center progress.","{""waypoints"":[{""x"":-0.06615893103448262,""y"":2.9482763620689654},{""x"":-0.0618485862068964,""y"":3.4396556724137937},{""x"":-0.0575382413793102,""y"":3.931034982758621},{""x"":-0.053227896551724,""y"":4.422414293103448},{""x"":-0.04891755172413778,""y"":4.913793603448275}],""reasoning"":""Selected waypoint 0 moves the reference anchor from 26.04 m to 25.55 m from goal immediately and to 23.59 m by the final waypoint, so progress is 0.49 m selected / 2.46 m final and passes with monotonic goal-distance reduction. Kinematics is evaluated on 5 unique label waypoint(s), excluding consecutive duplicate terminal holds, and checks only that the trajectory stays within the configured bounds speed <= 15.00 m/s and acceleration <= 8.00 m/s^2, so kinematics passes. Goal is not reached within this label waypoint window. Safety passes: minimum clearance 4.42 m against manifest obstacles with 0 violating segment(s).""}",-0.06615893103448262,2.9482763620689654,-2.5,-0.0618485862068964,3.4396556724137937,-2.5,-0.0575382413793102,3.931034982758621,-2.5,-0.053227896551724,4.422414293103448,-2.5,-0.04891755172413778,4.913793603448275,-2.5
1773818673.560601473,1773818673.560601473,0.000,offline_ground_truth_window,"Environment section (T(v)):
- Current position NED is (-0.04, 2.70, -2.50) m.
- Current velocity is (0.00, 0.05, 0.00) m/s (speed 0.05 m/s).
- Goal position NED is (0.16, 28.50, -2.50) m.
- Output contract: predict exactly 5 waypoint x/y pairs in NED. The planner will set every waypoint z to goal z = -2.50 m before execution.
- Goal delta from current state is (0.20, 25.80, -0.00) m with distance 25.80 m.
- Obstacle pipeline: depth_camera_to_body_to_ned_current_frame.
- Current depth frame obstacle points projected into NED: 11. Nearest depth obstacle in NED is at (2.79, 9.04, -2.75) m, relative vector (2.82, 6.33, -0.25) m, distance 6.94 m.
- Depth validity fraction is 0.53. Global nearest obstacle distance is 5.05 m.
- Sector minimum distances [far_left, left, center, right, far_right] are [5.07, 5.06, 5.06, 5.05, 5.05] m.
- Nearest obstacle sector is far_right at 5.05 m and clearance status is clear.
- Lateral planning hint: prefer center progress.","{""waypoints"":[{""x"":-0.0618485862068964,""y"":3.4396556724137937},{""x"":-0.0575382413793102,""y"":3.931034982758621},{""x"":-0.053227896551724,""y"":4.422414293103448},{""x"":-0.04891755172413778,""y"":4.913793603448275},{""x"":-0.04460720689655158,""y"":5.405172913793103}],""reasoning"":""Selected waypoint 0 moves the reference anchor from 25.55 m to 25.06 m from goal immediately and to 23.10 m by the final waypoint, so progress is 0.49 m selected / 2.46 m final and passes with monotonic goal-distance reduction. Kinematics is evaluated on 5 unique label waypoint(s), excluding consecutive duplicate terminal holds, and checks only that the trajectory stays within the configured bounds speed <= 15.00 m/s and acceleration <= 8.00 m/s^2, so kinematics passes. Goal is not reached within this label waypoint window. Safety passes: minimum clearance 4.11 m against manifest obstacles with 0 violating segment(s).""}",-0.0618485862068964,3.4396556724137937,-2.5,-0.0575382413793102,3.931034982758621,-2.5,-0.053227896551724,4.422414293103448,-2.5,-0.04891755172413778,4.913793603448275,-2.5,-0.04460720689655158,5.405172913793103,-2.5
1773818683.096710443,1773818683.096710443,0.000,offline_ground_truth_window,"Environment section (T(v)):
- Current position NED is (-0.04, 3.20, -2.48) m.
- Current velocity is (-0.01, 0.05, -0.00) m/s (speed 0.05 m/s).
- Goal position NED is (0.16, 28.50, -2.50) m.
- Output contract: predict exactly 5 waypoint x/y pairs in NED. The planner will set every waypoint z to goal z = -2.50 m before execution.
- Goal delta from current state is (0.19, 25.30, -0.02) m with distance 25.30 m.
- Obstacle pipeline: depth_camera_to_body_to_ned_current_frame.
- Current depth frame obstacle points projected into NED: 22. Nearest depth obstacle in NED is at (2.89, 9.00, -2.35) m, relative vector (2.93, 5.80, 0.14) m, distance 6.50 m.
- Depth validity fraction is 0.53. Global nearest obstacle distance is 5.04 m.
- Sector minimum distances [far_left, left, center, right, far_right] are [5.04, 5.04, 5.04, 5.04, 5.04] m.
- Nearest obstacle sector is far_left at 5.04 m and clearance status is clear.
- Lateral planning hint: prefer center progress.","{""waypoints"":[{""x"":-0.0575382413793102,""y"":3.931034982758621},{""x"":-0.053227896551724,""y"":4.422414293103448},{""x"":-0.04891755172413778,""y"":4.913793603448275},{""x"":-0.04460720689655158,""y"":5.405172913793103},{""x"":-0.04029686206896538,""y"":5.89655222413793}],""reasoning"":""Selected waypoint 0 moves the reference anchor from 25.06 m to 24.57 m from goal immediately and to 22.60 m by the final waypoint, so progress is 0.49 m selected / 2.46 m final and passes with monotonic goal-distance reduction. Kinematics is evaluated on 5 unique label waypoint(s), excluding consecutive duplicate terminal holds, and checks only that the trajectory stays within the configured bounds speed <= 15.00 m/s and acceleration <= 8.00 m/s^2, so kinematics passes. Goal is not reached within this label waypoint window. Safety passes: minimum clearance 3.83 m against manifest obstacles with 0 violating segment(s).""}",-0.0575382413793102,3.931034982758621,-2.5,-0.053227896551724,4.422414293103448,-2.5,-0.04891755172413778,4.913793603448275,-2.5,-0.04460720689655158,5.405172913793103,-2.5,-0.04029686206896538,5.89655222413793,-2.5
1773818691.233463287,1773818691.233463287,0.000,offline_ground_truth_window,"Environment section (T(v)):
- Current position NED is (-0.07, 3.69, -2.51) m.
- Current velocity is (-0.00, 0.04, 0.01) m/s (speed 0.05 m/s).
- Goal position NED is (0.16, 28.50, -2.50) m.
- Output contract: predict exactly 5 waypoint x/y pairs in NED. The planner will set every waypoint z to goal z = -2.50 m before execution.
- Goal delta from current state is (0.23, 24.81, 0.01) m with distance 24.82 m.
- Obstacle pipeline: depth_camera_to_body_to_ned_current_frame.
- Current depth frame obstacle points projected into NED: 16. Nearest depth obstacle in NED is at (2.79, 9.05, -2.58) m, relative vector (2.85, 5.36, -0.07) m, distance 6.07 m.
- Depth validity fraction is 0.52. Global nearest obstacle distance is 4.83 m.
- Sector minimum distances [far_left, left, center, right, far_right] are [5.11, 5.11, 5.11, 5.11, 4.83] m.
- Nearest obstacle sector is far_right at 4.83 m and clearance status is clear.
- Lateral planning hint: prefer center progress.","{""waypoints"":[{""x"":-0.053227896551724,""y"":4.422414293103448},{""x"":-0.04891755172413778,""y"":4.913793603448275},{""x"":-0.04460720689655158,""y"":5.405172913793103},{""x"":-0.04029686206896538,""y"":5.89655222413793},{""x"":-0.03598651724137916,""y"":6.3879315344827585}],""reasoning"":""Selected waypoint 0 moves the reference anchor from 24.57 m to 24.08 m from goal immediately and to 22.11 m by the final waypoint, so progress is 0.49 m selected / 2.46 m final and passes with monotonic goal-distance reduction. Kinematics is evaluated on 5 unique label waypoint(s), excluding consecutive duplicate terminal holds, and checks only that the trajectory stays within the configured bounds speed <= 15.00 m/s and acceleration <= 8.00 m/s^2, so kinematics passes. Goal is not reached within this label waypoint window. Safety passes: minimum clearance 3.59 m against manifest obstacles with 0 violating segment(s).""}",-0.053227896551724,4.422414293103448,-2.5,-0.04891755172413778,4.913793603448275,-2.5,-0.04460720689655158,5.405172913793103,-2.5,-0.04029686206896538,5.89655222413793,-2.5,-0.03598651724137916,6.3879315344827585,-2.5
1773818700.629210711,1773818700.629210711,0.000,offline_ground_truth_window,"Environment section (T(v)):
- Current position NED is (-0.02, 4.18, -2.50) m.
- Current velocity is (0.01, 0.06, 0.01) m/s (speed 0.06 m/s).
- Goal position NED is (0.16, 28.50, -2.50) m.
- Output contract: predict exactly 5 waypoint x/y pairs in NED. The planner will set every waypoint z to goal z = -2.50 m before execution.
- Goal delta from current state is (0.18, 24.32, -0.00) m with distance 24.32 m.
- Obstacle pipeline: depth_camera_to_body_to_ned_current_frame.
- Current depth frame obstacle points projected into NED: 15. Nearest depth obstacle in NED is at (2.74, 9.15, -2.59) m, relative vector (2.76, 4.97, -0.10) m, distance 5.69 m.
- Depth validity fraction is 0.53. Global nearest obstacle distance is 4.47 m.
- Sector minimum distances [far_left, left, center, right, far_right] are [5.02, 5.01, 5.01, 5.00, 4.47] m.
- Nearest obstacle sector is far_right at 4.47 m and clearance status is clear.
- Lateral planning hint: prefer center progress.","{""waypoints"":[{""x"":-0.04891755172413778,""y"":4.913793603448275},{""x"":-0.04460720689655158,""y"":5.405172913793103},{""x"":-0.04029686206896538,""y"":5.89655222413793},{""x"":-0.03598651724137916,""y"":6.3879315344827585},{""x"":-0.03167617241379296,""y"":6.879310844827586}],""reasoning"":""Selected waypoint 0 moves the reference anchor from 24.08 m to 23.59 m from goal immediately and to 21.62 m by the final waypoint, so progress is 0.49 m selected / 2.46 m final and passes with monotonic goal-distance reduction. Kinematics is evaluated on 5 unique label waypoint(s), excluding consecutive duplicate terminal holds, and checks only that the trajectory stays within the configured bounds speed <= 15.00 m/s and acceleration <= 8.00 m/s^2, so kinematics passes. Goal is not reached within this label waypoint window. Safety passes: minimum clearance 3.39 m against manifest obstacles with 0 violating segment(s).""}",-0.04891755172413778,4.913793603448275,-2.5,-0.04460720689655158,5.405172913793103,-2.5,-0.04029686206896538,5.89655222413793,-2.5,-0.03598651724137916,6.3879315344827585,-2.5,-0.03167617241379296,6.879310844827586,-2.5
1773818709.750331163,1773818709.750331163,0.000,offline_ground_truth_window,"Environment section (T(v)):
- Current position NED is (-0.07, 4.67, -2.48) m.
- Current velocity is (0.00, 0.04, 0.00) m/s (speed 0.04 m/s).
- Goal position NED is (0.16, 28.50, -2.50) m.
- Output contract: predict exactly 5 waypoint x/y pairs in NED. The planner will set every waypoint z to goal z = -2.50 m before execution.
- Goal delta from current state is (0.23, 23.83, -0.02) m with distance 23.83 m.
- Obstacle pipeline: depth_camera_to_body_to_ned_current_frame.
- Current depth frame obstacle points projected into NED: 13. Nearest depth obstacle in NED is at (2.62, 9.28, -2.42) m, relative vector (2.69, 4.61, 0.06) m, distance 5.33 m.
- Depth validity fraction is 0.53. Global nearest obstacle distance is 4.20 m.
- Sector minimum distances [far_left, left, center, right, far_right] are [5.04, 5.04, 5.04, 5.04, 4.20] m.
- Nearest obstacle sector is far_right at 4.20 m and clearance status is clear.
- Lateral planning hint: left side is clearer.","{""waypoints"":[{""x"":-0.04460720689655158,""y"":5.405172913793103},{""x"":-0.04029686206896538,""y"":5.89655222413793},{""x"":-0.03598651724137916,""y"":6.3879315344827585},{""x"":-0.03167617241379296,""y"":6.879310844827586},{""x"":-0.02736582758620675,""y"":7.370690155172414}],""reasoning"":""Selected waypoint 0 moves the reference anchor from 23.59 m to 23.10 m from goal immediately and to 21.13 m by the final waypoint, so progress is 0.49 m selected / 2.46 m final and passes with monotonic goal-distance reduction. Kinematics is evaluated on 5 unique label waypoint(s), excluding consecutive duplicate terminal holds, and checks only that the trajectory stays within the configured bounds speed <= 15.00 m/s and acceleration <= 8.00 m/s^2, so kinematics passes. Goal is not reached within this label waypoint window. Safety passes: minimum clearance 3.25 m against manifest obstacles with 0 violating segment(s).""}",-0.04460720689655158,5.405172913793103,-2.5,-0.04029686206896538,5.89655222413793,-2.5,-0.03598651724137916,6.3879315344827585,-2.5,-0.03167617241379296,6.879310844827586,-2.5,-0.02736582758620675,7.370690155172414,-2.5
1773818717.835018396,1773818717.835018396,0.000,offline_ground_truth_window,"Environment section (T(v)):
- Current position NED is (-0.11, 5.16, -2.50) m.
- Current velocity is (0.00, 0.05, 0.00) m/s (speed 0.05 m/s).
- Goal position NED is (0.16, 28.50, -2.50) m.
- Output contract: predict exactly 5 waypoint x/y pairs in NED. The planner will set every waypoint z to goal z = -2.50 m before execution.
- Goal delta from current state is (0.27, 23.34, 0.00) m with distance 23.34 m.
- Obstacle pipeline: depth_camera_to_body_to_ned_current_frame.
- Current depth frame obstacle points projected into NED: 13. Nearest depth obstacle in NED is at (-4.44, 10.20, -2.26) m, relative vector (-4.33, 5.04, 0.25) m, distance 6.65 m.
- Depth validity fraction is 0.53. Global nearest obstacle distance is 5.05 m.
- Sector minimum distances [far_left, left, center, right, far_right] are [5.05, 5.06, 5.06, 5.07, 5.08] m.
- Nearest obstacle sector is far_left at 5.05 m and clearance status is clear.
- Lateral planning hint: prefer center progress.","{""waypoints"":[{""x"":-0.04029686206896538,""y"":5.89655222413793},{""x"":-0.03598651724137916,""y"":6.3879315344827585},{""x"":-0.03167617241379296,""y"":6.879310844827586},{""x"":-0.02736582758620675,""y"":7.370690155172414},{""x"":-0.023055482758620547,""y"":7.862069465517242}],""reasoning"":""Selected waypoint 0 moves the reference anchor from 23.10 m to 22.60 m from goal immediately and to 20.64 m by the final waypoint, so progress is 0.49 m selected / 2.46 m final and passes with monotonic goal-distance reduction. Kinematics is evaluated on 5 unique label waypoint(s), excluding consecutive duplicate terminal holds, and checks only that the trajectory stays within the configured bounds speed <= 15.00 m/s and acceleration <= 8.00 m/s^2, so kinematics passes. Goal is not reached within this label waypoint window. Safety passes: minimum clearance 3.17 m against manifest obstacles with 0 violating segment(s).""}",-0.04029686206896538,5.89655222413793,-2.5,-0.03598651724137916,6.3879315344827585,-2.5,-0.03167617241379296,6.879310844827586,-2.5,-0.02736582758620675,7.370690155172414,-2.5,-0.023055482758620547,7.862069465517242,-2.5
1773818726.410310745,1773818726.410310745,0.000,offline_ground_truth_window,"Environment section (T(v)):
- Current position NED is (-0.02, 5.65, -2.51) m.
- Current velocity is (-0.00, 0.08, 0.01) m/s (speed 0.08 m/s).
- Goal position NED is (0.16, 28.50, -2.50) m.
- Output contract: predict exactly 5 waypoint x/y pairs in NED. The planner will set every waypoint z to goal z = -2.50 m before execution.
- Goal delta from current state is (0.18, 22.85, 0.01) m with distance 22.85 m.
- Obstacle pipeline: depth_camera_to_body_to_ned_current_frame.
- Current depth frame obstacle points projected into NED: 2. Nearest depth obstacle in NED is at (-4.29, 10.69, -2.38) m, relative vector (-4.27, 5.03, 0.13) m, distance 6.60 m.
- Depth validity fraction is 0.53. Global nearest obstacle distance is 5.06 m.
- Sector minimum distances [far_left, left, center, right, far_right] are [5.08, 5.08, 5.07, 5.06, 5.06] m.
- Nearest obstacle sector is far_right at 5.06 m and clearance status is clear.
- Lateral planning hint: prefer center progress.","{""waypoints"":[{""x"":-0.03598651724137916,""y"":6.3879315344827585},{""x"":-0.03167617241379296,""y"":6.879310844827586},{""x"":-0.02736582758620675,""y"":7.370690155172414},{""x"":-0.023055482758620547,""y"":7.862069465517242},{""x"":-0.018745137931034345,""y"":8.353448775862068}],""reasoning"":""Selected waypoint 0 moves the reference anchor from 22.60 m to 22.11 m from goal immediately and to 20.15 m by the final waypoint, so progress is 0.49 m selected / 2.46 m final and passes with monotonic goal-distance reduction. Kinematics is evaluated on 5 unique label waypoint(s), excluding consecutive duplicate terminal holds, and checks only that the trajectory stays within the configured bounds speed <= 15.00 m/s and acceleration <= 8.00 m/s^2, so kinematics passes. Goal is not reached within this label waypoint window. Safety passes: minimum clearance 3.16 m against manifest obstacles with 0 violating segment(s).""}",-0.03598651724137916,6.3879315344827585,-2.5,-0.03167617241379296,6.879310844827586,-2.5,-0.02736582758620675,7.370690155172414,-2.5,-0.023055482758620547,7.862069465517242,-2.5,-0.018745137931034345,8.353448775862068,-2.5
1773818736.564712524,1773818736.564712524,0.000,offline_ground_truth_window,"Environment section (T(v)):
- Current position NED is (-0.05, 6.14, -2.48) m.
- Current velocity is (0.01, 0.05, -0.00) m/s (speed 0.05 m/s).
- Goal position NED is (0.16, 28.50, -2.50) m.
- Output contract: predict exactly 5 waypoint x/y pairs in NED. The planner will set every waypoint z to goal z = -2.50 m before execution.
- Goal delta from current state is (0.21, 22.36, -0.02) m with distance 22.36 m.
- Obstacle pipeline: depth_camera_to_body_to_ned_current_frame.
- Current depth frame obstacle points projected into NED: 4. Nearest depth obstacle in NED is at (-4.32, 11.51, -1.80) m, relative vector (-4.27, 5.37, 0.68) m, distance 6.90 m.
- Depth validity fraction is 0.54. Global nearest obstacle distance is 4.99 m.
- Sector minimum distances [far_left, left, center, right, far_right] are [4.99, 4.99, 4.99, 4.99, 5.00] m.
- Nearest obstacle sector is far_left at 4.99 m and clearance status is clear.
- Lateral planning hint: prefer center progress.","{""waypoints"":[{""x"":-0.03167617241379296,""y"":6.879310844827586},{""x"":-0.02736582758620675,""y"":7.370690155172414},{""x"":-0.023055482758620547,""y"":7.862069465517242},{""x"":-0.018745137931034345,""y"":8.353448775862068},{""x"":-0.01443479310344813,""y"":8.844828086206897}],""reasoning"":""Selected waypoint 0 moves the reference anchor from 22.11 m to 21.62 m from goal immediately and to 19.66 m by the final waypoint, so progress is 0.49 m selected / 2.46 m final and passes with monotonic goal-distance reduction. Kinematics is evaluated on 5 unique label waypoint(s), excluding consecutive duplicate terminal holds, and checks only that the trajectory stays within the configured bounds speed <= 15.00 m/s and acceleration <= 8.00 m/s^2, so kinematics passes. Goal is not reached within this label waypoint window. Safety passes: minimum clearance 3.16 m against manifest obstacles with 0 violating segment(s).""}",-0.03167617241379296,6.879310844827586,-2.5,-0.02736582758620675,7.370690155172414,-2.5,-0.023055482758620547,7.862069465517242,-2.5,-0.018745137931034345,8.353448775862068,-2.5,-0.01443479310344813,8.844828086206897,-2.5
1773818744.939918041,1773818744.939918041,0.000,offline_ground_truth_window,"Environment section (T(v)):
- Current position NED is (-0.04, 6.64, -2.51) m.
- Current velocity is (-0.01, 0.05, 0.00) m/s (speed 0.05 m/s).
- Goal position NED is (0.16, 28.50, -2.50) m.
- Output contract: predict exactly 5 waypoint x/y pairs in NED. The planner will set every waypoint z to goal z = -2.50 m before execution.
- Goal delta from current state is (0.20, 21.86, 0.01) m with distance 21.86 m.
- Obstacle pipeline: depth_camera_to_body_to_ned_current_frame.
- Current depth frame obstacle points projected into NED: 3. Nearest depth obstacle in NED is at (-4.19, 11.64, -2.13) m, relative vector (-4.15, 5.00, 0.38) m, distance 6.51 m.
- Depth validity fraction is 0.53. Global nearest obstacle distance is 5.02 m.
- Sector minimum distances [far_left, left, center, right, far_right] are [5.02, 5.03, 5.03, 5.04, 5.04] m.
- Nearest obstacle sector is far_left at 5.02 m and clearance status is clear.
- Lateral planning hint: prefer center progress.","{""waypoints"":[{""x"":-0.02736582758620675,""y"":7.370690155172414},{""x"":-0.023055482758620547,""y"":7.862069465517242},{""x"":-0.018745137931034345,""y"":8.353448775862068},{""x"":-0.01443479310344813,""y"":8.844828086206897},{""x"":-0.010124448275861928,""y"":9.336207396551725}],""reasoning"":""Selected waypoint 0 moves the reference anchor from 21.62 m to 21.13 m from goal immediately and to 19.16 m by the final waypoint, so progress is 0.49 m selected / 2.46 m final and passes with monotonic goal-distance reduction. Kinematics is evaluated on 5 unique label waypoint(s), excluding consecutive duplicate terminal holds, and checks only that the trajectory stays within the configured bounds speed <= 15.00 m/s and acceleration <= 8.00 m/s^2, so kinematics passes. Goal is not reached within this label waypoint window. Safety passes: minimum clearance 3.16 m against manifest obstacles with 0 violating segment(s).""}",-0.02736582758620675,7.370690155172414,-2.5,-0.023055482758620547,7.862069465517242,-2.5,-0.018745137931034345,8.353448775862068,-2.5,-0.01443479310344813,8.844828086206897,-2.5,-0.010124448275861928,9.336207396551725,-2.5
1773818754.549243927,1773818754.549243927,0.000,offline_ground_truth_window,"Environment section (T(v)):
- Current position NED is (-0.04, 7.13, -2.52) m.
- Current velocity is (0.00, 0.05, 0.01) m/s (speed 0.05 m/s).
- Goal position NED is (0.16, 28.50, -2.50) m.
- Output contract: predict exactly 5 waypoint x/y pairs in NED. The planner will set every waypoint z to goal z = -2.50 m before execution.
- Goal delta from current state is (0.20, 21.37, 0.02) m with distance 21.37 m.
- Obstacle pipeline: depth_camera_to_body_to_ned_current_frame.
- Current depth frame obstacle points projected into NED: 0. Nearest depth obstacle in NED is at (-0.04, 7.13, -2.52) m, relative vector (20.00, 0.00, 0.00) m, distance 20.00 m.
- Depth validity fraction is 0.53. Global nearest obstacle distance is 5.05 m.
- Sector minimum distances [far_left, left, center, right, far_right] are [5.07, 5.06, 5.06, 5.06, 5.05] m.
- Nearest obstacle sector is far_right at 5.05 m and clearance status is clear.
- Lateral planning hint: prefer center progress.","{""waypoints"":[{""x"":-0.023055482758620547,""y"":7.862069465517242},{""x"":-0.018745137931034345,""y"":8.353448775862068},{""x"":-0.01443479310344813,""y"":8.844828086206897},{""x"":-0.010124448275861928,""y"":9.336207396551725},{""x"":-0.005814103448275713,""y"":9.827586706896552}],""reasoning"":""Selected waypoint 0 moves the reference anchor from 21.13 m to 20.64 m from goal immediately and to 18.67 m by the final waypoint, so progress is 0.49 m selected / 2.46 m final and passes with monotonic goal-distance reduction. Kinematics is evaluated on 5 unique label waypoint(s), excluding consecutive duplicate terminal holds, and checks only that the trajectory stays within the configured bounds speed <= 15.00 m/s and acceleration <= 8.00 m/s^2, so kinematics passes. Goal is not reached within this label waypoint window. Safety passes: minimum clearance 3.16 m against manifest obstacles with 0 violating segment(s).""}",-0.023055482758620547,7.862069465517242,-2.5,-0.018745137931034345,8.353448775862068,-2.5,-0.01443479310344813,8.844828086206897,-2.5,-0.010124448275861928,9.336207396551725,-2.5,-0.005814103448275713,9.827586706896552,-2.5
1773818764.955104351,1773818764.955104351,0.000,offline_ground_truth_window,"Environment section (T(v)):
- Current position NED is (-0.06, 7.62, -2.49) m.
- Current velocity is (-0.00, 0.04, -0.00) m/s (speed 0.04 m/s).
- Goal position NED is (0.16, 28.50, -2.50) m.
- Output contract: predict exactly 5 waypoint x/y pairs in NED. The planner will set every waypoint z to goal z = -2.50 m before execution.
- Goal delta from current state is (0.22, 20.88, -0.01) m with distance 20.88 m.
- Obstacle pipeline: depth_camera_to_body_to_ned_current_frame.
- Current depth frame obstacle points projected into NED: 0. Nearest depth obstacle in NED is at (-0.06, 7.62, -2.49) m, relative vector (20.00, 0.00, 0.00) m, distance 20.00 m.
- Depth validity fraction is 0.54. Global nearest obstacle distance is 4.95 m.
- Sector minimum distances [far_left, left, center, right, far_right] are [4.95, 4.96, 4.96, 4.97, 4.97] m.
- Nearest obstacle sector is far_left at 4.95 m and clearance status is clear.
- Lateral planning hint: prefer center progress.","{""waypoints"":[{""x"":-0.018745137931034345,""y"":8.353448775862068},{""x"":-0.01443479310344813,""y"":8.844828086206897},{""x"":-0.010124448275861928,""y"":9.336207396551725},{""x"":-0.005814103448275713,""y"":9.827586706896552},{""x"":-0.001503758620689511,""y"":10.31896601724138}],""reasoning"":""Selected waypoint 0 moves the reference anchor from 20.64 m to 20.15 m from goal immediately and to 18.18 m by the final waypoint, so progress is 0.49 m selected / 2.46 m final and passes with monotonic goal-distance reduction. Kinematics is evaluated on 5 unique label waypoint(s), excluding consecutive duplicate terminal holds, and checks only that the trajectory stays within the configured bounds speed <= 15.00 m/s and acceleration <= 8.00 m/s^2, so kinematics passes. Goal is not reached within this label waypoint window. Safety passes: minimum clearance 3.16 m against manifest obstacles with 0 violating segment(s).""}",-0.018745137931034345,8.353448775862068,-2.5,-0.01443479310344813,8.844828086206897,-2.5,-0.010124448275861928,9.336207396551725,-2.5,-0.005814103448275713,9.827586706896552,-2.5,-0.001503758620689511,10.31896601724138,-2.5
1773818774.524905443,1773818774.524905443,0.000,offline_ground_truth_window,"Environment section (T(v)):
- Current position NED is (-0.02, 8.11, -2.51) m.
- Current velocity is (0.00, 0.06, 0.01) m/s (speed 0.06 m/s).
- Goal position NED is (0.16, 28.50, -2.50) m.
- Output contract: predict exactly 5 waypoint x/y pairs in NED. The planner will set every waypoint z to goal z = -2.50 m before execution.
- Goal delta from current state is (0.18, 20.39, 0.01) m with distance 20.39 m.
- Obstacle pipeline: depth_camera_to_body_to_ned_current_frame.
- Current depth frame obstacle points projected into NED: 0. Nearest depth obstacle in NED is at (-0.02, 8.11, -2.51) m, relative vector (20.00, 0.00, 0.00) m, distance 20.00 m.
- Depth validity fraction is 0.53. Global nearest obstacle distance is 5.05 m.
- Sector minimum distances [far_left, left, center, right, far_right] are [5.06, 5.06, 5.05, 5.05, 5.05] m.
- Nearest obstacle sector is far_right at 5.05 m and clearance status is clear.
- Lateral planning hint: prefer center progress.","{""waypoints"":[{""x"":-0.01443479310344813,""y"":8.844828086206897},{""x"":-0.010124448275861928,""y"":9.336207396551725},{""x"":-0.005814103448275713,""y"":9.827586706896552},{""x"":-0.001503758620689511,""y"":10.31896601724138},{""x"":0.0028065862068966906,""y"":10.810345327586207}],""reasoning"":""Selected waypoint 0 moves the reference anchor from 20.15 m to 19.66 m from goal immediately and to 17.69 m by the final waypoint, so progress is 0.49 m selected / 2.46 m final and passes with monotonic goal-distance reduction. Kinematics is evaluated on 5 unique label waypoint(s), excluding consecutive duplicate terminal holds, and checks only that the trajectory stays within the configured bounds speed <= 15.00 m/s and acceleration <= 8.00 m/s^2, so kinematics passes. Goal is not reached within this label waypoint window. Safety passes: minimum clearance 3.16 m against manifest obstacles with 0 violating segment(s).""}",-0.01443479310344813,8.844828086206897,-2.5,-0.010124448275861928,9.336207396551725,-2.5,-0.005814103448275713,9.827586706896552,-2.5,-0.001503758620689511,10.31896601724138,-2.5,0.0028065862068966906,10.810345327586207,-2.5
1773818783.023145914,1773818783.023145914,0.000,offline_ground_truth_window,"Environment section (T(v)):
- Current position NED is (-0.02, 8.60, -2.50) m.
- Current velocity is (0.01, 0.06, 0.01) m/s (speed 0.06 m/s).
- Goal position NED is (0.16, 28.50, -2.50) m.
- Output contract: predict exactly 5 waypoint x/y pairs in NED. The planner will set every waypoint z to goal z = -2.50 m before execution.
- Goal delta from current state is (0.18, 19.90, -0.00) m with distance 19.90 m.
- Obstacle pipeline: depth_camera_to_body_to_ned_current_frame.
- Current depth frame obstacle points projected into NED: 0. Nearest depth obstacle in NED is at (-0.02, 8.60, -2.50) m, relative vector (20.00, 0.00, 0.00) m, distance 20.00 m.
- Depth validity fraction is 0.53. Global nearest obstacle distance is 5.05 m.
- Sector minimum distances [far_left, left, center, right, far_right] are [5.06, 5.06, 5.06, 5.05, 5.05] m.
- Nearest obstacle sector is far_right at 5.05 m and clearance status is clear.
- Lateral planning hint: prefer center progress.","{""waypoints"":[{""x"":-0.010124448275861928,""y"":9.336207396551725},{""x"":-0.005814103448275713,""y"":9.827586706896552},{""x"":-0.001503758620689511,""y"":10.31896601724138},{""x"":0.0028065862068966906,""y"":10.810345327586207},{""x"":0.007116931034482906,""y"":11.301724637931036}],""reasoning"":""Selected waypoint 0 moves the reference anchor from 19.66 m to 19.16 m from goal immediately and to 17.20 m by the final waypoint, so progress is 0.49 m selected / 2.46 m final and passes with monotonic goal-distance reduction. Kinematics is evaluated on 5 unique label waypoint(s), excluding consecutive duplicate terminal holds, and checks only that the trajectory stays within the configured bounds speed <= 15.00 m/s and acceleration <= 8.00 m/s^2, so kinematics passes. Goal is not reached within this label waypoint window. Safety passes: minimum clearance 3.21 m against manifest obstacles with 0 violating segment(s).""}",-0.010124448275861928,9.336207396551725,-2.5,-0.005814103448275713,9.827586706896552,-2.5,-0.001503758620689511,10.31896601724138,-2.5,0.0028065862068966906,10.810345327586207,-2.5,0.007116931034482906,11.301724637931036,-2.5
1773818791.704149961,1773818791.704149961,0.000,offline_ground_truth_window,"Environment section (T(v)):
- Current position NED is (0.01, 9.09, -2.50) m.
- Current velocity is (-0.01, 0.07, 0.00) m/s (speed 0.08 m/s).
- Goal position NED is (0.16, 28.50, -2.50) m.
- Output contract: predict exactly 5 waypoint x/y pairs in NED. The planner will set every waypoint z to goal z = -2.50 m before execution.
- Goal delta from current state is (0.15, 19.41, 0.00) m with distance 19.41 m.
- Obstacle pipeline: depth_camera_to_body_to_ned_current_frame.
- Current depth frame obstacle points projected into NED: 0. Nearest depth obstacle in NED is at (0.01, 9.09, -2.50) m, relative vector (20.00, 0.00, 0.00) m, distance 20.00 m.
- Depth validity fraction is 0.54. Global nearest obstacle distance is 4.98 m.
- Sector minimum distances [far_left, left, center, right, far_right] are [4.99, 4.99, 4.99, 4.98, 4.98] m.
- Nearest obstacle sector is far_right at 4.98 m and clearance status is clear.
- Lateral planning hint: prefer center progress.","{""waypoints"":[{""x"":-0.005814103448275713,""y"":9.827586706896552},{""x"":-0.001503758620689511,""y"":10.31896601724138},{""x"":0.0028065862068966906,""y"":10.810345327586207},{""x"":0.007116931034482906,""y"":11.301724637931036},{""x"":0.011427275862069108,""y"":11.793103948275862}],""reasoning"":""Selected waypoint 0 moves the reference anchor from 19.16 m to 18.67 m from goal immediately and to 16.71 m by the final waypoint, so progress is 0.49 m selected / 2.46 m final and passes with monotonic goal-distance reduction. Kinematics is evaluated on 5 unique label waypoint(s), excluding consecutive duplicate terminal holds, and checks only that the trajectory stays within the configured bounds speed <= 15.00 m/s and acceleration <= 8.00 m/s^2, so kinematics passes. Goal is not reached within this label waypoint window. Safety passes: minimum clearance 3.32 m against manifest obstacles with 0 violating segment(s).""}",-0.005814103448275713,9.827586706896552,-2.5,-0.001503758620689511,10.31896601724138,-2.5,0.0028065862068966906,10.810345327586207,-2.5,0.007116931034482906,11.301724637931036,-2.5,0.011427275862069108,11.793103948275862,-2.5
1773818800.686836958,1773818800.686836958,0.000,offline_ground_truth_window,"Environment section (T(v)):
- Current position NED is (-0.02, 9.59, -2.48) m.
- Current velocity is (0.01, 0.08, -0.01) m/s (speed 0.08 m/s).
- Goal position NED is (0.16, 28.50, -2.50) m.
- Output contract: predict exactly 5 waypoint x/y pairs in NED. The planner will set every waypoint z to goal z = -2.50 m before execution.
- Goal delta from current state is (0.18, 18.91, -0.02) m with distance 18.91 m.
- Obstacle pipeline: depth_camera_to_body_to_ned_current_frame.
- Current depth frame obstacle points projected into NED: 0. Nearest depth obstacle in NED is at (-0.02, 9.59, -2.48) m, relative vector (20.00, 0.00, 0.00) m, distance 20.00 m.
- Depth validity fraction is 0.53. Global nearest obstacle distance is 5.09 m.
- Sector minimum distances [far_left, left, center, right, far_right] are [5.09, 5.09, 5.09, 5.09, 5.09] m.
- Nearest obstacle sector is far_left at 5.09 m and clearance status is clear.
- Lateral planning hint: prefer center progress.","{""waypoints"":[{""x"":-0.001503758620689511,""y"":10.31896601724138},{""x"":0.0028065862068966906,""y"":10.810345327586207},{""x"":0.007116931034482906,""y"":11.301724637931036},{""x"":0.011427275862069108,""y"":11.793103948275862},{""x"":0.01573762068965531,""y"":12.28448325862069}],""reasoning"":""Selected waypoint 0 moves the reference anchor from 18.67 m to 18.18 m from goal immediately and to 16.22 m by the final waypoint, so progress is 0.49 m selected / 2.46 m final and passes with monotonic goal-distance reduction. Kinematics is evaluated on 5 unique label waypoint(s), excluding consecutive duplicate terminal holds, and checks only that the trajectory stays within the configured bounds speed <= 15.00 m/s and acceleration <= 8.00 m/s^2, so kinematics passes. Goal is not reached within this label waypoint window. Safety passes: minimum clearance 3.48 m against manifest obstacles with 0 violating segment(s).""}",-0.001503758620689511,10.31896601724138,-2.5,0.0028065862068966906,10.810345327586207,-2.5,0.007116931034482906,11.301724637931036,-2.5,0.011427275862069108,11.793103948275862,-2.5,0.01573762068965531,12.28448325862069,-2.5
1773818809.906641006,1773818809.906641006,0.000,offline_ground_truth_window,"Environment section (T(v)):
- Current position NED is (0.01, 10.08, -2.51) m.
- Current velocity is (-0.01, 0.07, 0.00) m/s (speed 0.07 m/s).
- Goal position NED is (0.16, 28.50, -2.50) m.
- Output contract: predict exactly 5 waypoint x/y pairs in NED. The planner will set every waypoint z to goal z = -2.50 m before execution.
- Goal delta from current state is (0.15, 18.42, 0.01) m with distance 18.42 m.
- Obstacle pipeline: depth_camera_to_body_to_ned_current_frame.
- Current depth frame obstacle points projected into NED: 1. Nearest depth obstacle in NED is at (3.24, 20.04, -2.25) m, relative vector (3.23, 9.96, 0.26) m, distance 10.48 m.
- Depth validity fraction is 0.53. Global nearest obstacle distance is 5.03 m.
- Sector minimum distances [far_left, left, center, right, far_right] are [5.03, 5.04, 5.04, 5.04, 5.04] m.
- Nearest obstacle sector is far_left at 5.03 m and clearance status is clear.
- Lateral planning hint: prefer center progress.","{""waypoints"":[{""x"":0.0028065862068966906,""y"":10.810345327586207},{""x"":0.007116931034482906,""y"":11.301724637931036},{""x"":0.011427275862069108,""y"":11.793103948275862},{""x"":0.01573762068965531,""y"":12.28448325862069},{""x"":0.020047965517241525,""y"":12.775862568965518}],""reasoning"":""Selected waypoint 0 moves the reference anchor from 18.18 m to 17.69 m from goal immediately and to 15.72 m by the final waypoint, so progress is 0.49 m selected / 2.46 m final and passes with monotonic goal-distance reduction. Kinematics is evaluated on 5 unique label waypoint(s), excluding consecutive duplicate terminal holds, and checks only that the trajectory stays within the configured bounds speed <= 15.00 m/s and acceleration <= 8.00 m/s^2, so kinematics passes. Goal is not reached within this label waypoint window. Safety passes: minimum clearance 3.68 m against manifest obstacles with 0 violating segment(s).""}",0.0028065862068966906,10.810345327586207,-2.5,0.007116931034482906,11.301724637931036,-2.5,0.011427275862069108,11.793103948275862,-2.5,0.01573762068965531,12.28448325862069,-2.5,0.020047965517241525,12.775862568965518,-2.5
1773818818.687210798,1773818818.687210798,0.000,offline_ground_truth_window,"Environment section (T(v)):
- Current position NED is (-0.02, 10.57, -2.50) m.
- Current velocity is (-0.01, 0.06, 0.00) m/s (speed 0.06 m/s).
- Goal position NED is (0.16, 28.50, -2.50) m.
- Output contract: predict exactly 5 waypoint x/y pairs in NED. The planner will set every waypoint z to goal z = -2.50 m before execution.
- Goal delta from current state is (0.18, 17.93, 0.00) m with distance 17.94 m.
- Obstacle pipeline: depth_camera_to_body_to_ned_current_frame.
- Current depth frame obstacle points projected into NED: 3. Nearest depth obstacle in NED is at (3.24, 19.98, -2.05) m, relative vector (3.26, 9.42, 0.46) m, distance 9.98 m.
- Depth validity fraction is 0.53. Global nearest obstacle distance is 5.06 m.
- Sector minimum distances [far_left, left, center, right, far_right] are [5.06, 5.07, 5.07, 5.08, 5.08] m.
- Nearest obstacle sector is far_left at 5.06 m and clearance status is clear.
- Lateral planning hint: prefer center progress.","{""waypoints"":[{""x"":0.007116931034482906,""y"":11.301724637931036},{""x"":0.011427275862069108,""y"":11.793103948275862},{""x"":0.01573762068965531,""y"":12.28448325862069},{""x"":0.020047965517241525,""y"":12.775862568965518},{""x"":0.024358310344827726,""y"":13.267241879310346}],""reasoning"":""Selected waypoint 0 moves the reference anchor from 17.69 m to 17.20 m from goal immediately and to 15.23 m by the final waypoint, so progress is 0.49 m selected / 2.46 m final and passes with monotonic goal-distance reduction. Kinematics is evaluated on 5 unique label waypoint(s), excluding consecutive duplicate terminal holds, and checks only that the trajectory stays within the configured bounds speed <= 15.00 m/s and acceleration <= 8.00 m/s^2, so kinematics passes. Goal is not reached within this label waypoint window. Safety passes: minimum clearance 3.68 m against manifest obstacles with 0 violating segment(s).""}",0.007116931034482906,11.301724637931036,-2.5,0.011427275862069108,11.793103948275862,-2.5,0.01573762068965531,12.28448325862069,-2.5,0.020047965517241525,12.775862568965518,-2.5,0.024358310344827726,13.267241879310346,-2.5
1773818827.325643301,1773818827.325643301,0.000,offline_ground_truth_window,"Environment section (T(v)):
- Current position NED is (-0.01, 11.06, -2.49) m.
- Current velocity is (-0.01, 0.05, 0.00) m/s (speed 0.05 m/s).
- Goal position NED is (0.16, 28.50, -2.50) m.
- Output contract: predict exactly 5 waypoint x/y pairs in NED. The planner will set every waypoint z to goal z = -2.50 m before execution.
- Goal delta from current state is (0.17, 17.44, -0.01) m with distance 17.44 m.
- Obstacle pipeline: depth_camera_to_body_to_ned_current_frame.
- Current depth frame obstacle points projected into NED: 3. Nearest depth obstacle in NED is at (3.29, 19.97, -2.62) m, relative vector (3.30, 8.92, -0.13) m, distance 9.51 m.
- Depth validity fraction is 0.54. Global nearest obstacle distance is 5.01 m.
- Sector minimum distances [far_left, left, center, right, far_right] are [5.01, 5.01, 5.02, 5.02, 5.02] m.
- Nearest obstacle sector is far_left at 5.01 m and clearance status is clear.
- Lateral planning hint: prefer center progress.","{""waypoints"":[{""x"":0.011427275862069108,""y"":11.793103948275862},{""x"":0.01573762068965531,""y"":12.28448325862069},{""x"":0.020047965517241525,""y"":12.775862568965518},{""x"":0.024358310344827726,""y"":13.267241879310346},{""x"":0.028668655172413942,""y"":13.758621189655173}],""reasoning"":""Selected waypoint 0 moves the reference anchor from 17.20 m to 16.71 m from goal immediately and to 14.74 m by the final waypoint, so progress is 0.49 m selected / 2.46 m final and passes with monotonic goal-distance reduction. Kinematics is evaluated on 5 unique label waypoint(s), excluding consecutive duplicate terminal holds, and checks only that the trajectory stays within the configured bounds speed <= 15.00 m/s and acceleration <= 8.00 m/s^2, so kinematics passes. Goal is not reached within this label waypoint window. Safety passes: minimum clearance 3.68 m against manifest obstacles with 0 violating segment(s).""}",0.011427275862069108,11.793103948275862,-2.5,0.01573762068965531,12.28448325862069,-2.5,0.020047965517241525,12.775862568965518,-2.5,0.024358310344827726,13.267241879310346,-2.5,0.028668655172413942,13.758621189655173,-2.5
1773818835.713618994,1773818835.713618994,0.000,offline_ground_truth_window,"Environment section (T(v)):
- Current position NED is (-0.01, 11.55, -2.52) m.
- Current velocity is (-0.00, 0.05, 0.01) m/s (speed 0.05 m/s).
- Goal position NED is (0.16, 28.50, -2.50) m.
- Output contract: predict exactly 5 waypoint x/y pairs in NED. The planner will set every waypoint z to goal z = -2.50 m before execution.
- Goal delta from current state is (0.17, 16.95, 0.02) m with distance 16.95 m.
- Obstacle pipeline: depth_camera_to_body_to_ned_current_frame.
- Current depth frame obstacle points projected into NED: 2. Nearest depth obstacle in NED is at (3.28, 20.05, -2.41) m, relative vector (3.29, 8.51, 0.11) m, distance 9.12 m.
- Depth validity fraction is 0.53. Global nearest obstacle distance is 5.06 m.
- Sector minimum distances [far_left, left, center, right, far_right] are [5.06, 5.06, 5.06, 5.06, 5.06] m.
- Nearest obstacle sector is far_left at 5.06 m and clearance status is clear.
- Lateral planning hint: prefer center progress.","{""waypoints"":[{""x"":0.01573762068965531,""y"":12.28448325862069},{""x"":0.020047965517241525,""y"":12.775862568965518},{""x"":0.024358310344827726,""y"":13.267241879310346},{""x"":0.028668655172413942,""y"":13.758621189655173},{""x"":0.03297900000000015,""y"":14.2500005}],""reasoning"":""Selected waypoint 0 moves the reference anchor from 16.71 m to 16.22 m from goal immediately and to 14.25 m by the final waypoint, so progress is 0.49 m selected / 2.46 m final and passes with monotonic goal-distance reduction. Kinematics is evaluated on 5 unique label waypoint(s), excluding consecutive duplicate terminal holds, and checks only that the trajectory stays within the configured bounds speed <= 15.00 m/s and acceleration <= 8.00 m/s^2, so kinematics passes. Goal is not reached within this label waypoint window. Safety passes: minimum clearance 3.75 m against manifest obstacles with 0 violating segment(s).""}",0.01573762068965531,12.28448325862069,-2.5,0.020047965517241525,12.775862568965518,-2.5,0.024358310344827726,13.267241879310346,-2.5,0.028668655172413942,13.758621189655173,-2.5,0.03297900000000015,14.2500005,-2.5
1773818845.770313978,1773818845.770313978,0.000,offline_ground_truth_window,"Environment section (T(v)):
- Current position NED is (0.03, 12.04, -2.49) m.
- Current velocity is (0.01, 0.03, 0.00) m/s (speed 0.03 m/s).
- Goal position NED is (0.16, 28.50, -2.50) m.
- Output contract: predict exactly 5 waypoint x/y pairs in NED. The planner will set every waypoint z to goal z = -2.50 m before execution.
- Goal delta from current state is (0.13, 16.46, -0.01) m with distance 16.46 m.
- Obstacle pipeline: depth_camera_to_body_to_ned_current_frame.
- Current depth frame obstacle points projected into NED: 0. Nearest depth obstacle in NED is at (0.03, 12.04, -2.49) m, relative vector (20.00, 0.00, 0.00) m, distance 20.00 m.
- Depth validity fraction is 0.53. Global nearest obstacle distance is 4.96 m.
- Sector minimum distances [far_left, left, center, right, far_right] are [4.99, 4.98, 4.97, 4.97, 4.96] m.
- Nearest obstacle sector is far_right at 4.96 m and clearance status is clear.
- Lateral planning hint: prefer center progress.","{""waypoints"":[{""x"":0.020047965517241525,""y"":12.775862568965518},{""x"":0.024358310344827726,""y"":13.267241879310346},{""x"":0.028668655172413942,""y"":13.758621189655173},{""x"":0.03297900000000015,""y"":14.2500005},{""x"":0.03728934482758636,""y"":14.74137981034483}],""reasoning"":""Selected waypoint 0 moves the reference anchor from 16.22 m to 15.72 m from goal immediately and to 13.76 m by the final waypoint, so progress is 0.49 m selected / 2.46 m final and passes with monotonic goal-distance reduction. Kinematics is evaluated on 5 unique label waypoint(s), excluding consecutive duplicate terminal holds, and checks only that the trajectory stays within the configured bounds speed <= 15.00 m/s and acceleration <= 8.00 m/s^2, so kinematics passes. Goal is not reached within this label waypoint window. Safety passes: minimum clearance 3.86 m against manifest obstacles with 0 violating segment(s).""}",0.020047965517241525,12.775862568965518,-2.5,0.024358310344827726,13.267241879310346,-2.5,0.028668655172413942,13.758621189655173,-2.5,0.03297900000000015,14.2500005,-2.5,0.03728934482758636,14.74137981034483,-2.5
1773818853.607414484,1773818853.607414484,0.000,offline_ground_truth_window,"Environment section (T(v)):
- Current position NED is (0.00, 12.54, -2.48) m.
- Current velocity is (0.01, 0.06, 0.00) m/s (speed 0.07 m/s).
- Goal position NED is (0.16, 28.50, -2.50) m.
- Output contract: predict exactly 5 waypoint x/y pairs in NED. The planner will set every waypoint z to goal z = -2.50 m before execution.
- Goal delta from current state is (0.15, 15.96, -0.02) m with distance 15.96 m.
- Obstacle pipeline: depth_camera_to_body_to_ned_current_frame.
- Current depth frame obstacle points projected into NED: 2. Nearest depth obstacle in NED is at (-4.40, 22.65, -1.79) m, relative vector (-4.40, 10.11, 0.69) m, distance 11.05 m.
- Depth validity fraction is 0.53. Global nearest obstacle distance is 4.93 m.
- Sector minimum distances [far_left, left, center, right, far_right] are [4.94, 4.94, 4.94, 4.94, 4.93] m.
- Nearest obstacle sector is far_right at 4.93 m and clearance status is clear.
- Lateral planning hint: prefer center progress.","{""waypoints"":[{""x"":0.024358310344827726,""y"":13.267241879310346},{""x"":0.028668655172413942,""y"":13.758621189655173},{""x"":0.03297900000000015,""y"":14.2500005},{""x"":0.03728934482758636,""y"":14.74137981034483},{""x"":0.04159968965517255,""y"":15.232759120689655}],""reasoning"":""Selected waypoint 0 moves the reference anchor from 15.72 m to 15.23 m from goal immediately and to 13.27 m by the final waypoint, so progress is 0.49 m selected / 2.46 m final and passes with monotonic goal-distance reduction. Kinematics is evaluated on 5 unique label waypoint(s), excluding consecutive duplicate terminal holds, and checks only that the trajectory stays within the configured bounds speed <= 15.00 m/s and acceleration <= 8.00 m/s^2, so kinematics passes. Goal is not reached within this label waypoint window. Safety passes: minimum clearance 4.03 m against manifest obstacles with 0 violating segment(s).""}",0.024358310344827726,13.267241879310346,-2.5,0.028668655172413942,13.758621189655173,-2.5,0.03297900000000015,14.2500005,-2.5,0.03728934482758636,14.74137981034483,-2.5,0.04159968965517255,15.232759120689655,-2.5
1773818863.487429142,1773818863.487429142,0.000,offline_ground_truth_window,"Environment section (T(v)):
- Current position NED is (-0.03, 13.02, -2.50) m.
- Current velocity is (0.00, 0.05, -0.00) m/s (speed 0.05 m/s).
- Goal position NED is (0.16, 28.50, -2.50) m.
- Output contract: predict exactly 5 waypoint x/y pairs in NED. The planner will set every waypoint z to goal z = -2.50 m before execution.
- Goal delta from current state is (0.18, 15.48, -0.00) m with distance 15.48 m.
- Obstacle pipeline: depth_camera_to_body_to_ned_current_frame.
- Current depth frame obstacle points projected into NED: 3. Nearest depth obstacle in NED is at (3.41, 20.00, -2.18) m, relative vector (3.44, 6.97, 0.32) m, distance 7.78 m.
- Depth validity fraction is 0.54. Global nearest obstacle distance is 4.90 m.
- Sector minimum distances [far_left, left, center, right, far_right] are [4.90, 4.91, 4.92, 4.93, 4.94] m.
- Nearest obstacle sector is far_left at 4.90 m and clearance status is clear.
- Lateral planning hint: prefer center progress.","{""waypoints"":[{""x"":0.028668655172413942,""y"":13.758621189655173},{""x"":0.03297900000000015,""y"":14.2500005},{""x"":0.03728934482758636,""y"":14.74137981034483},{""x"":0.04159968965517255,""y"":15.232759120689655},{""x"":0.045910034482758766,""y"":15.724138431034481}],""reasoning"":""Selected waypoint 0 moves the reference anchor from 15.23 m to 14.74 m from goal immediately and to 12.78 m by the final waypoint, so progress is 0.49 m selected / 2.46 m final and passes with monotonic goal-distance reduction. Kinematics is evaluated on 5 unique label waypoint(s), excluding consecutive duplicate terminal holds, and checks only that the trajectory stays within the configured bounds speed <= 15.00 m/s and acceleration <= 8.00 m/s^2, so kinematics passes. Goal is not reached within this label waypoint window. Safety passes: minimum clearance 4.25 m against manifest obstacles with 0 violating segment(s).""}",0.028668655172413942,13.758621189655173,-2.5,0.03297900000000015,14.2500005,-2.5,0.03728934482758636,14.74137981034483,-2.5,0.04159968965517255,15.232759120689655,-2.5,0.045910034482758766,15.724138431034481,-2.5
1773818873.518700123,1773818873.518700123,0.000,offline_ground_truth_window,"Environment section (T(v)):
- Current position NED is (0.04, 13.51, -2.48) m.
- Current velocity is (-0.00, 0.05, -0.00) m/s (speed 0.05 m/s).
- Goal position NED is (0.16, 28.50, -2.50) m.
- Output contract: predict exactly 5 waypoint x/y pairs in NED. The planner will set every waypoint z to goal z = -2.50 m before execution.
- Goal delta from current state is (0.12, 14.99, -0.02) m with distance 14.99 m.
- Obstacle pipeline: depth_camera_to_body_to_ned_current_frame.
- Current depth frame obstacle points projected into NED: 10. Nearest depth obstacle in NED is at (3.52, 20.02, -2.02) m, relative vector (3.48, 6.51, 0.46) m, distance 7.39 m.
- Depth validity fraction is 0.56. Global nearest obstacle distance is 4.98 m.
- Sector minimum distances [far_left, left, center, right, far_right] are [4.98, 4.98, 4.98, 4.98, 4.98] m.
- Nearest obstacle sector is far_right at 4.98 m and clearance status is clear.
- Lateral planning hint: prefer center progress.","{""waypoints"":[{""x"":0.03297900000000015,""y"":14.2500005},{""x"":0.03728934482758636,""y"":14.74137981034483},{""x"":0.04159968965517255,""y"":15.232759120689655},{""x"":0.045910034482758766,""y"":15.724138431034481},{""x"":0.05022037931034498,""y"":16.21551774137931}],""reasoning"":""Selected waypoint 0 moves the reference anchor from 14.74 m to 14.25 m from goal immediately and to 12.28 m by the final waypoint, so progress is 0.49 m selected / 2.46 m final and passes with monotonic goal-distance reduction. Kinematics is evaluated on 5 unique label waypoint(s), excluding consecutive duplicate terminal holds, and checks only that the trajectory stays within the configured bounds speed <= 15.00 m/s and acceleration <= 8.00 m/s^2, so kinematics passes. Goal is not reached within this label waypoint window. Safety passes: minimum clearance 4.51 m against manifest obstacles with 0 violating segment(s).""}",0.03297900000000015,14.2500005,-2.5,0.03728934482758636,14.74137981034483,-2.5,0.04159968965517255,15.232759120689655,-2.5,0.045910034482758766,15.724138431034481,-2.5,0.05022037931034498,16.21551774137931,-2.5
1773818882.452501535,1773818882.452501535,0.000,offline_ground_truth_window,"Environment section (T(v)):
- Current position NED is (0.07, 14.01, -2.51) m.
- Current velocity is (-0.01, 0.04, 0.01) m/s (speed 0.04 m/s).
- Goal position NED is (0.16, 28.50, -2.50) m.
- Output contract: predict exactly 5 waypoint x/y pairs in NED. The planner will set every waypoint z to goal z = -2.50 m before execution.
- Goal delta from current state is (0.08, 14.49, 0.01) m with distance 14.49 m.
- Obstacle pipeline: depth_camera_to_body_to_ned_current_frame.
- Current depth frame obstacle points projected into NED: 4. Nearest depth obstacle in NED is at (3.57, 20.15, -2.07) m, relative vector (3.49, 6.15, 0.44) m, distance 7.09 m.
- Depth validity fraction is 0.57. Global nearest obstacle distance is 5.01 m.
- Sector minimum distances [far_left, left, center, right, far_right] are [5.01, 5.01, 5.01, 5.01, 5.01] m.
- Nearest obstacle sector is far_left at 5.01 m and clearance status is clear.
- Lateral planning hint: prefer center progress.","{""waypoints"":[{""x"":0.03728934482758636,""y"":14.74137981034483},{""x"":0.04159968965517255,""y"":15.232759120689655},{""x"":0.045910034482758766,""y"":15.724138431034481},{""x"":0.05022037931034498,""y"":16.21551774137931},{""x"":0.05453072413793117,""y"":16.706897051724134}],""reasoning"":""Selected waypoint 0 moves the reference anchor from 14.25 m to 13.76 m from goal immediately and to 11.79 m by the final waypoint, so progress is 0.49 m selected / 2.46 m final and passes with monotonic goal-distance reduction. Kinematics is evaluated on 5 unique label waypoint(s), excluding consecutive duplicate terminal holds, and checks only that the trajectory stays within the configured bounds speed <= 15.00 m/s and acceleration <= 8.00 m/s^2, so kinematics passes. Goal is not reached within this label waypoint window. Safety passes: minimum clearance 4.47 m against manifest obstacles with 0 violating segment(s).""}",0.03728934482758636,14.74137981034483,-2.5,0.04159968965517255,15.232759120689655,-2.5,0.045910034482758766,15.724138431034481,-2.5,0.05022037931034498,16.21551774137931,-2.5,0.05453072413793117,16.706897051724134,-2.5
1773818891.959685564,1773818891.959685564,0.000,offline_ground_truth_window,"Environment section (T(v)):
- Current position NED is (0.03, 14.50, -2.50) m.
- Current velocity is (0.00, 0.07, 0.00) m/s (speed 0.07 m/s).
- Goal position NED is (0.16, 28.50, -2.50) m.
- Output contract: predict exactly 5 waypoint x/y pairs in NED. The planner will set every waypoint z to goal z = -2.50 m before execution.
- Goal delta from current state is (0.13, 14.00, -0.00) m with distance 14.00 m.
- Obstacle pipeline: depth_camera_to_body_to_ned_current_frame.
- Current depth frame obstacle points projected into NED: 2. Nearest depth obstacle in NED is at (3.53, 20.25, -1.52) m, relative vector (3.50, 5.75, 0.97) m, distance 6.81 m.
- Depth validity fraction is 0.57. Global nearest obstacle distance is 5.01 m.
- Sector minimum distances [far_left, left, center, right, far_right] are [5.01, 5.01, 5.01, 5.01, 5.01] m.
- Nearest obstacle sector is far_left at 5.01 m and clearance status is clear.
- Lateral planning hint: prefer center progress.","{""waypoints"":[{""x"":0.04159968965517255,""y"":15.232759120689655},{""x"":0.045910034482758766,""y"":15.724138431034481},{""x"":0.05022037931034498,""y"":16.21551774137931},{""x"":0.05453072413793117,""y"":16.706897051724134},{""x"":0.058841068965517385,""y"":17.198276362068963}],""reasoning"":""Selected waypoint 0 moves the reference anchor from 13.76 m to 13.27 m from goal immediately and to 11.30 m by the final waypoint, so progress is 0.49 m selected / 2.46 m final and passes with monotonic goal-distance reduction. Kinematics is evaluated on 5 unique label waypoint(s), excluding consecutive duplicate terminal holds, and checks only that the trajectory stays within the configured bounds speed <= 15.00 m/s and acceleration <= 8.00 m/s^2, so kinematics passes. Goal is not reached within this label waypoint window. Safety passes: minimum clearance 4.26 m against manifest obstacles with 0 violating segment(s).""}",0.04159968965517255,15.232759120689655,-2.5,0.045910034482758766,15.724138431034481,-2.5,0.05022037931034498,16.21551774137931,-2.5,0.05453072413793117,16.706897051724134,-2.5,0.058841068965517385,17.198276362068963,-2.5
1773818898.965811014,1773818898.965811014,0.000,offline_ground_truth_window,"Environment section (T(v)):
- Current position NED is (0.06, 14.99, -2.50) m.
- Current velocity is (-0.00, 0.09, 0.01) m/s (speed 0.09 m/s).
- Goal position NED is (0.16, 28.50, -2.50) m.
- Output contract: predict exactly 5 waypoint x/y pairs in NED. The planner will set every waypoint z to goal z = -2.50 m before execution.
- Goal delta from current state is (0.10, 13.51, -0.00) m with distance 13.51 m.
- Obstacle pipeline: depth_camera_to_body_to_ned_current_frame.
- Current depth frame obstacle points projected into NED: 1. Nearest depth obstacle in NED is at (-4.30, 22.53, -2.63) m, relative vector (-4.36, 7.54, -0.13) m, distance 8.71 m.
- Depth validity fraction is 0.57. Global nearest obstacle distance is 5.04 m.
- Sector minimum distances [far_left, left, center, right, far_right] are [5.05, 5.05, 5.05, 5.05, 5.04] m.
- Nearest obstacle sector is far_right at 5.04 m and clearance status is clear.
- Lateral planning hint: prefer center progress.","{""waypoints"":[{""x"":0.045910034482758766,""y"":15.724138431034481},{""x"":0.05022037931034498,""y"":16.21551774137931},{""x"":0.05453072413793117,""y"":16.706897051724134},{""x"":0.058841068965517385,""y"":17.198276362068963},{""x"":0.0631514137931036,""y"":17.689655672413792}],""reasoning"":""Selected waypoint 0 moves the reference anchor from 13.27 m to 12.78 m from goal immediately and to 10.81 m by the final waypoint, so progress is 0.49 m selected / 2.46 m final and passes with monotonic goal-distance reduction. Kinematics is evaluated on 5 unique label waypoint(s), excluding consecutive duplicate terminal holds, and checks only that the trajectory stays within the configured bounds speed <= 15.00 m/s and acceleration <= 8.00 m/s^2, so kinematics passes. Goal is not reached within this label waypoint window. Safety passes: minimum clearance 4.09 m against manifest obstacles with 0 violating segment(s).""}",0.045910034482758766,15.724138431034481,-2.5,0.05022037931034498,16.21551774137931,-2.5,0.05453072413793117,16.706897051724134,-2.5,0.058841068965517385,17.198276362068963,-2.5,0.0631514137931036,17.689655672413792,-2.5
1773818907.737410307,1773818907.737410307,0.000,offline_ground_truth_window,"Environment section (T(v)):
- Current position NED is (0.06, 15.48, -2.47) m.
- Current velocity is (-0.00, 0.07, -0.01) m/s (speed 0.07 m/s).
- Goal position NED is (0.16, 28.50, -2.50) m.
- Output contract: predict exactly 5 waypoint x/y pairs in NED. The planner will set every waypoint z to goal z = -2.50 m before execution.
- Goal delta from current state is (0.10, 13.02, -0.03) m with distance 13.02 m.
- Obstacle pipeline: depth_camera_to_body_to_ned_current_frame.
- Current depth frame obstacle points projected into NED: 7. Nearest depth obstacle in NED is at (-4.18, 22.55, -2.47) m, relative vector (-4.24, 7.07, -0.00) m, distance 8.24 m.
- Depth validity fraction is 0.58. Global nearest obstacle distance is 4.98 m.
- Sector minimum distances [far_left, left, center, right, far_right] are [4.99, 4.99, 4.98, 4.98, 4.98] m.
- Nearest obstacle sector is far_right at 4.98 m and clearance status is clear.
- Lateral planning hint: prefer center progress.","{""waypoints"":[{""x"":0.05022037931034498,""y"":16.21551774137931},{""x"":0.05453072413793117,""y"":16.706897051724134},{""x"":0.058841068965517385,""y"":17.198276362068963},{""x"":0.0631514137931036,""y"":17.689655672413792},{""x"":0.06746175862068982,""y"":18.18103498275862}],""reasoning"":""Selected waypoint 0 moves the reference anchor from 12.78 m to 12.28 m from goal immediately and to 10.32 m by the final waypoint, so progress is 0.49 m selected / 2.46 m final and passes with monotonic goal-distance reduction. Kinematics is evaluated on 5 unique label waypoint(s), excluding consecutive duplicate terminal holds, and checks only that the trajectory stays within the configured bounds speed <= 15.00 m/s and acceleration <= 8.00 m/s^2, so kinematics passes. Goal is not reached within this label waypoint window. Safety passes: minimum clearance 3.97 m against manifest obstacles with 0 violating segment(s).""}",0.05022037931034498,16.21551774137931,-2.5,0.05453072413793117,16.706897051724134,-2.5,0.058841068965517385,17.198276362068963,-2.5,0.0631514137931036,17.689655672413792,-2.5,0.06746175862068982,18.18103498275862,-2.5
1773818917.049024105,1773818917.049024105,0.000,offline_ground_truth_window,"Environment section (T(v)):
- Current position NED is (0.04, 15.97, -2.51) m.
- Current velocity is (-0.00, 0.06, 0.00) m/s (speed 0.06 m/s).
- Goal position NED is (0.16, 28.50, -2.50) m.
- Output contract: predict exactly 5 waypoint x/y pairs in NED. The planner will set every waypoint z to goal z = -2.50 m before execution.
- Goal delta from current state is (0.12, 12.53, 0.01) m with distance 12.53 m.
- Obstacle pipeline: depth_camera_to_body_to_ned_current_frame.
- Current depth frame obstacle points projected into NED: 2. Nearest depth obstacle in NED is at (-4.13, 22.66, -2.12) m, relative vector (-4.17, 6.69, 0.39) m, distance 7.89 m.
- Depth validity fraction is 0.57. Global nearest obstacle distance is 5.08 m.
- Sector minimum distances [far_left, left, center, right, far_right] are [5.08, 5.09, 5.09, 5.09, 5.09] m.
- Nearest obstacle sector is far_left at 5.08 m and clearance status is clear.
- Lateral planning hint: prefer center progress.","{""waypoints"":[{""x"":0.05453072413793117,""y"":16.706897051724134},{""x"":0.058841068965517385,""y"":17.198276362068963},{""x"":0.0631514137931036,""y"":17.689655672413792},{""x"":0.06746175862068982,""y"":18.18103498275862},{""x"":0.071772103448276,""y"":18.672414293103447}],""reasoning"":""Selected waypoint 0 moves the reference anchor from 12.28 m to 11.79 m from goal immediately and to 9.83 m by the final waypoint, so progress is 0.49 m selected / 2.46 m final and passes with monotonic goal-distance reduction. Kinematics is evaluated on 5 unique label waypoint(s), excluding consecutive duplicate terminal holds, and checks only that the trajectory stays within the configured bounds speed <= 15.00 m/s and acceleration <= 8.00 m/s^2, so kinematics passes. Goal is not reached within this label waypoint window. Safety passes: minimum clearance 3.90 m against manifest obstacles with 0 violating segment(s).""}",0.05453072413793117,16.706897051724134,-2.5,0.058841068965517385,17.198276362068963,-2.5,0.0631514137931036,17.689655672413792,-2.5,0.06746175862068982,18.18103498275862,-2.5,0.071772103448276,18.672414293103447,-2.5
1773818925.006332874,1773818925.006332874,0.000,offline_ground_truth_window,"Environment section (T(v)):
- Current position NED is (0.03, 16.47, -2.53) m.
- Current velocity is (0.01, 0.06, 0.01) m/s (speed 0.06 m/s).
- Goal position NED is (0.16, 28.50, -2.50) m.
- Output contract: predict exactly 5 waypoint x/y pairs in NED. The planner will set every waypoint z to goal z = -2.50 m before execution.
- Goal delta from current state is (0.13, 12.03, 0.03) m with distance 12.03 m.
- Obstacle pipeline: depth_camera_to_body_to_ned_current_frame.
- Current depth frame obstacle points projected into NED: 2. Nearest depth obstacle in NED is at (-4.22, 22.56, -2.65) m, relative vector (-4.24, 6.09, -0.12) m, distance 7.42 m.
- Depth validity fraction is 0.57. Global nearest obstacle distance is 5.08 m.
- Sector minimum distances [far_left, left, center, right, far_right] are [5.08, 5.08, 5.09, 5.09, 5.09] m.
- Nearest obstacle sector is far_left at 5.08 m and clearance status is clear.
- Lateral planning hint: prefer center progress.","{""waypoints"":[{""x"":0.058841068965517385,""y"":17.198276362068963},{""x"":0.0631514137931036,""y"":17.689655672413792},{""x"":0.06746175862068982,""y"":18.18103498275862},{""x"":0.071772103448276,""y"":18.672414293103447},{""x"":0.07608244827586222,""y"":19.163793603448276}],""reasoning"":""Selected waypoint 0 moves the reference anchor from 11.79 m to 11.30 m from goal immediately and to 9.34 m by the final waypoint, so progress is 0.49 m selected / 2.46 m final and passes with monotonic goal-distance reduction. Kinematics is evaluated on 5 unique label waypoint(s), excluding consecutive duplicate terminal holds, and checks only that the trajectory stays within the configured bounds speed <= 15.00 m/s and acceleration <= 8.00 m/s^2, so kinematics passes. Goal is not reached within this label waypoint window. Safety passes: minimum clearance 3.89 m against manifest obstacles with 0 violating segment(s).""}",0.058841068965517385,17.198276362068963,-2.5,0.0631514137931036,17.689655672413792,-2.5,0.06746175862068982,18.18103498275862,-2.5,0.071772103448276,18.672414293103447,-2.5,0.07608244827586222,19.163793603448276,-2.5
1773818933.158007145,1773818933.158007145,0.000,offline_ground_truth_window,"Environment section (T(v)):
- Current position NED is (0.01, 16.96, -2.52) m.
- Current velocity is (0.00, 0.06, 0.01) m/s (speed 0.06 m/s).
- Goal position NED is (0.16, 28.50, -2.50) m.
- Output contract: predict exactly 5 waypoint x/y pairs in NED. The planner will set every waypoint z to goal z = -2.50 m before execution.
- Goal delta from current state is (0.15, 11.54, 0.02) m with distance 11.54 m.
- Obstacle pipeline: depth_camera_to_body_to_ned_current_frame.
- Current depth frame obstacle points projected into NED: 4. Nearest depth obstacle in NED is at (-4.18, 22.63, -2.08) m, relative vector (-4.18, 5.67, 0.44) m, distance 7.06 m.
- Depth validity fraction is 0.57. Global nearest obstacle distance is 5.13 m.
- Sector minimum distances [far_left, left, center, right, far_right] are [5.13, 5.13, 5.14, 5.14, 5.14] m.
- Nearest obstacle sector is far_left at 5.13 m and clearance status is clear.
- Lateral planning hint: prefer center progress.","{""waypoints"":[{""x"":0.0631514137931036,""y"":17.689655672413792},{""x"":0.06746175862068982,""y"":18.18103498275862},{""x"":0.071772103448276,""y"":18.672414293103447},{""x"":0.07608244827586222,""y"":19.163793603448276},{""x"":0.08039279310344843,""y"":19.655172913793102}],""reasoning"":""Selected waypoint 0 moves the reference anchor from 11.30 m to 10.81 m from goal immediately and to 8.85 m by the final waypoint, so progress is 0.49 m selected / 2.46 m final and passes with monotonic goal-distance reduction. Kinematics is evaluated on 5 unique label waypoint(s), excluding consecutive duplicate terminal holds, and checks only that the trajectory stays within the configured bounds speed <= 15.00 m/s and acceleration <= 8.00 m/s^2, so kinematics passes. Goal is not reached within this label waypoint window. Safety passes: minimum clearance 3.89 m against manifest obstacles with 0 violating segment(s).""}",0.0631514137931036,17.689655672413792,-2.5,0.06746175862068982,18.18103498275862,-2.5,0.071772103448276,18.672414293103447,-2.5,0.07608244827586222,19.163793603448276,-2.5,0.08039279310344843,19.655172913793102,-2.5
1773818941.557801723,1773818941.557801723,0.000,offline_ground_truth_window,"Environment section (T(v)):
- Current position NED is (0.06, 17.45, -2.49) m.
- Current velocity is (-0.01, 0.06, 0.00) m/s (speed 0.06 m/s).
- Goal position NED is (0.16, 28.50, -2.50) m.
- Output contract: predict exactly 5 waypoint x/y pairs in NED. The planner will set every waypoint z to goal z = -2.50 m before execution.
- Goal delta from current state is (0.09, 11.05, -0.01) m with distance 11.05 m.
- Obstacle pipeline: depth_camera_to_body_to_ned_current_frame.
- Current depth frame obstacle points projected into NED: 9. Nearest depth obstacle in NED is at (-4.01, 22.64, -2.00) m, relative vector (-4.08, 5.19, 0.49) m, distance 6.62 m.
- Depth validity fraction is 0.57. Global nearest obstacle distance is 5.00 m.
- Sector minimum distances [far_left, left, center, right, far_right] are [5.00, 5.01, 5.01, 5.01, 5.01] m.
- Nearest obstacle sector is far_left at 5.00 m and clearance status is clear.
- Lateral planning hint: prefer center progress.","{""waypoints"":[{""x"":0.06746175862068982,""y"":18.18103498275862},{""x"":0.071772103448276,""y"":18.672414293103447},{""x"":0.07608244827586222,""y"":19.163793603448276},{""x"":0.08039279310344843,""y"":19.655172913793102},{""x"":0.08470313793103462,""y"":20.146552224137928}],""reasoning"":""Selected waypoint 0 moves the reference anchor from 10.81 m to 10.32 m from goal immediately and to 8.35 m by the final waypoint, so progress is 0.49 m selected / 2.46 m final and passes with monotonic goal-distance reduction. Kinematics is evaluated on 5 unique label waypoint(s), excluding consecutive duplicate terminal holds, and checks only that the trajectory stays within the configured bounds speed <= 15.00 m/s and acceleration <= 8.00 m/s^2, so kinematics passes. Goal is not reached within this label waypoint window. Safety passes: minimum clearance 3.89 m against manifest obstacles with 0 violating segment(s).""}",0.06746175862068982,18.18103498275862,-2.5,0.071772103448276,18.672414293103447,-2.5,0.07608244827586222,19.163793603448276,-2.5,0.08039279310344843,19.655172913793102,-2.5,0.08470313793103462,20.146552224137928,-2.5
1773818947.484609127,1773818947.484609127,0.000,offline_ground_truth_window,"Environment section (T(v)):
- Current position NED is (0.08, 17.94, -2.49) m.
- Current velocity is (0.00, 0.05, 0.01) m/s (speed 0.05 m/s).
- Goal position NED is (0.16, 28.50, -2.50) m.
- Output contract: predict exactly 5 waypoint x/y pairs in NED. The planner will set every waypoint z to goal z = -2.50 m before execution.
- Goal delta from current state is (0.07, 10.56, -0.01) m with distance 10.56 m.
- Obstacle pipeline: depth_camera_to_body_to_ned_current_frame.
- Current depth frame obstacle points projected into NED: 8. Nearest depth obstacle in NED is at (-3.86, 22.74, -2.45) m, relative vector (-3.95, 4.80, 0.05) m, distance 6.22 m.
- Depth validity fraction is 0.57. Global nearest obstacle distance is 4.90 m.
- Sector minimum distances [far_left, left, center, right, far_right] are [4.90, 5.04, 5.04, 5.03, 5.03] m.
- Nearest obstacle sector is far_left at 4.90 m and clearance status is clear.
- Lateral planning hint: prefer center progress.","{""waypoints"":[{""x"":0.071772103448276,""y"":18.672414293103447},{""x"":0.07608244827586222,""y"":19.163793603448276},{""x"":0.08039279310344843,""y"":19.655172913793102},{""x"":0.08470313793103462,""y"":20.146552224137928},{""x"":0.08901348275862084,""y"":20.637931534482757}],""reasoning"":""Selected waypoint 0 moves the reference anchor from 10.32 m to 9.83 m from goal immediately and to 7.86 m by the final waypoint, so progress is 0.49 m selected / 2.46 m final and passes with monotonic goal-distance reduction. Kinematics is evaluated on 5 unique label waypoint(s), excluding consecutive duplicate terminal holds, and checks only that the trajectory stays within the configured bounds speed <= 15.00 m/s and acceleration <= 8.00 m/s^2, so kinematics passes. Goal is not reached within this label waypoint window. Safety passes: minimum clearance 3.88 m against manifest obstacles with 0 violating segment(s).""}",0.071772103448276,18.672414293103447,-2.5,0.07608244827586222,19.163793603448276,-2.5,0.08039279310344843,19.655172913793102,-2.5,0.08470313793103462,20.146552224137928,-2.5,0.08901348275862084,20.637931534482757,-2.5
1773818955.170988321,1773818955.170988321,0.000,offline_ground_truth_window,"Environment section (T(v)):
- Current position NED is (0.05, 18.43, -2.49) m.
- Current velocity is (-0.00, 0.09, 0.00) m/s (speed 0.09 m/s).
- Goal position NED is (0.16, 28.50, -2.50) m.
- Output contract: predict exactly 5 waypoint x/y pairs in NED. The planner will set every waypoint z to goal z = -2.50 m before execution.
- Goal delta from current state is (0.11, 10.07, -0.01) m with distance 10.07 m.
- Obstacle pipeline: depth_camera_to_body_to_ned_current_frame.
- Current depth frame obstacle points projected into NED: 2. Nearest depth obstacle in NED is at (-0.56, 29.08, -2.67) m, relative vector (-0.61, 10.65, -0.18) m, distance 10.67 m.
- Depth validity fraction is 0.57. Global nearest obstacle distance is 5.02 m.
- Sector minimum distances [far_left, left, center, right, far_right] are [5.02, 5.02, 5.02, 5.02, 5.02] m.
- Nearest obstacle sector is far_left at 5.02 m and clearance status is clear.
- Lateral planning hint: prefer center progress.","{""waypoints"":[{""x"":0.07608244827586222,""y"":19.163793603448276},{""x"":0.08039279310344843,""y"":19.655172913793102},{""x"":0.08470313793103462,""y"":20.146552224137928},{""x"":0.08901348275862084,""y"":20.637931534482757},{""x"":0.09332382758620705,""y"":21.129310844827586}],""reasoning"":""Selected waypoint 0 moves the reference anchor from 9.83 m to 9.34 m from goal immediately and to 7.37 m by the final waypoint, so progress is 0.49 m selected / 2.46 m final and passes with monotonic goal-distance reduction. Kinematics is evaluated on 5 unique label waypoint(s), excluding consecutive duplicate terminal holds, and checks only that the trajectory stays within the configured bounds speed <= 15.00 m/s and acceleration <= 8.00 m/s^2, so kinematics passes. Goal is not reached within this label waypoint window. Safety passes: minimum clearance 3.73 m against manifest obstacles with 0 violating segment(s).""}",0.07608244827586222,19.163793603448276,-2.5,0.08039279310344843,19.655172913793102,-2.5,0.08470313793103462,20.146552224137928,-2.5,0.08901348275862084,20.637931534482757,-2.5,0.09332382758620705,21.129310844827586,-2.5
1773818962.634292126,1773818962.634292126,0.000,offline_ground_truth_window,"Environment section (T(v)):
- Current position NED is (0.04, 18.92, -2.48) m.
- Current velocity is (0.01, 0.06, -0.00) m/s (speed 0.06 m/s).
- Goal position NED is (0.16, 28.50, -2.50) m.
- Output contract: predict exactly 5 waypoint x/y pairs in NED. The planner will set every waypoint z to goal z = -2.50 m before execution.
- Goal delta from current state is (0.11, 9.58, -0.02) m with distance 9.58 m.
- Obstacle pipeline: depth_camera_to_body_to_ned_current_frame.
- Current depth frame obstacle points projected into NED: 4. Nearest depth obstacle in NED is at (-3.95, 28.54, -2.43) m, relative vector (-3.99, 9.62, 0.05) m, distance 10.41 m.
- Depth validity fraction is 0.57. Global nearest obstacle distance is 5.02 m.
- Sector minimum distances [far_left, left, center, right, far_right] are [5.02, 5.02, 5.02, 5.02, 5.02] m.
- Nearest obstacle sector is far_left at 5.02 m and clearance status is clear.
- Lateral planning hint: prefer center progress.","{""waypoints"":[{""x"":0.08039279310344843,""y"":19.655172913793102},{""x"":0.08470313793103462,""y"":20.146552224137928},{""x"":0.08901348275862084,""y"":20.637931534482757},{""x"":0.09332382758620705,""y"":21.129310844827586},{""x"":0.09763417241379324,""y"":21.62069015517241}],""reasoning"":""Selected waypoint 0 moves the reference anchor from 9.34 m to 8.85 m from goal immediately and to 6.88 m by the final waypoint, so progress is 0.49 m selected / 2.46 m final and passes with monotonic goal-distance reduction. Kinematics is evaluated on 5 unique label waypoint(s), excluding consecutive duplicate terminal holds, and checks only that the trajectory stays within the configured bounds speed <= 15.00 m/s and acceleration <= 8.00 m/s^2, so kinematics passes. Goal is not reached within this label waypoint window. Safety passes: minimum clearance 3.64 m against manifest obstacles with 0 violating segment(s).""}",0.08039279310344843,19.655172913793102,-2.5,0.08470313793103462,20.146552224137928,-2.5,0.08901348275862084,20.637931534482757,-2.5,0.09332382758620705,21.129310844827586,-2.5,0.09763417241379324,21.62069015517241,-2.5
1773818971.148220539,1773818971.148220539,0.000,offline_ground_truth_window,"Environment section (T(v)):
- Current position NED is (0.14, 19.41, -2.49) m.
- Current velocity is (0.00, 0.06, 0.00) m/s (speed 0.06 m/s).
- Goal position NED is (0.16, 28.50, -2.50) m.
- Output contract: predict exactly 5 waypoint x/y pairs in NED. The planner will set every waypoint z to goal z = -2.50 m before execution.
- Goal delta from current state is (0.02, 9.09, -0.01) m with distance 9.09 m.
- Obstacle pipeline: depth_camera_to_body_to_ned_current_frame.
- Current depth frame obstacle points projected into NED: 1. Nearest depth obstacle in NED is at (-3.81, 28.53, -2.73) m, relative vector (-3.94, 9.12, -0.24) m, distance 9.94 m.
- Depth validity fraction is 0.57. Global nearest obstacle distance is 4.95 m.
- Sector minimum distances [far_left, left, center, right, far_right] are [4.98, 4.97, 4.96, 4.96, 4.95] m.
- Nearest obstacle sector is far_right at 4.95 m and clearance status is clear.
- Lateral planning hint: prefer center progress.","{""waypoints"":[{""x"":0.08470313793103462,""y"":20.146552224137928},{""x"":0.08901348275862084,""y"":20.637931534482757},{""x"":0.09332382758620705,""y"":21.129310844827586},{""x"":0.09763417241379324,""y"":21.62069015517241},{""x"":0.10194451724137946,""y"":22.11206946551724}],""reasoning"":""Selected waypoint 0 moves the reference anchor from 8.85 m to 8.35 m from goal immediately and to 6.39 m by the final waypoint, so progress is 0.49 m selected / 2.46 m final and passes with monotonic goal-distance reduction. Kinematics is evaluated on 5 unique label waypoint(s), excluding consecutive duplicate terminal holds, and checks only that the trajectory stays within the configured bounds speed <= 15.00 m/s and acceleration <= 8.00 m/s^2, so kinematics passes. Goal is not reached within this label waypoint window. Safety passes: minimum clearance 3.60 m against manifest obstacles with 0 violating segment(s).""}",0.08470313793103462,20.146552224137928,-2.5,0.08901348275862084,20.637931534482757,-2.5,0.09332382758620705,21.129310844827586,-2.5,0.09763417241379324,21.62069015517241,-2.5,0.10194451724137946,22.11206946551724,-2.5
1773818979.024780512,1773818979.024780512,0.000,offline_ground_truth_window,"Environment section (T(v)):
- Current position NED is (0.11, 19.90, -2.52) m.
- Current velocity is (0.00, 0.06, 0.01) m/s (speed 0.06 m/s).
- Goal position NED is (0.16, 28.50, -2.50) m.
- Output contract: predict exactly 5 waypoint x/y pairs in NED. The planner will set every waypoint z to goal z = -2.50 m before execution.
- Goal delta from current state is (0.04, 8.60, 0.02) m with distance 8.60 m.
- Obstacle pipeline: depth_camera_to_body_to_ned_current_frame.
- Current depth frame obstacle points projected into NED: 3. Nearest depth obstacle in NED is at (-0.37, 28.74, -2.61) m, relative vector (-0.49, 8.84, -0.09) m, distance 8.85 m.
- Depth validity fraction is 0.57. Global nearest obstacle distance is 4.98 m.
- Sector minimum distances [far_left, left, center, right, far_right] are [5.00, 5.00, 4.99, 4.99, 4.98] m.
- Nearest obstacle sector is far_right at 4.98 m and clearance status is clear.
- Lateral planning hint: prefer center progress.","{""waypoints"":[{""x"":0.08901348275862084,""y"":20.637931534482757},{""x"":0.09332382758620705,""y"":21.129310844827586},{""x"":0.09763417241379324,""y"":21.62069015517241},{""x"":0.10194451724137946,""y"":22.11206946551724},{""x"":0.10625486206896567,""y"":22.60344877586207}],""reasoning"":""Selected waypoint 0 moves the reference anchor from 8.35 m to 7.86 m from goal immediately and to 5.90 m by the final waypoint, so progress is 0.49 m selected / 2.46 m final and passes with monotonic goal-distance reduction. Kinematics is evaluated on 5 unique label waypoint(s), excluding consecutive duplicate terminal holds, and checks only that the trajectory stays within the configured bounds speed <= 15.00 m/s and acceleration <= 8.00 m/s^2, so kinematics passes. Goal is not reached within this label waypoint window. Safety passes: minimum clearance 3.60 m against manifest obstacles with 0 violating segment(s).""}",0.08901348275862084,20.637931534482757,-2.5,0.09332382758620705,21.129310844827586,-2.5,0.09763417241379324,21.62069015517241,-2.5,0.10194451724137946,22.11206946551724,-2.5,0.10625486206896567,22.60344877586207,-2.5
1773818987.262174606,1773818987.262174606,0.000,offline_ground_truth_window,"Environment section (T(v)):
- Current position NED is (0.07, 20.40, -2.49) m.
- Current velocity is (0.00, 0.07, -0.00) m/s (speed 0.07 m/s).
- Goal position NED is (0.16, 28.50, -2.50) m.
- Output contract: predict exactly 5 waypoint x/y pairs in NED. The planner will set every waypoint z to goal z = -2.50 m before execution.
- Goal delta from current state is (0.09, 8.10, -0.01) m with distance 8.10 m.
- Obstacle pipeline: depth_camera_to_body_to_ned_current_frame.
- Current depth frame obstacle points projected into NED: 30. Nearest depth obstacle in NED is at (-3.90, 28.56, -2.31) m, relative vector (-3.97, 8.15, 0.18) m, distance 9.07 m.
- Depth validity fraction is 0.57. Global nearest obstacle distance is 4.96 m.
- Sector minimum distances [far_left, left, center, right, far_right] are [4.96, 4.96, 4.97, 4.97, 4.98] m.
- Nearest obstacle sector is far_left at 4.96 m and clearance status is clear.
- Lateral planning hint: prefer center progress.","{""waypoints"":[{""x"":0.09332382758620705,""y"":21.129310844827586},{""x"":0.09763417241379324,""y"":21.62069015517241},{""x"":0.10194451724137946,""y"":22.11206946551724},{""x"":0.10625486206896567,""y"":22.60344877586207},{""x"":0.11056520689655186,""y"":23.094828086206896}],""reasoning"":""Selected waypoint 0 moves the reference anchor from 7.86 m to 7.37 m from goal immediately and to 5.41 m by the final waypoint, so progress is 0.49 m selected / 2.46 m final and passes with monotonic goal-distance reduction. Kinematics is evaluated on 5 unique label waypoint(s), excluding consecutive duplicate terminal holds, and checks only that the trajectory stays within the configured bounds speed <= 15.00 m/s and acceleration <= 8.00 m/s^2, so kinematics passes. Goal is not reached within this label waypoint window. Safety passes: minimum clearance 3.60 m against manifest obstacles with 0 violating segment(s).""}",0.09332382758620705,21.129310844827586,-2.5,0.09763417241379324,21.62069015517241,-2.5,0.10194451724137946,22.11206946551724,-2.5,0.10625486206896567,22.60344877586207,-2.5,0.11056520689655186,23.094828086206896,-2.5
1773818995.835167408,1773818995.835167408,0.000,offline_ground_truth_window,"Environment section (T(v)):
- Current position NED is (0.07, 20.88, -2.49) m.
- Current velocity is (0.00, 0.07, 0.00) m/s (speed 0.07 m/s).
- Goal position NED is (0.16, 28.50, -2.50) m.
- Output contract: predict exactly 5 waypoint x/y pairs in NED. The planner will set every waypoint z to goal z = -2.50 m before execution.
- Goal delta from current state is (0.09, 7.62, -0.01) m with distance 7.62 m.
- Obstacle pipeline: depth_camera_to_body_to_ned_current_frame.
- Current depth frame obstacle points projected into NED: 40. Nearest depth obstacle in NED is at (-0.44, 29.26, -2.11) m, relative vector (-0.51, 8.38, 0.38) m, distance 8.40 m.
- Depth validity fraction is 0.57. Global nearest obstacle distance is 4.96 m.
- Sector minimum distances [far_left, left, center, right, far_right] are [4.96, 4.97, 4.97, 4.97, 4.98] m.
- Nearest obstacle sector is far_left at 4.96 m and clearance status is clear.
- Lateral planning hint: prefer center progress.","{""waypoints"":[{""x"":0.09763417241379324,""y"":21.62069015517241},{""x"":0.10194451724137946,""y"":22.11206946551724},{""x"":0.10625486206896567,""y"":22.60344877586207},{""x"":0.11056520689655186,""y"":23.094828086206896},{""x"":0.11487555172413808,""y"":23.58620739655172}],""reasoning"":""Selected waypoint 0 moves the reference anchor from 7.37 m to 6.88 m from goal immediately and to 4.91 m by the final waypoint, so progress is 0.49 m selected / 2.46 m final and passes with monotonic goal-distance reduction. Kinematics is evaluated on 5 unique label waypoint(s), excluding consecutive duplicate terminal holds, and checks only that the trajectory stays within the configured bounds speed <= 15.00 m/s and acceleration <= 8.00 m/s^2, so kinematics passes. Goal is not reached within this label waypoint window. Safety passes: minimum clearance 3.60 m against manifest obstacles with 0 violating segment(s).""}",0.09763417241379324,21.62069015517241,-2.5,0.10194451724137946,22.11206946551724,-2.5,0.10625486206896567,22.60344877586207,-2.5,0.11056520689655186,23.094828086206896,-2.5,0.11487555172413808,23.58620739655172,-2.5
1773819003.530897379,1773819003.530897379,0.000,offline_ground_truth_window,"Environment section (T(v)):
- Current position NED is (0.09, 21.38, -2.49) m.
- Current velocity is (-0.00, 0.08, 0.00) m/s (speed 0.08 m/s).
- Goal position NED is (0.16, 28.50, -2.50) m.
- Output contract: predict exactly 5 waypoint x/y pairs in NED. The planner will set every waypoint z to goal z = -2.50 m before execution.
- Goal delta from current state is (0.07, 7.12, -0.01) m with distance 7.12 m.
- Obstacle pipeline: depth_camera_to_body_to_ned_current_frame.
- Current depth frame obstacle points projected into NED: 36. Nearest depth obstacle in NED is at (-3.76, 28.63, -2.73) m, relative vector (-3.85, 7.25, -0.24) m, distance 8.21 m.
- Depth validity fraction is 0.56. Global nearest obstacle distance is 4.98 m.
- Sector minimum distances [far_left, left, center, right, far_right] are [4.99, 4.99, 4.99, 4.99, 4.98] m.
- Nearest obstacle sector is far_right at 4.98 m and clearance status is clear.
- Lateral planning hint: prefer center progress.","{""waypoints"":[{""x"":0.10194451724137946,""y"":22.11206946551724},{""x"":0.10625486206896567,""y"":22.60344877586207},{""x"":0.11056520689655186,""y"":23.094828086206896},{""x"":0.11487555172413808,""y"":23.58620739655172},{""x"":0.11918589655172429,""y"":24.07758670689655}],""reasoning"":""Selected waypoint 0 moves the reference anchor from 6.88 m to 6.39 m from goal immediately and to 4.42 m by the final waypoint, so progress is 0.49 m selected / 2.46 m final and passes with monotonic goal-distance reduction. Kinematics is evaluated on 5 unique label waypoint(s), excluding consecutive duplicate terminal holds, and checks only that the trajectory stays within the configured bounds speed <= 15.00 m/s and acceleration <= 8.00 m/s^2, so kinematics passes. Goal is not reached within this label waypoint window. Safety passes: minimum clearance 3.60 m against manifest obstacles with 0 violating segment(s).""}",0.10194451724137946,22.11206946551724,-2.5,0.10625486206896567,22.60344877586207,-2.5,0.11056520689655186,23.094828086206896,-2.5,0.11487555172413808,23.58620739655172,-2.5,0.11918589655172429,24.07758670689655,-2.5
1773819010.451969147,1773819010.451969147,0.000,offline_ground_truth_window,"Environment section (T(v)):
- Current position NED is (0.07, 21.87, -2.48) m.
- Current velocity is (0.01, 0.07, 0.00) m/s (speed 0.07 m/s).
- Goal position NED is (0.16, 28.50, -2.50) m.
- Output contract: predict exactly 5 waypoint x/y pairs in NED. The planner will set every waypoint z to goal z = -2.50 m before execution.
- Goal delta from current state is (0.09, 6.63, -0.02) m with distance 6.63 m.
- Obstacle pipeline: depth_camera_to_body_to_ned_current_frame.
- Current depth frame obstacle points projected into NED: 32. Nearest depth obstacle in NED is at (-0.37, 29.26, -2.22) m, relative vector (-0.43, 7.40, 0.26) m, distance 7.41 m.
- Depth validity fraction is 0.55. Global nearest obstacle distance is 5.01 m.
- Sector minimum distances [far_left, left, center, right, far_right] are [5.02, 5.02, 5.01, 5.01, 5.01] m.
- Nearest obstacle sector is far_right at 5.01 m and clearance status is clear.
- Lateral planning hint: prefer center progress.","{""waypoints"":[{""x"":0.10625486206896567,""y"":22.60344877586207},{""x"":0.11056520689655186,""y"":23.094828086206896},{""x"":0.11487555172413808,""y"":23.58620739655172},{""x"":0.11918589655172429,""y"":24.07758670689655},{""x"":0.12349624137931048,""y"":24.568966017241376}],""reasoning"":""Selected waypoint 0 moves the reference anchor from 6.39 m to 5.90 m from goal immediately and to 3.93 m by the final waypoint, so progress is 0.49 m selected / 2.46 m final and passes with monotonic goal-distance reduction. Kinematics is evaluated on 5 unique label waypoint(s), excluding consecutive duplicate terminal holds, and checks only that the trajectory stays within the configured bounds speed <= 15.00 m/s and acceleration <= 8.00 m/s^2, so kinematics passes. Goal is not reached within this label waypoint window. Safety passes: minimum clearance 3.60 m against manifest obstacles with 0 violating segment(s).""}",0.10625486206896567,22.60344877586207,-2.5,0.11056520689655186,23.094828086206896,-2.5,0.11487555172413808,23.58620739655172,-2.5,0.11918589655172429,24.07758670689655,-2.5,0.12349624137931048,24.568966017241376,-2.5
1773819017.690380096,1773819017.690380096,0.000,offline_ground_truth_window,"Environment section (T(v)):
- Current position NED is (0.07, 22.36, -2.47) m.
- Current velocity is (0.01, 0.06, -0.00) m/s (speed 0.06 m/s).
- Goal position NED is (0.16, 28.50, -2.50) m.
- Output contract: predict exactly 5 waypoint x/y pairs in NED. The planner will set every waypoint z to goal z = -2.50 m before execution.
- Goal delta from current state is (0.09, 6.14, -0.03) m with distance 6.14 m.
- Obstacle pipeline: depth_camera_to_body_to_ned_current_frame.
- Current depth frame obstacle points projected into NED: 54. Nearest depth obstacle in NED is at (-0.26, 29.41, -2.25) m, relative vector (-0.33, 7.05, 0.23) m, distance 7.06 m.
- Depth validity fraction is 0.55. Global nearest obstacle distance is 4.97 m.
- Sector minimum distances [far_left, left, center, right, far_right] are [4.97, 4.97, 4.97, 4.97, 4.97] m.
- Nearest obstacle sector is far_right at 4.97 m and clearance status is clear.
- Lateral planning hint: prefer center progress.","{""waypoints"":[{""x"":0.11056520689655186,""y"":23.094828086206896},{""x"":0.11487555172413808,""y"":23.58620739655172},{""x"":0.11918589655172429,""y"":24.07758670689655},{""x"":0.12349624137931048,""y"":24.568966017241376},{""x"":0.1278065862068967,""y"":25.060345327586205}],""reasoning"":""Selected waypoint 0 moves the reference anchor from 5.90 m to 5.41 m from goal immediately and to 3.44 m by the final waypoint, so progress is 0.49 m selected / 2.46 m final and passes with monotonic goal-distance reduction. Kinematics is evaluated on 5 unique label waypoint(s), excluding consecutive duplicate terminal holds, and checks only that the trajectory stays within the configured bounds speed <= 15.00 m/s and acceleration <= 8.00 m/s^2, so kinematics passes. Goal is not reached within this label waypoint window. Safety passes: minimum clearance 3.63 m against manifest obstacles with 0 violating segment(s).""}",0.11056520689655186,23.094828086206896,-2.5,0.11487555172413808,23.58620739655172,-2.5,0.11918589655172429,24.07758670689655,-2.5,0.12349624137931048,24.568966017241376,-2.5,0.1278065862068967,25.060345327586205,-2.5
1773819025.334584951,1773819025.334584951,0.000,offline_ground_truth_window,"Environment section (T(v)):
- Current position NED is (0.05, 22.85, -2.48) m.
- Current velocity is (0.01, 0.05, -0.00) m/s (speed 0.05 m/s).
- Goal position NED is (0.16, 28.50, -2.50) m.
- Output contract: predict exactly 5 waypoint x/y pairs in NED. The planner will set every waypoint z to goal z = -2.50 m before execution.
- Goal delta from current state is (0.11, 5.65, -0.02) m with distance 5.65 m.
- Obstacle pipeline: depth_camera_to_body_to_ned_current_frame.
- Current depth frame obstacle points projected into NED: 50. Nearest depth obstacle in NED is at (-0.40, 29.26, -2.23) m, relative vector (-0.45, 6.41, 0.25) m, distance 6.43 m.
- Depth validity fraction is 0.56. Global nearest obstacle distance is 4.91 m.
- Sector minimum distances [far_left, left, center, right, far_right] are [4.91, 4.92, 4.92, 4.93, 4.93] m.
- Nearest obstacle sector is far_left at 4.91 m and clearance status is clear.
- Lateral planning hint: prefer center progress.","{""waypoints"":[{""x"":0.11487555172413808,""y"":23.58620739655172},{""x"":0.11918589655172429,""y"":24.07758670689655},{""x"":0.12349624137931048,""y"":24.568966017241376},{""x"":0.1278065862068967,""y"":25.060345327586205},{""x"":0.1321169310344829,""y"":25.551724637931034}],""reasoning"":""Selected waypoint 0 moves the reference anchor from 5.41 m to 4.91 m from goal immediately and to 2.95 m by the final waypoint, so progress is 0.49 m selected / 2.46 m final and passes with monotonic goal-distance reduction. Kinematics is evaluated on 5 unique label waypoint(s), excluding consecutive duplicate terminal holds, and checks only that the trajectory stays within the configured bounds speed <= 15.00 m/s and acceleration <= 8.00 m/s^2, so kinematics passes. Goal is not reached within this label waypoint window. Safety passes: minimum clearance 3.71 m against manifest obstacles with 0 violating segment(s).""}",0.11487555172413808,23.58620739655172,-2.5,0.11918589655172429,24.07758670689655,-2.5,0.12349624137931048,24.568966017241376,-2.5,0.1278065862068967,25.060345327586205,-2.5,0.1321169310344829,25.551724637931034,-2.5
1773819034.164418459,1773819034.164418459,0.000,offline_ground_truth_window,"Environment section (T(v)):
- Current position NED is (0.11, 23.35, -2.46) m.
- Current velocity is (0.01, 0.08, -0.01) m/s (speed 0.08 m/s).
- Goal position NED is (0.16, 28.50, -2.50) m.
- Output contract: predict exactly 5 waypoint x/y pairs in NED. The planner will set every waypoint z to goal z = -2.50 m before execution.
- Goal delta from current state is (0.05, 5.15, -0.04) m with distance 5.15 m.
- Obstacle pipeline: depth_camera_to_body_to_ned_current_frame.
- Current depth frame obstacle points projected into NED: 68. Nearest depth obstacle in NED is at (-0.27, 29.25, -2.13) m, relative vector (-0.38, 5.91, 0.33) m, distance 5.93 m.
- Depth validity fraction is 0.55. Global nearest obstacle distance is 4.96 m.
- Sector minimum distances [far_left, left, center, right, far_right] are [4.97, 4.97, 4.97, 4.96, 4.96] m.
- Nearest obstacle sector is far_right at 4.96 m and clearance status is clear.
- Lateral planning hint: prefer center progress.","{""waypoints"":[{""x"":0.11918589655172429,""y"":24.07758670689655},{""x"":0.12349624137931048,""y"":24.568966017241376},{""x"":0.1278065862068967,""y"":25.060345327586205},{""x"":0.1321169310344829,""y"":25.551724637931034},{""x"":0.13642727586206913,""y"":26.043103948275864}],""reasoning"":""Selected waypoint 0 moves the reference anchor from 4.91 m to 4.42 m from goal immediately and to 2.46 m by the final waypoint, so progress is 0.49 m selected / 2.46 m final and passes with monotonic goal-distance reduction. Kinematics is evaluated on 5 unique label waypoint(s), excluding consecutive duplicate terminal holds, and checks only that the trajectory stays within the configured bounds speed <= 15.00 m/s and acceleration <= 8.00 m/s^2, so kinematics passes. Goal is not reached within this label waypoint window. Safety passes: minimum clearance 3.84 m against manifest obstacles with 0 violating segment(s).""}",0.11918589655172429,24.07758670689655,-2.5,0.12349624137931048,24.568966017241376,-2.5,0.1278065862068967,25.060345327586205,-2.5,0.1321169310344829,25.551724637931034,-2.5,0.13642727586206913,26.043103948275864,-2.5
1773819041.661773920,1773819041.661773920,0.000,offline_ground_truth_window,"Environment section (T(v)):
- Current position NED is (0.12, 23.83, -2.49) m.
- Current velocity is (0.00, 0.05, 0.01) m/s (speed 0.05 m/s).
- Goal position NED is (0.16, 28.50, -2.50) m.
- Output contract: predict exactly 5 waypoint x/y pairs in NED. The planner will set every waypoint z to goal z = -2.50 m before execution.
- Goal delta from current state is (0.04, 4.67, -0.01) m with distance 4.67 m.
- Obstacle pipeline: depth_camera_to_body_to_ned_current_frame.
- Current depth frame obstacle points projected into NED: 53. Nearest depth obstacle in NED is at (-0.56, 28.79, -2.66) m, relative vector (-0.68, 4.96, -0.17) m, distance 5.01 m.
- Depth validity fraction is 0.55. Global nearest obstacle distance is 4.79 m.
- Sector minimum distances [far_left, left, center, right, far_right] are [4.79, 5.04, 4.79, 5.04, 5.04] m.
- Nearest obstacle sector is center at 4.79 m and clearance status is clear.
- Lateral planning hint: prefer center progress.","{""waypoints"":[{""x"":0.12349624137931048,""y"":24.568966017241376},{""x"":0.1278065862068967,""y"":25.060345327586205},{""x"":0.1321169310344829,""y"":25.551724637931034},{""x"":0.13642727586206913,""y"":26.043103948275864},{""x"":0.1407376206896553,""y"":26.53448325862069}],""reasoning"":""Selected waypoint 0 moves the reference anchor from 4.42 m to 3.93 m from goal immediately and to 1.97 m by the final waypoint, so progress is 0.49 m selected / 2.46 m final and passes with monotonic goal-distance reduction. Kinematics is evaluated on 5 unique label waypoint(s), excluding consecutive duplicate terminal holds, and checks only that the trajectory stays within the configured bounds speed <= 15.00 m/s and acceleration <= 8.00 m/s^2, so kinematics passes. Goal is not reached within this label waypoint window. Safety passes: minimum clearance 3.63 m against manifest obstacles with 0 violating segment(s).""}",0.12349624137931048,24.568966017241376,-2.5,0.1278065862068967,25.060345327586205,-2.5,0.1321169310344829,25.551724637931034,-2.5,0.13642727586206913,26.043103948275864,-2.5,0.1407376206896553,26.53448325862069,-2.5
1773819049.757587194,1773819049.757587194,0.000,offline_ground_truth_window,"Environment section (T(v)):
- Current position NED is (0.12, 24.32, -2.48) m.
- Current velocity is (-0.00, 0.05, 0.00) m/s (speed 0.05 m/s).
- Goal position NED is (0.16, 28.50, -2.50) m.
- Output contract: predict exactly 5 waypoint x/y pairs in NED. The planner will set every waypoint z to goal z = -2.50 m before execution.
- Goal delta from current state is (0.04, 4.18, -0.02) m with distance 4.18 m.
- Obstacle pipeline: depth_camera_to_body_to_ned_current_frame.
- Current depth frame obstacle points projected into NED: 57. Nearest depth obstacle in NED is at (0.18, 28.95, -2.63) m, relative vector (0.06, 4.63, -0.15) m, distance 4.63 m.
- Depth validity fraction is 0.54. Global nearest obstacle distance is 4.31 m.
- Sector minimum distances [far_left, left, center, right, far_right] are [4.48, 4.78, 4.31, 5.06, 5.06] m.
- Nearest obstacle sector is center at 4.31 m and clearance status is clear.
- Lateral planning hint: right side is clearer.","{""waypoints"":[{""x"":0.1278065862068967,""y"":25.060345327586205},{""x"":0.1321169310344829,""y"":25.551724637931034},{""x"":0.13642727586206913,""y"":26.043103948275864},{""x"":0.1407376206896553,""y"":26.53448325862069},{""x"":0.14504796551724153,""y"":27.025862568965515}],""reasoning"":""Selected waypoint 0 moves the reference anchor from 3.93 m to 3.44 m from goal immediately and to 1.47 m by the final waypoint, so progress is 0.49 m selected / 2.46 m final and passes with monotonic goal-distance reduction. Kinematics is evaluated on 5 unique label waypoint(s), excluding consecutive duplicate terminal holds, and checks only that the trajectory stays within the configured bounds speed <= 15.00 m/s and acceleration <= 8.00 m/s^2, so kinematics passes. Goal is not reached within this label waypoint window. Safety passes: minimum clearance 3.47 m against manifest obstacles with 0 violating segment(s).""}",0.1278065862068967,25.060345327586205,-2.5,0.1321169310344829,25.551724637931034,-2.5,0.13642727586206913,26.043103948275864,-2.5,0.1407376206896553,26.53448325862069,-2.5,0.14504796551724153,27.025862568965515,-2.5
1773819058.121253014,1773819058.121253014,0.000,offline_ground_truth_window,"Environment section (T(v)):
- Current position NED is (0.16, 24.82, -2.49) m.
- Current velocity is (-0.01, 0.03, 0.00) m/s (speed 0.03 m/s).
- Goal position NED is (0.16, 28.50, -2.50) m.
- Output contract: predict exactly 5 waypoint x/y pairs in NED. The planner will set every waypoint z to goal z = -2.50 m before execution.
- Goal delta from current state is (-0.00, 3.68, -0.01) m with distance 3.68 m.
- Obstacle pipeline: depth_camera_to_body_to_ned_current_frame.
- Current depth frame obstacle points projected into NED: 60. Nearest depth obstacle in NED is at (-0.08, 29.25, -2.07) m, relative vector (-0.24, 4.43, 0.42) m, distance 4.46 m.
- Depth validity fraction is 0.55. Global nearest obstacle distance is 3.79 m.
- Sector minimum distances [far_left, left, center, right, far_right] are [5.01, 4.11, 3.79, 4.29, 5.01] m.
- Nearest obstacle sector is center at 3.79 m and clearance status is clear.
- Lateral planning hint: prefer center progress.","{""waypoints"":[{""x"":0.1321169310344829,""y"":25.551724637931034},{""x"":0.13642727586206913,""y"":26.043103948275864},{""x"":0.1407376206896553,""y"":26.53448325862069},{""x"":0.14504796551724153,""y"":27.025862568965515},{""x"":0.14935831034482774,""y"":27.517241879310344}],""reasoning"":""Selected waypoint 0 moves the reference anchor from 3.44 m to 2.95 m from goal immediately and to 0.98 m by the final waypoint, so progress is 0.49 m selected / 2.46 m final and passes with monotonic goal-distance reduction. Kinematics is evaluated on 5 unique label waypoint(s), excluding consecutive duplicate terminal holds, and checks only that the trajectory stays within the configured bounds speed <= 15.00 m/s and acceleration <= 8.00 m/s^2, so kinematics passes. Goal is not reached within this label waypoint window. Safety passes: minimum clearance 3.37 m against manifest obstacles with 0 violating segment(s).""}",0.1321169310344829,25.551724637931034,-2.5,0.13642727586206913,26.043103948275864,-2.5,0.1407376206896553,26.53448325862069,-2.5,0.14504796551724153,27.025862568965515,-2.5,0.14935831034482774,27.517241879310344,-2.5
1773819064.817654371,1773819064.817654371,0.000,offline_ground_truth_window,"Environment section (T(v)):
- Current position NED is (0.16, 25.31, -2.50) m.
- Current velocity is (-0.00, 0.07, 0.01) m/s (speed 0.07 m/s).
- Goal position NED is (0.16, 28.50, -2.50) m.
- Output contract: predict exactly 5 waypoint x/y pairs in NED. The planner will set every waypoint z to goal z = -2.50 m before execution.
- Goal delta from current state is (-0.01, 3.19, 0.00) m with distance 3.19 m.
- Obstacle pipeline: depth_camera_to_body_to_ned_current_frame.
- Current depth frame obstacle points projected into NED: 67. Nearest depth obstacle in NED is at (-0.52, 28.82, -2.71) m, relative vector (-0.68, 3.52, -0.21) m, distance 3.59 m.
- Depth validity fraction is 0.56. Global nearest obstacle distance is 3.30 m.
- Sector minimum distances [far_left, left, center, right, far_right] are [5.10, 3.48, 3.30, 3.65, 5.08] m.
- Nearest obstacle sector is center at 3.30 m and clearance status is clear.
- Lateral planning hint: prefer center progress.","{""waypoints"":[{""x"":0.13642727586206913,""y"":26.043103948275864},{""x"":0.1407376206896553,""y"":26.53448325862069},{""x"":0.14504796551724153,""y"":27.025862568965515},{""x"":0.14935831034482774,""y"":27.517241879310344},{""x"":0.15366865517241393,""y"":28.00862118965517}],""reasoning"":""Selected waypoint 0 moves the reference anchor from 2.95 m to 2.46 m from goal immediately and to 0.49 m by the final waypoint, so progress is 0.49 m selected / 2.46 m final and passes with monotonic goal-distance reduction. Kinematics is evaluated on 5 unique label waypoint(s), excluding consecutive duplicate terminal holds, and checks only that the trajectory stays within the configured bounds speed <= 15.00 m/s and acceleration <= 8.00 m/s^2, so kinematics passes. Goal is not reached within this label waypoint window. Safety passes: minimum clearance 3.33 m against manifest obstacles with 0 violating segment(s).""}",0.13642727586206913,26.043103948275864,-2.5,0.1407376206896553,26.53448325862069,-2.5,0.14504796551724153,27.025862568965515,-2.5,0.14935831034482774,27.517241879310344,-2.5,0.15366865517241393,28.00862118965517,-2.5
1773819072.949160337,1773819072.949160337,0.000,offline_ground_truth_window,"Environment section (T(v)):
- Current position NED is (0.09, 25.80, -2.49) m.
- Current velocity is (0.01, 0.06, 0.00) m/s (speed 0.06 m/s).
- Goal position NED is (0.16, 28.50, -2.50) m.
- Output contract: predict exactly 5 waypoint x/y pairs in NED. The planner will set every waypoint z to goal z = -2.50 m before execution.
- Goal delta from current state is (0.07, 2.70, -0.01) m with distance 2.70 m.
- Obstacle pipeline: depth_camera_to_body_to_ned_current_frame.
- Current depth frame obstacle points projected into NED: 93. Nearest depth obstacle in NED is at (-0.33, 28.84, -2.62) m, relative vector (-0.42, 3.04, -0.13) m, distance 3.07 m.
- Depth validity fraction is 0.58. Global nearest obstacle distance is 2.80 m.
- Sector minimum distances [far_left, left, center, right, far_right] are [5.03, 2.88, 2.80, 3.11, 5.04] m.
- Nearest obstacle sector is center at 2.80 m and clearance status is caution.
- Lateral planning hint: prefer center progress.","{""waypoints"":[{""x"":0.1407376206896553,""y"":26.53448325862069},{""x"":0.14504796551724153,""y"":27.025862568965515},{""x"":0.14935831034482774,""y"":27.517241879310344},{""x"":0.15366865517241393,""y"":28.00862118965517},{""x"":0.15797900000000015,""y"":28.5000005}],""reasoning"":""Selected waypoint 0 moves the reference anchor from 2.46 m to 1.97 m from goal immediately and to 0.00 m by the final waypoint, so progress is 0.49 m selected / 2.46 m final and passes with monotonic goal-distance reduction. Kinematics is evaluated on 5 unique label waypoint(s), excluding consecutive duplicate terminal holds, and checks only that the trajectory stays within the configured bounds speed <= 15.00 m/s and acceleration <= 8.00 m/s^2, so kinematics passes. Goal will be reached in 5 waypoint(s) within 0.35 m tolerance. Safety passes: minimum clearance 3.28 m against manifest obstacles with 0 violating segment(s).""}",0.1407376206896553,26.53448325862069,-2.5,0.14504796551724153,27.025862568965515,-2.5,0.14935831034482774,27.517241879310344,-2.5,0.15366865517241393,28.00862118965517,-2.5,0.15797900000000015,28.5000005,-2.5
1773819079.783737421,1773819079.783737421,0.000,offline_ground_truth_window,"Environment section (T(v)):
- Current position NED is (0.14, 26.29, -2.50) m.
- Current velocity is (-0.00, 0.07, 0.00) m/s (speed 0.07 m/s).
- Goal position NED is (0.16, 28.50, -2.50) m.
- Output contract: predict exactly 5 waypoint x/y pairs in NED. The planner will set every waypoint z to goal z = -2.50 m before execution.
- Goal delta from current state is (0.02, 2.21, 0.00) m with distance 2.21 m.
- Obstacle pipeline: depth_camera_to_body_to_ned_current_frame.
- Current depth frame obstacle points projected into NED: 122. Nearest depth obstacle in NED is at (0.13, 28.81, -2.65) m, relative vector (-0.01, 2.52, -0.15) m, distance 2.53 m.
- Depth validity fraction is 0.61. Global nearest obstacle distance is 2.35 m.
- Sector minimum distances [far_left, left, center, right, far_right] are [5.02, 2.42, 2.35, 2.51, 5.02] m.
- Nearest obstacle sector is center at 2.35 m and clearance status is caution.
- Lateral planning hint: prefer center progress.","{""waypoints"":[{""x"":0.15797900000000015,""y"":28.5000005},{""x"":0.15797900000000015,""y"":28.5000005},{""x"":0.15797900000000015,""y"":28.5000005},{""x"":0.15797900000000015,""y"":28.5000005},{""x"":0.15797900000000015,""y"":28.5000005}],""reasoning"":""Selected waypoint 0 moves the reference anchor from 1.97 m to 0.00 m from goal immediately and to 0.00 m by the final waypoint, so progress is 1.97 m selected / 1.97 m final and passes with monotonic goal-distance reduction. Kinematics is evaluated on 1 unique label waypoint(s), excluding consecutive duplicate terminal holds, and checks only that the trajectory stays within the configured bounds speed <= 15.00 m/s and acceleration <= 8.00 m/s^2, so kinematics passes. Goal will be reached in 1 waypoint(s) within 0.35 m tolerance. Safety passes: minimum clearance 3.28 m against manifest obstacles with 0 violating segment(s).""}",0.15797900000000015,28.5000005,-2.5,0.15797900000000015,28.5000005,-2.5,0.15797900000000015,28.5000005,-2.5,0.15797900000000015,28.5000005,-2.5,0.15797900000000015,28.5000005,-2.5
1773819088.404416800,1773819088.404416800,0.000,offline_ground_truth_window,"Environment section (T(v)):
- Current position NED is (0.11, 26.78, -2.50) m.
- Current velocity is (0.01, 0.06, 0.00) m/s (speed 0.06 m/s).
- Goal position NED is (0.16, 28.50, -2.50) m.
- Output contract: predict exactly 5 waypoint x/y pairs in NED. The planner will set every waypoint z to goal z = -2.50 m before execution.
- Goal delta from current state is (0.05, 1.72, -0.00) m with distance 1.72 m.
- Obstacle pipeline: depth_camera_to_body_to_ned_current_frame.
- Current depth frame obstacle points projected into NED: 174. Nearest depth obstacle in NED is at (-0.29, 28.73, -2.62) m, relative vector (-0.40, 1.95, -0.12) m, distance 1.99 m.
- Depth validity fraction is 0.67. Global nearest obstacle distance is 1.82 m.
- Sector minimum distances [far_left, left, center, right, far_right] are [4.93, 1.84, 1.82, 1.97, 4.95] m.
- Nearest obstacle sector is center at 1.82 m and clearance status is caution.
- Lateral planning hint: prefer center progress.","{""waypoints"":[{""x"":0.15797900000000015,""y"":28.5000005},{""x"":0.15797900000000015,""y"":28.5000005},{""x"":0.15797900000000015,""y"":28.5000005},{""x"":0.15797900000000015,""y"":28.5000005},{""x"":0.15797900000000015,""y"":28.5000005}],""reasoning"":""Selected waypoint 0 moves the reference anchor from 1.47 m to 0.00 m from goal immediately and to 0.00 m by the final waypoint, so progress is 1.47 m selected / 1.47 m final and passes with monotonic goal-distance reduction. Kinematics is evaluated on 1 unique label waypoint(s), excluding consecutive duplicate terminal holds, and checks only that the trajectory stays within the configured bounds speed <= 15.00 m/s and acceleration <= 8.00 m/s^2, so kinematics passes. Goal will be reached in 1 waypoint(s) within 0.35 m tolerance. Safety passes: minimum clearance 3.28 m against manifest obstacles with 0 violating segment(s).""}",0.15797900000000015,28.5000005,-2.5,0.15797900000000015,28.5000005,-2.5,0.15797900000000015,28.5000005,-2.5,0.15797900000000015,28.5000005,-2.5,0.15797900000000015,28.5000005,-2.5
1773819094.893001556,1773819094.893001556,0.000,offline_ground_truth_window,"Environment section (T(v)):
- Current position NED is (0.17, 27.27, -2.49) m.
- Current velocity is (-0.01, 0.07, 0.00) m/s (speed 0.07 m/s).
- Goal position NED is (0.16, 28.50, -2.50) m.
- Output contract: predict exactly 5 waypoint x/y pairs in NED. The planner will set every waypoint z to goal z = -2.50 m before execution.
- Goal delta from current state is (-0.02, 1.23, -0.01) m with distance 1.23 m.
- Obstacle pipeline: depth_camera_to_body_to_ned_current_frame.
- Current depth frame obstacle points projected into NED: 202. Nearest depth obstacle in NED is at (-0.11, 28.73, -2.60) m, relative vector (-0.29, 1.45, -0.11) m, distance 1.48 m.
- Depth validity fraction is 0.71. Global nearest obstacle distance is 1.32 m.
- Sector minimum distances [far_left, left, center, right, far_right] are [4.92, 1.34, 1.32, 1.40, 4.75] m.
- Nearest obstacle sector is center at 1.32 m and clearance status is blocked.
- Lateral planning hint: prefer center progress.","{""waypoints"":[{""x"":0.15797900000000015,""y"":28.5000005},{""x"":0.15797900000000015,""y"":28.5000005},{""x"":0.15797900000000015,""y"":28.5000005},{""x"":0.15797900000000015,""y"":28.5000005},{""x"":0.15797900000000015,""y"":28.5000005}],""reasoning"":""Selected waypoint 0 moves the reference anchor from 0.98 m to 0.00 m from goal immediately and to 0.00 m by the final waypoint, so progress is 0.98 m selected / 0.98 m final and passes with monotonic goal-distance reduction. Kinematics is evaluated on 1 unique label waypoint(s), excluding consecutive duplicate terminal holds, and checks only that the trajectory stays within the configured bounds speed <= 15.00 m/s and acceleration <= 8.00 m/s^2, so kinematics passes. Goal will be reached in 1 waypoint(s) within 0.35 m tolerance. Safety passes: minimum clearance 3.28 m against manifest obstacles with 0 violating segment(s).""}",0.15797900000000015,28.5000005,-2.5,0.15797900000000015,28.5000005,-2.5,0.15797900000000015,28.5000005,-2.5,0.15797900000000015,28.5000005,-2.5,0.15797900000000015,28.5000005,-2.5
1773819102.060696363,1773819102.060696363,0.000,offline_ground_truth_window,"Environment section (T(v)):
- Current position NED is (0.16, 27.76, -2.49) m.
- Current velocity is (-0.00, 0.08, 0.00) m/s (speed 0.08 m/s).
- Goal position NED is (0.16, 28.50, -2.50) m.
- Output contract: predict exactly 5 waypoint x/y pairs in NED. The planner will set every waypoint z to goal z = -2.50 m before execution.
- Goal delta from current state is (-0.00, 0.74, -0.01) m with distance 0.74 m.
- Obstacle pipeline: depth_camera_to_body_to_ned_current_frame.
- Current depth frame obstacle points projected into NED: 224. Nearest depth obstacle in NED is at (0.03, 28.74, -2.55) m, relative vector (-0.13, 0.97, -0.06) m, distance 0.98 m.
- Depth validity fraction is 0.73. Global nearest obstacle distance is 0.84 m.
- Sector minimum distances [far_left, left, center, right, far_right] are [0.91, 0.84, 0.84, 0.89, 4.29] m.
- Nearest obstacle sector is center at 0.84 m and clearance status is blocked.
- Lateral planning hint: right side is clearer.","{""waypoints"":[{""x"":0.15797900000000015,""y"":28.5000005},{""x"":0.15797900000000015,""y"":28.5000005},{""x"":0.15797900000000015,""y"":28.5000005},{""x"":0.15797900000000015,""y"":28.5000005},{""x"":0.15797900000000015,""y"":28.5000005}],""reasoning"":""Selected waypoint 0 moves the reference anchor from 0.49 m to 0.00 m from goal immediately and to 0.00 m by the final waypoint, so progress is 0.49 m selected / 0.49 m final and passes with monotonic goal-distance reduction. Kinematics is evaluated on 1 unique label waypoint(s), excluding consecutive duplicate terminal holds, and checks only that the trajectory stays within the configured bounds speed <= 15.00 m/s and acceleration <= 8.00 m/s^2, so kinematics passes. Goal will be reached in 1 waypoint(s) within 0.35 m tolerance. Safety passes: minimum clearance 3.28 m against manifest obstacles with 0 violating segment(s).""}",0.15797900000000015,28.5000005,-2.5,0.15797900000000015,28.5000005,-2.5,0.15797900000000015,28.5000005,-2.5,0.15797900000000015,28.5000005,-2.5,0.15797900000000015,28.5000005,-2.5
1773819109.163520336,1773819109.163520336,0.000,offline_ground_truth_window,"Environment section (T(v)):
- Current position NED is (0.16, 28.26, -2.47) m.
- Current velocity is (0.00, 0.05, -0.01) m/s (speed 0.05 m/s).
- Goal position NED is (0.16, 28.50, -2.50) m.
- Output contract: predict exactly 5 waypoint x/y pairs in NED. The planner will set every waypoint z to goal z = -2.50 m before execution.
- Goal delta from current state is (0.00, 0.24, -0.03) m with distance 0.25 m.
- Obstacle pipeline: depth_camera_to_body_to_ned_current_frame.
- Current depth frame obstacle points projected into NED: 315. Nearest depth obstacle in NED is at (-0.03, 28.99, -2.54) m, relative vector (-0.18, 0.73, -0.08) m, distance 0.76 m.
- Depth validity fraction is 0.76. Global nearest obstacle distance is 0.61 m.
- Sector minimum distances [far_left, left, center, right, far_right] are [0.61, 0.61, 0.61, 0.61, 0.61] m.
- Nearest obstacle sector is far_right at 0.61 m and clearance status is blocked.
- Lateral planning hint: prefer center progress.","{""waypoints"":[{""x"":0.15797900000000015,""y"":28.5000005},{""x"":0.15797900000000015,""y"":28.5000005},{""x"":0.15797900000000015,""y"":28.5000005},{""x"":0.15797900000000015,""y"":28.5000005},{""x"":0.15797900000000015,""y"":28.5000005}],""reasoning"":""Selected waypoint 0 moves the reference anchor from 0.00 m to 0.00 m from goal immediately and to 0.00 m by the final waypoint, so progress is 0.00 m selected / 0.00 m final and fails with monotonic goal-distance reduction. Kinematics is evaluated on 1 unique label waypoint(s), excluding consecutive duplicate terminal holds, and checks only that the trajectory stays within the configured bounds speed <= 15.00 m/s and acceleration <= 8.00 m/s^2, so kinematics passes. Goal has already been reached at the reference anchor within 0.35 m tolerance. Safety passes: minimum clearance 3.28 m against manifest obstacles with 0 violating segment(s).""}",0.15797900000000015,28.5000005,-2.5,0.15797900000000015,28.5000005,-2.5,0.15797900000000015,28.5000005,-2.5,0.15797900000000015,28.5000005,-2.5,0.15797900000000015,28.5000005,-2.5
