anchor_stamp_s,scene_stamp_s,sync_dt_ms,label_mode,prompt,label_waypoints_json,wp0_x,wp0_y,wp0_z,wp1_x,wp1_y,wp1_z,wp2_x,wp2_y,wp2_z,wp3_x,wp3_y,wp3_z,wp4_x,wp4_y,wp4_z
1773807049.647143602,1773807049.647143602,0.000,offline_ground_truth_window,"Environment section (T(v)):
- Current position NED is (-0.04, -0.06, -2.46) m.
- Current velocity is (0.01, -0.00, 0.00) m/s (speed 0.01 m/s).
- Goal position NED is (0.54, 28.50, -2.50) m.
- Output contract: predict exactly 5 waypoint x/y pairs in NED. The planner will set every waypoint z to goal z = -2.50 m before execution.
- Goal delta from current state is (0.58, 28.56, -0.04) m with distance 28.56 m.
- Obstacle pipeline: depth_camera_to_body_to_ned_current_frame.
- Current depth frame obstacle points projected into NED: 64. Nearest depth obstacle in NED is at (0.15, 0.49, -2.41) m, relative vector (0.19, 0.54, 0.06) m, distance 0.58 m.
- Depth validity fraction is 0.59. Global nearest obstacle distance is 0.36 m.
- Sector minimum distances [far_left, left, center, right, far_right] are [4.85, 4.85, 4.85, 0.45, 0.36] m.
- Nearest obstacle sector is far_right at 0.36 m and clearance status is blocked.
- Lateral planning hint: left side is clearer.","{""waypoints"":[{""x"":-0.05797028571428575,""y"":0.48214235714285736},{""x"":-0.15618457142857145,""y"":0.9642852142857143},{""x"":-0.25439885714285726,""y"":1.4464280714285713},{""x"":-0.35261314285714285,""y"":1.9285709285714285},{""x"":-0.45082742857142866,""y"":2.410713785714286}],""reasoning"":""Selected waypoint 0 moves the reference anchor from 28.50 m to 28.02 m from goal immediately and to 26.11 m by the final waypoint, so progress is 0.48 m selected / 2.40 m final and passes with monotonic goal-distance reduction. Kinematics is evaluated on 5 unique label waypoint(s), excluding consecutive duplicate terminal holds, and checks only that the trajectory stays within the configured bounds speed <= 15.00 m/s and acceleration <= 8.00 m/s^2, so kinematics passes. Goal is not reached within this label waypoint window. Safety passes: minimum clearance 5.01 m against manifest obstacles with 0 violating segment(s).""}",-0.05797028571428575,0.48214235714285736,-2.5,-0.15618457142857145,0.9642852142857143,-2.5,-0.25439885714285726,1.4464280714285713,-2.5,-0.35261314285714285,1.9285709285714285,-2.5,-0.45082742857142866,2.410713785714286,-2.5
1773807055.284254789,1773807055.284254789,0.000,offline_ground_truth_window,"Environment section (T(v)):
- Current position NED is (-0.06, 0.23, -2.50) m.
- Current velocity is (-0.01, 0.04, 0.00) m/s (speed 0.05 m/s).
- Goal position NED is (0.54, 28.50, -2.50) m.
- Output contract: predict exactly 5 waypoint x/y pairs in NED. The planner will set every waypoint z to goal z = -2.50 m before execution.
- Goal delta from current state is (0.60, 28.27, 0.00) m with distance 28.27 m.
- Obstacle pipeline: depth_camera_to_body_to_ned_current_frame.
- Current depth frame obstacle points projected into NED: 18. Nearest depth obstacle in NED is at (0.10, 0.65, -2.39) m, relative vector (0.15, 0.42, 0.11) m, distance 0.46 m.
- Depth validity fraction is 0.59. Global nearest obstacle distance is 0.27 m.
- Sector minimum distances [far_left, left, center, right, far_right] are [4.91, 4.91, 4.91, 4.92, 0.27] m.
- Nearest obstacle sector is far_right at 0.27 m and clearance status is blocked.
- Lateral planning hint: left side is clearer.","{""waypoints"":[{""x"":-0.15618457142857145,""y"":0.9642852142857143},{""x"":-0.25439885714285726,""y"":1.4464280714285713},{""x"":-0.35261314285714285,""y"":1.9285709285714285},{""x"":-0.45082742857142866,""y"":2.410713785714286},{""x"":-0.5490417142857144,""y"":2.8928566428571427}],""reasoning"":""Selected waypoint 0 moves the reference anchor from 28.02 m to 27.54 m from goal immediately and to 25.63 m by the final waypoint, so progress is 0.48 m selected / 2.39 m final and passes with monotonic goal-distance reduction. Kinematics is evaluated on 5 unique label waypoint(s), excluding consecutive duplicate terminal holds, and checks only that the trajectory stays within the configured bounds speed <= 15.00 m/s and acceleration <= 8.00 m/s^2, so kinematics passes. Goal is not reached within this label waypoint window. Safety passes: minimum clearance 4.91 m against manifest obstacles with 0 violating segment(s).""}",-0.15618457142857145,0.9642852142857143,-2.5,-0.25439885714285726,1.4464280714285713,-2.5,-0.35261314285714285,1.9285709285714285,-2.5,-0.45082742857142866,2.410713785714286,-2.5,-0.5490417142857144,2.8928566428571427,-2.5
1773807062.457510233,1773807062.457510233,0.000,offline_ground_truth_window,"Environment section (T(v)):
- Current position NED is (-0.14, 0.73, -2.50) m.
- Current velocity is (0.00, 0.07, 0.00) m/s (speed 0.07 m/s).
- Goal position NED is (0.54, 28.50, -2.50) m.
- Output contract: predict exactly 5 waypoint x/y pairs in NED. The planner will set every waypoint z to goal z = -2.50 m before execution.
- Goal delta from current state is (0.68, 27.77, -0.00) m with distance 27.78 m.
- Obstacle pipeline: depth_camera_to_body_to_ned_current_frame.
- Current depth frame obstacle points projected into NED: 6. Nearest depth obstacle in NED is at (-2.91, 8.79, -2.28) m, relative vector (-2.77, 8.07, 0.22) m, distance 8.53 m.
- Depth validity fraction is 0.59. Global nearest obstacle distance is 4.89 m.
- Sector minimum distances [far_left, left, center, right, far_right] are [4.89, 4.89, 4.89, 4.89, 4.89] m.
- Nearest obstacle sector is far_right at 4.89 m and clearance status is clear.
- Lateral planning hint: prefer center progress.","{""waypoints"":[{""x"":-0.25439885714285726,""y"":1.4464280714285713},{""x"":-0.35261314285714285,""y"":1.9285709285714285},{""x"":-0.45082742857142866,""y"":2.410713785714286},{""x"":-0.5490417142857144,""y"":2.8928566428571427},{""x"":-0.647256,""y"":3.3749995000000004}],""reasoning"":""Selected waypoint 0 moves the reference anchor from 27.54 m to 27.07 m from goal immediately and to 25.15 m by the final waypoint, so progress is 0.48 m selected / 2.39 m final and passes with monotonic goal-distance reduction. Kinematics is evaluated on 5 unique label waypoint(s), excluding consecutive duplicate terminal holds, and checks only that the trajectory stays within the configured bounds speed <= 15.00 m/s and acceleration <= 8.00 m/s^2, so kinematics passes. Goal is not reached within this label waypoint window. Safety passes: minimum clearance 4.81 m against manifest obstacles with 0 violating segment(s).""}",-0.25439885714285726,1.4464280714285713,-2.5,-0.35261314285714285,1.9285709285714285,-2.5,-0.45082742857142866,2.410713785714286,-2.5,-0.5490417142857144,2.8928566428571427,-2.5,-0.647256,3.3749995000000004,-2.5
1773807070.266004801,1773807070.266004801,0.000,offline_ground_truth_window,"Environment section (T(v)):
- Current position NED is (-0.25, 1.20, -2.50) m.
- Current velocity is (-0.01, 0.06, -0.00) m/s (speed 0.06 m/s).
- Goal position NED is (0.54, 28.50, -2.50) m.
- Output contract: predict exactly 5 waypoint x/y pairs in NED. The planner will set every waypoint z to goal z = -2.50 m before execution.
- Goal delta from current state is (0.79, 27.30, -0.00) m with distance 27.31 m.
- Obstacle pipeline: depth_camera_to_body_to_ned_current_frame.
- Current depth frame obstacle points projected into NED: 3. Nearest depth obstacle in NED is at (-3.31, 8.71, -2.03) m, relative vector (-3.06, 7.51, 0.46) m, distance 8.12 m.
- Depth validity fraction is 0.59. Global nearest obstacle distance is 4.88 m.
- Sector minimum distances [far_left, left, center, right, far_right] are [4.88, 4.88, 4.88, 4.89, 4.89] m.
- Nearest obstacle sector is far_left at 4.88 m and clearance status is clear.
- Lateral planning hint: prefer center progress.","{""waypoints"":[{""x"":-0.35261314285714285,""y"":1.9285709285714285},{""x"":-0.45082742857142866,""y"":2.410713785714286},{""x"":-0.5490417142857144,""y"":2.8928566428571427},{""x"":-0.647256,""y"":3.3749995000000004},{""x"":-0.7454702857142856,""y"":3.857142357142857}],""reasoning"":""Selected waypoint 0 moves the reference anchor from 27.07 m to 26.59 m from goal immediately and to 24.68 m by the final waypoint, so progress is 0.48 m selected / 2.39 m final and passes with monotonic goal-distance reduction. Kinematics is evaluated on 5 unique label waypoint(s), excluding consecutive duplicate terminal holds, and checks only that the trajectory stays within the configured bounds speed <= 15.00 m/s and acceleration <= 8.00 m/s^2, so kinematics passes. Goal is not reached within this label waypoint window. Safety passes: minimum clearance 4.71 m against manifest obstacles with 0 violating segment(s).""}",-0.35261314285714285,1.9285709285714285,-2.5,-0.45082742857142866,2.410713785714286,-2.5,-0.5490417142857144,2.8928566428571427,-2.5,-0.647256,3.3749995000000004,-2.5,-0.7454702857142856,3.857142357142857,-2.5
1773807077.159335136,1773807077.159335136,0.000,offline_ground_truth_window,"Environment section (T(v)):
- Current position NED is (-0.30, 1.69, -2.48) m.
- Current velocity is (-0.01, 0.06, -0.01) m/s (speed 0.07 m/s).
- Goal position NED is (0.54, 28.50, -2.50) m.
- Output contract: predict exactly 5 waypoint x/y pairs in NED. The planner will set every waypoint z to goal z = -2.50 m before execution.
- Goal delta from current state is (0.84, 26.81, -0.02) m with distance 26.82 m.
- Obstacle pipeline: depth_camera_to_body_to_ned_current_frame.
- Current depth frame obstacle points projected into NED: 6. Nearest depth obstacle in NED is at (-3.21, 8.73, -2.62) m, relative vector (-2.91, 7.04, -0.14) m, distance 7.61 m.
- Depth validity fraction is 0.59. Global nearest obstacle distance is 4.83 m.
- Sector minimum distances [far_left, left, center, right, far_right] are [4.84, 4.84, 4.83, 4.83, 4.83] m.
- Nearest obstacle sector is far_right at 4.83 m and clearance status is clear.
- Lateral planning hint: prefer center progress.","{""waypoints"":[{""x"":-0.45082742857142866,""y"":2.410713785714286},{""x"":-0.5490417142857144,""y"":2.8928566428571427},{""x"":-0.647256,""y"":3.3749995000000004},{""x"":-0.7454702857142856,""y"":3.857142357142857},{""x"":-0.8436845714285717,""y"":4.339285214285715}],""reasoning"":""Selected waypoint 0 moves the reference anchor from 26.59 m to 26.11 m from goal immediately and to 24.20 m by the final waypoint, so progress is 0.48 m selected / 2.39 m final and passes with monotonic goal-distance reduction. Kinematics is evaluated on 5 unique label waypoint(s), excluding consecutive duplicate terminal holds, and checks only that the trajectory stays within the configured bounds speed <= 15.00 m/s and acceleration <= 8.00 m/s^2, so kinematics passes. Goal is not reached within this label waypoint window. Safety passes: minimum clearance 4.62 m against manifest obstacles with 0 violating segment(s).""}",-0.45082742857142866,2.410713785714286,-2.5,-0.5490417142857144,2.8928566428571427,-2.5,-0.647256,3.3749995000000004,-2.5,-0.7454702857142856,3.857142357142857,-2.5,-0.8436845714285717,4.339285214285715,-2.5
1773807083.843738079,1773807083.843738079,0.000,offline_ground_truth_window,"Environment section (T(v)):
- Current position NED is (-0.38, 2.18, -2.51) m.
- Current velocity is (-0.03, 0.07, 0.00) m/s (speed 0.07 m/s).
- Goal position NED is (0.54, 28.50, -2.50) m.
- Output contract: predict exactly 5 waypoint x/y pairs in NED. The planner will set every waypoint z to goal z = -2.50 m before execution.
- Goal delta from current state is (0.92, 26.32, 0.01) m with distance 26.34 m.
- Obstacle pipeline: depth_camera_to_body_to_ned_current_frame.
- Current depth frame obstacle points projected into NED: 4. Nearest depth obstacle in NED is at (-3.08, 8.95, -1.98) m, relative vector (-2.70, 6.78, 0.53) m, distance 7.32 m.
- Depth validity fraction is 0.59. Global nearest obstacle distance is 4.86 m.
- Sector minimum distances [far_left, left, center, right, far_right] are [4.87, 4.87, 4.87, 4.86, 4.86] m.
- Nearest obstacle sector is far_right at 4.86 m and clearance status is clear.
- Lateral planning hint: prefer center progress.","{""waypoints"":[{""x"":-0.5490417142857144,""y"":2.8928566428571427},{""x"":-0.647256,""y"":3.3749995000000004},{""x"":-0.7454702857142856,""y"":3.857142357142857},{""x"":-0.8436845714285717,""y"":4.339285214285715},{""x"":-0.9418988571428573,""y"":4.8214280714285715}],""reasoning"":""Selected waypoint 0 moves the reference anchor from 26.11 m to 25.63 m from goal immediately and to 23.72 m by the final waypoint, so progress is 0.48 m selected / 2.38 m final and passes with monotonic goal-distance reduction. Kinematics is evaluated on 5 unique label waypoint(s), excluding consecutive duplicate terminal holds, and checks only that the trajectory stays within the configured bounds speed <= 15.00 m/s and acceleration <= 8.00 m/s^2, so kinematics passes. Goal is not reached within this label waypoint window. Safety passes: minimum clearance 4.52 m against manifest obstacles with 0 violating segment(s).""}",-0.5490417142857144,2.8928566428571427,-2.5,-0.647256,3.3749995000000004,-2.5,-0.7454702857142856,3.857142357142857,-2.5,-0.8436845714285717,4.339285214285715,-2.5,-0.9418988571428573,4.8214280714285715,-2.5
1773807091.259679317,1773807091.259679317,0.000,offline_ground_truth_window,"Environment section (T(v)):
- Current position NED is (-0.50, 2.65, -2.51) m.
- Current velocity is (-0.00, 0.05, 0.00) m/s (speed 0.05 m/s).
- Goal position NED is (0.54, 28.50, -2.50) m.
- Output contract: predict exactly 5 waypoint x/y pairs in NED. The planner will set every waypoint z to goal z = -2.50 m before execution.
- Goal delta from current state is (1.04, 25.85, 0.01) m with distance 25.87 m.
- Obstacle pipeline: depth_camera_to_body_to_ned_current_frame.
- Current depth frame obstacle points projected into NED: 8. Nearest depth obstacle in NED is at (-3.34, 8.79, -2.64) m, relative vector (-2.84, 6.14, -0.13) m, distance 6.76 m.
- Depth validity fraction is 0.59. Global nearest obstacle distance is 4.91 m.
- Sector minimum distances [far_left, left, center, right, far_right] are [4.92, 4.91, 4.91, 4.91, 4.91] m.
- Nearest obstacle sector is far_right at 4.91 m and clearance status is clear.
- Lateral planning hint: prefer center progress.","{""waypoints"":[{""x"":-0.647256,""y"":3.3749995000000004},{""x"":-0.7454702857142856,""y"":3.857142357142857},{""x"":-0.8436845714285717,""y"":4.339285214285715},{""x"":-0.9418988571428573,""y"":4.8214280714285715},{""x"":-1.0401131428571428,""y"":5.303570928571429}],""reasoning"":""Selected waypoint 0 moves the reference anchor from 25.63 m to 25.15 m from goal immediately and to 23.25 m by the final waypoint, so progress is 0.48 m selected / 2.38 m final and passes with monotonic goal-distance reduction. Kinematics is evaluated on 5 unique label waypoint(s), excluding consecutive duplicate terminal holds, and checks only that the trajectory stays within the configured bounds speed <= 15.00 m/s and acceleration <= 8.00 m/s^2, so kinematics passes. Goal is not reached within this label waypoint window. Safety passes: minimum clearance 4.42 m against manifest obstacles with 0 violating segment(s).""}",-0.647256,3.3749995000000004,-2.5,-0.7454702857142856,3.857142357142857,-2.5,-0.8436845714285717,4.339285214285715,-2.5,-0.9418988571428573,4.8214280714285715,-2.5,-1.0401131428571428,5.303570928571429,-2.5
1773807097.611716032,1773807097.611716032,0.000,offline_ground_truth_window,"Environment section (T(v)):
- Current position NED is (-0.56, 3.14, -2.49) m.
- Current velocity is (-0.03, 0.07, 0.00) m/s (speed 0.08 m/s).
- Goal position NED is (0.54, 28.50, -2.50) m.
- Output contract: predict exactly 5 waypoint x/y pairs in NED. The planner will set every waypoint z to goal z = -2.50 m before execution.
- Goal delta from current state is (1.11, 25.36, -0.01) m with distance 25.38 m.
- Obstacle pipeline: depth_camera_to_body_to_ned_current_frame.
- Current depth frame obstacle points projected into NED: 7. Nearest depth obstacle in NED is at (-3.54, 8.70, -2.32) m, relative vector (-2.98, 5.56, 0.17) m, distance 6.31 m.
- Depth validity fraction is 0.58. Global nearest obstacle distance is 4.90 m.
- Sector minimum distances [far_left, left, center, right, far_right] are [4.90, 4.90, 4.90, 4.91, 4.91] m.
- Nearest obstacle sector is far_left at 4.90 m and clearance status is clear.
- Lateral planning hint: prefer center progress.","{""waypoints"":[{""x"":-0.7454702857142856,""y"":3.857142357142857},{""x"":-0.8436845714285717,""y"":4.339285214285715},{""x"":-0.9418988571428573,""y"":4.8214280714285715},{""x"":-1.0401131428571428,""y"":5.303570928571429},{""x"":-1.1383274285714287,""y"":5.785713785714286}],""reasoning"":""Selected waypoint 0 moves the reference anchor from 25.15 m to 24.68 m from goal immediately and to 22.78 m by the final waypoint, so progress is 0.48 m selected / 2.38 m final and passes with monotonic goal-distance reduction. Kinematics is evaluated on 5 unique label waypoint(s), excluding consecutive duplicate terminal holds, and checks only that the trajectory stays within the configured bounds speed <= 15.00 m/s and acceleration <= 8.00 m/s^2, so kinematics passes. Goal is not reached within this label waypoint window. Safety passes: minimum clearance 4.21 m against manifest obstacles with 0 violating segment(s).""}",-0.7454702857142856,3.857142357142857,-2.5,-0.8436845714285717,4.339285214285715,-2.5,-0.9418988571428573,4.8214280714285715,-2.5,-1.0401131428571428,5.303570928571429,-2.5,-1.1383274285714287,5.785713785714286,-2.5
1773807104.721554995,1773807104.721554995,0.000,offline_ground_truth_window,"Environment section (T(v)):
- Current position NED is (-0.67, 3.62, -2.47) m.
- Current velocity is (-0.01, 0.04, -0.01) m/s (speed 0.04 m/s).
- Goal position NED is (0.54, 28.50, -2.50) m.
- Output contract: predict exactly 5 waypoint x/y pairs in NED. The planner will set every waypoint z to goal z = -2.50 m before execution.
- Goal delta from current state is (1.21, 24.88, -0.03) m with distance 24.91 m.
- Obstacle pipeline: depth_camera_to_body_to_ned_current_frame.
- Current depth frame obstacle points projected into NED: 12. Nearest depth obstacle in NED is at (-3.89, 8.65, -2.52) m, relative vector (-3.21, 5.03, -0.05) m, distance 5.97 m.
- Depth validity fraction is 0.58. Global nearest obstacle distance is 4.82 m.
- Sector minimum distances [far_left, left, center, right, far_right] are [4.82, 4.82, 4.82, 4.82, 4.82] m.
- Nearest obstacle sector is far_left at 4.82 m and clearance status is clear.
- Lateral planning hint: prefer center progress.","{""waypoints"":[{""x"":-0.8436845714285717,""y"":4.339285214285715},{""x"":-0.9418988571428573,""y"":4.8214280714285715},{""x"":-1.0401131428571428,""y"":5.303570928571429},{""x"":-1.1383274285714287,""y"":5.785713785714286},{""x"":-1.2365417142857145,""y"":6.267856642857144}],""reasoning"":""Selected waypoint 0 moves the reference anchor from 24.68 m to 24.20 m from goal immediately and to 22.30 m by the final waypoint, so progress is 0.48 m selected / 2.37 m final and passes with monotonic goal-distance reduction. Kinematics is evaluated on 5 unique label waypoint(s), excluding consecutive duplicate terminal holds, and checks only that the trajectory stays within the configured bounds speed <= 15.00 m/s and acceleration <= 8.00 m/s^2, so kinematics passes. Goal is not reached within this label waypoint window. Safety passes: minimum clearance 3.99 m against manifest obstacles with 0 violating segment(s).""}",-0.8436845714285717,4.339285214285715,-2.5,-0.9418988571428573,4.8214280714285715,-2.5,-1.0401131428571428,5.303570928571429,-2.5,-1.1383274285714287,5.785713785714286,-2.5,-1.2365417142857145,6.267856642857144,-2.5
1773807111.224316359,1773807111.224316359,0.000,offline_ground_truth_window,"Environment section (T(v)):
- Current position NED is (-0.81, 4.10, -2.48) m.
- Current velocity is (-0.02, 0.06, 0.00) m/s (speed 0.06 m/s).
- Goal position NED is (0.54, 28.50, -2.50) m.
- Output contract: predict exactly 5 waypoint x/y pairs in NED. The planner will set every waypoint z to goal z = -2.50 m before execution.
- Goal delta from current state is (1.35, 24.40, -0.02) m with distance 24.44 m.
- Obstacle pipeline: depth_camera_to_body_to_ned_current_frame.
- Current depth frame obstacle points projected into NED: 18. Nearest depth obstacle in NED is at (-3.86, 8.73, -2.31) m, relative vector (-3.05, 4.64, 0.18) m, distance 5.55 m.
- Depth validity fraction is 0.58. Global nearest obstacle distance is 4.70 m.
- Sector minimum distances [far_left, left, center, right, far_right] are [4.70, 4.87, 4.88, 4.88, 4.89] m.
- Nearest obstacle sector is far_left at 4.70 m and clearance status is clear.
- Lateral planning hint: prefer center progress.","{""waypoints"":[{""x"":-0.9418988571428573,""y"":4.8214280714285715},{""x"":-1.0401131428571428,""y"":5.303570928571429},{""x"":-1.1383274285714287,""y"":5.785713785714286},{""x"":-1.2365417142857145,""y"":6.267856642857144},{""x"":-1.334756,""y"":6.7499995}],""reasoning"":""Selected waypoint 0 moves the reference anchor from 24.20 m to 23.72 m from goal immediately and to 21.83 m by the final waypoint, so progress is 0.48 m selected / 2.37 m final and passes with monotonic goal-distance reduction. Kinematics is evaluated on 5 unique label waypoint(s), excluding consecutive duplicate terminal holds, and checks only that the trajectory stays within the configured bounds speed <= 15.00 m/s and acceleration <= 8.00 m/s^2, so kinematics passes. Goal is not reached within this label waypoint window. Safety passes: minimum clearance 3.81 m against manifest obstacles with 0 violating segment(s).""}",-0.9418988571428573,4.8214280714285715,-2.5,-1.0401131428571428,5.303570928571429,-2.5,-1.1383274285714287,5.785713785714286,-2.5,-1.2365417142857145,6.267856642857144,-2.5,-1.334756,6.7499995,-2.5
1773807120.352082014,1773807120.352082014,0.000,offline_ground_truth_window,"Environment section (T(v)):
- Current position NED is (-0.89, 4.59, -2.48) m.
- Current velocity is (-0.01, 0.06, 0.00) m/s (speed 0.06 m/s).
- Goal position NED is (0.54, 28.50, -2.50) m.
- Output contract: predict exactly 5 waypoint x/y pairs in NED. The planner will set every waypoint z to goal z = -2.50 m before execution.
- Goal delta from current state is (1.43, 23.91, -0.02) m with distance 23.96 m.
- Obstacle pipeline: depth_camera_to_body_to_ned_current_frame.
- Current depth frame obstacle points projected into NED: 16. Nearest depth obstacle in NED is at (-4.06, 8.67, -2.49) m, relative vector (-3.17, 4.09, -0.01) m, distance 5.17 m.
- Depth validity fraction is 0.58. Global nearest obstacle distance is 4.20 m.
- Sector minimum distances [far_left, left, center, right, far_right] are [4.20, 4.89, 4.89, 4.89, 4.89] m.
- Nearest obstacle sector is far_left at 4.20 m and clearance status is clear.
- Lateral planning hint: prefer center progress.","{""waypoints"":[{""x"":-1.0401131428571428,""y"":5.303570928571429},{""x"":-1.1383274285714287,""y"":5.785713785714286},{""x"":-1.2365417142857145,""y"":6.267856642857144},{""x"":-1.334756,""y"":6.7499995},{""x"":-1.4329702857142856,""y"":7.232142357142857}],""reasoning"":""Selected waypoint 0 moves the reference anchor from 23.72 m to 23.25 m from goal immediately and to 21.36 m by the final waypoint, so progress is 0.47 m selected / 2.37 m final and passes with monotonic goal-distance reduction. Kinematics is evaluated on 5 unique label waypoint(s), excluding consecutive duplicate terminal holds, and checks only that the trajectory stays within the configured bounds speed <= 15.00 m/s and acceleration <= 8.00 m/s^2, so kinematics passes. Goal is not reached within this label waypoint window. Safety passes: minimum clearance 3.68 m against manifest obstacles with 0 violating segment(s).""}",-1.0401131428571428,5.303570928571429,-2.5,-1.1383274285714287,5.785713785714286,-2.5,-1.2365417142857145,6.267856642857144,-2.5,-1.334756,6.7499995,-2.5,-1.4329702857142856,7.232142357142857,-2.5
1773807129.042113066,1773807129.042113066,0.000,offline_ground_truth_window,"Environment section (T(v)):
- Current position NED is (-1.03, 5.06, -2.48) m.
- Current velocity is (-0.02, 0.04, 0.00) m/s (speed 0.04 m/s).
- Goal position NED is (0.54, 28.50, -2.50) m.
- Output contract: predict exactly 5 waypoint x/y pairs in NED. The planner will set every waypoint z to goal z = -2.50 m before execution.
- Goal delta from current state is (1.57, 23.44, -0.02) m with distance 23.50 m.
- Obstacle pipeline: depth_camera_to_body_to_ned_current_frame.
- Current depth frame obstacle points projected into NED: 15. Nearest depth obstacle in NED is at (-4.14, 8.77, -2.63) m, relative vector (-3.11, 3.72, -0.15) m, distance 4.85 m.
- Depth validity fraction is 0.59. Global nearest obstacle distance is 3.81 m.
- Sector minimum distances [far_left, left, center, right, far_right] are [3.81, 4.84, 4.85, 4.85, 4.86] m.
- Nearest obstacle sector is far_left at 3.81 m and clearance status is clear.
- Lateral planning hint: right side is clearer.","{""waypoints"":[{""x"":-1.1383274285714287,""y"":5.785713785714286},{""x"":-1.2365417142857145,""y"":6.267856642857144},{""x"":-1.334756,""y"":6.7499995},{""x"":-1.4329702857142856,""y"":7.232142357142857},{""x"":-1.5311845714285715,""y"":7.714285214285714}],""reasoning"":""Selected waypoint 0 moves the reference anchor from 23.25 m to 22.78 m from goal immediately and to 20.89 m by the final waypoint, so progress is 0.47 m selected / 2.36 m final and passes with monotonic goal-distance reduction. Kinematics is evaluated on 5 unique label waypoint(s), excluding consecutive duplicate terminal holds, and checks only that the trajectory stays within the configured bounds speed <= 15.00 m/s and acceleration <= 8.00 m/s^2, so kinematics passes. Goal is not reached within this label waypoint window. Safety passes: minimum clearance 3.61 m against manifest obstacles with 0 violating segment(s).""}",-1.1383274285714287,5.785713785714286,-2.5,-1.2365417142857145,6.267856642857144,-2.5,-1.334756,6.7499995,-2.5,-1.4329702857142856,7.232142357142857,-2.5,-1.5311845714285715,7.714285214285714,-2.5
1773807139.444323778,1773807139.444323778,0.000,offline_ground_truth_window,"Environment section (T(v)):
- Current position NED is (-1.08, 5.55, -2.50) m.
- Current velocity is (-0.02, 0.04, 0.00) m/s (speed 0.05 m/s).
- Goal position NED is (0.54, 28.50, -2.50) m.
- Output contract: predict exactly 5 waypoint x/y pairs in NED. The planner will set every waypoint z to goal z = -2.50 m before execution.
- Goal delta from current state is (1.62, 22.95, 0.00) m with distance 23.01 m.
- Obstacle pipeline: depth_camera_to_body_to_ned_current_frame.
- Current depth frame obstacle points projected into NED: 18. Nearest depth obstacle in NED is at (-4.05, 9.03, -2.27) m, relative vector (-2.97, 3.49, 0.23) m, distance 4.59 m.
- Depth validity fraction is 0.59. Global nearest obstacle distance is 3.57 m.
- Sector minimum distances [far_left, left, center, right, far_right] are [3.57, 4.88, 4.88, 4.88, 4.88] m.
- Nearest obstacle sector is far_left at 3.57 m and clearance status is clear.
- Lateral planning hint: right side is clearer.","{""waypoints"":[{""x"":-1.2365417142857145,""y"":6.267856642857144},{""x"":-1.334756,""y"":6.7499995},{""x"":-1.4329702857142856,""y"":7.232142357142857},{""x"":-1.5311845714285715,""y"":7.714285214285714},{""x"":-1.6293988571428568,""y"":8.19642807142857}],""reasoning"":""Selected waypoint 0 moves the reference anchor from 22.78 m to 22.30 m from goal immediately and to 20.42 m by the final waypoint, so progress is 0.47 m selected / 2.36 m final and passes with monotonic goal-distance reduction. Kinematics is evaluated on 5 unique label waypoint(s), excluding consecutive duplicate terminal holds, and checks only that the trajectory stays within the configured bounds speed <= 15.00 m/s and acceleration <= 8.00 m/s^2, so kinematics passes. Goal is not reached within this label waypoint window. Safety passes: minimum clearance 3.30 m against manifest obstacles with 0 violating segment(s).""}",-1.2365417142857145,6.267856642857144,-2.5,-1.334756,6.7499995,-2.5,-1.4329702857142856,7.232142357142857,-2.5,-1.5311845714285715,7.714285214285714,-2.5,-1.6293988571428568,8.19642807142857,-2.5
1773807147.316223145,1773807147.316223145,0.000,offline_ground_truth_window,"Environment section (T(v)):
- Current position NED is (-1.16, 6.03, -2.49) m.
- Current velocity is (-0.01, 0.05, -0.00) m/s (speed 0.05 m/s).
- Goal position NED is (0.54, 28.50, -2.50) m.
- Output contract: predict exactly 5 waypoint x/y pairs in NED. The planner will set every waypoint z to goal z = -2.50 m before execution.
- Goal delta from current state is (1.71, 22.47, -0.01) m with distance 22.53 m.
- Obstacle pipeline: depth_camera_to_body_to_ned_current_frame.
- Current depth frame obstacle points projected into NED: 13. Nearest depth obstacle in NED is at (-2.08, 11.85, -2.40) m, relative vector (-0.92, 5.81, 0.09) m, distance 5.89 m.
- Depth validity fraction is 0.59. Global nearest obstacle distance is 4.86 m.
- Sector minimum distances [far_left, left, center, right, far_right] are [4.89, 4.88, 4.87, 4.87, 4.86] m.
- Nearest obstacle sector is far_right at 4.86 m and clearance status is clear.
- Lateral planning hint: prefer center progress.","{""waypoints"":[{""x"":-1.334756,""y"":6.7499995},{""x"":-1.4329702857142856,""y"":7.232142357142857},{""x"":-1.5311845714285715,""y"":7.714285214285714},{""x"":-1.6293988571428568,""y"":8.19642807142857},{""x"":-1.7276131428571433,""y"":8.678570928571428}],""reasoning"":""Selected waypoint 0 moves the reference anchor from 22.30 m to 21.83 m from goal immediately and to 19.95 m by the final waypoint, so progress is 0.47 m selected / 2.35 m final and passes with monotonic goal-distance reduction. Kinematics is evaluated on 5 unique label waypoint(s), excluding consecutive duplicate terminal holds, and checks only that the trajectory stays within the configured bounds speed <= 15.00 m/s and acceleration <= 8.00 m/s^2, so kinematics passes. Goal is not reached within this label waypoint window. Safety passes: minimum clearance 2.89 m against manifest obstacles with 0 violating segment(s).""}",-1.334756,6.7499995,-2.5,-1.4329702857142856,7.232142357142857,-2.5,-1.5311845714285715,7.714285214285714,-2.5,-1.6293988571428568,8.19642807142857,-2.5,-1.7276131428571433,8.678570928571428,-2.5
1773807155.560084343,1773807155.560084343,0.000,offline_ground_truth_window,"Environment section (T(v)):
- Current position NED is (-1.29, 6.51, -2.48) m.
- Current velocity is (-0.02, 0.07, -0.00) m/s (speed 0.07 m/s).
- Goal position NED is (0.54, 28.50, -2.50) m.
- Output contract: predict exactly 5 waypoint x/y pairs in NED. The planner will set every waypoint z to goal z = -2.50 m before execution.
- Goal delta from current state is (1.83, 21.99, -0.02) m with distance 22.07 m.
- Obstacle pipeline: depth_camera_to_body_to_ned_current_frame.
- Current depth frame obstacle points projected into NED: 11. Nearest depth obstacle in NED is at (-2.30, 11.82, -2.07) m, relative vector (-1.01, 5.31, 0.41) m, distance 5.42 m.
- Depth validity fraction is 0.59. Global nearest obstacle distance is 4.90 m.
- Sector minimum distances [far_left, left, center, right, far_right] are [4.90, 4.90, 4.90, 4.90, 4.90] m.
- Nearest obstacle sector is far_left at 4.90 m and clearance status is clear.
- Lateral planning hint: prefer center progress.","{""waypoints"":[{""x"":-1.4329702857142856,""y"":7.232142357142857},{""x"":-1.5311845714285715,""y"":7.714285214285714},{""x"":-1.6293988571428568,""y"":8.19642807142857},{""x"":-1.7276131428571433,""y"":8.678570928571428},{""x"":-1.8258274285714289,""y"":9.160713785714286}],""reasoning"":""Selected waypoint 0 moves the reference anchor from 21.83 m to 21.36 m from goal immediately and to 19.48 m by the final waypoint, so progress is 0.47 m selected / 2.35 m final and passes with monotonic goal-distance reduction. Kinematics is evaluated on 5 unique label waypoint(s), excluding consecutive duplicate terminal holds, and checks only that the trajectory stays within the configured bounds speed <= 15.00 m/s and acceleration <= 8.00 m/s^2, so kinematics passes. Goal is not reached within this label waypoint window. Safety passes: minimum clearance 2.50 m against manifest obstacles with 0 violating segment(s).""}",-1.4329702857142856,7.232142357142857,-2.5,-1.5311845714285715,7.714285214285714,-2.5,-1.6293988571428568,8.19642807142857,-2.5,-1.7276131428571433,8.678570928571428,-2.5,-1.8258274285714289,9.160713785714286,-2.5
1773807164.812380314,1773807164.812380314,0.000,offline_ground_truth_window,"Environment section (T(v)):
- Current position NED is (-1.37, 6.99, -2.51) m.
- Current velocity is (-0.01, 0.05, 0.01) m/s (speed 0.05 m/s).
- Goal position NED is (0.54, 28.50, -2.50) m.
- Output contract: predict exactly 5 waypoint x/y pairs in NED. The planner will set every waypoint z to goal z = -2.50 m before execution.
- Goal delta from current state is (1.91, 21.51, 0.01) m with distance 21.59 m.
- Obstacle pipeline: depth_camera_to_body_to_ned_current_frame.
- Current depth frame obstacle points projected into NED: 16. Nearest depth obstacle in NED is at (-2.42, 11.79, -2.54) m, relative vector (-1.05, 4.79, -0.03) m, distance 4.90 m.
- Depth validity fraction is 0.59. Global nearest obstacle distance is 4.73 m.
- Sector minimum distances [far_left, left, center, right, far_right] are [4.95, 4.75, 4.73, 4.95, 4.95] m.
- Nearest obstacle sector is center at 4.73 m and clearance status is clear.
- Lateral planning hint: prefer center progress.","{""waypoints"":[{""x"":-1.5311845714285715,""y"":7.714285214285714},{""x"":-1.6293988571428568,""y"":8.19642807142857},{""x"":-1.7276131428571433,""y"":8.678570928571428},{""x"":-1.8258274285714289,""y"":9.160713785714286},{""x"":-1.9240417142857145,""y"":9.642856642857142}],""reasoning"":""Selected waypoint 0 moves the reference anchor from 21.36 m to 20.89 m from goal immediately and to 19.02 m by the final waypoint, so progress is 0.47 m selected / 2.34 m final and passes with monotonic goal-distance reduction. Kinematics is evaluated on 5 unique label waypoint(s), excluding consecutive duplicate terminal holds, and checks only that the trajectory stays within the configured bounds speed <= 15.00 m/s and acceleration <= 8.00 m/s^2, so kinematics passes. Goal is not reached within this label waypoint window. Safety passes: minimum clearance 2.15 m against manifest obstacles with 0 violating segment(s).""}",-1.5311845714285715,7.714285214285714,-2.5,-1.6293988571428568,8.19642807142857,-2.5,-1.7276131428571433,8.678570928571428,-2.5,-1.8258274285714289,9.160713785714286,-2.5,-1.9240417142857145,9.642856642857142,-2.5
1773807173.200564384,1773807173.200564384,0.000,offline_ground_truth_window,"Environment section (T(v)):
- Current position NED is (-1.47, 7.48, -2.51) m.
- Current velocity is (-0.03, 0.08, 0.00) m/s (speed 0.08 m/s).
- Goal position NED is (0.54, 28.50, -2.50) m.
- Output contract: predict exactly 5 waypoint x/y pairs in NED. The planner will set every waypoint z to goal z = -2.50 m before execution.
- Goal delta from current state is (2.01, 21.02, 0.01) m with distance 21.12 m.
- Obstacle pipeline: depth_camera_to_body_to_ned_current_frame.
- Current depth frame obstacle points projected into NED: 26. Nearest depth obstacle in NED is at (-2.50, 11.81, -2.67) m, relative vector (-1.03, 4.33, -0.16) m, distance 4.46 m.
- Depth validity fraction is 0.60. Global nearest obstacle distance is 4.26 m.
- Sector minimum distances [far_left, left, center, right, far_right] are [4.90, 4.26, 4.27, 4.92, 4.92] m.
- Nearest obstacle sector is left at 4.26 m and clearance status is clear.
- Lateral planning hint: prefer center progress.","{""waypoints"":[{""x"":-1.6293988571428568,""y"":8.19642807142857},{""x"":-1.7276131428571433,""y"":8.678570928571428},{""x"":-1.8258274285714289,""y"":9.160713785714286},{""x"":-1.9240417142857145,""y"":9.642856642857142},{""x"":-2.022256,""y"":10.1249995}],""reasoning"":""Selected waypoint 0 moves the reference anchor from 20.89 m to 20.42 m from goal immediately and to 18.55 m by the final waypoint, so progress is 0.47 m selected / 2.34 m final and passes with monotonic goal-distance reduction. Kinematics is evaluated on 5 unique label waypoint(s), excluding consecutive duplicate terminal holds, and checks only that the trajectory stays within the configured bounds speed <= 15.00 m/s and acceleration <= 8.00 m/s^2, so kinematics passes. Goal is not reached within this label waypoint window. Safety passes: minimum clearance 1.86 m against manifest obstacles with 0 violating segment(s).""}",-1.6293988571428568,8.19642807142857,-2.5,-1.7276131428571433,8.678570928571428,-2.5,-1.8258274285714289,9.160713785714286,-2.5,-1.9240417142857145,9.642856642857142,-2.5,-2.022256,10.1249995,-2.5
1773807182.884631395,1773807182.884631395,0.000,offline_ground_truth_window,"Environment section (T(v)):
- Current position NED is (-1.60, 7.95, -2.50) m.
- Current velocity is (-0.01, 0.04, 0.00) m/s (speed 0.04 m/s).
- Goal position NED is (0.54, 28.50, -2.50) m.
- Output contract: predict exactly 5 waypoint x/y pairs in NED. The planner will set every waypoint z to goal z = -2.50 m before execution.
- Goal delta from current state is (2.14, 20.55, 0.00) m with distance 20.66 m.
- Obstacle pipeline: depth_camera_to_body_to_ned_current_frame.
- Current depth frame obstacle points projected into NED: 29. Nearest depth obstacle in NED is at (-2.72, 11.80, -2.41) m, relative vector (-1.12, 3.85, 0.09) m, distance 4.01 m.
- Depth validity fraction is 0.61. Global nearest obstacle distance is 3.79 m.
- Sector minimum distances [far_left, left, center, right, far_right] are [4.87, 3.79, 3.92, 4.88, 4.88] m.
- Nearest obstacle sector is left at 3.79 m and clearance status is clear.
- Lateral planning hint: right side is clearer.","{""waypoints"":[{""x"":-1.7276131428571433,""y"":8.678570928571428},{""x"":-1.8258274285714289,""y"":9.160713785714286},{""x"":-1.9240417142857145,""y"":9.642856642857142},{""x"":-2.022256,""y"":10.1249995},{""x"":-2.1204702857142856,""y"":10.607142357142857}],""reasoning"":""Selected waypoint 0 moves the reference anchor from 20.42 m to 19.95 m from goal immediately and to 18.09 m by the final waypoint, so progress is 0.47 m selected / 2.33 m final and passes with monotonic goal-distance reduction. Kinematics is evaluated on 5 unique label waypoint(s), excluding consecutive duplicate terminal holds, and checks only that the trajectory stays within the configured bounds speed <= 15.00 m/s and acceleration <= 8.00 m/s^2, so kinematics passes. Goal is not reached within this label waypoint window. Safety passes: minimum clearance 1.64 m against manifest obstacles with 0 violating segment(s).""}",-1.7276131428571433,8.678570928571428,-2.5,-1.8258274285714289,9.160713785714286,-2.5,-1.9240417142857145,9.642856642857142,-2.5,-2.022256,10.1249995,-2.5,-2.1204702857142856,10.607142357142857,-2.5
1773807190.358771563,1773807190.358771563,0.000,offline_ground_truth_window,"Environment section (T(v)):
- Current position NED is (-1.69, 8.44, -2.48) m.
- Current velocity is (-0.01, 0.06, 0.01) m/s (speed 0.06 m/s).
- Goal position NED is (0.54, 28.50, -2.50) m.
- Output contract: predict exactly 5 waypoint x/y pairs in NED. The planner will set every waypoint z to goal z = -2.50 m before execution.
- Goal delta from current state is (2.23, 20.06, -0.02) m with distance 20.19 m.
- Obstacle pipeline: depth_camera_to_body_to_ned_current_frame.
- Current depth frame obstacle points projected into NED: 34. Nearest depth obstacle in NED is at (-2.86, 11.76, -2.58) m, relative vector (-1.17, 3.33, -0.10) m, distance 3.53 m.
- Depth validity fraction is 0.62. Global nearest obstacle distance is 3.29 m.
- Sector minimum distances [far_left, left, center, right, far_right] are [4.83, 3.29, 3.67, 4.82, 4.81] m.
- Nearest obstacle sector is left at 3.29 m and clearance status is clear.
- Lateral planning hint: right side is clearer.","{""waypoints"":[{""x"":-1.8258274285714289,""y"":9.160713785714286},{""x"":-1.9240417142857145,""y"":9.642856642857142},{""x"":-2.022256,""y"":10.1249995},{""x"":-2.1204702857142856,""y"":10.607142357142857},{""x"":-2.2186845714285712,""y"":11.089285214285713}],""reasoning"":""Selected waypoint 0 moves the reference anchor from 19.95 m to 19.48 m from goal immediately and to 17.63 m by the final waypoint, so progress is 0.47 m selected / 2.32 m final and passes with monotonic goal-distance reduction. Kinematics is evaluated on 5 unique label waypoint(s), excluding consecutive duplicate terminal holds, and checks only that the trajectory stays within the configured bounds speed <= 15.00 m/s and acceleration <= 8.00 m/s^2, so kinematics passes. Goal is not reached within this label waypoint window. Safety passes: minimum clearance 1.53 m against manifest obstacles with 0 violating segment(s).""}",-1.8258274285714289,9.160713785714286,-2.5,-1.9240417142857145,9.642856642857142,-2.5,-2.022256,10.1249995,-2.5,-2.1204702857142856,10.607142357142857,-2.5,-2.2186845714285712,11.089285214285713,-2.5
1773807197.173296213,1773807197.173296213,0.000,offline_ground_truth_window,"Environment section (T(v)):
- Current position NED is (-1.78, 8.92, -2.47) m.
- Current velocity is (-0.02, 0.05, -0.00) m/s (speed 0.06 m/s).
- Goal position NED is (0.54, 28.50, -2.50) m.
- Output contract: predict exactly 5 waypoint x/y pairs in NED. The planner will set every waypoint z to goal z = -2.50 m before execution.
- Goal delta from current state is (2.32, 19.58, -0.03) m with distance 19.72 m.
- Obstacle pipeline: depth_camera_to_body_to_ned_current_frame.
- Current depth frame obstacle points projected into NED: 78. Nearest depth obstacle in NED is at (-2.96, 11.80, -2.45) m, relative vector (-1.18, 2.88, 0.02) m, distance 3.11 m.
- Depth validity fraction is 0.64. Global nearest obstacle distance is 2.82 m.
- Sector minimum distances [far_left, left, center, right, far_right] are [3.02, 2.82, 4.81, 4.86, 4.86] m.
- Nearest obstacle sector is left at 2.82 m and clearance status is caution.
- Lateral planning hint: right side is clearer.","{""waypoints"":[{""x"":-1.9240417142857145,""y"":9.642856642857142},{""x"":-2.022256,""y"":10.1249995},{""x"":-2.1204702857142856,""y"":10.607142357142857},{""x"":-2.2186845714285712,""y"":11.089285214285713},{""x"":-2.3168988571428573,""y"":11.57142807142857}],""reasoning"":""Selected waypoint 0 moves the reference anchor from 19.48 m to 19.02 m from goal immediately and to 17.17 m by the final waypoint, so progress is 0.47 m selected / 2.32 m final and passes with monotonic goal-distance reduction. Kinematics is evaluated on 5 unique label waypoint(s), excluding consecutive duplicate terminal holds, and checks only that the trajectory stays within the configured bounds speed <= 15.00 m/s and acceleration <= 8.00 m/s^2, so kinematics passes. Goal is not reached within this label waypoint window. Safety passes: minimum clearance 1.52 m against manifest obstacles with 0 violating segment(s).""}",-1.9240417142857145,9.642856642857142,-2.5,-2.022256,10.1249995,-2.5,-2.1204702857142856,10.607142357142857,-2.5,-2.2186845714285712,11.089285214285713,-2.5,-2.3168988571428573,11.57142807142857,-2.5
1773807205.207255363,1773807205.207255363,0.000,offline_ground_truth_window,"Environment section (T(v)):
- Current position NED is (-1.89, 9.40, -2.49) m.
- Current velocity is (-0.01, 0.07, 0.00) m/s (speed 0.08 m/s).
- Goal position NED is (0.54, 28.50, -2.50) m.
- Output contract: predict exactly 5 waypoint x/y pairs in NED. The planner will set every waypoint z to goal z = -2.50 m before execution.
- Goal delta from current state is (2.43, 19.10, -0.01) m with distance 19.26 m.
- Obstacle pipeline: depth_camera_to_body_to_ned_current_frame.
- Current depth frame obstacle points projected into NED: 97. Nearest depth obstacle in NED is at (-3.10, 11.73, -2.53) m, relative vector (-1.21, 2.33, -0.04) m, distance 2.63 m.
- Depth validity fraction is 0.64. Global nearest obstacle distance is 2.29 m.
- Sector minimum distances [far_left, left, center, right, far_right] are [2.29, 2.30, 4.33, 4.93, 4.93] m.
- Nearest obstacle sector is far_left at 2.29 m and clearance status is caution.
- Lateral planning hint: right side is clearer.","{""waypoints"":[{""x"":-2.022256,""y"":10.1249995},{""x"":-2.1204702857142856,""y"":10.607142357142857},{""x"":-2.2186845714285712,""y"":11.089285214285713},{""x"":-2.3168988571428573,""y"":11.57142807142857},{""x"":-2.415113142857143,""y"":12.053570928571428}],""reasoning"":""Selected waypoint 0 moves the reference anchor from 19.02 m to 18.55 m from goal immediately and to 16.71 m by the final waypoint, so progress is 0.46 m selected / 2.31 m final and passes with monotonic goal-distance reduction. Kinematics is evaluated on 5 unique label waypoint(s), excluding consecutive duplicate terminal holds, and checks only that the trajectory stays within the configured bounds speed <= 15.00 m/s and acceleration <= 8.00 m/s^2, so kinematics passes. Goal is not reached within this label waypoint window. Safety passes: minimum clearance 1.52 m against manifest obstacles with 0 violating segment(s).""}",-2.022256,10.1249995,-2.5,-2.1204702857142856,10.607142357142857,-2.5,-2.2186845714285712,11.089285214285713,-2.5,-2.3168988571428573,11.57142807142857,-2.5,-2.415113142857143,12.053570928571428,-2.5
1773807211.166400909,1773807211.166400909,0.000,offline_ground_truth_window,"Environment section (T(v)):
- Current position NED is (-1.95, 9.89, -2.49) m.
- Current velocity is (-0.03, 0.08, 0.00) m/s (speed 0.08 m/s).
- Goal position NED is (0.54, 28.50, -2.50) m.
- Output contract: predict exactly 5 waypoint x/y pairs in NED. The planner will set every waypoint z to goal z = -2.50 m before execution.
- Goal delta from current state is (2.49, 18.61, -0.01) m with distance 18.78 m.
- Obstacle pipeline: depth_camera_to_body_to_ned_current_frame.
- Current depth frame obstacle points projected into NED: 141. Nearest depth obstacle in NED is at (-3.14, 11.75, -2.44) m, relative vector (-1.20, 1.86, 0.05) m, distance 2.21 m.
- Depth validity fraction is 0.66. Global nearest obstacle distance is 1.81 m.
- Sector minimum distances [far_left, left, center, right, far_right] are [1.81, 1.95, 3.97, 4.88, 4.87] m.
- Nearest obstacle sector is far_left at 1.81 m and clearance status is caution.
- Lateral planning hint: right side is clearer.","{""waypoints"":[{""x"":-2.1204702857142856,""y"":10.607142357142857},{""x"":-2.2186845714285712,""y"":11.089285214285713},{""x"":-2.3168988571428573,""y"":11.57142807142857},{""x"":-2.415113142857143,""y"":12.053570928571428},{""x"":-2.513327428571429,""y"":12.535713785714286}],""reasoning"":""Selected waypoint 0 moves the reference anchor from 18.55 m to 18.09 m from goal immediately and to 16.25 m by the final waypoint, so progress is 0.46 m selected / 2.30 m final and passes with monotonic goal-distance reduction. Kinematics is evaluated on 5 unique label waypoint(s), excluding consecutive duplicate terminal holds, and checks only that the trajectory stays within the configured bounds speed <= 15.00 m/s and acceleration <= 8.00 m/s^2, so kinematics passes. Goal is not reached within this label waypoint window. Safety passes: minimum clearance 1.52 m against manifest obstacles with 0 violating segment(s).""}",-2.1204702857142856,10.607142357142857,-2.5,-2.2186845714285712,11.089285214285713,-2.5,-2.3168988571428573,11.57142807142857,-2.5,-2.415113142857143,12.053570928571428,-2.5,-2.513327428571429,12.535713785714286,-2.5
1773807219.129210711,1773807219.129210711,0.000,offline_ground_truth_window,"Environment section (T(v)):
- Current position NED is (-2.06, 10.37, -2.51) m.
- Current velocity is (-0.02, 0.04, 0.00) m/s (speed 0.04 m/s).
- Goal position NED is (0.54, 28.50, -2.50) m.
- Output contract: predict exactly 5 waypoint x/y pairs in NED. The planner will set every waypoint z to goal z = -2.50 m before execution.
- Goal delta from current state is (2.60, 18.13, 0.01) m with distance 18.31 m.
- Obstacle pipeline: depth_camera_to_body_to_ned_current_frame.
- Current depth frame obstacle points projected into NED: 134. Nearest depth obstacle in NED is at (-3.25, 11.80, -2.60) m, relative vector (-1.19, 1.43, -0.10) m, distance 1.86 m.
- Depth validity fraction is 0.65. Global nearest obstacle distance is 1.40 m.
- Sector minimum distances [far_left, left, center, right, far_right] are [1.40, 3.29, 3.78, 4.86, 4.86] m.
- Nearest obstacle sector is far_left at 1.40 m and clearance status is blocked.
- Lateral planning hint: right side is clearer.","{""waypoints"":[{""x"":-2.2186845714285712,""y"":11.089285214285713},{""x"":-2.3168988571428573,""y"":11.57142807142857},{""x"":-2.415113142857143,""y"":12.053570928571428},{""x"":-2.513327428571429,""y"":12.535713785714286},{""x"":-2.6115417142857145,""y"":13.017856642857142}],""reasoning"":""Selected waypoint 0 moves the reference anchor from 18.09 m to 17.63 m from goal immediately and to 15.80 m by the final waypoint, so progress is 0.46 m selected / 2.29 m final and passes with monotonic goal-distance reduction. Kinematics is evaluated on 5 unique label waypoint(s), excluding consecutive duplicate terminal holds, and checks only that the trajectory stays within the configured bounds speed <= 15.00 m/s and acceleration <= 8.00 m/s^2, so kinematics passes. Goal is not reached within this label waypoint window. Safety passes: minimum clearance 1.52 m against manifest obstacles with 0 violating segment(s).""}",-2.2186845714285712,11.089285214285713,-2.5,-2.3168988571428573,11.57142807142857,-2.5,-2.415113142857143,12.053570928571428,-2.5,-2.513327428571429,12.535713785714286,-2.5,-2.6115417142857145,13.017856642857142,-2.5
1773807226.222895145,1773807226.222895145,0.000,offline_ground_truth_window,"Environment section (T(v)):
- Current position NED is (-2.17, 10.86, -2.49) m.
- Current velocity is (-0.02, 0.08, 0.00) m/s (speed 0.08 m/s).
- Goal position NED is (0.54, 28.50, -2.50) m.
- Output contract: predict exactly 5 waypoint x/y pairs in NED. The planner will set every waypoint z to goal z = -2.50 m before execution.
- Goal delta from current state is (2.71, 17.64, -0.01) m with distance 17.85 m.
- Obstacle pipeline: depth_camera_to_body_to_ned_current_frame.
- Current depth frame obstacle points projected into NED: 92. Nearest depth obstacle in NED is at (-3.54, 13.72, -2.58) m, relative vector (-1.37, 2.86, -0.10) m, distance 3.17 m.
- Depth validity fraction is 0.63. Global nearest obstacle distance is 2.81 m.
- Sector minimum distances [far_left, left, center, right, far_right] are [2.81, 2.81, 4.92, 4.92, 4.83] m.
- Nearest obstacle sector is far_left at 2.81 m and clearance status is caution.
- Lateral planning hint: right side is clearer.","{""waypoints"":[{""x"":-2.3168988571428573,""y"":11.57142807142857},{""x"":-2.415113142857143,""y"":12.053570928571428},{""x"":-2.513327428571429,""y"":12.535713785714286},{""x"":-2.6115417142857145,""y"":13.017856642857142},{""x"":-2.709756,""y"":13.4999995}],""reasoning"":""Selected waypoint 0 moves the reference anchor from 17.63 m to 17.17 m from goal immediately and to 15.35 m by the final waypoint, so progress is 0.46 m selected / 2.28 m final and passes with monotonic goal-distance reduction. Kinematics is evaluated on 5 unique label waypoint(s), excluding consecutive duplicate terminal holds, and checks only that the trajectory stays within the configured bounds speed <= 15.00 m/s and acceleration <= 8.00 m/s^2, so kinematics passes. Goal is not reached within this label waypoint window. Safety passes: minimum clearance 1.52 m against manifest obstacles with 0 violating segment(s).""}",-2.3168988571428573,11.57142807142857,-2.5,-2.415113142857143,12.053570928571428,-2.5,-2.513327428571429,12.535713785714286,-2.5,-2.6115417142857145,13.017856642857142,-2.5,-2.709756,13.4999995,-2.5
1773807234.986676216,1773807234.986676216,0.000,offline_ground_truth_window,"Environment section (T(v)):
- Current position NED is (-2.25, 11.33, -2.48) m.
- Current velocity is (-0.01, 0.04, -0.00) m/s (speed 0.04 m/s).
- Goal position NED is (0.54, 28.50, -2.50) m.
- Output contract: predict exactly 5 waypoint x/y pairs in NED. The planner will set every waypoint z to goal z = -2.50 m before execution.
- Goal delta from current state is (2.79, 17.17, -0.02) m with distance 17.39 m.
- Obstacle pipeline: depth_camera_to_body_to_ned_current_frame.
- Current depth frame obstacle points projected into NED: 111. Nearest depth obstacle in NED is at (-3.54, 13.75, -2.39) m, relative vector (-1.28, 2.42, 0.09) m, distance 2.74 m.
- Depth validity fraction is 0.64. Global nearest obstacle distance is 2.34 m.
- Sector minimum distances [far_left, left, center, right, far_right] are [2.34, 2.39, 4.85, 4.85, 4.78] m.
- Nearest obstacle sector is far_left at 2.34 m and clearance status is caution.
- Lateral planning hint: right side is clearer.","{""waypoints"":[{""x"":-2.415113142857143,""y"":12.053570928571428},{""x"":-2.513327428571429,""y"":12.535713785714286},{""x"":-2.6115417142857145,""y"":13.017856642857142},{""x"":-2.709756,""y"":13.4999995},{""x"":-2.709756,""y"":13.9999995}],""reasoning"":""Selected waypoint 0 moves the reference anchor from 17.17 m to 16.71 m from goal immediately and to 14.86 m by the final waypoint, so progress is 0.46 m selected / 2.31 m final and passes with monotonic goal-distance reduction. Kinematics is evaluated on 5 unique label waypoint(s), excluding consecutive duplicate terminal holds, and checks only that the trajectory stays within the configured bounds speed <= 15.00 m/s and acceleration <= 8.00 m/s^2, so kinematics passes. Goal is not reached within this label waypoint window. Safety passes: minimum clearance 1.52 m against manifest obstacles with 0 violating segment(s).""}",-2.415113142857143,12.053570928571428,-2.5,-2.513327428571429,12.535713785714286,-2.5,-2.6115417142857145,13.017856642857142,-2.5,-2.709756,13.4999995,-2.5,-2.709756,13.9999995,-2.5
1773807242.976592302,1773807242.976592302,0.000,offline_ground_truth_window,"Environment section (T(v)):
- Current position NED is (-2.35, 11.82, -2.49) m.
- Current velocity is (-0.02, 0.07, -0.00) m/s (speed 0.07 m/s).
- Goal position NED is (0.54, 28.50, -2.50) m.
- Output contract: predict exactly 5 waypoint x/y pairs in NED. The planner will set every waypoint z to goal z = -2.50 m before execution.
- Goal delta from current state is (2.89, 16.68, -0.01) m with distance 16.93 m.
- Obstacle pipeline: depth_camera_to_body_to_ned_current_frame.
- Current depth frame obstacle points projected into NED: 138. Nearest depth obstacle in NED is at (-3.70, 13.69, -2.46) m, relative vector (-1.35, 1.87, 0.03) m, distance 2.31 m.
- Depth validity fraction is 0.65. Global nearest obstacle distance is 1.82 m.
- Sector minimum distances [far_left, left, center, right, far_right] are [1.82, 2.07, 4.87, 4.86, 4.61] m.
- Nearest obstacle sector is far_left at 1.82 m and clearance status is caution.
- Lateral planning hint: right side is clearer.","{""waypoints"":[{""x"":-2.513327428571429,""y"":12.535713785714286},{""x"":-2.6115417142857145,""y"":13.017856642857142},{""x"":-2.709756,""y"":13.4999995},{""x"":-2.709756,""y"":13.9999995},{""x"":-2.709756,""y"":14.4999995}],""reasoning"":""Selected waypoint 0 moves the reference anchor from 16.71 m to 16.25 m from goal immediately and to 14.37 m by the final waypoint, so progress is 0.46 m selected / 2.34 m final and passes with monotonic goal-distance reduction. Kinematics is evaluated on 5 unique label waypoint(s), excluding consecutive duplicate terminal holds, and checks only that the trajectory stays within the configured bounds speed <= 15.00 m/s and acceleration <= 8.00 m/s^2, so kinematics passes. Goal is not reached within this label waypoint window. Safety passes: minimum clearance 1.52 m against manifest obstacles with 0 violating segment(s).""}",-2.513327428571429,12.535713785714286,-2.5,-2.6115417142857145,13.017856642857142,-2.5,-2.709756,13.4999995,-2.5,-2.709756,13.9999995,-2.5,-2.709756,14.4999995,-2.5
1773807249.614368439,1773807249.614368439,0.000,offline_ground_truth_window,"Environment section (T(v)):
- Current position NED is (-2.46, 12.30, -2.48) m.
- Current velocity is (-0.01, 0.06, -0.00) m/s (speed 0.06 m/s).
- Goal position NED is (0.54, 28.50, -2.50) m.
- Output contract: predict exactly 5 waypoint x/y pairs in NED. The planner will set every waypoint z to goal z = -2.50 m before execution.
- Goal delta from current state is (3.00, 16.20, -0.02) m with distance 16.48 m.
- Obstacle pipeline: depth_camera_to_body_to_ned_current_frame.
- Current depth frame obstacle points projected into NED: 134. Nearest depth obstacle in NED is at (-3.73, 13.81, -2.52) m, relative vector (-1.27, 1.51, -0.04) m, distance 1.97 m.
- Depth validity fraction is 0.64. Global nearest obstacle distance is 1.50 m.
- Sector minimum distances [far_left, left, center, right, far_right] are [1.50, 2.09, 4.89, 4.89, 4.44] m.
- Nearest obstacle sector is far_left at 1.50 m and clearance status is blocked.
- Lateral planning hint: right side is clearer.","{""waypoints"":[{""x"":-2.6115417142857145,""y"":13.017856642857142},{""x"":-2.709756,""y"":13.4999995},{""x"":-2.709756,""y"":13.9999995},{""x"":-2.709756,""y"":14.4999995},{""x"":-2.709756,""y"":14.9999995}],""reasoning"":""Selected waypoint 0 moves the reference anchor from 16.25 m to 15.80 m from goal immediately and to 13.89 m by the final waypoint, so progress is 0.45 m selected / 2.37 m final and passes with monotonic goal-distance reduction. Kinematics is evaluated on 5 unique label waypoint(s), excluding consecutive duplicate terminal holds, and checks only that the trajectory stays within the configured bounds speed <= 15.00 m/s and acceleration <= 8.00 m/s^2, so kinematics passes. Goal is not reached within this label waypoint window. Safety passes: minimum clearance 1.52 m against manifest obstacles with 0 violating segment(s).""}",-2.6115417142857145,13.017856642857142,-2.5,-2.709756,13.4999995,-2.5,-2.709756,13.9999995,-2.5,-2.709756,14.4999995,-2.5,-2.709756,14.9999995,-2.5
1773807258.605674028,1773807258.605674028,0.000,offline_ground_truth_window,"Environment section (T(v)):
- Current position NED is (-2.57, 12.78, -2.49) m.
- Current velocity is (-0.01, 0.03, 0.00) m/s (speed 0.04 m/s).
- Goal position NED is (0.54, 28.50, -2.50) m.
- Output contract: predict exactly 5 waypoint x/y pairs in NED. The planner will set every waypoint z to goal z = -2.50 m before execution.
- Goal delta from current state is (3.11, 15.72, -0.01) m with distance 16.03 m.
- Obstacle pipeline: depth_camera_to_body_to_ned_current_frame.
- Current depth frame obstacle points projected into NED: 121. Nearest depth obstacle in NED is at (-3.73, 14.15, -2.46) m, relative vector (-1.16, 1.38, 0.03) m, distance 1.80 m.
- Depth validity fraction is 0.64. Global nearest obstacle distance is 1.36 m.
- Sector minimum distances [far_left, left, center, right, far_right] are [1.36, 4.96, 4.96, 4.97, 4.31] m.
- Nearest obstacle sector is far_left at 1.36 m and clearance status is blocked.
- Lateral planning hint: right side is clearer.","{""waypoints"":[{""x"":-2.709756,""y"":13.4999995},{""x"":-2.709756,""y"":13.9999995},{""x"":-2.709756,""y"":14.4999995},{""x"":-2.709756,""y"":14.9999995},{""x"":-2.709756,""y"":15.4999995}],""reasoning"":""Selected waypoint 0 moves the reference anchor from 15.80 m to 15.35 m from goal immediately and to 13.40 m by the final waypoint, so progress is 0.45 m selected / 2.40 m final and passes with monotonic goal-distance reduction. Kinematics is evaluated on 5 unique label waypoint(s), excluding consecutive duplicate terminal holds, and checks only that the trajectory stays within the configured bounds speed <= 15.00 m/s and acceleration <= 8.00 m/s^2, so kinematics passes. Goal is not reached within this label waypoint window. Safety passes: minimum clearance 1.52 m against manifest obstacles with 0 violating segment(s).""}",-2.709756,13.4999995,-2.5,-2.709756,13.9999995,-2.5,-2.709756,14.4999995,-2.5,-2.709756,14.9999995,-2.5,-2.709756,15.4999995,-2.5
1773807268.447493553,1773807268.447493553,0.000,offline_ground_truth_window,"Environment section (T(v)):
- Current position NED is (-2.67, 13.26, -2.50) m.
- Current velocity is (-0.02, 0.08, 0.00) m/s (speed 0.08 m/s).
- Goal position NED is (0.54, 28.50, -2.50) m.
- Output contract: predict exactly 5 waypoint x/y pairs in NED. The planner will set every waypoint z to goal z = -2.50 m before execution.
- Goal delta from current state is (3.21, 15.24, -0.00) m with distance 15.58 m.
- Obstacle pipeline: depth_camera_to_body_to_ned_current_frame.
- Current depth frame obstacle points projected into NED: 98. Nearest depth obstacle in NED is at (-2.06, 18.26, -2.35) m, relative vector (0.62, 5.00, 0.15) m, distance 5.04 m.
- Depth validity fraction is 0.63. Global nearest obstacle distance is 4.17 m.
- Sector minimum distances [far_left, left, center, right, far_right] are [4.91, 4.91, 4.91, 4.74, 4.17] m.
- Nearest obstacle sector is far_right at 4.17 m and clearance status is clear.
- Lateral planning hint: left side is clearer.","{""waypoints"":[{""x"":-2.709756,""y"":13.9999995},{""x"":-2.709756,""y"":14.4999995},{""x"":-2.709756,""y"":14.9999995},{""x"":-2.709756,""y"":15.4999995},{""x"":-2.709756,""y"":15.9999995}],""reasoning"":""Selected waypoint 0 moves the reference anchor from 15.35 m to 14.86 m from goal immediately and to 12.92 m by the final waypoint, so progress is 0.49 m selected / 2.43 m final and passes with monotonic goal-distance reduction. Kinematics is evaluated on 5 unique label waypoint(s), excluding consecutive duplicate terminal holds, and checks only that the trajectory stays within the configured bounds speed <= 15.00 m/s and acceleration <= 8.00 m/s^2, so kinematics passes. Goal is not reached within this label waypoint window. Safety passes: minimum clearance 1.52 m against manifest obstacles with 0 violating segment(s).""}",-2.709756,13.9999995,-2.5,-2.709756,14.4999995,-2.5,-2.709756,14.9999995,-2.5,-2.709756,15.4999995,-2.5,-2.709756,15.9999995,-2.5
1773807276.318552494,1773807276.318552494,0.000,offline_ground_truth_window,"Environment section (T(v)):
- Current position NED is (-2.70, 13.75, -2.47) m.
- Current velocity is (-0.00, 0.07, -0.00) m/s (speed 0.07 m/s).
- Goal position NED is (0.54, 28.50, -2.50) m.
- Output contract: predict exactly 5 waypoint x/y pairs in NED. The planner will set every waypoint z to goal z = -2.50 m before execution.
- Goal delta from current state is (3.24, 14.75, -0.03) m with distance 15.10 m.
- Obstacle pipeline: depth_camera_to_body_to_ned_current_frame.
- Current depth frame obstacle points projected into NED: 94. Nearest depth obstacle in NED is at (-1.87, 18.25, -2.33) m, relative vector (0.83, 4.50, 0.14) m, distance 4.58 m.
- Depth validity fraction is 0.64. Global nearest obstacle distance is 4.14 m.
- Sector minimum distances [far_left, left, center, right, far_right] are [4.58, 4.90, 4.90, 4.25, 4.14] m.
- Nearest obstacle sector is far_right at 4.14 m and clearance status is clear.
- Lateral planning hint: left side is clearer.","{""waypoints"":[{""x"":-2.709756,""y"":14.4999995},{""x"":-2.709756,""y"":14.9999995},{""x"":-2.709756,""y"":15.4999995},{""x"":-2.709756,""y"":15.9999995},{""x"":-2.459756,""y"":16.3124995}],""reasoning"":""Selected waypoint 0 moves the reference anchor from 14.86 m to 14.37 m from goal immediately and to 12.55 m by the final waypoint, so progress is 0.49 m selected / 2.31 m final and passes with monotonic goal-distance reduction. Kinematics is evaluated on 5 unique label waypoint(s), excluding consecutive duplicate terminal holds, and checks only that the trajectory stays within the configured bounds speed <= 15.00 m/s and acceleration <= 8.00 m/s^2, so kinematics fails. Goal is not reached within this label waypoint window. Safety passes: minimum clearance 1.52 m against manifest obstacles with 0 violating segment(s).""}",-2.709756,14.4999995,-2.5,-2.709756,14.9999995,-2.5,-2.709756,15.4999995,-2.5,-2.709756,15.9999995,-2.5,-2.459756,16.3124995,-2.5
1773807286.819169998,1773807286.819169998,0.000,offline_ground_truth_window,"Environment section (T(v)):
- Current position NED is (-2.72, 14.25, -2.48) m.
- Current velocity is (0.00, 0.05, -0.01) m/s (speed 0.05 m/s).
- Goal position NED is (0.54, 28.50, -2.50) m.
- Output contract: predict exactly 5 waypoint x/y pairs in NED. The planner will set every waypoint z to goal z = -2.50 m before execution.
- Goal delta from current state is (3.26, 14.25, -0.02) m with distance 14.61 m.
- Obstacle pipeline: depth_camera_to_body_to_ned_current_frame.
- Current depth frame obstacle points projected into NED: 114. Nearest depth obstacle in NED is at (-1.86, 18.22, -2.34) m, relative vector (0.86, 3.97, 0.14) m, distance 4.06 m.
- Depth validity fraction is 0.65. Global nearest obstacle distance is 3.72 m.
- Sector minimum distances [far_left, left, center, right, far_right] are [4.13, 4.78, 4.78, 3.72, 3.94] m.
- Nearest obstacle sector is right at 3.72 m and clearance status is clear.
- Lateral planning hint: left side is clearer.","{""waypoints"":[{""x"":-2.709756,""y"":14.9999995},{""x"":-2.709756,""y"":15.4999995},{""x"":-2.709756,""y"":15.9999995},{""x"":-2.459756,""y"":16.3124995},{""x"":-2.209756,""y"":16.6249995}],""reasoning"":""Selected waypoint 0 moves the reference anchor from 14.37 m to 13.89 m from goal immediately and to 12.19 m by the final waypoint, so progress is 0.49 m selected / 2.18 m final and passes with monotonic goal-distance reduction. Kinematics is evaluated on 5 unique label waypoint(s), excluding consecutive duplicate terminal holds, and checks only that the trajectory stays within the configured bounds speed <= 15.00 m/s and acceleration <= 8.00 m/s^2, so kinematics fails. Goal is not reached within this label waypoint window. Safety passes: minimum clearance 1.56 m against manifest obstacles with 0 violating segment(s).""}",-2.709756,14.9999995,-2.5,-2.709756,15.4999995,-2.5,-2.709756,15.9999995,-2.5,-2.459756,16.3124995,-2.5,-2.209756,16.6249995,-2.5
1773807295.817261219,1773807295.817261219,0.000,offline_ground_truth_window,"Environment section (T(v)):
- Current position NED is (-2.68, 14.75, -2.51) m.
- Current velocity is (-0.00, 0.06, 0.00) m/s (speed 0.06 m/s).
- Goal position NED is (0.54, 28.50, -2.50) m.
- Output contract: predict exactly 5 waypoint x/y pairs in NED. The planner will set every waypoint z to goal z = -2.50 m before execution.
- Goal delta from current state is (3.22, 13.75, 0.01) m with distance 14.12 m.
- Obstacle pipeline: depth_camera_to_body_to_ned_current_frame.
- Current depth frame obstacle points projected into NED: 105. Nearest depth obstacle in NED is at (-1.82, 18.25, -2.42) m, relative vector (0.86, 3.49, 0.09) m, distance 3.60 m.
- Depth validity fraction is 0.64. Global nearest obstacle distance is 3.23 m.
- Sector minimum distances [far_left, left, center, right, far_right] are [3.78, 4.92, 4.92, 3.23, 3.24] m.
- Nearest obstacle sector is right at 3.23 m and clearance status is clear.
- Lateral planning hint: left side is clearer.","{""waypoints"":[{""x"":-2.709756,""y"":15.4999995},{""x"":-2.709756,""y"":15.9999995},{""x"":-2.459756,""y"":16.3124995},{""x"":-2.209756,""y"":16.6249995},{""x"":-1.959756,""y"":16.9374995}],""reasoning"":""Selected waypoint 0 moves the reference anchor from 13.89 m to 13.40 m from goal immediately and to 11.83 m by the final waypoint, so progress is 0.49 m selected / 2.06 m final and passes with monotonic goal-distance reduction. Kinematics is evaluated on 5 unique label waypoint(s), excluding consecutive duplicate terminal holds, and checks only that the trajectory stays within the configured bounds speed <= 15.00 m/s and acceleration <= 8.00 m/s^2, so kinematics fails. Goal is not reached within this label waypoint window. Safety passes: minimum clearance 1.56 m against manifest obstacles with 0 violating segment(s).""}",-2.709756,15.4999995,-2.5,-2.709756,15.9999995,-2.5,-2.459756,16.3124995,-2.5,-2.209756,16.6249995,-2.5,-1.959756,16.9374995,-2.5
1773807303.683240652,1773807303.683240652,0.000,offline_ground_truth_window,"Environment section (T(v)):
- Current position NED is (-2.73, 15.25, -2.50) m.
- Current velocity is (0.00, 0.04, 0.00) m/s (speed 0.04 m/s).
- Goal position NED is (0.54, 28.50, -2.50) m.
- Output contract: predict exactly 5 waypoint x/y pairs in NED. The planner will set every waypoint z to goal z = -2.50 m before execution.
- Goal delta from current state is (3.27, 13.25, 0.00) m with distance 13.65 m.
- Obstacle pipeline: depth_camera_to_body_to_ned_current_frame.
- Current depth frame obstacle points projected into NED: 101. Nearest depth obstacle in NED is at (-1.89, 18.28, -2.52) m, relative vector (0.84, 3.03, -0.01) m, distance 3.14 m.
- Depth validity fraction is 0.65. Global nearest obstacle distance is 2.74 m.
- Sector minimum distances [far_left, left, center, right, far_right] are [3.58, 4.80, 4.81, 2.76, 2.74] m.
- Nearest obstacle sector is far_right at 2.74 m and clearance status is caution.
- Lateral planning hint: left side is clearer.","{""waypoints"":[{""x"":-2.709756,""y"":15.9999995},{""x"":-2.459756,""y"":16.3124995},{""x"":-2.209756,""y"":16.6249995},{""x"":-1.959756,""y"":16.9374995},{""x"":-1.709756,""y"":17.2499995}],""reasoning"":""Selected waypoint 0 moves the reference anchor from 13.40 m to 12.92 m from goal immediately and to 11.47 m by the final waypoint, so progress is 0.48 m selected / 1.93 m final and passes with monotonic goal-distance reduction. Kinematics is evaluated on 5 unique label waypoint(s), excluding consecutive duplicate terminal holds, and checks only that the trajectory stays within the configured bounds speed <= 15.00 m/s and acceleration <= 8.00 m/s^2, so kinematics passes. Goal is not reached within this label waypoint window. Safety passes: minimum clearance 1.56 m against manifest obstacles with 0 violating segment(s).""}",-2.709756,15.9999995,-2.5,-2.459756,16.3124995,-2.5,-2.209756,16.6249995,-2.5,-1.959756,16.9374995,-2.5,-1.709756,17.2499995,-2.5
1773807313.220734358,1773807313.220734358,0.000,offline_ground_truth_window,"Environment section (T(v)):
- Current position NED is (-2.71, 15.75, -2.48) m.
- Current velocity is (0.00, 0.05, 0.00) m/s (speed 0.05 m/s).
- Goal position NED is (0.54, 28.50, -2.50) m.
- Output contract: predict exactly 5 waypoint x/y pairs in NED. The planner will set every waypoint z to goal z = -2.50 m before execution.
- Goal delta from current state is (3.25, 12.75, -0.02) m with distance 13.16 m.
- Obstacle pipeline: depth_camera_to_body_to_ned_current_frame.
- Current depth frame obstacle points projected into NED: 106. Nearest depth obstacle in NED is at (-1.84, 18.28, -2.47) m, relative vector (0.87, 2.53, 0.01) m, distance 2.67 m.
- Depth validity fraction is 0.65. Global nearest obstacle distance is 2.23 m.
- Sector minimum distances [far_left, left, center, right, far_right] are [4.88, 4.88, 4.88, 2.35, 2.23] m.
- Nearest obstacle sector is far_right at 2.23 m and clearance status is caution.
- Lateral planning hint: left side is clearer.","{""waypoints"":[{""x"":-2.459756,""y"":16.3124995},{""x"":-2.209756,""y"":16.6249995},{""x"":-1.959756,""y"":16.9374995},{""x"":-1.709756,""y"":17.2499995},{""x"":-1.709756,""y"":17.7499995}],""reasoning"":""Selected waypoint 0 moves the reference anchor from 12.92 m to 12.55 m from goal immediately and to 10.98 m by the final waypoint, so progress is 0.36 m selected / 1.93 m final and passes with monotonic goal-distance reduction. Kinematics is evaluated on 5 unique label waypoint(s), excluding consecutive duplicate terminal holds, and checks only that the trajectory stays within the configured bounds speed <= 15.00 m/s and acceleration <= 8.00 m/s^2, so kinematics fails. Goal is not reached within this label waypoint window. Safety passes: minimum clearance 1.53 m against manifest obstacles with 0 violating segment(s).""}",-2.459756,16.3124995,-2.5,-2.209756,16.6249995,-2.5,-1.959756,16.9374995,-2.5,-1.709756,17.2499995,-2.5,-1.709756,17.7499995,-2.5
1773807320.660947800,1773807320.660947800,0.000,offline_ground_truth_window,"Environment section (T(v)):
- Current position NED is (-2.55, 16.13, -2.49) m.
- Current velocity is (0.02, 0.05, 0.00) m/s (speed 0.06 m/s).
- Goal position NED is (0.54, 28.50, -2.50) m.
- Output contract: predict exactly 5 waypoint x/y pairs in NED. The planner will set every waypoint z to goal z = -2.50 m before execution.
- Goal delta from current state is (3.09, 12.37, -0.01) m with distance 12.75 m.
- Obstacle pipeline: depth_camera_to_body_to_ned_current_frame.
- Current depth frame obstacle points projected into NED: 106. Nearest depth obstacle in NED is at (-1.50, 18.34, -2.39) m, relative vector (1.05, 2.21, 0.10) m, distance 2.45 m.
- Depth validity fraction is 0.64. Global nearest obstacle distance is 1.89 m.
- Sector minimum distances [far_left, left, center, right, far_right] are [4.63, 4.73, 4.86, 2.37, 1.89] m.
- Nearest obstacle sector is far_right at 1.89 m and clearance status is caution.
- Lateral planning hint: left side is clearer.","{""waypoints"":[{""x"":-2.209756,""y"":16.6249995},{""x"":-1.959756,""y"":16.9374995},{""x"":-1.709756,""y"":17.2499995},{""x"":-1.709756,""y"":17.7499995},{""x"":-1.709756,""y"":18.2499995}],""reasoning"":""Selected waypoint 0 moves the reference anchor from 12.55 m to 12.19 m from goal immediately and to 10.49 m by the final waypoint, so progress is 0.36 m selected / 2.06 m final and passes with monotonic goal-distance reduction. Kinematics is evaluated on 5 unique label waypoint(s), excluding consecutive duplicate terminal holds, and checks only that the trajectory stays within the configured bounds speed <= 15.00 m/s and acceleration <= 8.00 m/s^2, so kinematics fails. Goal is not reached within this label waypoint window. Safety passes: minimum clearance 1.51 m against manifest obstacles with 0 violating segment(s).""}",-2.209756,16.6249995,-2.5,-1.959756,16.9374995,-2.5,-1.709756,17.2499995,-2.5,-1.709756,17.7499995,-2.5,-1.709756,18.2499995,-2.5
1773807329.176270485,1773807329.176270485,0.000,offline_ground_truth_window,"Environment section (T(v)):
- Current position NED is (-2.32, 16.46, -2.49) m.
- Current velocity is (0.03, 0.04, 0.00) m/s (speed 0.05 m/s).
- Goal position NED is (0.54, 28.50, -2.50) m.
- Output contract: predict exactly 5 waypoint x/y pairs in NED. The planner will set every waypoint z to goal z = -2.50 m before execution.
- Goal delta from current state is (2.86, 12.04, -0.01) m with distance 12.37 m.
- Obstacle pipeline: depth_camera_to_body_to_ned_current_frame.
- Current depth frame obstacle points projected into NED: 76. Nearest depth obstacle in NED is at (-1.17, 18.51, -2.55) m, relative vector (1.15, 2.05, -0.06) m, distance 2.35 m.
- Depth validity fraction is 0.63. Global nearest obstacle distance is 1.80 m.
- Sector minimum distances [far_left, left, center, right, far_right] are [4.29, 4.34, 4.92, 3.26, 1.80] m.
- Nearest obstacle sector is far_right at 1.80 m and clearance status is caution.
- Lateral planning hint: left side is clearer.","{""waypoints"":[{""x"":-1.959756,""y"":16.9374995},{""x"":-1.709756,""y"":17.2499995},{""x"":-1.709756,""y"":17.7499995},{""x"":-1.709756,""y"":18.2499995},{""x"":-1.709756,""y"":18.7499995}],""reasoning"":""Selected waypoint 0 moves the reference anchor from 12.19 m to 11.83 m from goal immediately and to 10.01 m by the final waypoint, so progress is 0.36 m selected / 2.18 m final and passes with monotonic goal-distance reduction. Kinematics is evaluated on 5 unique label waypoint(s), excluding consecutive duplicate terminal holds, and checks only that the trajectory stays within the configured bounds speed <= 15.00 m/s and acceleration <= 8.00 m/s^2, so kinematics fails. Goal is not reached within this label waypoint window. Safety passes: minimum clearance 1.51 m against manifest obstacles with 0 violating segment(s).""}",-1.959756,16.9374995,-2.5,-1.709756,17.2499995,-2.5,-1.709756,17.7499995,-2.5,-1.709756,18.2499995,-2.5,-1.709756,18.7499995,-2.5
1773807338.026329756,1773807338.026329756,0.000,offline_ground_truth_window,"Environment section (T(v)):
- Current position NED is (-2.07, 16.78, -2.51) m.
- Current velocity is (0.03, 0.02, 0.00) m/s (speed 0.04 m/s).
- Goal position NED is (0.54, 28.50, -2.50) m.
- Output contract: predict exactly 5 waypoint x/y pairs in NED. The planner will set every waypoint z to goal z = -2.50 m before execution.
- Goal delta from current state is (2.62, 11.72, 0.01) m with distance 12.01 m.
- Obstacle pipeline: depth_camera_to_body_to_ned_current_frame.
- Current depth frame obstacle points projected into NED: 69. Nearest depth obstacle in NED is at (-0.49, 19.86, -2.42) m, relative vector (1.59, 3.09, 0.09) m, distance 3.47 m.
- Depth validity fraction is 0.63. Global nearest obstacle distance is 2.77 m.
- Sector minimum distances [far_left, left, center, right, far_right] are [3.99, 3.99, 4.83, 4.83, 2.77] m.
- Nearest obstacle sector is far_right at 2.77 m and clearance status is caution.
- Lateral planning hint: prefer center progress.","{""waypoints"":[{""x"":-1.709756,""y"":17.2499995},{""x"":-1.709756,""y"":17.7499995},{""x"":-1.709756,""y"":18.2499995},{""x"":-1.709756,""y"":18.7499995},{""x"":-1.709756,""y"":19.2499995}],""reasoning"":""Selected waypoint 0 moves the reference anchor from 11.83 m to 11.47 m from goal immediately and to 9.52 m by the final waypoint, so progress is 0.36 m selected / 2.31 m final and passes with monotonic goal-distance reduction. Kinematics is evaluated on 5 unique label waypoint(s), excluding consecutive duplicate terminal holds, and checks only that the trajectory stays within the configured bounds speed <= 15.00 m/s and acceleration <= 8.00 m/s^2, so kinematics passes. Goal is not reached within this label waypoint window. Safety passes: minimum clearance 1.51 m against manifest obstacles with 0 violating segment(s).""}",-1.709756,17.2499995,-2.5,-1.709756,17.7499995,-2.5,-1.709756,18.2499995,-2.5,-1.709756,18.7499995,-2.5,-1.709756,19.2499995,-2.5
1773807345.827074528,1773807345.827074528,0.000,offline_ground_truth_window,"Environment section (T(v)):
- Current position NED is (-1.83, 17.09, -2.50) m.
- Current velocity is (0.02, 0.02, 0.00) m/s (speed 0.03 m/s).
- Goal position NED is (0.54, 28.50, -2.50) m.
- Output contract: predict exactly 5 waypoint x/y pairs in NED. The planner will set every waypoint z to goal z = -2.50 m before execution.
- Goal delta from current state is (2.37, 11.41, -0.00) m with distance 11.66 m.
- Obstacle pipeline: depth_camera_to_body_to_ned_current_frame.
- Current depth frame obstacle points projected into NED: 62. Nearest depth obstacle in NED is at (-3.71, 19.37, -2.71) m, relative vector (-1.89, 2.28, -0.21) m, distance 2.97 m.
- Depth validity fraction is 0.62. Global nearest obstacle distance is 2.26 m.
- Sector minimum distances [far_left, left, center, right, far_right] are [2.26, 3.69, 4.86, 4.86, 2.68] m.
- Nearest obstacle sector is far_left at 2.26 m and clearance status is caution.
- Lateral planning hint: right side is clearer.","{""waypoints"":[{""x"":-1.709756,""y"":17.7499995},{""x"":-1.709756,""y"":18.2499995},{""x"":-1.709756,""y"":18.7499995},{""x"":-1.709756,""y"":19.2499995},{""x"":-1.709756,""y"":19.7499995}],""reasoning"":""Selected waypoint 0 moves the reference anchor from 11.47 m to 10.98 m from goal immediately and to 9.03 m by the final waypoint, so progress is 0.49 m selected / 2.44 m final and passes with monotonic goal-distance reduction. Kinematics is evaluated on 5 unique label waypoint(s), excluding consecutive duplicate terminal holds, and checks only that the trajectory stays within the configured bounds speed <= 15.00 m/s and acceleration <= 8.00 m/s^2, so kinematics passes. Goal is not reached within this label waypoint window. Safety passes: minimum clearance 1.51 m against manifest obstacles with 0 violating segment(s).""}",-1.709756,17.7499995,-2.5,-1.709756,18.2499995,-2.5,-1.709756,18.7499995,-2.5,-1.709756,19.2499995,-2.5,-1.709756,19.7499995,-2.5
1773807352.143254042,1773807352.143254042,0.000,offline_ground_truth_window,"Environment section (T(v)):
- Current position NED is (-1.75, 17.50, -2.50) m.
- Current velocity is (0.01, 0.08, 0.00) m/s (speed 0.08 m/s).
- Goal position NED is (0.54, 28.50, -2.50) m.
- Output contract: predict exactly 5 waypoint x/y pairs in NED. The planner will set every waypoint z to goal z = -2.50 m before execution.
- Goal delta from current state is (2.29, 11.00, -0.00) m with distance 11.23 m.
- Obstacle pipeline: depth_camera_to_body_to_ned_current_frame.
- Current depth frame obstacle points projected into NED: 32. Nearest depth obstacle in NED is at (-3.37, 20.82, -2.73) m, relative vector (-1.62, 3.32, -0.24) m, distance 3.70 m.
- Depth validity fraction is 0.61. Global nearest obstacle distance is 3.26 m.
- Sector minimum distances [far_left, left, center, right, far_right] are [3.26, 3.27, 4.97, 4.97, 4.97] m.
- Nearest obstacle sector is far_left at 3.26 m and clearance status is clear.
- Lateral planning hint: right side is clearer.","{""waypoints"":[{""x"":-1.709756,""y"":18.2499995},{""x"":-1.709756,""y"":18.7499995},{""x"":-1.709756,""y"":19.2499995},{""x"":-1.709756,""y"":19.7499995},{""x"":-1.709756,""y"":20.2499995}],""reasoning"":""Selected waypoint 0 moves the reference anchor from 10.98 m to 10.49 m from goal immediately and to 8.55 m by the final waypoint, so progress is 0.49 m selected / 2.43 m final and passes with monotonic goal-distance reduction. Kinematics is evaluated on 5 unique label waypoint(s), excluding consecutive duplicate terminal holds, and checks only that the trajectory stays within the configured bounds speed <= 15.00 m/s and acceleration <= 8.00 m/s^2, so kinematics passes. Goal is not reached within this label waypoint window. Safety passes: minimum clearance 1.51 m against manifest obstacles with 0 violating segment(s).""}",-1.709756,18.2499995,-2.5,-1.709756,18.7499995,-2.5,-1.709756,19.2499995,-2.5,-1.709756,19.7499995,-2.5,-1.709756,20.2499995,-2.5
1773807360.120427847,1773807360.120427847,0.000,offline_ground_truth_window,"Environment section (T(v)):
- Current position NED is (-1.74, 18.00, -2.52) m.
- Current velocity is (0.02, 0.04, 0.01) m/s (speed 0.05 m/s).
- Goal position NED is (0.54, 28.50, -2.50) m.
- Output contract: predict exactly 5 waypoint x/y pairs in NED. The planner will set every waypoint z to goal z = -2.50 m before execution.
- Goal delta from current state is (2.28, 10.50, 0.02) m with distance 10.74 m.
- Obstacle pipeline: depth_camera_to_body_to_ned_current_frame.
- Current depth frame obstacle points projected into NED: 27. Nearest depth obstacle in NED is at (-3.26, 20.82, -2.67) m, relative vector (-1.52, 2.82, -0.15) m, distance 3.20 m.
- Depth validity fraction is 0.62. Global nearest obstacle distance is 2.76 m.
- Sector minimum distances [far_left, left, center, right, far_right] are [2.76, 2.81, 4.93, 4.93, 4.93] m.
- Nearest obstacle sector is far_left at 2.76 m and clearance status is caution.
- Lateral planning hint: right side is clearer.","{""waypoints"":[{""x"":-1.709756,""y"":18.7499995},{""x"":-1.709756,""y"":19.2499995},{""x"":-1.709756,""y"":19.7499995},{""x"":-1.709756,""y"":20.2499995},{""x"":-1.772256,""y"":20.6874995}],""reasoning"":""Selected waypoint 0 moves the reference anchor from 10.49 m to 10.01 m from goal immediately and to 8.15 m by the final waypoint, so progress is 0.49 m selected / 2.35 m final and passes with monotonic goal-distance reduction. Kinematics is evaluated on 5 unique label waypoint(s), excluding consecutive duplicate terminal holds, and checks only that the trajectory stays within the configured bounds speed <= 15.00 m/s and acceleration <= 8.00 m/s^2, so kinematics passes. Goal is not reached within this label waypoint window. Safety passes: minimum clearance 1.50 m against manifest obstacles with 0 violating segment(s).""}",-1.709756,18.7499995,-2.5,-1.709756,19.2499995,-2.5,-1.709756,19.7499995,-2.5,-1.709756,20.2499995,-2.5,-1.772256,20.6874995,-2.5
1773807367.935576677,1773807367.935576677,0.000,offline_ground_truth_window,"Environment section (T(v)):
- Current position NED is (-1.71, 18.50, -2.51) m.
- Current velocity is (0.01, 0.06, 0.00) m/s (speed 0.06 m/s).
- Goal position NED is (0.54, 28.50, -2.50) m.
- Output contract: predict exactly 5 waypoint x/y pairs in NED. The planner will set every waypoint z to goal z = -2.50 m before execution.
- Goal delta from current state is (2.25, 10.00, 0.01) m with distance 10.25 m.
- Obstacle pipeline: depth_camera_to_body_to_ned_current_frame.
- Current depth frame obstacle points projected into NED: 46. Nearest depth obstacle in NED is at (-3.19, 20.83, -2.45) m, relative vector (-1.48, 2.33, 0.06) m, distance 2.76 m.
- Depth validity fraction is 0.62. Global nearest obstacle distance is 2.27 m.
- Sector minimum distances [far_left, left, center, right, far_right] are [2.27, 2.48, 4.95, 4.95, 4.95] m.
- Nearest obstacle sector is far_left at 2.27 m and clearance status is caution.
- Lateral planning hint: right side is clearer.","{""waypoints"":[{""x"":-1.709756,""y"":19.2499995},{""x"":-1.709756,""y"":19.7499995},{""x"":-1.709756,""y"":20.2499995},{""x"":-1.772256,""y"":20.6874995},{""x"":-1.834756,""y"":21.1249995}],""reasoning"":""Selected waypoint 0 moves the reference anchor from 10.01 m to 9.52 m from goal immediately and to 7.75 m by the final waypoint, so progress is 0.49 m selected / 2.26 m final and passes with monotonic goal-distance reduction. Kinematics is evaluated on 5 unique label waypoint(s), excluding consecutive duplicate terminal holds, and checks only that the trajectory stays within the configured bounds speed <= 15.00 m/s and acceleration <= 8.00 m/s^2, so kinematics passes. Goal is not reached within this label waypoint window. Safety passes: minimum clearance 1.50 m against manifest obstacles with 0 violating segment(s).""}",-1.709756,19.2499995,-2.5,-1.709756,19.7499995,-2.5,-1.709756,20.2499995,-2.5,-1.772256,20.6874995,-2.5,-1.834756,21.1249995,-2.5
1773807377.659173012,1773807377.659173012,0.000,offline_ground_truth_window,"Environment section (T(v)):
- Current position NED is (-1.70, 19.00, -2.50) m.
- Current velocity is (-0.00, 0.07, 0.00) m/s (speed 0.07 m/s).
- Goal position NED is (0.54, 28.50, -2.50) m.
- Output contract: predict exactly 5 waypoint x/y pairs in NED. The planner will set every waypoint z to goal z = -2.50 m before execution.
- Goal delta from current state is (2.24, 9.50, -0.00) m with distance 9.76 m.
- Obstacle pipeline: depth_camera_to_body_to_ned_current_frame.
- Current depth frame obstacle points projected into NED: 43. Nearest depth obstacle in NED is at (-3.15, 20.83, -2.55) m, relative vector (-1.45, 1.83, -0.05) m, distance 2.33 m.
- Depth validity fraction is 0.62. Global nearest obstacle distance is 1.80 m.
- Sector minimum distances [far_left, left, center, right, far_right] are [1.80, 4.33, 4.93, 4.93, 4.93] m.
- Nearest obstacle sector is far_left at 1.80 m and clearance status is caution.
- Lateral planning hint: right side is clearer.","{""waypoints"":[{""x"":-1.709756,""y"":19.7499995},{""x"":-1.709756,""y"":20.2499995},{""x"":-1.772256,""y"":20.6874995},{""x"":-1.834756,""y"":21.1249995},{""x"":-1.897256,""y"":21.5624995}],""reasoning"":""Selected waypoint 0 moves the reference anchor from 9.52 m to 9.03 m from goal immediately and to 7.35 m by the final waypoint, so progress is 0.49 m selected / 2.17 m final and passes with monotonic goal-distance reduction. Kinematics is evaluated on 5 unique label waypoint(s), excluding consecutive duplicate terminal holds, and checks only that the trajectory stays within the configured bounds speed <= 15.00 m/s and acceleration <= 8.00 m/s^2, so kinematics passes. Goal is not reached within this label waypoint window. Safety passes: minimum clearance 1.50 m against manifest obstacles with 0 violating segment(s).""}",-1.709756,19.7499995,-2.5,-1.709756,20.2499995,-2.5,-1.772256,20.6874995,-2.5,-1.834756,21.1249995,-2.5,-1.897256,21.5624995,-2.5
1773807386.119245052,1773807386.119245052,0.000,offline_ground_truth_window,"Environment section (T(v)):
- Current position NED is (-1.72, 19.50, -2.50) m.
- Current velocity is (0.00, 0.06, -0.00) m/s (speed 0.06 m/s).
- Goal position NED is (0.54, 28.50, -2.50) m.
- Output contract: predict exactly 5 waypoint x/y pairs in NED. The planner will set every waypoint z to goal z = -2.50 m before execution.
- Goal delta from current state is (2.26, 9.00, -0.00) m with distance 9.28 m.
- Obstacle pipeline: depth_camera_to_body_to_ned_current_frame.
- Current depth frame obstacle points projected into NED: 34. Nearest depth obstacle in NED is at (-2.95, 21.01, -2.22) m, relative vector (-1.22, 1.51, 0.28) m, distance 1.96 m.
- Depth validity fraction is 0.62. Global nearest obstacle distance is 1.47 m.
- Sector minimum distances [far_left, left, center, right, far_right] are [1.47, 4.88, 4.88, 4.88, 4.89] m.
- Nearest obstacle sector is far_left at 1.47 m and clearance status is blocked.
- Lateral planning hint: right side is clearer.","{""waypoints"":[{""x"":-1.709756,""y"":20.2499995},{""x"":-1.772256,""y"":20.6874995},{""x"":-1.834756,""y"":21.1249995},{""x"":-1.897256,""y"":21.5624995},{""x"":-1.959756,""y"":21.9999995}],""reasoning"":""Selected waypoint 0 moves the reference anchor from 9.03 m to 8.55 m from goal immediately and to 6.96 m by the final waypoint, so progress is 0.48 m selected / 2.07 m final and passes with monotonic goal-distance reduction. Kinematics is evaluated on 5 unique label waypoint(s), excluding consecutive duplicate terminal holds, and checks only that the trajectory stays within the configured bounds speed <= 15.00 m/s and acceleration <= 8.00 m/s^2, so kinematics passes. Goal is not reached within this label waypoint window. Safety passes: minimum clearance 1.50 m against manifest obstacles with 0 violating segment(s).""}",-1.709756,20.2499995,-2.5,-1.772256,20.6874995,-2.5,-1.834756,21.1249995,-2.5,-1.897256,21.5624995,-2.5,-1.959756,21.9999995,-2.5
1773807393.933713675,1773807393.933713675,0.000,offline_ground_truth_window,"Environment section (T(v)):
- Current position NED is (-1.66, 20.00, -2.49) m.
- Current velocity is (0.00, 0.05, -0.00) m/s (speed 0.05 m/s).
- Goal position NED is (0.54, 28.50, -2.50) m.
- Output contract: predict exactly 5 waypoint x/y pairs in NED. The planner will set every waypoint z to goal z = -2.50 m before execution.
- Goal delta from current state is (2.20, 8.50, -0.01) m with distance 8.78 m.
- Obstacle pipeline: depth_camera_to_body_to_ned_current_frame.
- Current depth frame obstacle points projected into NED: 53. Nearest depth obstacle in NED is at (-3.97, 22.94, -2.41) m, relative vector (-2.31, 2.94, 0.08) m, distance 3.74 m.
- Depth validity fraction is 0.61. Global nearest obstacle distance is 2.94 m.
- Sector minimum distances [far_left, left, center, right, far_right] are [2.94, 4.85, 4.84, 4.84, 4.84] m.
- Nearest obstacle sector is far_left at 2.94 m and clearance status is caution.
- Lateral planning hint: right side is clearer.","{""waypoints"":[{""x"":-1.772256,""y"":20.6874995},{""x"":-1.834756,""y"":21.1249995},{""x"":-1.897256,""y"":21.5624995},{""x"":-1.959756,""y"":21.9999995},{""x"":-1.7811845714285717,""y"":22.464285214285717}],""reasoning"":""Selected waypoint 0 moves the reference anchor from 8.55 m to 8.15 m from goal immediately and to 6.47 m by the final waypoint, so progress is 0.40 m selected / 2.08 m final and passes with monotonic goal-distance reduction. Kinematics is evaluated on 5 unique label waypoint(s), excluding consecutive duplicate terminal holds, and checks only that the trajectory stays within the configured bounds speed <= 15.00 m/s and acceleration <= 8.00 m/s^2, so kinematics passes. Goal is not reached within this label waypoint window. Safety passes: minimum clearance 1.50 m against manifest obstacles with 0 violating segment(s).""}",-1.772256,20.6874995,-2.5,-1.834756,21.1249995,-2.5,-1.897256,21.5624995,-2.5,-1.959756,21.9999995,-2.5,-1.7811845714285717,22.464285214285717,-2.5
1773807403.194036007,1773807403.194036007,0.000,offline_ground_truth_window,"Environment section (T(v)):
- Current position NED is (-1.77, 20.46, -2.47) m.
- Current velocity is (-0.01, 0.05, -0.01) m/s (speed 0.05 m/s).
- Goal position NED is (0.54, 28.50, -2.50) m.
- Output contract: predict exactly 5 waypoint x/y pairs in NED. The planner will set every waypoint z to goal z = -2.50 m before execution.
- Goal delta from current state is (2.31, 8.04, -0.03) m with distance 8.36 m.
- Obstacle pipeline: depth_camera_to_body_to_ned_current_frame.
- Current depth frame obstacle points projected into NED: 69. Nearest depth obstacle in NED is at (-4.03, 23.14, -2.19) m, relative vector (-2.26, 2.68, 0.28) m, distance 3.52 m.
- Depth validity fraction is 0.60. Global nearest obstacle distance is 2.72 m.
- Sector minimum distances [far_left, left, center, right, far_right] are [2.72, 4.86, 4.87, 4.88, 4.88] m.
- Nearest obstacle sector is far_left at 2.72 m and clearance status is caution.
- Lateral planning hint: right side is clearer.","{""waypoints"":[{""x"":-1.834756,""y"":21.1249995},{""x"":-1.897256,""y"":21.5624995},{""x"":-1.959756,""y"":21.9999995},{""x"":-1.7811845714285717,""y"":22.464285214285717},{""x"":-1.6026131428571428,""y"":22.92857092857143}],""reasoning"":""Selected waypoint 0 moves the reference anchor from 8.15 m to 7.75 m from goal immediately and to 5.97 m by the final waypoint, so progress is 0.40 m selected / 2.18 m final and passes with monotonic goal-distance reduction. Kinematics is evaluated on 5 unique label waypoint(s), excluding consecutive duplicate terminal holds, and checks only that the trajectory stays within the configured bounds speed <= 15.00 m/s and acceleration <= 8.00 m/s^2, so kinematics passes. Goal is not reached within this label waypoint window. Safety passes: minimum clearance 1.51 m against manifest obstacles with 0 violating segment(s).""}",-1.834756,21.1249995,-2.5,-1.897256,21.5624995,-2.5,-1.959756,21.9999995,-2.5,-1.7811845714285717,22.464285214285717,-2.5,-1.6026131428571428,22.92857092857143,-2.5
1773807410.741567373,1773807410.741567373,0.000,offline_ground_truth_window,"Environment section (T(v)):
- Current position NED is (-1.81, 20.91, -2.48) m.
- Current velocity is (-0.00, 0.06, -0.00) m/s (speed 0.06 m/s).
- Goal position NED is (0.54, 28.50, -2.50) m.
- Output contract: predict exactly 5 waypoint x/y pairs in NED. The planner will set every waypoint z to goal z = -2.50 m before execution.
- Goal delta from current state is (2.35, 7.59, -0.02) m with distance 7.95 m.
- Obstacle pipeline: depth_camera_to_body_to_ned_current_frame.
- Current depth frame obstacle points projected into NED: 48. Nearest depth obstacle in NED is at (1.61, 27.59, -1.48) m, relative vector (3.42, 6.68, 1.00) m, distance 7.57 m.
- Depth validity fraction is 0.59. Global nearest obstacle distance is 2.72 m.
- Sector minimum distances [far_left, left, center, right, far_right] are [2.72, 4.92, 4.92, 4.92, 4.92] m.
- Nearest obstacle sector is far_left at 2.72 m and clearance status is caution.
- Lateral planning hint: right side is clearer.","{""waypoints"":[{""x"":-1.897256,""y"":21.5624995},{""x"":-1.959756,""y"":21.9999995},{""x"":-1.7811845714285717,""y"":22.464285214285717},{""x"":-1.6026131428571428,""y"":22.92857092857143},{""x"":-1.4240417142857145,""y"":23.392856642857144}],""reasoning"":""Selected waypoint 0 moves the reference anchor from 7.75 m to 7.35 m from goal immediately and to 5.47 m by the final waypoint, so progress is 0.39 m selected / 2.28 m final and passes with monotonic goal-distance reduction. Kinematics is evaluated on 5 unique label waypoint(s), excluding consecutive duplicate terminal holds, and checks only that the trajectory stays within the configured bounds speed <= 15.00 m/s and acceleration <= 8.00 m/s^2, so kinematics passes. Goal is not reached within this label waypoint window. Safety passes: minimum clearance 1.61 m against manifest obstacles with 0 violating segment(s).""}",-1.897256,21.5624995,-2.5,-1.959756,21.9999995,-2.5,-1.7811845714285717,22.464285214285717,-2.5,-1.6026131428571428,22.92857092857143,-2.5,-1.4240417142857145,23.392856642857144,-2.5
1773807419.867626429,1773807419.867626429,0.000,offline_ground_truth_window,"Environment section (T(v)):
- Current position NED is (-1.86, 21.35, -2.49) m.
- Current velocity is (0.00, 0.05, 0.00) m/s (speed 0.05 m/s).
- Goal position NED is (0.54, 28.50, -2.50) m.
- Output contract: predict exactly 5 waypoint x/y pairs in NED. The planner will set every waypoint z to goal z = -2.50 m before execution.
- Goal delta from current state is (2.40, 7.15, -0.01) m with distance 7.54 m.
- Obstacle pipeline: depth_camera_to_body_to_ned_current_frame.
- Current depth frame obstacle points projected into NED: 66. Nearest depth obstacle in NED is at (1.57, 27.24, -1.39) m, relative vector (3.43, 5.89, 1.10) m, distance 6.90 m.
- Depth validity fraction is 0.60. Global nearest obstacle distance is 4.88 m.
- Sector minimum distances [far_left, left, center, right, far_right] are [4.89, 4.89, 4.88, 4.88, 4.88] m.
- Nearest obstacle sector is far_right at 4.88 m and clearance status is clear.
- Lateral planning hint: prefer center progress.","{""waypoints"":[{""x"":-1.959756,""y"":21.9999995},{""x"":-1.7811845714285717,""y"":22.464285214285717},{""x"":-1.6026131428571428,""y"":22.92857092857143},{""x"":-1.4240417142857145,""y"":23.392856642857144},{""x"":-1.2454702857142859,""y"":23.85714235714286}],""reasoning"":""Selected waypoint 0 moves the reference anchor from 7.35 m to 6.96 m from goal immediately and to 4.97 m by the final waypoint, so progress is 0.39 m selected / 2.38 m final and passes with monotonic goal-distance reduction. Kinematics is evaluated on 5 unique label waypoint(s), excluding consecutive duplicate terminal holds, and checks only that the trajectory stays within the configured bounds speed <= 15.00 m/s and acceleration <= 8.00 m/s^2, so kinematics passes. Goal is not reached within this label waypoint window. Safety passes: minimum clearance 1.79 m against manifest obstacles with 0 violating segment(s).""}",-1.959756,21.9999995,-2.5,-1.7811845714285717,22.464285214285717,-2.5,-1.6026131428571428,22.92857092857143,-2.5,-1.4240417142857145,23.392856642857144,-2.5,-1.2454702857142859,23.85714235714286,-2.5
1773807427.761278391,1773807427.761278391,0.000,offline_ground_truth_window,"Environment section (T(v)):
- Current position NED is (-1.92, 21.78, -2.49) m.
- Current velocity is (-0.01, 0.04, 0.00) m/s (speed 0.04 m/s).
- Goal position NED is (0.54, 28.50, -2.50) m.
- Output contract: predict exactly 5 waypoint x/y pairs in NED. The planner will set every waypoint z to goal z = -2.50 m before execution.
- Goal delta from current state is (2.46, 6.72, -0.01) m with distance 7.15 m.
- Obstacle pipeline: depth_camera_to_body_to_ned_current_frame.
- Current depth frame obstacle points projected into NED: 75. Nearest depth obstacle in NED is at (1.45, 27.54, -1.19) m, relative vector (3.37, 5.76, 1.30) m, distance 6.80 m.
- Depth validity fraction is 0.59. Global nearest obstacle distance is 4.88 m.
- Sector minimum distances [far_left, left, center, right, far_right] are [4.88, 4.88, 4.88, 4.88, 4.88] m.
- Nearest obstacle sector is far_left at 4.88 m and clearance status is clear.
- Lateral planning hint: prefer center progress.","{""waypoints"":[{""x"":-1.7811845714285717,""y"":22.464285214285717},{""x"":-1.6026131428571428,""y"":22.92857092857143},{""x"":-1.4240417142857145,""y"":23.392856642857144},{""x"":-1.2454702857142859,""y"":23.85714235714286},{""x"":-1.0668988571428573,""y"":24.321428071428574}],""reasoning"":""Selected waypoint 0 moves the reference anchor from 6.96 m to 6.47 m from goal immediately and to 4.48 m by the final waypoint, so progress is 0.50 m selected / 2.49 m final and passes with monotonic goal-distance reduction. Kinematics is evaluated on 5 unique label waypoint(s), excluding consecutive duplicate terminal holds, and checks only that the trajectory stays within the configured bounds speed <= 15.00 m/s and acceleration <= 8.00 m/s^2, so kinematics passes. Goal is not reached within this label waypoint window. Safety passes: minimum clearance 1.95 m against manifest obstacles with 0 violating segment(s).""}",-1.7811845714285717,22.464285214285717,-2.5,-1.6026131428571428,22.92857092857143,-2.5,-1.4240417142857145,23.392856642857144,-2.5,-1.2454702857142859,23.85714235714286,-2.5,-1.0668988571428573,24.321428071428574,-2.5
1773807436.880482912,1773807436.880482912,0.000,offline_ground_truth_window,"Environment section (T(v)):
- Current position NED is (-1.83, 22.22, -2.51) m.
- Current velocity is (0.00, 0.04, 0.00) m/s (speed 0.04 m/s).
- Goal position NED is (0.54, 28.50, -2.50) m.
- Output contract: predict exactly 5 waypoint x/y pairs in NED. The planner will set every waypoint z to goal z = -2.50 m before execution.
- Goal delta from current state is (2.37, 6.28, 0.01) m with distance 6.71 m.
- Obstacle pipeline: depth_camera_to_body_to_ned_current_frame.
- Current depth frame obstacle points projected into NED: 75. Nearest depth obstacle in NED is at (-3.96, 28.79, -2.56) m, relative vector (-2.14, 6.58, -0.05) m, distance 6.91 m.
- Depth validity fraction is 0.59. Global nearest obstacle distance is 4.93 m.
- Sector minimum distances [far_left, left, center, right, far_right] are [4.93, 4.93, 4.94, 4.94, 4.94] m.
- Nearest obstacle sector is far_left at 4.93 m and clearance status is clear.
- Lateral planning hint: prefer center progress.","{""waypoints"":[{""x"":-1.6026131428571428,""y"":22.92857092857143},{""x"":-1.4240417142857145,""y"":23.392856642857144},{""x"":-1.2454702857142859,""y"":23.85714235714286},{""x"":-1.0668988571428573,""y"":24.321428071428574},{""x"":-0.8883274285714287,""y"":24.785713785714286}],""reasoning"":""Selected waypoint 0 moves the reference anchor from 6.47 m to 5.97 m from goal immediately and to 3.98 m by the final waypoint, so progress is 0.50 m selected / 2.49 m final and passes with monotonic goal-distance reduction. Kinematics is evaluated on 5 unique label waypoint(s), excluding consecutive duplicate terminal holds, and checks only that the trajectory stays within the configured bounds speed <= 15.00 m/s and acceleration <= 8.00 m/s^2, so kinematics passes. Goal is not reached within this label waypoint window. Safety passes: minimum clearance 1.95 m against manifest obstacles with 0 violating segment(s).""}",-1.6026131428571428,22.92857092857143,-2.5,-1.4240417142857145,23.392856642857144,-2.5,-1.2454702857142859,23.85714235714286,-2.5,-1.0668988571428573,24.321428071428574,-2.5,-0.8883274285714287,24.785713785714286,-2.5
1773807445.729727030,1773807445.729727030,0.000,offline_ground_truth_window,"Environment section (T(v)):
- Current position NED is (-1.64, 22.68, -2.51) m.
- Current velocity is (0.01, 0.05, 0.01) m/s (speed 0.06 m/s).
- Goal position NED is (0.54, 28.50, -2.50) m.
- Output contract: predict exactly 5 waypoint x/y pairs in NED. The planner will set every waypoint z to goal z = -2.50 m before execution.
- Goal delta from current state is (2.18, 5.82, 0.01) m with distance 6.22 m.
- Obstacle pipeline: depth_camera_to_body_to_ned_current_frame.
- Current depth frame obstacle points projected into NED: 32. Nearest depth obstacle in NED is at (-3.89, 28.57, -2.14) m, relative vector (-2.25, 5.89, 0.37) m, distance 6.32 m.
- Depth validity fraction is 0.58. Global nearest obstacle distance is 4.96 m.
- Sector minimum distances [far_left, left, center, right, far_right] are [4.97, 4.97, 4.97, 4.96, 4.96] m.
- Nearest obstacle sector is far_right at 4.96 m and clearance status is clear.
- Lateral planning hint: prefer center progress.","{""waypoints"":[{""x"":-1.4240417142857145,""y"":23.392856642857144},{""x"":-1.2454702857142859,""y"":23.85714235714286},{""x"":-1.0668988571428573,""y"":24.321428071428574},{""x"":-0.8883274285714287,""y"":24.785713785714286},{""x"":-0.709756,""y"":25.2499995}],""reasoning"":""Selected waypoint 0 moves the reference anchor from 5.97 m to 5.47 m from goal immediately and to 3.48 m by the final waypoint, so progress is 0.50 m selected / 2.49 m final and passes with monotonic goal-distance reduction. Kinematics is evaluated on 5 unique label waypoint(s), excluding consecutive duplicate terminal holds, and checks only that the trajectory stays within the configured bounds speed <= 15.00 m/s and acceleration <= 8.00 m/s^2, so kinematics passes. Goal is not reached within this label waypoint window. Safety passes: minimum clearance 1.95 m against manifest obstacles with 0 violating segment(s).""}",-1.4240417142857145,23.392856642857144,-2.5,-1.2454702857142859,23.85714235714286,-2.5,-1.0668988571428573,24.321428071428574,-2.5,-0.8883274285714287,24.785713785714286,-2.5,-0.709756,25.2499995,-2.5
1773807452.439964533,1773807452.439964533,0.000,offline_ground_truth_window,"Environment section (T(v)):
- Current position NED is (-1.49, 23.16, -2.52) m.
- Current velocity is (0.02, 0.05, 0.01) m/s (speed 0.05 m/s).
- Goal position NED is (0.54, 28.50, -2.50) m.
- Output contract: predict exactly 5 waypoint x/y pairs in NED. The planner will set every waypoint z to goal z = -2.50 m before execution.
- Goal delta from current state is (2.03, 5.34, 0.02) m with distance 5.72 m.
- Obstacle pipeline: depth_camera_to_body_to_ned_current_frame.
- Current depth frame obstacle points projected into NED: 32. Nearest depth obstacle in NED is at (-3.75, 28.14, -2.66) m, relative vector (-2.26, 4.98, -0.14) m, distance 5.47 m.
- Depth validity fraction is 0.58. Global nearest obstacle distance is 4.96 m.
- Sector minimum distances [far_left, left, center, right, far_right] are [5.04, 4.96, 5.03, 5.02, 5.01] m.
- Nearest obstacle sector is left at 4.96 m and clearance status is clear.
- Lateral planning hint: prefer center progress.","{""waypoints"":[{""x"":-1.2454702857142859,""y"":23.85714235714286},{""x"":-1.0668988571428573,""y"":24.321428071428574},{""x"":-0.8883274285714287,""y"":24.785713785714286},{""x"":-0.709756,""y"":25.2499995},{""x"":-0.5311845714285717,""y"":25.714285214285717}],""reasoning"":""Selected waypoint 0 moves the reference anchor from 5.47 m to 4.97 m from goal immediately and to 2.98 m by the final waypoint, so progress is 0.50 m selected / 2.49 m final and passes with monotonic goal-distance reduction. Kinematics is evaluated on 5 unique label waypoint(s), excluding consecutive duplicate terminal holds, and checks only that the trajectory stays within the configured bounds speed <= 15.00 m/s and acceleration <= 8.00 m/s^2, so kinematics passes. Goal is not reached within this label waypoint window. Safety passes: minimum clearance 1.95 m against manifest obstacles with 0 violating segment(s).""}",-1.2454702857142859,23.85714235714286,-2.5,-1.0668988571428573,24.321428071428574,-2.5,-0.8883274285714287,24.785713785714286,-2.5,-0.709756,25.2499995,-2.5,-0.5311845714285717,25.714285214285717,-2.5
1773807459.949185610,1773807459.949185610,0.000,offline_ground_truth_window,"Environment section (T(v)):
- Current position NED is (-1.34, 23.63, -2.53) m.
- Current velocity is (0.02, 0.06, 0.01) m/s (speed 0.06 m/s).
- Goal position NED is (0.54, 28.50, -2.50) m.
- Output contract: predict exactly 5 waypoint x/y pairs in NED. The planner will set every waypoint z to goal z = -2.50 m before execution.
- Goal delta from current state is (1.88, 4.87, 0.03) m with distance 5.22 m.
- Obstacle pipeline: depth_camera_to_body_to_ned_current_frame.
- Current depth frame obstacle points projected into NED: 45. Nearest depth obstacle in NED is at (-2.97, 28.24, -2.61) m, relative vector (-1.63, 4.61, -0.09) m, distance 4.89 m.
- Depth validity fraction is 0.58. Global nearest obstacle distance is 4.52 m.
- Sector minimum distances [far_left, left, center, right, far_right] are [4.95, 4.52, 4.96, 4.96, 4.96] m.
- Nearest obstacle sector is left at 4.52 m and clearance status is clear.
- Lateral planning hint: prefer center progress.","{""waypoints"":[{""x"":-1.0668988571428573,""y"":24.321428071428574},{""x"":-0.8883274285714287,""y"":24.785713785714286},{""x"":-0.709756,""y"":25.2499995},{""x"":-0.5311845714285717,""y"":25.714285214285717},{""x"":-0.35261314285714285,""y"":26.178570928571432}],""reasoning"":""Selected waypoint 0 moves the reference anchor from 4.97 m to 4.48 m from goal immediately and to 2.49 m by the final waypoint, so progress is 0.50 m selected / 2.49 m final and passes with monotonic goal-distance reduction. Kinematics is evaluated on 5 unique label waypoint(s), excluding consecutive duplicate terminal holds, and checks only that the trajectory stays within the configured bounds speed <= 15.00 m/s and acceleration <= 8.00 m/s^2, so kinematics passes. Goal is not reached within this label waypoint window. Safety passes: minimum clearance 1.95 m against manifest obstacles with 0 violating segment(s).""}",-1.0668988571428573,24.321428071428574,-2.5,-0.8883274285714287,24.785713785714286,-2.5,-0.709756,25.2499995,-2.5,-0.5311845714285717,25.714285214285717,-2.5,-0.35261314285714285,26.178570928571432,-2.5
1773807470.372101068,1773807470.372101068,0.000,offline_ground_truth_window,"Environment section (T(v)):
- Current position NED is (-1.13, 24.08, -2.50) m.
- Current velocity is (0.01, 0.03, 0.01) m/s (speed 0.03 m/s).
- Goal position NED is (0.54, 28.50, -2.50) m.
- Output contract: predict exactly 5 waypoint x/y pairs in NED. The planner will set every waypoint z to goal z = -2.50 m before execution.
- Goal delta from current state is (1.67, 4.42, -0.00) m with distance 4.72 m.
- Obstacle pipeline: depth_camera_to_body_to_ned_current_frame.
- Current depth frame obstacle points projected into NED: 53. Nearest depth obstacle in NED is at (-2.48, 28.27, -2.55) m, relative vector (-1.35, 4.19, -0.05) m, distance 4.40 m.
- Depth validity fraction is 0.58. Global nearest obstacle distance is 4.07 m.
- Sector minimum distances [far_left, left, center, right, far_right] are [4.88, 4.07, 4.42, 4.88, 4.88] m.
- Nearest obstacle sector is left at 4.07 m and clearance status is clear.
- Lateral planning hint: right side is clearer.","{""waypoints"":[{""x"":-0.8883274285714287,""y"":24.785713785714286},{""x"":-0.709756,""y"":25.2499995},{""x"":-0.5311845714285717,""y"":25.714285214285717},{""x"":-0.35261314285714285,""y"":26.178570928571432},{""x"":-0.17404171428571424,""y"":26.642856642857144}],""reasoning"":""Selected waypoint 0 moves the reference anchor from 4.48 m to 3.98 m from goal immediately and to 1.99 m by the final waypoint, so progress is 0.50 m selected / 2.49 m final and passes with monotonic goal-distance reduction. Kinematics is evaluated on 5 unique label waypoint(s), excluding consecutive duplicate terminal holds, and checks only that the trajectory stays within the configured bounds speed <= 15.00 m/s and acceleration <= 8.00 m/s^2, so kinematics passes. Goal is not reached within this label waypoint window. Safety passes: minimum clearance 1.99 m against manifest obstacles with 0 violating segment(s).""}",-0.8883274285714287,24.785713785714286,-2.5,-0.709756,25.2499995,-2.5,-0.5311845714285717,25.714285214285717,-2.5,-0.35261314285714285,26.178570928571432,-2.5,-0.17404171428571424,26.642856642857144,-2.5
1773807477.387782574,1773807477.387782574,0.000,offline_ground_truth_window,"Environment section (T(v)):
- Current position NED is (-1.00, 24.56, -2.49) m.
- Current velocity is (0.02, 0.05, 0.00) m/s (speed 0.05 m/s).
- Goal position NED is (0.54, 28.50, -2.50) m.
- Output contract: predict exactly 5 waypoint x/y pairs in NED. The planner will set every waypoint z to goal z = -2.50 m before execution.
- Goal delta from current state is (1.54, 3.94, -0.01) m with distance 4.23 m.
- Obstacle pipeline: depth_camera_to_body_to_ned_current_frame.
- Current depth frame obstacle points projected into NED: 69. Nearest depth obstacle in NED is at (-2.73, 28.28, -2.60) m, relative vector (-1.73, 3.72, -0.11) m, distance 4.10 m.
- Depth validity fraction is 0.59. Global nearest obstacle distance is 3.60 m.
- Sector minimum distances [far_left, left, center, right, far_right] are [4.91, 3.60, 3.87, 4.91, 4.91] m.
- Nearest obstacle sector is left at 3.60 m and clearance status is clear.
- Lateral planning hint: right side is clearer.","{""waypoints"":[{""x"":-0.709756,""y"":25.2499995},{""x"":-0.5311845714285717,""y"":25.714285214285717},{""x"":-0.35261314285714285,""y"":26.178570928571432},{""x"":-0.17404171428571424,""y"":26.642856642857144},{""x"":0.004529714285714137,""y"":27.10714235714286}],""reasoning"":""Selected waypoint 0 moves the reference anchor from 3.98 m to 3.48 m from goal immediately and to 1.49 m by the final waypoint, so progress is 0.50 m selected / 2.49 m final and passes with monotonic goal-distance reduction. Kinematics is evaluated on 5 unique label waypoint(s), excluding consecutive duplicate terminal holds, and checks only that the trajectory stays within the configured bounds speed <= 15.00 m/s and acceleration <= 8.00 m/s^2, so kinematics passes. Goal is not reached within this label waypoint window. Safety passes: minimum clearance 2.12 m against manifest obstacles with 0 violating segment(s).""}",-0.709756,25.2499995,-2.5,-0.5311845714285717,25.714285214285717,-2.5,-0.35261314285714285,26.178570928571432,-2.5,-0.17404171428571424,26.642856642857144,-2.5,0.004529714285714137,27.10714235714286,-2.5
1773807484.610053062,1773807484.610053062,0.000,offline_ground_truth_window,"Environment section (T(v)):
- Current position NED is (-0.81, 25.02, -2.48) m.
- Current velocity is (0.01, 0.05, 0.00) m/s (speed 0.05 m/s).
- Goal position NED is (0.54, 28.50, -2.50) m.
- Output contract: predict exactly 5 waypoint x/y pairs in NED. The planner will set every waypoint z to goal z = -2.50 m before execution.
- Goal delta from current state is (1.35, 3.48, -0.02) m with distance 3.73 m.
- Obstacle pipeline: depth_camera_to_body_to_ned_current_frame.
- Current depth frame obstacle points projected into NED: 74. Nearest depth obstacle in NED is at (-1.97, 28.23, -2.54) m, relative vector (-1.16, 3.21, -0.06) m, distance 3.41 m.
- Depth validity fraction is 0.60. Global nearest obstacle distance is 3.14 m.
- Sector minimum distances [far_left, left, center, right, far_right] are [4.89, 3.14, 3.29, 4.88, 4.88] m.
- Nearest obstacle sector is left at 3.14 m and clearance status is clear.
- Lateral planning hint: right side is clearer.","{""waypoints"":[{""x"":-0.5311845714285717,""y"":25.714285214285717},{""x"":-0.35261314285714285,""y"":26.178570928571432},{""x"":-0.17404171428571424,""y"":26.642856642857144},{""x"":0.004529714285714137,""y"":27.10714235714286},{""x"":0.18310114285714274,""y"":27.57142807142857}],""reasoning"":""Selected waypoint 0 moves the reference anchor from 3.48 m to 2.98 m from goal immediately and to 0.99 m by the final waypoint, so progress is 0.50 m selected / 2.49 m final and passes with monotonic goal-distance reduction. Kinematics is evaluated on 5 unique label waypoint(s), excluding consecutive duplicate terminal holds, and checks only that the trajectory stays within the configured bounds speed <= 15.00 m/s and acceleration <= 8.00 m/s^2, so kinematics passes. Goal is not reached within this label waypoint window. Safety passes: minimum clearance 2.34 m against manifest obstacles with 0 violating segment(s).""}",-0.5311845714285717,25.714285214285717,-2.5,-0.35261314285714285,26.178570928571432,-2.5,-0.17404171428571424,26.642856642857144,-2.5,0.004529714285714137,27.10714235714286,-2.5,0.18310114285714274,27.57142807142857,-2.5
1773807493.055172205,1773807493.055172205,0.000,offline_ground_truth_window,"Environment section (T(v)):
- Current position NED is (-0.62, 25.48, -2.51) m.
- Current velocity is (0.03, 0.05, 0.01) m/s (speed 0.06 m/s).
- Goal position NED is (0.54, 28.50, -2.50) m.
- Output contract: predict exactly 5 waypoint x/y pairs in NED. The planner will set every waypoint z to goal z = -2.50 m before execution.
- Goal delta from current state is (1.16, 3.02, 0.01) m with distance 3.23 m.
- Obstacle pipeline: depth_camera_to_body_to_ned_current_frame.
- Current depth frame obstacle points projected into NED: 85. Nearest depth obstacle in NED is at (-1.21, 28.42, -2.59) m, relative vector (-0.59, 2.93, -0.08) m, distance 2.99 m.
- Depth validity fraction is 0.60. Global nearest obstacle distance is 2.68 m.
- Sector minimum distances [far_left, left, center, right, far_right] are [4.95, 2.68, 2.75, 4.94, 4.93] m.
- Nearest obstacle sector is left at 2.68 m and clearance status is caution.
- Lateral planning hint: right side is clearer.","{""waypoints"":[{""x"":-0.35261314285714285,""y"":26.178570928571432},{""x"":-0.17404171428571424,""y"":26.642856642857144},{""x"":0.004529714285714137,""y"":27.10714235714286},{""x"":0.18310114285714274,""y"":27.57142807142857},{""x"":0.36167257142857157,""y"":28.035713785714286}],""reasoning"":""Selected waypoint 0 moves the reference anchor from 2.98 m to 2.49 m from goal immediately and to 0.50 m by the final waypoint, so progress is 0.50 m selected / 2.49 m final and passes with monotonic goal-distance reduction. Kinematics is evaluated on 5 unique label waypoint(s), excluding consecutive duplicate terminal holds, and checks only that the trajectory stays within the configured bounds speed <= 15.00 m/s and acceleration <= 8.00 m/s^2, so kinematics passes. Goal is not reached within this label waypoint window. Safety passes: minimum clearance 2.62 m against manifest obstacles with 0 violating segment(s).""}",-0.35261314285714285,26.178570928571432,-2.5,-0.17404171428571424,26.642856642857144,-2.5,0.004529714285714137,27.10714235714286,-2.5,0.18310114285714274,27.57142807142857,-2.5,0.36167257142857157,28.035713785714286,-2.5
1773807500.673713684,1773807500.673713684,0.000,offline_ground_truth_window,"Environment section (T(v)):
- Current position NED is (-0.43, 25.94, -2.48) m.
- Current velocity is (0.00, 0.06, 0.00) m/s (speed 0.06 m/s).
- Goal position NED is (0.54, 28.50, -2.50) m.
- Output contract: predict exactly 5 waypoint x/y pairs in NED. The planner will set every waypoint z to goal z = -2.50 m before execution.
- Goal delta from current state is (0.97, 2.56, -0.02) m with distance 2.73 m.
- Obstacle pipeline: depth_camera_to_body_to_ned_current_frame.
- Current depth frame obstacle points projected into NED: 133. Nearest depth obstacle in NED is at (-1.05, 28.26, -2.56) m, relative vector (-0.62, 2.31, -0.08) m, distance 2.39 m.
- Depth validity fraction is 0.63. Global nearest obstacle distance is 2.20 m.
- Sector minimum distances [far_left, left, center, right, far_right] are [2.45, 2.20, 2.25, 4.92, 4.92] m.
- Nearest obstacle sector is left at 2.20 m and clearance status is caution.
- Lateral planning hint: right side is clearer.","{""waypoints"":[{""x"":-0.17404171428571424,""y"":26.642856642857144},{""x"":0.004529714285714137,""y"":27.10714235714286},{""x"":0.18310114285714274,""y"":27.57142807142857},{""x"":0.36167257142857157,""y"":28.035713785714286},{""x"":0.540244,""y"":28.4999995}],""reasoning"":""Selected waypoint 0 moves the reference anchor from 2.49 m to 1.99 m from goal immediately and to 0.00 m by the final waypoint, so progress is 0.50 m selected / 2.49 m final and passes with monotonic goal-distance reduction. Kinematics is evaluated on 5 unique label waypoint(s), excluding consecutive duplicate terminal holds, and checks only that the trajectory stays within the configured bounds speed <= 15.00 m/s and acceleration <= 8.00 m/s^2, so kinematics passes. Goal will be reached in 5 waypoint(s) within 0.35 m tolerance. Safety passes: minimum clearance 2.95 m against manifest obstacles with 0 violating segment(s).""}",-0.17404171428571424,26.642856642857144,-2.5,0.004529714285714137,27.10714235714286,-2.5,0.18310114285714274,27.57142807142857,-2.5,0.36167257142857157,28.035713785714286,-2.5,0.540244,28.4999995,-2.5
1773807509.119940519,1773807509.119940519,0.000,offline_ground_truth_window,"Environment section (T(v)):
- Current position NED is (-0.25, 26.41, -2.49) m.
- Current velocity is (0.03, 0.06, 0.00) m/s (speed 0.07 m/s).
- Goal position NED is (0.54, 28.50, -2.50) m.
- Output contract: predict exactly 5 waypoint x/y pairs in NED. The planner will set every waypoint z to goal z = -2.50 m before execution.
- Goal delta from current state is (0.79, 2.09, -0.01) m with distance 2.24 m.
- Obstacle pipeline: depth_camera_to_body_to_ned_current_frame.
- Current depth frame obstacle points projected into NED: 151. Nearest depth obstacle in NED is at (-0.54, 28.29, -2.58) m, relative vector (-0.28, 1.89, -0.09) m, distance 1.91 m.
- Depth validity fraction is 0.67. Global nearest obstacle distance is 1.75 m.
- Sector minimum distances [far_left, left, center, right, far_right] are [2.04, 1.75, 1.75, 2.29, 4.94] m.
- Nearest obstacle sector is left at 1.75 m and clearance status is caution.
- Lateral planning hint: right side is clearer.","{""waypoints"":[{""x"":0.540244,""y"":28.4999995},{""x"":0.540244,""y"":28.4999995},{""x"":0.540244,""y"":28.4999995},{""x"":0.540244,""y"":28.4999995},{""x"":0.540244,""y"":28.4999995}],""reasoning"":""Selected waypoint 0 moves the reference anchor from 1.99 m to 0.00 m from goal immediately and to 0.00 m by the final waypoint, so progress is 1.99 m selected / 1.99 m final and passes with monotonic goal-distance reduction. Kinematics is evaluated on 1 unique label waypoint(s), excluding consecutive duplicate terminal holds, and checks only that the trajectory stays within the configured bounds speed <= 15.00 m/s and acceleration <= 8.00 m/s^2, so kinematics passes. Goal will be reached in 1 waypoint(s) within 0.35 m tolerance. Safety passes: minimum clearance 3.15 m against manifest obstacles with 0 violating segment(s).""}",0.540244,28.4999995,-2.5,0.540244,28.4999995,-2.5,0.540244,28.4999995,-2.5,0.540244,28.4999995,-2.5,0.540244,28.4999995,-2.5
1773807515.750714540,1773807515.750714540,0.000,offline_ground_truth_window,"Environment section (T(v)):
- Current position NED is (-0.05, 26.86, -2.51) m.
- Current velocity is (0.01, 0.04, 0.01) m/s (speed 0.05 m/s).
- Goal position NED is (0.54, 28.50, -2.50) m.
- Output contract: predict exactly 5 waypoint x/y pairs in NED. The planner will set every waypoint z to goal z = -2.50 m before execution.
- Goal delta from current state is (0.59, 1.64, 0.01) m with distance 1.74 m.
- Obstacle pipeline: depth_camera_to_body_to_ned_current_frame.
- Current depth frame obstacle points projected into NED: 202. Nearest depth obstacle in NED is at (-0.33, 28.25, -2.60) m, relative vector (-0.28, 1.38, -0.09) m, distance 1.41 m.
- Depth validity fraction is 0.73. Global nearest obstacle distance is 1.26 m.
- Sector minimum distances [far_left, left, center, right, far_right] are [1.44, 1.26, 1.26, 1.38, 4.73] m.
- Nearest obstacle sector is left at 1.26 m and clearance status is blocked.
- Lateral planning hint: right side is clearer.","{""waypoints"":[{""x"":0.540244,""y"":28.4999995},{""x"":0.540244,""y"":28.4999995},{""x"":0.540244,""y"":28.4999995},{""x"":0.540244,""y"":28.4999995},{""x"":0.540244,""y"":28.4999995}],""reasoning"":""Selected waypoint 0 moves the reference anchor from 1.49 m to 0.00 m from goal immediately and to 0.00 m by the final waypoint, so progress is 1.49 m selected / 1.49 m final and passes with monotonic goal-distance reduction. Kinematics is evaluated on 1 unique label waypoint(s), excluding consecutive duplicate terminal holds, and checks only that the trajectory stays within the configured bounds speed <= 15.00 m/s and acceleration <= 8.00 m/s^2, so kinematics passes. Goal will be reached in 1 waypoint(s) within 0.35 m tolerance. Safety passes: minimum clearance 3.15 m against manifest obstacles with 0 violating segment(s).""}",0.540244,28.4999995,-2.5,0.540244,28.4999995,-2.5,0.540244,28.4999995,-2.5,0.540244,28.4999995,-2.5,0.540244,28.4999995,-2.5
1773807524.529973269,1773807524.529973269,0.000,offline_ground_truth_window,"Environment section (T(v)):
- Current position NED is (0.08, 27.35, -2.48) m.
- Current velocity is (0.03, 0.05, -0.00) m/s (speed 0.06 m/s).
- Goal position NED is (0.54, 28.50, -2.50) m.
- Output contract: predict exactly 5 waypoint x/y pairs in NED. The planner will set every waypoint z to goal z = -2.50 m before execution.
- Goal delta from current state is (0.46, 1.15, -0.02) m with distance 1.24 m.
- Obstacle pipeline: depth_camera_to_body_to_ned_current_frame.
- Current depth frame obstacle points projected into NED: 266. Nearest depth obstacle in NED is at (-0.03, 28.26, -2.53) m, relative vector (-0.11, 0.92, -0.04) m, distance 0.92 m.
- Depth validity fraction is 0.77. Global nearest obstacle distance is 0.79 m.
- Sector minimum distances [far_left, left, center, right, far_right] are [0.89, 0.79, 0.79, 0.80, 0.96] m.
- Nearest obstacle sector is center at 0.79 m and clearance status is blocked.
- Lateral planning hint: prefer center progress.","{""waypoints"":[{""x"":0.540244,""y"":28.4999995},{""x"":0.540244,""y"":28.4999995},{""x"":0.540244,""y"":28.4999995},{""x"":0.540244,""y"":28.4999995},{""x"":0.540244,""y"":28.4999995}],""reasoning"":""Selected waypoint 0 moves the reference anchor from 0.99 m to 0.00 m from goal immediately and to 0.00 m by the final waypoint, so progress is 0.99 m selected / 0.99 m final and passes with monotonic goal-distance reduction. Kinematics is evaluated on 1 unique label waypoint(s), excluding consecutive duplicate terminal holds, and checks only that the trajectory stays within the configured bounds speed <= 15.00 m/s and acceleration <= 8.00 m/s^2, so kinematics passes. Goal will be reached in 1 waypoint(s) within 0.35 m tolerance. Safety passes: minimum clearance 3.15 m against manifest obstacles with 0 violating segment(s).""}",0.540244,28.4999995,-2.5,0.540244,28.4999995,-2.5,0.540244,28.4999995,-2.5,0.540244,28.4999995,-2.5,0.540244,28.4999995,-2.5
1773807533.176041126,1773807533.176041126,0.000,offline_ground_truth_window,"Environment section (T(v)):
- Current position NED is (0.26, 27.81, -2.50) m.
- Current velocity is (0.02, 0.05, 0.00) m/s (speed 0.05 m/s).
- Goal position NED is (0.54, 28.50, -2.50) m.
- Output contract: predict exactly 5 waypoint x/y pairs in NED. The planner will set every waypoint z to goal z = -2.50 m before execution.
- Goal delta from current state is (0.28, 0.69, 0.00) m with distance 0.74 m.
- Obstacle pipeline: depth_camera_to_body_to_ned_current_frame.
- Current depth frame obstacle points projected into NED: 335. Nearest depth obstacle in NED is at (0.14, 28.54, -2.58) m, relative vector (-0.13, 0.73, -0.07) m, distance 0.75 m.
- Depth validity fraction is 0.80. Global nearest obstacle distance is 0.60 m.
- Sector minimum distances [far_left, left, center, right, far_right] are [0.60, 0.60, 0.60, 0.60, 0.60] m.
- Nearest obstacle sector is far_right at 0.60 m and clearance status is blocked.
- Lateral planning hint: prefer center progress.","{""waypoints"":[{""x"":0.540244,""y"":28.4999995},{""x"":0.540244,""y"":28.4999995},{""x"":0.540244,""y"":28.4999995},{""x"":0.540244,""y"":28.4999995},{""x"":0.540244,""y"":28.4999995}],""reasoning"":""Selected waypoint 0 moves the reference anchor from 0.50 m to 0.00 m from goal immediately and to 0.00 m by the final waypoint, so progress is 0.50 m selected / 0.50 m final and passes with monotonic goal-distance reduction. Kinematics is evaluated on 1 unique label waypoint(s), excluding consecutive duplicate terminal holds, and checks only that the trajectory stays within the configured bounds speed <= 15.00 m/s and acceleration <= 8.00 m/s^2, so kinematics passes. Goal will be reached in 1 waypoint(s) within 0.35 m tolerance. Safety passes: minimum clearance 3.15 m against manifest obstacles with 0 violating segment(s).""}",0.540244,28.4999995,-2.5,0.540244,28.4999995,-2.5,0.540244,28.4999995,-2.5,0.540244,28.4999995,-2.5,0.540244,28.4999995,-2.5
1773807539.614675045,1773807539.614675045,0.000,offline_ground_truth_window,"Environment section (T(v)):
- Current position NED is (0.40, 28.29, -2.50) m.
- Current velocity is (0.04, 0.09, 0.01) m/s (speed 0.09 m/s).
- Goal position NED is (0.54, 28.50, -2.50) m.
- Output contract: predict exactly 5 waypoint x/y pairs in NED. The planner will set every waypoint z to goal z = -2.50 m before execution.
- Goal delta from current state is (0.14, 0.21, 0.00) m with distance 0.25 m.
- Obstacle pipeline: depth_camera_to_body_to_ned_current_frame.
- Current depth frame obstacle points projected into NED: 307. Nearest depth obstacle in NED is at (0.58, 28.77, -2.24) m, relative vector (0.19, 0.48, 0.26) m, distance 0.57 m.
- Depth validity fraction is 0.80. Global nearest obstacle distance is 0.30 m.
- Sector minimum distances [far_left, left, center, right, far_right] are [0.60, 0.60, 0.47, 0.34, 0.30] m.
- Nearest obstacle sector is far_right at 0.30 m and clearance status is blocked.
- Lateral planning hint: prefer center progress.","{""waypoints"":[{""x"":0.540244,""y"":28.4999995},{""x"":0.540244,""y"":28.4999995},{""x"":0.540244,""y"":28.4999995},{""x"":0.540244,""y"":28.4999995},{""x"":0.540244,""y"":28.4999995}],""reasoning"":""Selected waypoint 0 moves the reference anchor from 0.00 m to 0.00 m from goal immediately and to 0.00 m by the final waypoint, so progress is 0.00 m selected / 0.00 m final and fails with monotonic goal-distance reduction. Kinematics is evaluated on 1 unique label waypoint(s), excluding consecutive duplicate terminal holds, and checks only that the trajectory stays within the configured bounds speed <= 15.00 m/s and acceleration <= 8.00 m/s^2, so kinematics passes. Goal has already been reached at the reference anchor within 0.35 m tolerance. Safety passes: minimum clearance 3.15 m against manifest obstacles with 0 violating segment(s).""}",0.540244,28.4999995,-2.5,0.540244,28.4999995,-2.5,0.540244,28.4999995,-2.5,0.540244,28.4999995,-2.5,0.540244,28.4999995,-2.5
