anchor_stamp_s,scene_stamp_s,sync_dt_ms,label_mode,prompt,label_waypoints_json,wp0_x,wp0_y,wp0_z,wp1_x,wp1_y,wp1_z,wp2_x,wp2_y,wp2_z,wp3_x,wp3_y,wp3_z,wp4_x,wp4_y,wp4_z
1773811489.219061136,1773811489.219061136,0.000,offline_ground_truth_window,"Environment section (T(v)):
- Current position NED is (-0.03, 0.01, -2.48) m.
- Current velocity is (-0.00, -0.00, -0.00) m/s (speed 0.00 m/s).
- Goal position NED is (0.95, 27.99, -2.50) m.
- Output contract: predict exactly 5 waypoint x/y pairs in NED. The planner will set every waypoint z to goal z = -2.50 m before execution.
- Goal delta from current state is (0.98, 27.98, -0.02) m with distance 28.00 m.
- Obstacle pipeline: depth_camera_to_body_to_ned_current_frame.
- Current depth frame obstacle points projected into NED: 51. Nearest depth obstacle in NED is at (0.10, 0.40, -2.35) m, relative vector (0.13, 0.39, 0.13) m, distance 0.43 m.
- Depth validity fraction is 0.55. Global nearest obstacle distance is 0.24 m.
- Sector minimum distances [far_left, left, center, right, far_right] are [4.93, 4.93, 4.93, 0.28, 0.24] m.
- Nearest obstacle sector is far_right at 0.24 m and clearance status is blocked.
- Lateral planning hint: left side is clearer.","{""waypoints"":[{""x"":-0.03074014035087763,""y"":0.48079907017543894},{""x"":-0.013196280701754826,""y"":0.9720271403508776},{""x"":0.0043475789473679805,""y"":1.4632552105263161},{""x"":0.021891438596490786,""y"":1.9544832807017547},{""x"":0.03943529824561359,""y"":2.445711350877193}],""reasoning"":""Selected waypoint 0 moves the reference anchor from 28.02 m to 27.53 m from goal immediately and to 25.56 m by the final waypoint, so progress is 0.49 m selected / 2.46 m final and passes with monotonic goal-distance reduction. Kinematics is evaluated on 5 unique label waypoint(s), excluding consecutive duplicate terminal holds, and checks only that the trajectory stays within the configured bounds speed <= 15.00 m/s and acceleration <= 8.00 m/s^2, so kinematics passes. Goal is not reached within this label waypoint window. Safety passes: minimum clearance 5.75 m against manifest obstacles with 0 violating segment(s).""}",-0.03074014035087763,0.48079907017543894,-2.5,-0.013196280701754826,0.9720271403508776,-2.5,0.0043475789473679805,1.4632552105263161,-2.5,0.021891438596490786,1.9544832807017547,-2.5,0.03943529824561359,2.445711350877193,-2.5
1773811493.916236639,1773811493.916236639,0.000,offline_ground_truth_window,"Environment section (T(v)):
- Current position NED is (-0.04, 0.24, -2.52) m.
- Current velocity is (-0.01, 0.06, 0.01) m/s (speed 0.06 m/s).
- Goal position NED is (0.95, 27.99, -2.50) m.
- Output contract: predict exactly 5 waypoint x/y pairs in NED. The planner will set every waypoint z to goal z = -2.50 m before execution.
- Goal delta from current state is (0.99, 27.75, 0.02) m with distance 27.77 m.
- Obstacle pipeline: depth_camera_to_body_to_ned_current_frame.
- Current depth frame obstacle points projected into NED: 0. Nearest depth obstacle in NED is at (-0.04, 0.24, -2.52) m, relative vector (20.00, 0.00, 0.00) m, distance 20.00 m.
- Depth validity fraction is 0.54. Global nearest obstacle distance is 5.04 m.
- Sector minimum distances [far_left, left, center, right, far_right] are [5.04, 5.05, 5.05, 5.05, 5.05] m.
- Nearest obstacle sector is far_left at 5.04 m and clearance status is clear.
- Lateral planning hint: prefer center progress.","{""waypoints"":[{""x"":-0.013196280701754826,""y"":0.9720271403508776},{""x"":0.0043475789473679805,""y"":1.4632552105263161},{""x"":0.021891438596490786,""y"":1.9544832807017547},{""x"":0.03943529824561359,""y"":2.445711350877193},{""x"":0.0569791578947364,""y"":2.9369394210526316}],""reasoning"":""Selected waypoint 0 moves the reference anchor from 27.53 m to 27.03 m from goal immediately and to 25.07 m by the final waypoint, so progress is 0.49 m selected / 2.46 m final and passes with monotonic goal-distance reduction. Kinematics is evaluated on 5 unique label waypoint(s), excluding consecutive duplicate terminal holds, and checks only that the trajectory stays within the configured bounds speed <= 15.00 m/s and acceleration <= 8.00 m/s^2, so kinematics passes. Goal is not reached within this label waypoint window. Safety passes: minimum clearance 5.77 m against manifest obstacles with 0 violating segment(s).""}",-0.013196280701754826,0.9720271403508776,-2.5,0.0043475789473679805,1.4632552105263161,-2.5,0.021891438596490786,1.9544832807017547,-2.5,0.03943529824561359,2.445711350877193,-2.5,0.0569791578947364,2.9369394210526316,-2.5
1773811500.008301735,1773811500.008301735,0.000,offline_ground_truth_window,"Environment section (T(v)):
- Current position NED is (0.03, 0.73, -2.54) m.
- Current velocity is (0.00, 0.07, 0.02) m/s (speed 0.07 m/s).
- Goal position NED is (0.95, 27.99, -2.50) m.
- Output contract: predict exactly 5 waypoint x/y pairs in NED. The planner will set every waypoint z to goal z = -2.50 m before execution.
- Goal delta from current state is (0.92, 27.26, 0.04) m with distance 27.28 m.
- Obstacle pipeline: depth_camera_to_body_to_ned_current_frame.
- Current depth frame obstacle points projected into NED: 2. Nearest depth obstacle in NED is at (-4.90, 11.33, -2.28) m, relative vector (-4.93, 10.60, 0.26) m, distance 11.70 m.
- Depth validity fraction is 0.54. Global nearest obstacle distance is 5.03 m.
- Sector minimum distances [far_left, left, center, right, far_right] are [5.07, 5.06, 5.05, 5.04, 5.03] m.
- Nearest obstacle sector is far_right at 5.03 m and clearance status is clear.
- Lateral planning hint: prefer center progress.","{""waypoints"":[{""x"":0.0043475789473679805,""y"":1.4632552105263161},{""x"":0.021891438596490786,""y"":1.9544832807017547},{""x"":0.03943529824561359,""y"":2.445711350877193},{""x"":0.0569791578947364,""y"":2.9369394210526316},{""x"":0.0745230175438592,""y"":3.4281674912280704}],""reasoning"":""Selected waypoint 0 moves the reference anchor from 27.03 m to 26.54 m from goal immediately and to 24.58 m by the final waypoint, so progress is 0.49 m selected / 2.46 m final and passes with monotonic goal-distance reduction. Kinematics is evaluated on 5 unique label waypoint(s), excluding consecutive duplicate terminal holds, and checks only that the trajectory stays within the configured bounds speed <= 15.00 m/s and acceleration <= 8.00 m/s^2, so kinematics passes. Goal is not reached within this label waypoint window. Safety passes: minimum clearance 5.79 m against manifest obstacles with 0 violating segment(s).""}",0.0043475789473679805,1.4632552105263161,-2.5,0.021891438596490786,1.9544832807017547,-2.5,0.03943529824561359,2.445711350877193,-2.5,0.0569791578947364,2.9369394210526316,-2.5,0.0745230175438592,3.4281674912280704,-2.5
1773811507.515830994,1773811507.515830994,0.000,offline_ground_truth_window,"Environment section (T(v)):
- Current position NED is (-0.00, 1.22, -2.51) m.
- Current velocity is (-0.01, 0.07, 0.01) m/s (speed 0.07 m/s).
- Goal position NED is (0.95, 27.99, -2.50) m.
- Output contract: predict exactly 5 waypoint x/y pairs in NED. The planner will set every waypoint z to goal z = -2.50 m before execution.
- Goal delta from current state is (0.95, 26.77, 0.01) m with distance 26.79 m.
- Obstacle pipeline: depth_camera_to_body_to_ned_current_frame.
- Current depth frame obstacle points projected into NED: 2. Nearest depth obstacle in NED is at (-4.92, 11.28, -2.71) m, relative vector (-4.92, 10.06, -0.20) m, distance 11.20 m.
- Depth validity fraction is 0.55. Global nearest obstacle distance is 4.99 m.
- Sector minimum distances [far_left, left, center, right, far_right] are [4.99, 4.99, 4.99, 4.99, 4.99] m.
- Nearest obstacle sector is far_left at 4.99 m and clearance status is clear.
- Lateral planning hint: prefer center progress.","{""waypoints"":[{""x"":0.021891438596490786,""y"":1.9544832807017547},{""x"":0.03943529824561359,""y"":2.445711350877193},{""x"":0.0569791578947364,""y"":2.9369394210526316},{""x"":0.0745230175438592,""y"":3.4281674912280704},{""x"":0.09206687719298201,""y"":3.9193955614035088}],""reasoning"":""Selected waypoint 0 moves the reference anchor from 26.54 m to 26.05 m from goal immediately and to 24.09 m by the final waypoint, so progress is 0.49 m selected / 2.46 m final and passes with monotonic goal-distance reduction. Kinematics is evaluated on 5 unique label waypoint(s), excluding consecutive duplicate terminal holds, and checks only that the trajectory stays within the configured bounds speed <= 15.00 m/s and acceleration <= 8.00 m/s^2, so kinematics passes. Goal is not reached within this label waypoint window. Safety passes: minimum clearance 5.80 m against manifest obstacles with 0 violating segment(s).""}",0.021891438596490786,1.9544832807017547,-2.5,0.03943529824561359,2.445711350877193,-2.5,0.0569791578947364,2.9369394210526316,-2.5,0.0745230175438592,3.4281674912280704,-2.5,0.09206687719298201,3.9193955614035088,-2.5
1773811513.466416121,1773811513.466416121,0.000,offline_ground_truth_window,"Environment section (T(v)):
- Current position NED is (0.01, 1.71, -2.50) m.
- Current velocity is (-0.00, 0.08, 0.01) m/s (speed 0.08 m/s).
- Goal position NED is (0.95, 27.99, -2.50) m.
- Output contract: predict exactly 5 waypoint x/y pairs in NED. The planner will set every waypoint z to goal z = -2.50 m before execution.
- Goal delta from current state is (0.94, 26.28, 0.00) m with distance 26.30 m.
- Obstacle pipeline: depth_camera_to_body_to_ned_current_frame.
- Current depth frame obstacle points projected into NED: 0. Nearest depth obstacle in NED is at (0.01, 1.71, -2.50) m, relative vector (20.00, 0.00, 0.00) m, distance 20.00 m.
- Depth validity fraction is 0.56. Global nearest obstacle distance is 4.97 m.
- Sector minimum distances [far_left, left, center, right, far_right] are [4.98, 4.98, 4.98, 4.97, 4.97] m.
- Nearest obstacle sector is far_right at 4.97 m and clearance status is clear.
- Lateral planning hint: prefer center progress.","{""waypoints"":[{""x"":0.03943529824561359,""y"":2.445711350877193},{""x"":0.0569791578947364,""y"":2.9369394210526316},{""x"":0.0745230175438592,""y"":3.4281674912280704},{""x"":0.09206687719298201,""y"":3.9193955614035088},{""x"":0.10961073684210482,""y"":4.4106236315789475}],""reasoning"":""Selected waypoint 0 moves the reference anchor from 26.05 m to 25.56 m from goal immediately and to 23.59 m by the final waypoint, so progress is 0.49 m selected / 2.46 m final and passes with monotonic goal-distance reduction. Kinematics is evaluated on 5 unique label waypoint(s), excluding consecutive duplicate terminal holds, and checks only that the trajectory stays within the configured bounds speed <= 15.00 m/s and acceleration <= 8.00 m/s^2, so kinematics passes. Goal is not reached within this label waypoint window. Safety passes: minimum clearance 5.82 m against manifest obstacles with 0 violating segment(s).""}",0.03943529824561359,2.445711350877193,-2.5,0.0569791578947364,2.9369394210526316,-2.5,0.0745230175438592,3.4281674912280704,-2.5,0.09206687719298201,3.9193955614035088,-2.5,0.10961073684210482,4.4106236315789475,-2.5
1773811520.334407568,1773811520.334407568,0.000,offline_ground_truth_window,"Environment section (T(v)):
- Current position NED is (0.00, 2.20, -2.49) m.
- Current velocity is (0.02, 0.06, 0.00) m/s (speed 0.06 m/s).
- Goal position NED is (0.95, 27.99, -2.50) m.
- Output contract: predict exactly 5 waypoint x/y pairs in NED. The planner will set every waypoint z to goal z = -2.50 m before execution.
- Goal delta from current state is (0.95, 25.79, -0.01) m with distance 25.80 m.
- Obstacle pipeline: depth_camera_to_body_to_ned_current_frame.
- Current depth frame obstacle points projected into NED: 1. Nearest depth obstacle in NED is at (-4.58, 11.45, -2.63) m, relative vector (-4.58, 9.24, -0.14) m, distance 10.32 m.
- Depth validity fraction is 0.56. Global nearest obstacle distance is 4.90 m.
- Sector minimum distances [far_left, left, center, right, far_right] are [4.90, 4.90, 4.90, 4.90, 4.90] m.
- Nearest obstacle sector is far_right at 4.90 m and clearance status is clear.
- Lateral planning hint: prefer center progress.","{""waypoints"":[{""x"":0.0569791578947364,""y"":2.9369394210526316},{""x"":0.0745230175438592,""y"":3.4281674912280704},{""x"":0.09206687719298201,""y"":3.9193955614035088},{""x"":0.10961073684210482,""y"":4.4106236315789475},{""x"":0.12715459649122762,""y"":4.901851701754386}],""reasoning"":""Selected waypoint 0 moves the reference anchor from 25.56 m to 25.07 m from goal immediately and to 23.10 m by the final waypoint, so progress is 0.49 m selected / 2.46 m final and passes with monotonic goal-distance reduction. Kinematics is evaluated on 5 unique label waypoint(s), excluding consecutive duplicate terminal holds, and checks only that the trajectory stays within the configured bounds speed <= 15.00 m/s and acceleration <= 8.00 m/s^2, so kinematics passes. Goal is not reached within this label waypoint window. Safety passes: minimum clearance 5.84 m against manifest obstacles with 0 violating segment(s).""}",0.0569791578947364,2.9369394210526316,-2.5,0.0745230175438592,3.4281674912280704,-2.5,0.09206687719298201,3.9193955614035088,-2.5,0.10961073684210482,4.4106236315789475,-2.5,0.12715459649122762,4.901851701754386,-2.5
1773811525.009449244,1773811525.009449244,0.000,offline_ground_truth_window,"Environment section (T(v)):
- Current position NED is (0.08, 2.69, -2.50) m.
- Current velocity is (0.00, 0.11, 0.01) m/s (speed 0.11 m/s).
- Goal position NED is (0.95, 27.99, -2.50) m.
- Output contract: predict exactly 5 waypoint x/y pairs in NED. The planner will set every waypoint z to goal z = -2.50 m before execution.
- Goal delta from current state is (0.87, 25.30, 0.00) m with distance 25.31 m.
- Obstacle pipeline: depth_camera_to_body_to_ned_current_frame.
- Current depth frame obstacle points projected into NED: 1. Nearest depth obstacle in NED is at (-4.68, 11.29, -2.24) m, relative vector (-4.75, 8.60, 0.26) m, distance 9.83 m.
- Depth validity fraction is 0.56. Global nearest obstacle distance is 4.85 m.
- Sector minimum distances [far_left, left, center, right, far_right] are [4.88, 4.87, 4.86, 4.86, 4.85] m.
- Nearest obstacle sector is far_right at 4.85 m and clearance status is clear.
- Lateral planning hint: prefer center progress.","{""waypoints"":[{""x"":0.0745230175438592,""y"":3.4281674912280704},{""x"":0.09206687719298201,""y"":3.9193955614035088},{""x"":0.10961073684210482,""y"":4.4106236315789475},{""x"":0.12715459649122762,""y"":4.901851701754386},{""x"":0.14469845614035043,""y"":5.393079771929825}],""reasoning"":""Selected waypoint 0 moves the reference anchor from 25.07 m to 24.58 m from goal immediately and to 22.61 m by the final waypoint, so progress is 0.49 m selected / 2.46 m final and passes with monotonic goal-distance reduction. Kinematics is evaluated on 5 unique label waypoint(s), excluding consecutive duplicate terminal holds, and checks only that the trajectory stays within the configured bounds speed <= 15.00 m/s and acceleration <= 8.00 m/s^2, so kinematics passes. Goal is not reached within this label waypoint window. Safety passes: minimum clearance 5.86 m against manifest obstacles with 0 violating segment(s).""}",0.0745230175438592,3.4281674912280704,-2.5,0.09206687719298201,3.9193955614035088,-2.5,0.10961073684210482,4.4106236315789475,-2.5,0.12715459649122762,4.901851701754386,-2.5,0.14469845614035043,5.393079771929825,-2.5
1773811532.322756052,1773811532.322756052,0.000,offline_ground_truth_window,"Environment section (T(v)):
- Current position NED is (0.02, 3.19, -2.49) m.
- Current velocity is (0.02, 0.08, 0.01) m/s (speed 0.08 m/s).
- Goal position NED is (0.95, 27.99, -2.50) m.
- Output contract: predict exactly 5 waypoint x/y pairs in NED. The planner will set every waypoint z to goal z = -2.50 m before execution.
- Goal delta from current state is (0.93, 24.80, -0.01) m with distance 24.82 m.
- Obstacle pipeline: depth_camera_to_body_to_ned_current_frame.
- Current depth frame obstacle points projected into NED: 0. Nearest depth obstacle in NED is at (0.02, 3.19, -2.49) m, relative vector (20.00, 0.00, 0.00) m, distance 20.00 m.
- Depth validity fraction is 0.55. Global nearest obstacle distance is 5.00 m.
- Sector minimum distances [far_left, left, center, right, far_right] are [5.01, 5.01, 5.00, 5.00, 5.00] m.
- Nearest obstacle sector is far_right at 5.00 m and clearance status is clear.
- Lateral planning hint: prefer center progress.","{""waypoints"":[{""x"":0.09206687719298201,""y"":3.9193955614035088},{""x"":0.10961073684210482,""y"":4.4106236315789475},{""x"":0.12715459649122762,""y"":4.901851701754386},{""x"":0.14469845614035043,""y"":5.393079771929825},{""x"":0.16224231578947323,""y"":5.8843078421052635}],""reasoning"":""Selected waypoint 0 moves the reference anchor from 24.58 m to 24.09 m from goal immediately and to 22.12 m by the final waypoint, so progress is 0.49 m selected / 2.46 m final and passes with monotonic goal-distance reduction. Kinematics is evaluated on 5 unique label waypoint(s), excluding consecutive duplicate terminal holds, and checks only that the trajectory stays within the configured bounds speed <= 15.00 m/s and acceleration <= 8.00 m/s^2, so kinematics passes. Goal is not reached within this label waypoint window. Safety passes: minimum clearance 5.87 m against manifest obstacles with 0 violating segment(s).""}",0.09206687719298201,3.9193955614035088,-2.5,0.10961073684210482,4.4106236315789475,-2.5,0.12715459649122762,4.901851701754386,-2.5,0.14469845614035043,5.393079771929825,-2.5,0.16224231578947323,5.8843078421052635,-2.5
1773811539.417917967,1773811539.417917967,0.000,offline_ground_truth_window,"Environment section (T(v)):
- Current position NED is (0.07, 3.67, -2.54) m.
- Current velocity is (0.01, 0.07, 0.02) m/s (speed 0.07 m/s).
- Goal position NED is (0.95, 27.99, -2.50) m.
- Output contract: predict exactly 5 waypoint x/y pairs in NED. The planner will set every waypoint z to goal z = -2.50 m before execution.
- Goal delta from current state is (0.88, 24.31, 0.04) m with distance 24.33 m.
- Obstacle pipeline: depth_camera_to_body_to_ned_current_frame.
- Current depth frame obstacle points projected into NED: 3. Nearest depth obstacle in NED is at (-4.35, 11.41, -2.35) m, relative vector (-4.42, 7.74, 0.19) m, distance 8.92 m.
- Depth validity fraction is 0.56. Global nearest obstacle distance is 5.02 m.
- Sector minimum distances [far_left, left, center, right, far_right] are [5.02, 5.02, 5.02, 5.02, 5.02] m.
- Nearest obstacle sector is far_right at 5.02 m and clearance status is clear.
- Lateral planning hint: prefer center progress.","{""waypoints"":[{""x"":0.10961073684210482,""y"":4.4106236315789475},{""x"":0.12715459649122762,""y"":4.901851701754386},{""x"":0.14469845614035043,""y"":5.393079771929825},{""x"":0.16224231578947323,""y"":5.8843078421052635},{""x"":0.17978617543859604,""y"":6.375535912280702}],""reasoning"":""Selected waypoint 0 moves the reference anchor from 24.09 m to 23.59 m from goal immediately and to 21.63 m by the final waypoint, so progress is 0.49 m selected / 2.46 m final and passes with monotonic goal-distance reduction. Kinematics is evaluated on 5 unique label waypoint(s), excluding consecutive duplicate terminal holds, and checks only that the trajectory stays within the configured bounds speed <= 15.00 m/s and acceleration <= 8.00 m/s^2, so kinematics passes. Goal is not reached within this label waypoint window. Safety passes: minimum clearance 5.89 m against manifest obstacles with 0 violating segment(s).""}",0.10961073684210482,4.4106236315789475,-2.5,0.12715459649122762,4.901851701754386,-2.5,0.14469845614035043,5.393079771929825,-2.5,0.16224231578947323,5.8843078421052635,-2.5,0.17978617543859604,6.375535912280702,-2.5
1773811546.330125093,1773811546.330125093,0.000,offline_ground_truth_window,"Environment section (T(v)):
- Current position NED is (0.10, 4.17, -2.49) m.
- Current velocity is (-0.02, 0.05, 0.01) m/s (speed 0.05 m/s).
- Goal position NED is (0.95, 27.99, -2.50) m.
- Output contract: predict exactly 5 waypoint x/y pairs in NED. The planner will set every waypoint z to goal z = -2.50 m before execution.
- Goal delta from current state is (0.85, 23.82, -0.01) m with distance 23.84 m.
- Obstacle pipeline: depth_camera_to_body_to_ned_current_frame.
- Current depth frame obstacle points projected into NED: 5. Nearest depth obstacle in NED is at (-4.27, 11.37, -2.30) m, relative vector (-4.37, 7.20, 0.18) m, distance 8.42 m.
- Depth validity fraction is 0.56. Global nearest obstacle distance is 4.95 m.
- Sector minimum distances [far_left, left, center, right, far_right] are [4.95, 4.96, 4.96, 4.97, 4.97] m.
- Nearest obstacle sector is far_left at 4.95 m and clearance status is clear.
- Lateral planning hint: prefer center progress.","{""waypoints"":[{""x"":0.12715459649122762,""y"":4.901851701754386},{""x"":0.14469845614035043,""y"":5.393079771929825},{""x"":0.16224231578947323,""y"":5.8843078421052635},{""x"":0.17978617543859604,""y"":6.375535912280702},{""x"":0.19733003508771885,""y"":6.866763982456141}],""reasoning"":""Selected waypoint 0 moves the reference anchor from 23.59 m to 23.10 m from goal immediately and to 21.14 m by the final waypoint, so progress is 0.49 m selected / 2.46 m final and passes with monotonic goal-distance reduction. Kinematics is evaluated on 5 unique label waypoint(s), excluding consecutive duplicate terminal holds, and checks only that the trajectory stays within the configured bounds speed <= 15.00 m/s and acceleration <= 8.00 m/s^2, so kinematics passes. Goal is not reached within this label waypoint window. Safety passes: minimum clearance 5.90 m against manifest obstacles with 0 violating segment(s).""}",0.12715459649122762,4.901851701754386,-2.5,0.14469845614035043,5.393079771929825,-2.5,0.16224231578947323,5.8843078421052635,-2.5,0.17978617543859604,6.375535912280702,-2.5,0.19733003508771885,6.866763982456141,-2.5
1773811553.206540585,1773811553.206540585,0.000,offline_ground_truth_window,"Environment section (T(v)):
- Current position NED is (0.14, 4.66, -2.49) m.
- Current velocity is (-0.01, 0.06, -0.00) m/s (speed 0.06 m/s).
- Goal position NED is (0.95, 27.99, -2.50) m.
- Output contract: predict exactly 5 waypoint x/y pairs in NED. The planner will set every waypoint z to goal z = -2.50 m before execution.
- Goal delta from current state is (0.81, 23.33, -0.01) m with distance 23.35 m.
- Obstacle pipeline: depth_camera_to_body_to_ned_current_frame.
- Current depth frame obstacle points projected into NED: 2. Nearest depth obstacle in NED is at (-4.20, 11.37, -2.71) m, relative vector (-4.34, 6.71, -0.21) m, distance 7.99 m.
- Depth validity fraction is 0.56. Global nearest obstacle distance is 4.92 m.
- Sector minimum distances [far_left, left, center, right, far_right] are [4.92, 4.92, 4.92, 4.92, 4.92] m.
- Nearest obstacle sector is far_left at 4.92 m and clearance status is clear.
- Lateral planning hint: prefer center progress.","{""waypoints"":[{""x"":0.14469845614035043,""y"":5.393079771929825},{""x"":0.16224231578947323,""y"":5.8843078421052635},{""x"":0.17978617543859604,""y"":6.375535912280702},{""x"":0.19733003508771885,""y"":6.866763982456141},{""x"":0.21487389473684165,""y"":7.357992052631579}],""reasoning"":""Selected waypoint 0 moves the reference anchor from 23.10 m to 22.61 m from goal immediately and to 20.64 m by the final waypoint, so progress is 0.49 m selected / 2.46 m final and passes with monotonic goal-distance reduction. Kinematics is evaluated on 5 unique label waypoint(s), excluding consecutive duplicate terminal holds, and checks only that the trajectory stays within the configured bounds speed <= 15.00 m/s and acceleration <= 8.00 m/s^2, so kinematics passes. Goal is not reached within this label waypoint window. Safety passes: minimum clearance 5.53 m against manifest obstacles with 0 violating segment(s).""}",0.14469845614035043,5.393079771929825,-2.5,0.16224231578947323,5.8843078421052635,-2.5,0.17978617543859604,6.375535912280702,-2.5,0.19733003508771885,6.866763982456141,-2.5,0.21487389473684165,7.357992052631579,-2.5
1773811560.001253128,1773811560.001253128,0.000,offline_ground_truth_window,"Environment section (T(v)):
- Current position NED is (0.17, 5.15, -2.50) m.
- Current velocity is (-0.01, 0.09, 0.00) m/s (speed 0.09 m/s).
- Goal position NED is (0.95, 27.99, -2.50) m.
- Output contract: predict exactly 5 waypoint x/y pairs in NED. The planner will set every waypoint z to goal z = -2.50 m before execution.
- Goal delta from current state is (0.78, 22.84, 0.00) m with distance 22.85 m.
- Obstacle pipeline: depth_camera_to_body_to_ned_current_frame.
- Current depth frame obstacle points projected into NED: 3. Nearest depth obstacle in NED is at (-3.98, 11.46, -2.03) m, relative vector (-4.15, 6.31, 0.47) m, distance 7.57 m.
- Depth validity fraction is 0.56. Global nearest obstacle distance is 4.89 m.
- Sector minimum distances [far_left, left, center, right, far_right] are [4.90, 4.89, 4.89, 4.89, 4.89] m.
- Nearest obstacle sector is far_right at 4.89 m and clearance status is clear.
- Lateral planning hint: prefer center progress.","{""waypoints"":[{""x"":0.16224231578947323,""y"":5.8843078421052635},{""x"":0.17978617543859604,""y"":6.375535912280702},{""x"":0.19733003508771885,""y"":6.866763982456141},{""x"":0.21487389473684165,""y"":7.357992052631579},{""x"":0.23241775438596446,""y"":7.849220122807018}],""reasoning"":""Selected waypoint 0 moves the reference anchor from 22.61 m to 22.12 m from goal immediately and to 20.15 m by the final waypoint, so progress is 0.49 m selected / 2.46 m final and passes with monotonic goal-distance reduction. Kinematics is evaluated on 5 unique label waypoint(s), excluding consecutive duplicate terminal holds, and checks only that the trajectory stays within the configured bounds speed <= 15.00 m/s and acceleration <= 8.00 m/s^2, so kinematics passes. Goal is not reached within this label waypoint window. Safety passes: minimum clearance 5.18 m against manifest obstacles with 0 violating segment(s).""}",0.16224231578947323,5.8843078421052635,-2.5,0.17978617543859604,6.375535912280702,-2.5,0.19733003508771885,6.866763982456141,-2.5,0.21487389473684165,7.357992052631579,-2.5,0.23241775438596446,7.849220122807018,-2.5
1773811568.479388237,1773811568.479388237,0.000,offline_ground_truth_window,"Environment section (T(v)):
- Current position NED is (0.13, 5.64, -2.47) m.
- Current velocity is (0.01, 0.07, 0.01) m/s (speed 0.07 m/s).
- Goal position NED is (0.95, 27.99, -2.50) m.
- Output contract: predict exactly 5 waypoint x/y pairs in NED. The planner will set every waypoint z to goal z = -2.50 m before execution.
- Goal delta from current state is (0.82, 22.34, -0.03) m with distance 22.36 m.
- Obstacle pipeline: depth_camera_to_body_to_ned_current_frame.
- Current depth frame obstacle points projected into NED: 7. Nearest depth obstacle in NED is at (-3.96, 11.48, -2.53) m, relative vector (-4.09, 5.83, -0.07) m, distance 7.12 m.
- Depth validity fraction is 0.55. Global nearest obstacle distance is 4.97 m.
- Sector minimum distances [far_left, left, center, right, far_right] are [4.97, 4.97, 4.97, 4.97, 4.97] m.
- Nearest obstacle sector is far_left at 4.97 m and clearance status is clear.
- Lateral planning hint: prefer center progress.","{""waypoints"":[{""x"":0.17978617543859604,""y"":6.375535912280702},{""x"":0.19733003508771885,""y"":6.866763982456141},{""x"":0.21487389473684165,""y"":7.357992052631579},{""x"":0.23241775438596446,""y"":7.849220122807018},{""x"":0.24996161403508727,""y"":8.340448192982455}],""reasoning"":""Selected waypoint 0 moves the reference anchor from 22.12 m to 21.63 m from goal immediately and to 19.66 m by the final waypoint, so progress is 0.49 m selected / 2.46 m final and passes with monotonic goal-distance reduction. Kinematics is evaluated on 5 unique label waypoint(s), excluding consecutive duplicate terminal holds, and checks only that the trajectory stays within the configured bounds speed <= 15.00 m/s and acceleration <= 8.00 m/s^2, so kinematics passes. Goal is not reached within this label waypoint window. Safety passes: minimum clearance 4.85 m against manifest obstacles with 0 violating segment(s).""}",0.17978617543859604,6.375535912280702,-2.5,0.19733003508771885,6.866763982456141,-2.5,0.21487389473684165,7.357992052631579,-2.5,0.23241775438596446,7.849220122807018,-2.5,0.24996161403508727,8.340448192982455,-2.5
1773811577.620671511,1773811577.620671511,0.000,offline_ground_truth_window,"Environment section (T(v)):
- Current position NED is (0.17, 6.14, -2.49) m.
- Current velocity is (0.00, 0.06, 0.00) m/s (speed 0.06 m/s).
- Goal position NED is (0.95, 27.99, -2.50) m.
- Output contract: predict exactly 5 waypoint x/y pairs in NED. The planner will set every waypoint z to goal z = -2.50 m before execution.
- Goal delta from current state is (0.78, 21.85, -0.01) m with distance 21.87 m.
- Obstacle pipeline: depth_camera_to_body_to_ned_current_frame.
- Current depth frame obstacle points projected into NED: 7. Nearest depth obstacle in NED is at (-3.80, 11.55, -2.34) m, relative vector (-3.97, 5.41, 0.15) m, distance 6.71 m.
- Depth validity fraction is 0.56. Global nearest obstacle distance is 4.97 m.
- Sector minimum distances [far_left, left, center, right, far_right] are [4.98, 4.97, 4.97, 4.97, 4.97] m.
- Nearest obstacle sector is far_right at 4.97 m and clearance status is clear.
- Lateral planning hint: prefer center progress.","{""waypoints"":[{""x"":0.19733003508771885,""y"":6.866763982456141},{""x"":0.21487389473684165,""y"":7.357992052631579},{""x"":0.23241775438596446,""y"":7.849220122807018},{""x"":0.24996161403508727,""y"":8.340448192982455},{""x"":0.26750547368421007,""y"":8.831676263157894}],""reasoning"":""Selected waypoint 0 moves the reference anchor from 21.63 m to 21.14 m from goal immediately and to 19.17 m by the final waypoint, so progress is 0.49 m selected / 2.46 m final and passes with monotonic goal-distance reduction. Kinematics is evaluated on 5 unique label waypoint(s), excluding consecutive duplicate terminal holds, and checks only that the trajectory stays within the configured bounds speed <= 15.00 m/s and acceleration <= 8.00 m/s^2, so kinematics passes. Goal is not reached within this label waypoint window. Safety passes: minimum clearance 4.55 m against manifest obstacles with 0 violating segment(s).""}",0.19733003508771885,6.866763982456141,-2.5,0.21487389473684165,7.357992052631579,-2.5,0.23241775438596446,7.849220122807018,-2.5,0.24996161403508727,8.340448192982455,-2.5,0.26750547368421007,8.831676263157894,-2.5
1773811585.804432869,1773811585.804432869,0.000,offline_ground_truth_window,"Environment section (T(v)):
- Current position NED is (0.19, 6.62, -2.51) m.
- Current velocity is (-0.00, 0.06, 0.01) m/s (speed 0.06 m/s).
- Goal position NED is (0.95, 27.99, -2.50) m.
- Output contract: predict exactly 5 waypoint x/y pairs in NED. The planner will set every waypoint z to goal z = -2.50 m before execution.
- Goal delta from current state is (0.76, 21.37, 0.01) m with distance 21.38 m.
- Obstacle pipeline: depth_camera_to_body_to_ned_current_frame.
- Current depth frame obstacle points projected into NED: 1. Nearest depth obstacle in NED is at (-3.76, 11.52, -2.61) m, relative vector (-3.95, 4.90, -0.10) m, distance 6.30 m.
- Depth validity fraction is 0.55. Global nearest obstacle distance is 4.96 m.
- Sector minimum distances [far_left, left, center, right, far_right] are [4.96, 5.01, 5.01, 5.01, 5.01] m.
- Nearest obstacle sector is far_left at 4.96 m and clearance status is clear.
- Lateral planning hint: prefer center progress.","{""waypoints"":[{""x"":0.21487389473684165,""y"":7.357992052631579},{""x"":0.23241775438596446,""y"":7.849220122807018},{""x"":0.24996161403508727,""y"":8.340448192982455},{""x"":0.26750547368421007,""y"":8.831676263157894},{""x"":0.2850493333333329,""y"":9.322904333333332}],""reasoning"":""Selected waypoint 0 moves the reference anchor from 21.14 m to 20.64 m from goal immediately and to 18.68 m by the final waypoint, so progress is 0.49 m selected / 2.46 m final and passes with monotonic goal-distance reduction. Kinematics is evaluated on 5 unique label waypoint(s), excluding consecutive duplicate terminal holds, and checks only that the trajectory stays within the configured bounds speed <= 15.00 m/s and acceleration <= 8.00 m/s^2, so kinematics passes. Goal is not reached within this label waypoint window. Safety passes: minimum clearance 4.28 m against manifest obstacles with 0 violating segment(s).""}",0.21487389473684165,7.357992052631579,-2.5,0.23241775438596446,7.849220122807018,-2.5,0.24996161403508727,8.340448192982455,-2.5,0.26750547368421007,8.831676263157894,-2.5,0.2850493333333329,9.322904333333332,-2.5
1773811592.918333054,1773811592.918333054,0.000,offline_ground_truth_window,"Environment section (T(v)):
- Current position NED is (0.19, 7.11, -2.50) m.
- Current velocity is (0.00, 0.07, 0.00) m/s (speed 0.07 m/s).
- Goal position NED is (0.95, 27.99, -2.50) m.
- Output contract: predict exactly 5 waypoint x/y pairs in NED. The planner will set every waypoint z to goal z = -2.50 m before execution.
- Goal delta from current state is (0.76, 20.88, -0.00) m with distance 20.89 m.
- Obstacle pipeline: depth_camera_to_body_to_ned_current_frame.
- Current depth frame obstacle points projected into NED: 0. Nearest depth obstacle in NED is at (0.19, 7.11, -2.50) m, relative vector (20.00, 0.00, 0.00) m, distance 20.00 m.
- Depth validity fraction is 0.56. Global nearest obstacle distance is 4.75 m.
- Sector minimum distances [far_left, left, center, right, far_right] are [4.75, 5.00, 5.01, 5.01, 5.01] m.
- Nearest obstacle sector is far_left at 4.75 m and clearance status is clear.
- Lateral planning hint: prefer center progress.","{""waypoints"":[{""x"":0.23241775438596446,""y"":7.849220122807018},{""x"":0.24996161403508727,""y"":8.340448192982455},{""x"":0.26750547368421007,""y"":8.831676263157894},{""x"":0.2850493333333329,""y"":9.322904333333332},{""x"":0.3025931929824557,""y"":9.81413240350877}],""reasoning"":""Selected waypoint 0 moves the reference anchor from 20.64 m to 20.15 m from goal immediately and to 18.19 m by the final waypoint, so progress is 0.49 m selected / 2.46 m final and passes with monotonic goal-distance reduction. Kinematics is evaluated on 5 unique label waypoint(s), excluding consecutive duplicate terminal holds, and checks only that the trajectory stays within the configured bounds speed <= 15.00 m/s and acceleration <= 8.00 m/s^2, so kinematics passes. Goal is not reached within this label waypoint window. Safety passes: minimum clearance 4.05 m against manifest obstacles with 0 violating segment(s).""}",0.23241775438596446,7.849220122807018,-2.5,0.24996161403508727,8.340448192982455,-2.5,0.26750547368421007,8.831676263157894,-2.5,0.2850493333333329,9.322904333333332,-2.5,0.3025931929824557,9.81413240350877,-2.5
1773811601.191253424,1773811601.191253424,0.000,offline_ground_truth_window,"Environment section (T(v)):
- Current position NED is (0.20, 7.61, -2.52) m.
- Current velocity is (0.00, 0.06, 0.01) m/s (speed 0.06 m/s).
- Goal position NED is (0.95, 27.99, -2.50) m.
- Output contract: predict exactly 5 waypoint x/y pairs in NED. The planner will set every waypoint z to goal z = -2.50 m before execution.
- Goal delta from current state is (0.76, 20.38, 0.02) m with distance 20.39 m.
- Obstacle pipeline: depth_camera_to_body_to_ned_current_frame.
- Current depth frame obstacle points projected into NED: 0. Nearest depth obstacle in NED is at (0.20, 7.61, -2.52) m, relative vector (20.00, 0.00, 0.00) m, distance 20.00 m.
- Depth validity fraction is 0.56. Global nearest obstacle distance is 5.00 m.
- Sector minimum distances [far_left, left, center, right, far_right] are [5.00, 5.01, 5.01, 5.01, 5.02] m.
- Nearest obstacle sector is far_left at 5.00 m and clearance status is clear.
- Lateral planning hint: prefer center progress.","{""waypoints"":[{""x"":0.24996161403508727,""y"":8.340448192982455},{""x"":0.26750547368421007,""y"":8.831676263157894},{""x"":0.2850493333333329,""y"":9.322904333333332},{""x"":0.3025931929824557,""y"":9.81413240350877},{""x"":0.3201370526315785,""y"":10.30536047368421}],""reasoning"":""Selected waypoint 0 moves the reference anchor from 20.15 m to 19.66 m from goal immediately and to 17.70 m by the final waypoint, so progress is 0.49 m selected / 2.46 m final and passes with monotonic goal-distance reduction. Kinematics is evaluated on 5 unique label waypoint(s), excluding consecutive duplicate terminal holds, and checks only that the trajectory stays within the configured bounds speed <= 15.00 m/s and acceleration <= 8.00 m/s^2, so kinematics passes. Goal is not reached within this label waypoint window. Safety passes: minimum clearance 3.86 m against manifest obstacles with 0 violating segment(s).""}",0.24996161403508727,8.340448192982455,-2.5,0.26750547368421007,8.831676263157894,-2.5,0.2850493333333329,9.322904333333332,-2.5,0.3025931929824557,9.81413240350877,-2.5,0.3201370526315785,10.30536047368421,-2.5
1773811608.612799168,1773811608.612799168,0.000,offline_ground_truth_window,"Environment section (T(v)):
- Current position NED is (0.20, 8.10, -2.53) m.
- Current velocity is (0.01, 0.06, 0.01) m/s (speed 0.06 m/s).
- Goal position NED is (0.95, 27.99, -2.50) m.
- Output contract: predict exactly 5 waypoint x/y pairs in NED. The planner will set every waypoint z to goal z = -2.50 m before execution.
- Goal delta from current state is (0.75, 19.89, 0.03) m with distance 19.91 m.
- Obstacle pipeline: depth_camera_to_body_to_ned_current_frame.
- Current depth frame obstacle points projected into NED: 4. Nearest depth obstacle in NED is at (3.56, 17.42, -1.98) m, relative vector (3.36, 9.32, 0.54) m, distance 9.92 m.
- Depth validity fraction is 0.56. Global nearest obstacle distance is 4.97 m.
- Sector minimum distances [far_left, left, center, right, far_right] are [4.97, 4.97, 4.97, 4.98, 4.98] m.
- Nearest obstacle sector is far_left at 4.97 m and clearance status is clear.
- Lateral planning hint: prefer center progress.","{""waypoints"":[{""x"":0.26750547368421007,""y"":8.831676263157894},{""x"":0.2850493333333329,""y"":9.322904333333332},{""x"":0.3025931929824557,""y"":9.81413240350877},{""x"":0.3201370526315785,""y"":10.30536047368421},{""x"":0.3376809122807013,""y"":10.796588543859649}],""reasoning"":""Selected waypoint 0 moves the reference anchor from 19.66 m to 19.17 m from goal immediately and to 17.20 m by the final waypoint, so progress is 0.49 m selected / 2.46 m final and passes with monotonic goal-distance reduction. Kinematics is evaluated on 5 unique label waypoint(s), excluding consecutive duplicate terminal holds, and checks only that the trajectory stays within the configured bounds speed <= 15.00 m/s and acceleration <= 8.00 m/s^2, so kinematics passes. Goal is not reached within this label waypoint window. Safety passes: minimum clearance 3.73 m against manifest obstacles with 0 violating segment(s).""}",0.26750547368421007,8.831676263157894,-2.5,0.2850493333333329,9.322904333333332,-2.5,0.3025931929824557,9.81413240350877,-2.5,0.3201370526315785,10.30536047368421,-2.5,0.3376809122807013,10.796588543859649,-2.5
1773811615.896060944,1773811615.896060944,0.000,offline_ground_truth_window,"Environment section (T(v)):
- Current position NED is (0.20, 8.59, -2.51) m.
- Current velocity is (0.00, 0.06, 0.01) m/s (speed 0.06 m/s).
- Goal position NED is (0.95, 27.99, -2.50) m.
- Output contract: predict exactly 5 waypoint x/y pairs in NED. The planner will set every waypoint z to goal z = -2.50 m before execution.
- Goal delta from current state is (0.75, 19.40, 0.01) m with distance 19.42 m.
- Obstacle pipeline: depth_camera_to_body_to_ned_current_frame.
- Current depth frame obstacle points projected into NED: 2. Nearest depth obstacle in NED is at (-3.12, 19.51, -2.21) m, relative vector (-3.32, 10.92, 0.30) m, distance 11.42 m.
- Depth validity fraction is 0.55. Global nearest obstacle distance is 5.03 m.
- Sector minimum distances [far_left, left, center, right, far_right] are [5.03, 5.03, 5.04, 5.04, 5.05] m.
- Nearest obstacle sector is far_left at 5.03 m and clearance status is clear.
- Lateral planning hint: prefer center progress.","{""waypoints"":[{""x"":0.2850493333333329,""y"":9.322904333333332},{""x"":0.3025931929824557,""y"":9.81413240350877},{""x"":0.3201370526315785,""y"":10.30536047368421},{""x"":0.3376809122807013,""y"":10.796588543859649},{""x"":0.3552247719298241,""y"":11.287816614035087}],""reasoning"":""Selected waypoint 0 moves the reference anchor from 19.17 m to 18.68 m from goal immediately and to 16.71 m by the final waypoint, so progress is 0.49 m selected / 2.46 m final and passes with monotonic goal-distance reduction. Kinematics is evaluated on 5 unique label waypoint(s), excluding consecutive duplicate terminal holds, and checks only that the trajectory stays within the configured bounds speed <= 15.00 m/s and acceleration <= 8.00 m/s^2, so kinematics passes. Goal is not reached within this label waypoint window. Safety passes: minimum clearance 3.65 m against manifest obstacles with 0 violating segment(s).""}",0.2850493333333329,9.322904333333332,-2.5,0.3025931929824557,9.81413240350877,-2.5,0.3201370526315785,10.30536047368421,-2.5,0.3376809122807013,10.796588543859649,-2.5,0.3552247719298241,11.287816614035087,-2.5
1773811622.726254940,1773811622.726254940,0.000,offline_ground_truth_window,"Environment section (T(v)):
- Current position NED is (0.31, 9.08, -2.53) m.
- Current velocity is (-0.00, 0.08, 0.01) m/s (speed 0.08 m/s).
- Goal position NED is (0.95, 27.99, -2.50) m.
- Output contract: predict exactly 5 waypoint x/y pairs in NED. The planner will set every waypoint z to goal z = -2.50 m before execution.
- Goal delta from current state is (0.64, 18.91, 0.03) m with distance 18.92 m.
- Obstacle pipeline: depth_camera_to_body_to_ned_current_frame.
- Current depth frame obstacle points projected into NED: 5. Nearest depth obstacle in NED is at (-2.98, 19.46, -2.64) m, relative vector (-3.29, 10.38, -0.11) m, distance 10.89 m.
- Depth validity fraction is 0.55. Global nearest obstacle distance is 5.01 m.
- Sector minimum distances [far_left, left, center, right, far_right] are [5.03, 5.03, 5.02, 5.02, 5.01] m.
- Nearest obstacle sector is far_right at 5.01 m and clearance status is clear.
- Lateral planning hint: prefer center progress.","{""waypoints"":[{""x"":0.3025931929824557,""y"":9.81413240350877},{""x"":0.3201370526315785,""y"":10.30536047368421},{""x"":0.3376809122807013,""y"":10.796588543859649},{""x"":0.3552247719298241,""y"":11.287816614035087},{""x"":0.3727686315789469,""y"":11.779044684210525}],""reasoning"":""Selected waypoint 0 moves the reference anchor from 18.68 m to 18.19 m from goal immediately and to 16.22 m by the final waypoint, so progress is 0.49 m selected / 2.46 m final and passes with monotonic goal-distance reduction. Kinematics is evaluated on 5 unique label waypoint(s), excluding consecutive duplicate terminal holds, and checks only that the trajectory stays within the configured bounds speed <= 15.00 m/s and acceleration <= 8.00 m/s^2, so kinematics passes. Goal is not reached within this label waypoint window. Safety passes: minimum clearance 3.64 m against manifest obstacles with 0 violating segment(s).""}",0.3025931929824557,9.81413240350877,-2.5,0.3201370526315785,10.30536047368421,-2.5,0.3376809122807013,10.796588543859649,-2.5,0.3552247719298241,11.287816614035087,-2.5,0.3727686315789469,11.779044684210525,-2.5
1773811629.304074764,1773811629.304074764,0.000,offline_ground_truth_window,"Environment section (T(v)):
- Current position NED is (0.26, 9.57, -2.49) m.
- Current velocity is (0.00, 0.07, 0.01) m/s (speed 0.07 m/s).
- Goal position NED is (0.95, 27.99, -2.50) m.
- Output contract: predict exactly 5 waypoint x/y pairs in NED. The planner will set every waypoint z to goal z = -2.50 m before execution.
- Goal delta from current state is (0.69, 18.42, -0.01) m with distance 18.43 m.
- Obstacle pipeline: depth_camera_to_body_to_ned_current_frame.
- Current depth frame obstacle points projected into NED: 3. Nearest depth obstacle in NED is at (-3.19, 19.46, -2.77) m, relative vector (-3.44, 9.89, -0.28) m, distance 10.47 m.
- Depth validity fraction is 0.55. Global nearest obstacle distance is 5.01 m.
- Sector minimum distances [far_left, left, center, right, far_right] are [5.01, 5.01, 5.01, 5.01, 5.02] m.
- Nearest obstacle sector is far_left at 5.01 m and clearance status is clear.
- Lateral planning hint: prefer center progress.","{""waypoints"":[{""x"":0.3201370526315785,""y"":10.30536047368421},{""x"":0.3376809122807013,""y"":10.796588543859649},{""x"":0.3552247719298241,""y"":11.287816614035087},{""x"":0.3727686315789469,""y"":11.779044684210525},{""x"":0.3903124912280697,""y"":12.270272754385964}],""reasoning"":""Selected waypoint 0 moves the reference anchor from 18.19 m to 17.70 m from goal immediately and to 15.73 m by the final waypoint, so progress is 0.49 m selected / 2.46 m final and passes with monotonic goal-distance reduction. Kinematics is evaluated on 5 unique label waypoint(s), excluding consecutive duplicate terminal holds, and checks only that the trajectory stays within the configured bounds speed <= 15.00 m/s and acceleration <= 8.00 m/s^2, so kinematics passes. Goal is not reached within this label waypoint window. Safety passes: minimum clearance 3.64 m against manifest obstacles with 0 violating segment(s).""}",0.3201370526315785,10.30536047368421,-2.5,0.3376809122807013,10.796588543859649,-2.5,0.3552247719298241,11.287816614035087,-2.5,0.3727686315789469,11.779044684210525,-2.5,0.3903124912280697,12.270272754385964,-2.5
1773811638.299874067,1773811638.299874067,0.000,offline_ground_truth_window,"Environment section (T(v)):
- Current position NED is (0.30, 10.06, -2.50) m.
- Current velocity is (0.01, 0.06, -0.00) m/s (speed 0.06 m/s).
- Goal position NED is (0.95, 27.99, -2.50) m.
- Output contract: predict exactly 5 waypoint x/y pairs in NED. The planner will set every waypoint z to goal z = -2.50 m before execution.
- Goal delta from current state is (0.65, 17.93, -0.00) m with distance 17.94 m.
- Obstacle pipeline: depth_camera_to_body_to_ned_current_frame.
- Current depth frame obstacle points projected into NED: 5. Nearest depth obstacle in NED is at (-2.84, 19.51, -2.53) m, relative vector (-3.15, 9.44, -0.03) m, distance 9.95 m.
- Depth validity fraction is 0.56. Global nearest obstacle distance is 4.98 m.
- Sector minimum distances [far_left, left, center, right, far_right] are [4.99, 4.99, 4.98, 4.98, 4.98] m.
- Nearest obstacle sector is far_right at 4.98 m and clearance status is clear.
- Lateral planning hint: prefer center progress.","{""waypoints"":[{""x"":0.3376809122807013,""y"":10.796588543859649},{""x"":0.3552247719298241,""y"":11.287816614035087},{""x"":0.3727686315789469,""y"":11.779044684210525},{""x"":0.3903124912280697,""y"":12.270272754385964},{""x"":0.4078563508771925,""y"":12.761500824561402}],""reasoning"":""Selected waypoint 0 moves the reference anchor from 17.70 m to 17.20 m from goal immediately and to 15.24 m by the final waypoint, so progress is 0.49 m selected / 2.46 m final and passes with monotonic goal-distance reduction. Kinematics is evaluated on 5 unique label waypoint(s), excluding consecutive duplicate terminal holds, and checks only that the trajectory stays within the configured bounds speed <= 15.00 m/s and acceleration <= 8.00 m/s^2, so kinematics passes. Goal is not reached within this label waypoint window. Safety passes: minimum clearance 3.64 m against manifest obstacles with 0 violating segment(s).""}",0.3376809122807013,10.796588543859649,-2.5,0.3552247719298241,11.287816614035087,-2.5,0.3727686315789469,11.779044684210525,-2.5,0.3903124912280697,12.270272754385964,-2.5,0.4078563508771925,12.761500824561402,-2.5
1773811645.530332804,1773811645.530332804,0.000,offline_ground_truth_window,"Environment section (T(v)):
- Current position NED is (0.29, 10.55, -2.52) m.
- Current velocity is (0.01, 0.04, 0.01) m/s (speed 0.04 m/s).
- Goal position NED is (0.95, 27.99, -2.50) m.
- Output contract: predict exactly 5 waypoint x/y pairs in NED. The planner will set every waypoint z to goal z = -2.50 m before execution.
- Goal delta from current state is (0.66, 17.44, 0.02) m with distance 17.45 m.
- Obstacle pipeline: depth_camera_to_body_to_ned_current_frame.
- Current depth frame obstacle points projected into NED: 7. Nearest depth obstacle in NED is at (-4.07, 16.74, -2.26) m, relative vector (-4.36, 6.19, 0.26) m, distance 7.57 m.
- Depth validity fraction is 0.55. Global nearest obstacle distance is 5.01 m.
- Sector minimum distances [far_left, left, center, right, far_right] are [5.01, 5.01, 5.01, 5.01, 5.01] m.
- Nearest obstacle sector is far_right at 5.01 m and clearance status is clear.
- Lateral planning hint: prefer center progress.","{""waypoints"":[{""x"":0.3552247719298241,""y"":11.287816614035087},{""x"":0.3727686315789469,""y"":11.779044684210525},{""x"":0.3903124912280697,""y"":12.270272754385964},{""x"":0.4078563508771925,""y"":12.761500824561402},{""x"":0.4254002105263153,""y"":13.25272889473684}],""reasoning"":""Selected waypoint 0 moves the reference anchor from 17.20 m to 16.71 m from goal immediately and to 14.75 m by the final waypoint, so progress is 0.49 m selected / 2.46 m final and passes with monotonic goal-distance reduction. Kinematics is evaluated on 5 unique label waypoint(s), excluding consecutive duplicate terminal holds, and checks only that the trajectory stays within the configured bounds speed <= 15.00 m/s and acceleration <= 8.00 m/s^2, so kinematics passes. Goal is not reached within this label waypoint window. Safety passes: minimum clearance 3.64 m against manifest obstacles with 0 violating segment(s).""}",0.3552247719298241,11.287816614035087,-2.5,0.3727686315789469,11.779044684210525,-2.5,0.3903124912280697,12.270272754385964,-2.5,0.4078563508771925,12.761500824561402,-2.5,0.4254002105263153,13.25272889473684,-2.5
1773811654.512624264,1773811654.512624264,0.000,offline_ground_truth_window,"Environment section (T(v)):
- Current position NED is (0.39, 11.04, -2.50) m.
- Current velocity is (0.00, 0.05, 0.01) m/s (speed 0.05 m/s).
- Goal position NED is (0.95, 27.99, -2.50) m.
- Output contract: predict exactly 5 waypoint x/y pairs in NED. The planner will set every waypoint z to goal z = -2.50 m before execution.
- Goal delta from current state is (0.56, 16.95, -0.00) m with distance 16.95 m.
- Obstacle pipeline: depth_camera_to_body_to_ned_current_frame.
- Current depth frame obstacle points projected into NED: 10. Nearest depth obstacle in NED is at (-3.89, 16.87, -1.94) m, relative vector (-4.27, 5.83, 0.55) m, distance 7.25 m.
- Depth validity fraction is 0.56. Global nearest obstacle distance is 4.93 m.
- Sector minimum distances [far_left, left, center, right, far_right] are [4.94, 4.94, 4.94, 4.93, 4.93] m.
- Nearest obstacle sector is far_right at 4.93 m and clearance status is clear.
- Lateral planning hint: prefer center progress.","{""waypoints"":[{""x"":0.3727686315789469,""y"":11.779044684210525},{""x"":0.3903124912280697,""y"":12.270272754385964},{""x"":0.4078563508771925,""y"":12.761500824561402},{""x"":0.4254002105263153,""y"":13.25272889473684},{""x"":0.44294407017543813,""y"":13.74395696491228}],""reasoning"":""Selected waypoint 0 moves the reference anchor from 16.71 m to 16.22 m from goal immediately and to 14.25 m by the final waypoint, so progress is 0.49 m selected / 2.46 m final and passes with monotonic goal-distance reduction. Kinematics is evaluated on 5 unique label waypoint(s), excluding consecutive duplicate terminal holds, and checks only that the trajectory stays within the configured bounds speed <= 15.00 m/s and acceleration <= 8.00 m/s^2, so kinematics passes. Goal is not reached within this label waypoint window. Safety passes: minimum clearance 3.64 m against manifest obstacles with 0 violating segment(s).""}",0.3727686315789469,11.779044684210525,-2.5,0.3903124912280697,12.270272754385964,-2.5,0.4078563508771925,12.761500824561402,-2.5,0.4254002105263153,13.25272889473684,-2.5,0.44294407017543813,13.74395696491228,-2.5
1773811661.931007385,1773811661.931007385,0.000,offline_ground_truth_window,"Environment section (T(v)):
- Current position NED is (0.31, 11.54, -2.51) m.
- Current velocity is (0.02, 0.06, 0.01) m/s (speed 0.06 m/s).
- Goal position NED is (0.95, 27.99, -2.50) m.
- Output contract: predict exactly 5 waypoint x/y pairs in NED. The planner will set every waypoint z to goal z = -2.50 m before execution.
- Goal delta from current state is (0.64, 16.45, 0.01) m with distance 16.47 m.
- Obstacle pipeline: depth_camera_to_body_to_ned_current_frame.
- Current depth frame obstacle points projected into NED: 10. Nearest depth obstacle in NED is at (-3.93, 16.81, -2.02) m, relative vector (-4.25, 5.28, 0.48) m, distance 6.79 m.
- Depth validity fraction is 0.55. Global nearest obstacle distance is 5.01 m.
- Sector minimum distances [far_left, left, center, right, far_right] are [5.01, 5.01, 5.01, 5.01, 5.01] m.
- Nearest obstacle sector is far_right at 5.01 m and clearance status is clear.
- Lateral planning hint: prefer center progress.","{""waypoints"":[{""x"":0.3903124912280697,""y"":12.270272754385964},{""x"":0.4078563508771925,""y"":12.761500824561402},{""x"":0.4254002105263153,""y"":13.25272889473684},{""x"":0.44294407017543813,""y"":13.74395696491228},{""x"":0.460487929824561,""y"":14.235185035087719}],""reasoning"":""Selected waypoint 0 moves the reference anchor from 16.22 m to 15.73 m from goal immediately and to 13.76 m by the final waypoint, so progress is 0.49 m selected / 2.46 m final and passes with monotonic goal-distance reduction. Kinematics is evaluated on 5 unique label waypoint(s), excluding consecutive duplicate terminal holds, and checks only that the trajectory stays within the configured bounds speed <= 15.00 m/s and acceleration <= 8.00 m/s^2, so kinematics passes. Goal is not reached within this label waypoint window. Safety passes: minimum clearance 3.64 m against manifest obstacles with 0 violating segment(s).""}",0.3903124912280697,12.270272754385964,-2.5,0.4078563508771925,12.761500824561402,-2.5,0.4254002105263153,13.25272889473684,-2.5,0.44294407017543813,13.74395696491228,-2.5,0.460487929824561,14.235185035087719,-2.5
1773811668.508054733,1773811668.508054733,0.000,offline_ground_truth_window,"Environment section (T(v)):
- Current position NED is (0.38, 12.03, -2.49) m.
- Current velocity is (-0.00, 0.08, 0.00) m/s (speed 0.08 m/s).
- Goal position NED is (0.95, 27.99, -2.50) m.
- Output contract: predict exactly 5 waypoint x/y pairs in NED. The planner will set every waypoint z to goal z = -2.50 m before execution.
- Goal delta from current state is (0.57, 15.96, -0.01) m with distance 15.97 m.
- Obstacle pipeline: depth_camera_to_body_to_ned_current_frame.
- Current depth frame obstacle points projected into NED: 6. Nearest depth obstacle in NED is at (-2.40, 19.60, -2.41) m, relative vector (-2.79, 7.58, 0.08) m, distance 8.08 m.
- Depth validity fraction is 0.55. Global nearest obstacle distance is 4.99 m.
- Sector minimum distances [far_left, left, center, right, far_right] are [4.99, 4.99, 4.99, 4.99, 5.00] m.
- Nearest obstacle sector is far_left at 4.99 m and clearance status is clear.
- Lateral planning hint: prefer center progress.","{""waypoints"":[{""x"":0.4078563508771925,""y"":12.761500824561402},{""x"":0.4254002105263153,""y"":13.25272889473684},{""x"":0.44294407017543813,""y"":13.74395696491228},{""x"":0.460487929824561,""y"":14.235185035087719},{""x"":0.47803178947368374,""y"":14.726413105263157}],""reasoning"":""Selected waypoint 0 moves the reference anchor from 15.73 m to 15.24 m from goal immediately and to 13.27 m by the final waypoint, so progress is 0.49 m selected / 2.46 m final and passes with monotonic goal-distance reduction. Kinematics is evaluated on 5 unique label waypoint(s), excluding consecutive duplicate terminal holds, and checks only that the trajectory stays within the configured bounds speed <= 15.00 m/s and acceleration <= 8.00 m/s^2, so kinematics passes. Goal is not reached within this label waypoint window. Safety passes: minimum clearance 3.68 m against manifest obstacles with 0 violating segment(s).""}",0.4078563508771925,12.761500824561402,-2.5,0.4254002105263153,13.25272889473684,-2.5,0.44294407017543813,13.74395696491228,-2.5,0.460487929824561,14.235185035087719,-2.5,0.47803178947368374,14.726413105263157,-2.5
1773811675.804826736,1773811675.804826736,0.000,offline_ground_truth_window,"Environment section (T(v)):
- Current position NED is (0.43, 12.52, -2.51) m.
- Current velocity is (0.00, 0.07, 0.01) m/s (speed 0.07 m/s).
- Goal position NED is (0.95, 27.99, -2.50) m.
- Output contract: predict exactly 5 waypoint x/y pairs in NED. The planner will set every waypoint z to goal z = -2.50 m before execution.
- Goal delta from current state is (0.52, 15.47, 0.01) m with distance 15.48 m.
- Obstacle pipeline: depth_camera_to_body_to_ned_current_frame.
- Current depth frame obstacle points projected into NED: 9. Nearest depth obstacle in NED is at (-2.41, 19.50, -2.05) m, relative vector (-2.84, 6.98, 0.45) m, distance 7.55 m.
- Depth validity fraction is 0.58. Global nearest obstacle distance is 4.96 m.
- Sector minimum distances [far_left, left, center, right, far_right] are [4.98, 4.97, 4.97, 4.96, 4.96] m.
- Nearest obstacle sector is far_right at 4.96 m and clearance status is clear.
- Lateral planning hint: prefer center progress.","{""waypoints"":[{""x"":0.4254002105263153,""y"":13.25272889473684},{""x"":0.44294407017543813,""y"":13.74395696491228},{""x"":0.460487929824561,""y"":14.235185035087719},{""x"":0.47803178947368374,""y"":14.726413105263157},{""x"":0.4955756491228066,""y"":15.217641175438597}],""reasoning"":""Selected waypoint 0 moves the reference anchor from 15.24 m to 14.75 m from goal immediately and to 12.78 m by the final waypoint, so progress is 0.49 m selected / 2.46 m final and passes with monotonic goal-distance reduction. Kinematics is evaluated on 5 unique label waypoint(s), excluding consecutive duplicate terminal holds, and checks only that the trajectory stays within the configured bounds speed <= 15.00 m/s and acceleration <= 8.00 m/s^2, so kinematics passes. Goal is not reached within this label waypoint window. Safety passes: minimum clearance 3.79 m against manifest obstacles with 0 violating segment(s).""}",0.4254002105263153,13.25272889473684,-2.5,0.44294407017543813,13.74395696491228,-2.5,0.460487929824561,14.235185035087719,-2.5,0.47803178947368374,14.726413105263157,-2.5,0.4955756491228066,15.217641175438597,-2.5
1773811683.825917006,1773811683.825917006,0.000,offline_ground_truth_window,"Environment section (T(v)):
- Current position NED is (0.42, 13.01, -2.50) m.
- Current velocity is (0.01, 0.08, 0.00) m/s (speed 0.08 m/s).
- Goal position NED is (0.95, 27.99, -2.50) m.
- Output contract: predict exactly 5 waypoint x/y pairs in NED. The planner will set every waypoint z to goal z = -2.50 m before execution.
- Goal delta from current state is (0.53, 14.98, -0.00) m with distance 14.99 m.
- Obstacle pipeline: depth_camera_to_body_to_ned_current_frame.
- Current depth frame obstacle points projected into NED: 9. Nearest depth obstacle in NED is at (-2.39, 19.51, -2.10) m, relative vector (-2.81, 6.50, 0.40) m, distance 7.09 m.
- Depth validity fraction is 0.58. Global nearest obstacle distance is 5.00 m.
- Sector minimum distances [far_left, left, center, right, far_right] are [5.01, 5.01, 5.01, 5.00, 5.00] m.
- Nearest obstacle sector is far_right at 5.00 m and clearance status is clear.
- Lateral planning hint: prefer center progress.","{""waypoints"":[{""x"":0.44294407017543813,""y"":13.74395696491228},{""x"":0.460487929824561,""y"":14.235185035087719},{""x"":0.47803178947368374,""y"":14.726413105263157},{""x"":0.4955756491228066,""y"":15.217641175438597},{""x"":0.5131195087719294,""y"":15.708869245614034}],""reasoning"":""Selected waypoint 0 moves the reference anchor from 14.75 m to 14.25 m from goal immediately and to 12.29 m by the final waypoint, so progress is 0.49 m selected / 2.46 m final and passes with monotonic goal-distance reduction. Kinematics is evaluated on 5 unique label waypoint(s), excluding consecutive duplicate terminal holds, and checks only that the trajectory stays within the configured bounds speed <= 15.00 m/s and acceleration <= 8.00 m/s^2, so kinematics passes. Goal is not reached within this label waypoint window. Safety passes: minimum clearance 3.95 m against manifest obstacles with 0 violating segment(s).""}",0.44294407017543813,13.74395696491228,-2.5,0.460487929824561,14.235185035087719,-2.5,0.47803178947368374,14.726413105263157,-2.5,0.4955756491228066,15.217641175438597,-2.5,0.5131195087719294,15.708869245614034,-2.5
1773811690.930167913,1773811690.930167913,0.000,offline_ground_truth_window,"Environment section (T(v)):
- Current position NED is (0.44, 13.50, -2.51) m.
- Current velocity is (-0.01, 0.06, 0.00) m/s (speed 0.06 m/s).
- Goal position NED is (0.95, 27.99, -2.50) m.
- Output contract: predict exactly 5 waypoint x/y pairs in NED. The planner will set every waypoint z to goal z = -2.50 m before execution.
- Goal delta from current state is (0.51, 14.49, 0.01) m with distance 14.50 m.
- Obstacle pipeline: depth_camera_to_body_to_ned_current_frame.
- Current depth frame obstacle points projected into NED: 12. Nearest depth obstacle in NED is at (-2.46, 19.47, -2.46) m, relative vector (-2.90, 5.97, 0.05) m, distance 6.64 m.
- Depth validity fraction is 0.58. Global nearest obstacle distance is 4.91 m.
- Sector minimum distances [far_left, left, center, right, far_right] are [4.91, 4.91, 4.91, 4.92, 4.92] m.
- Nearest obstacle sector is far_left at 4.91 m and clearance status is clear.
- Lateral planning hint: prefer center progress.","{""waypoints"":[{""x"":0.460487929824561,""y"":14.235185035087719},{""x"":0.47803178947368374,""y"":14.726413105263157},{""x"":0.4955756491228066,""y"":15.217641175438597},{""x"":0.5131195087719294,""y"":15.708869245614034},{""x"":0.5306633684210522,""y"":16.200097315789474}],""reasoning"":""Selected waypoint 0 moves the reference anchor from 14.25 m to 13.76 m from goal immediately and to 11.80 m by the final waypoint, so progress is 0.49 m selected / 2.46 m final and passes with monotonic goal-distance reduction. Kinematics is evaluated on 5 unique label waypoint(s), excluding consecutive duplicate terminal holds, and checks only that the trajectory stays within the configured bounds speed <= 15.00 m/s and acceleration <= 8.00 m/s^2, so kinematics passes. Goal is not reached within this label waypoint window. Safety passes: minimum clearance 3.98 m against manifest obstacles with 0 violating segment(s).""}",0.460487929824561,14.235185035087719,-2.5,0.47803178947368374,14.726413105263157,-2.5,0.4955756491228066,15.217641175438597,-2.5,0.5131195087719294,15.708869245614034,-2.5,0.5306633684210522,16.200097315789474,-2.5
1773811698.230960131,1773811698.230960131,0.000,offline_ground_truth_window,"Environment section (T(v)):
- Current position NED is (0.47, 13.99, -2.49) m.
- Current velocity is (0.00, 0.06, 0.01) m/s (speed 0.06 m/s).
- Goal position NED is (0.95, 27.99, -2.50) m.
- Output contract: predict exactly 5 waypoint x/y pairs in NED. The planner will set every waypoint z to goal z = -2.50 m before execution.
- Goal delta from current state is (0.48, 14.00, -0.01) m with distance 14.01 m.
- Obstacle pipeline: depth_camera_to_body_to_ned_current_frame.
- Current depth frame obstacle points projected into NED: 11. Nearest depth obstacle in NED is at (-2.22, 19.49, -2.26) m, relative vector (-2.69, 5.50, 0.24) m, distance 6.13 m.
- Depth validity fraction is 0.58. Global nearest obstacle distance is 5.03 m.
- Sector minimum distances [far_left, left, center, right, far_right] are [5.04, 5.04, 5.03, 5.03, 5.03] m.
- Nearest obstacle sector is far_right at 5.03 m and clearance status is clear.
- Lateral planning hint: prefer center progress.","{""waypoints"":[{""x"":0.47803178947368374,""y"":14.726413105263157},{""x"":0.4955756491228066,""y"":15.217641175438597},{""x"":0.5131195087719294,""y"":15.708869245614034},{""x"":0.5306633684210522,""y"":16.200097315789474},{""x"":0.548207228070175,""y"":16.691325385964912}],""reasoning"":""Selected waypoint 0 moves the reference anchor from 13.76 m to 13.27 m from goal immediately and to 11.31 m by the final waypoint, so progress is 0.49 m selected / 2.46 m final and passes with monotonic goal-distance reduction. Kinematics is evaluated on 5 unique label waypoint(s), excluding consecutive duplicate terminal holds, and checks only that the trajectory stays within the configured bounds speed <= 15.00 m/s and acceleration <= 8.00 m/s^2, so kinematics passes. Goal is not reached within this label waypoint window. Safety passes: minimum clearance 3.60 m against manifest obstacles with 0 violating segment(s).""}",0.47803178947368374,14.726413105263157,-2.5,0.4955756491228066,15.217641175438597,-2.5,0.5131195087719294,15.708869245614034,-2.5,0.5306633684210522,16.200097315789474,-2.5,0.548207228070175,16.691325385964912,-2.5
1773811704.415822983,1773811704.415822983,0.000,offline_ground_truth_window,"Environment section (T(v)):
- Current position NED is (0.49, 14.48, -2.52) m.
- Current velocity is (-0.01, 0.08, 0.01) m/s (speed 0.08 m/s).
- Goal position NED is (0.95, 27.99, -2.50) m.
- Output contract: predict exactly 5 waypoint x/y pairs in NED. The planner will set every waypoint z to goal z = -2.50 m before execution.
- Goal delta from current state is (0.46, 13.51, 0.02) m with distance 13.52 m.
- Obstacle pipeline: depth_camera_to_body_to_ned_current_frame.
- Current depth frame obstacle points projected into NED: 10. Nearest depth obstacle in NED is at (-2.30, 19.46, -2.51) m, relative vector (-2.78, 4.98, 0.01) m, distance 5.71 m.
- Depth validity fraction is 0.57. Global nearest obstacle distance is 4.97 m.
- Sector minimum distances [far_left, left, center, right, far_right] are [4.97, 5.06, 5.07, 5.08, 5.08] m.
- Nearest obstacle sector is far_left at 4.97 m and clearance status is clear.
- Lateral planning hint: prefer center progress.","{""waypoints"":[{""x"":0.4955756491228066,""y"":15.217641175438597},{""x"":0.5131195087719294,""y"":15.708869245614034},{""x"":0.5306633684210522,""y"":16.200097315789474},{""x"":0.548207228070175,""y"":16.691325385964912},{""x"":0.5657510877192978,""y"":17.182553456140354}],""reasoning"":""Selected waypoint 0 moves the reference anchor from 13.27 m to 12.78 m from goal immediately and to 10.81 m by the final waypoint, so progress is 0.49 m selected / 2.46 m final and passes with monotonic goal-distance reduction. Kinematics is evaluated on 5 unique label waypoint(s), excluding consecutive duplicate terminal holds, and checks only that the trajectory stays within the configured bounds speed <= 15.00 m/s and acceleration <= 8.00 m/s^2, so kinematics passes. Goal is not reached within this label waypoint window. Safety passes: minimum clearance 3.25 m against manifest obstacles with 0 violating segment(s).""}",0.4955756491228066,15.217641175438597,-2.5,0.5131195087719294,15.708869245614034,-2.5,0.5306633684210522,16.200097315789474,-2.5,0.548207228070175,16.691325385964912,-2.5,0.5657510877192978,17.182553456140354,-2.5
1773811710.821104288,1773811710.821104288,0.000,offline_ground_truth_window,"Environment section (T(v)):
- Current position NED is (0.53, 14.97, -2.48) m.
- Current velocity is (0.00, 0.05, 0.01) m/s (speed 0.05 m/s).
- Goal position NED is (0.95, 27.99, -2.50) m.
- Output contract: predict exactly 5 waypoint x/y pairs in NED. The planner will set every waypoint z to goal z = -2.50 m before execution.
- Goal delta from current state is (0.42, 13.02, -0.02) m with distance 13.02 m.
- Obstacle pipeline: depth_camera_to_body_to_ned_current_frame.
- Current depth frame obstacle points projected into NED: 16. Nearest depth obstacle in NED is at (-2.06, 19.49, -2.62) m, relative vector (-2.58, 4.52, -0.13) m, distance 5.21 m.
- Depth validity fraction is 0.58. Global nearest obstacle distance is 4.48 m.
- Sector minimum distances [far_left, left, center, right, far_right] are [4.48, 4.69, 5.04, 5.04, 5.03] m.
- Nearest obstacle sector is far_left at 4.48 m and clearance status is clear.
- Lateral planning hint: right side is clearer.","{""waypoints"":[{""x"":0.5131195087719294,""y"":15.708869245614034},{""x"":0.5306633684210522,""y"":16.200097315789474},{""x"":0.548207228070175,""y"":16.691325385964912},{""x"":0.5657510877192978,""y"":17.182553456140354},{""x"":0.5832949473684206,""y"":17.67378152631579}],""reasoning"":""Selected waypoint 0 moves the reference anchor from 12.78 m to 12.29 m from goal immediately and to 10.32 m by the final waypoint, so progress is 0.49 m selected / 2.46 m final and passes with monotonic goal-distance reduction. Kinematics is evaluated on 5 unique label waypoint(s), excluding consecutive duplicate terminal holds, and checks only that the trajectory stays within the configured bounds speed <= 15.00 m/s and acceleration <= 8.00 m/s^2, so kinematics passes. Goal is not reached within this label waypoint window. Safety passes: minimum clearance 2.92 m against manifest obstacles with 0 violating segment(s).""}",0.5131195087719294,15.708869245614034,-2.5,0.5306633684210522,16.200097315789474,-2.5,0.548207228070175,16.691325385964912,-2.5,0.5657510877192978,17.182553456140354,-2.5,0.5832949473684206,17.67378152631579,-2.5
1773811718.043005705,1773811718.043005705,0.000,offline_ground_truth_window,"Environment section (T(v)):
- Current position NED is (0.55, 15.47, -2.51) m.
- Current velocity is (-0.01, 0.07, 0.01) m/s (speed 0.07 m/s).
- Goal position NED is (0.95, 27.99, -2.50) m.
- Output contract: predict exactly 5 waypoint x/y pairs in NED. The planner will set every waypoint z to goal z = -2.50 m before execution.
- Goal delta from current state is (0.40, 12.52, 0.01) m with distance 12.53 m.
- Obstacle pipeline: depth_camera_to_body_to_ned_current_frame.
- Current depth frame obstacle points projected into NED: 17. Nearest depth obstacle in NED is at (-1.95, 19.53, -2.56) m, relative vector (-2.50, 4.06, -0.04) m, distance 4.77 m.
- Depth validity fraction is 0.58. Global nearest obstacle distance is 4.00 m.
- Sector minimum distances [far_left, left, center, right, far_right] are [4.00, 4.47, 4.95, 4.95, 4.95] m.
- Nearest obstacle sector is far_left at 4.00 m and clearance status is clear.
- Lateral planning hint: right side is clearer.","{""waypoints"":[{""x"":0.5306633684210522,""y"":16.200097315789474},{""x"":0.548207228070175,""y"":16.691325385964912},{""x"":0.5657510877192978,""y"":17.182553456140354},{""x"":0.5832949473684206,""y"":17.67378152631579},{""x"":0.6008388070175434,""y"":18.16500959649123}],""reasoning"":""Selected waypoint 0 moves the reference anchor from 12.29 m to 11.80 m from goal immediately and to 9.83 m by the final waypoint, so progress is 0.49 m selected / 2.46 m final and passes with monotonic goal-distance reduction. Kinematics is evaluated on 5 unique label waypoint(s), excluding consecutive duplicate terminal holds, and checks only that the trajectory stays within the configured bounds speed <= 15.00 m/s and acceleration <= 8.00 m/s^2, so kinematics passes. Goal is not reached within this label waypoint window. Safety passes: minimum clearance 2.65 m against manifest obstacles with 0 violating segment(s).""}",0.5306633684210522,16.200097315789474,-2.5,0.548207228070175,16.691325385964912,-2.5,0.5657510877192978,17.182553456140354,-2.5,0.5832949473684206,17.67378152631579,-2.5,0.6008388070175434,18.16500959649123,-2.5
1773811724.241384983,1773811724.241384983,0.000,offline_ground_truth_window,"Environment section (T(v)):
- Current position NED is (0.50, 15.96, -2.47) m.
- Current velocity is (0.00, 0.06, 0.00) m/s (speed 0.06 m/s).
- Goal position NED is (0.95, 27.99, -2.50) m.
- Output contract: predict exactly 5 waypoint x/y pairs in NED. The planner will set every waypoint z to goal z = -2.50 m before execution.
- Goal delta from current state is (0.45, 12.03, -0.03) m with distance 12.04 m.
- Obstacle pipeline: depth_camera_to_body_to_ned_current_frame.
- Current depth frame obstacle points projected into NED: 34. Nearest depth obstacle in NED is at (-1.99, 19.58, -2.67) m, relative vector (-2.49, 3.62, -0.20) m, distance 4.40 m.
- Depth validity fraction is 0.58. Global nearest obstacle distance is 3.52 m.
- Sector minimum distances [far_left, left, center, right, far_right] are [3.52, 4.95, 4.95, 4.95, 4.95] m.
- Nearest obstacle sector is far_left at 3.52 m and clearance status is clear.
- Lateral planning hint: right side is clearer.","{""waypoints"":[{""x"":0.548207228070175,""y"":16.691325385964912},{""x"":0.5657510877192978,""y"":17.182553456140354},{""x"":0.5832949473684206,""y"":17.67378152631579},{""x"":0.6008388070175434,""y"":18.16500959649123},{""x"":0.6183826666666662,""y"":18.656237666666666}],""reasoning"":""Selected waypoint 0 moves the reference anchor from 11.80 m to 11.31 m from goal immediately and to 9.34 m by the final waypoint, so progress is 0.49 m selected / 2.46 m final and passes with monotonic goal-distance reduction. Kinematics is evaluated on 5 unique label waypoint(s), excluding consecutive duplicate terminal holds, and checks only that the trajectory stays within the configured bounds speed <= 15.00 m/s and acceleration <= 8.00 m/s^2, so kinematics passes. Goal is not reached within this label waypoint window. Safety passes: minimum clearance 2.43 m against manifest obstacles with 0 violating segment(s).""}",0.548207228070175,16.691325385964912,-2.5,0.5657510877192978,17.182553456140354,-2.5,0.5832949473684206,17.67378152631579,-2.5,0.6008388070175434,18.16500959649123,-2.5,0.6183826666666662,18.656237666666666,-2.5
1773811730.438401699,1773811730.438401699,0.000,offline_ground_truth_window,"Environment section (T(v)):
- Current position NED is (0.50, 16.45, -2.50) m.
- Current velocity is (0.01, 0.11, 0.01) m/s (speed 0.11 m/s).
- Goal position NED is (0.95, 27.99, -2.50) m.
- Output contract: predict exactly 5 waypoint x/y pairs in NED. The planner will set every waypoint z to goal z = -2.50 m before execution.
- Goal delta from current state is (0.45, 11.54, -0.00) m with distance 11.55 m.
- Obstacle pipeline: depth_camera_to_body_to_ned_current_frame.
- Current depth frame obstacle points projected into NED: 23. Nearest depth obstacle in NED is at (-1.94, 19.59, -2.51) m, relative vector (-2.44, 3.14, -0.02) m, distance 3.97 m.
- Depth validity fraction is 0.58. Global nearest obstacle distance is 3.11 m.
- Sector minimum distances [far_left, left, center, right, far_right] are [3.11, 4.97, 4.98, 4.98, 4.99] m.
- Nearest obstacle sector is far_left at 3.11 m and clearance status is clear.
- Lateral planning hint: right side is clearer.","{""waypoints"":[{""x"":0.5657510877192978,""y"":17.182553456140354},{""x"":0.5832949473684206,""y"":17.67378152631579},{""x"":0.6008388070175434,""y"":18.16500959649123},{""x"":0.6183826666666662,""y"":18.656237666666666},{""x"":0.635926526315789,""y"":19.147465736842108}],""reasoning"":""Selected waypoint 0 moves the reference anchor from 11.31 m to 10.81 m from goal immediately and to 8.85 m by the final waypoint, so progress is 0.49 m selected / 2.46 m final and passes with monotonic goal-distance reduction. Kinematics is evaluated on 5 unique label waypoint(s), excluding consecutive duplicate terminal holds, and checks only that the trajectory stays within the configured bounds speed <= 15.00 m/s and acceleration <= 8.00 m/s^2, so kinematics passes. Goal is not reached within this label waypoint window. Safety passes: minimum clearance 2.27 m against manifest obstacles with 0 violating segment(s).""}",0.5657510877192978,17.182553456140354,-2.5,0.5832949473684206,17.67378152631579,-2.5,0.6008388070175434,18.16500959649123,-2.5,0.6183826666666662,18.656237666666666,-2.5,0.635926526315789,19.147465736842108,-2.5
1773811735.907643080,1773811735.907643080,0.000,offline_ground_truth_window,"Environment section (T(v)):
- Current position NED is (0.58, 16.94, -2.51) m.
- Current velocity is (0.00, 0.08, 0.01) m/s (speed 0.08 m/s).
- Goal position NED is (0.95, 27.99, -2.50) m.
- Output contract: predict exactly 5 waypoint x/y pairs in NED. The planner will set every waypoint z to goal z = -2.50 m before execution.
- Goal delta from current state is (0.37, 11.05, 0.01) m with distance 11.06 m.
- Obstacle pipeline: depth_camera_to_body_to_ned_current_frame.
- Current depth frame obstacle points projected into NED: 20. Nearest depth obstacle in NED is at (-1.61, 19.72, -2.55) m, relative vector (-2.19, 2.79, -0.04) m, distance 3.54 m.
- Depth validity fraction is 0.58. Global nearest obstacle distance is 2.75 m.
- Sector minimum distances [far_left, left, center, right, far_right] are [2.75, 5.03, 5.03, 5.02, 5.01] m.
- Nearest obstacle sector is far_left at 2.75 m and clearance status is caution.
- Lateral planning hint: right side is clearer.","{""waypoints"":[{""x"":0.5832949473684206,""y"":17.67378152631579},{""x"":0.6008388070175434,""y"":18.16500959649123},{""x"":0.6183826666666662,""y"":18.656237666666666},{""x"":0.635926526315789,""y"":19.147465736842108},{""x"":0.6534703859649118,""y"":19.638693807017543}],""reasoning"":""Selected waypoint 0 moves the reference anchor from 10.81 m to 10.32 m from goal immediately and to 8.36 m by the final waypoint, so progress is 0.49 m selected / 2.46 m final and passes with monotonic goal-distance reduction. Kinematics is evaluated on 5 unique label waypoint(s), excluding consecutive duplicate terminal holds, and checks only that the trajectory stays within the configured bounds speed <= 15.00 m/s and acceleration <= 8.00 m/s^2, so kinematics passes. Goal is not reached within this label waypoint window. Safety passes: minimum clearance 2.20 m against manifest obstacles with 0 violating segment(s).""}",0.5832949473684206,17.67378152631579,-2.5,0.6008388070175434,18.16500959649123,-2.5,0.6183826666666662,18.656237666666666,-2.5,0.635926526315789,19.147465736842108,-2.5,0.6534703859649118,19.638693807017543,-2.5
1773811743.827635050,1773811743.827635050,0.000,offline_ground_truth_window,"Environment section (T(v)):
- Current position NED is (0.61, 17.43, -2.49) m.
- Current velocity is (-0.01, 0.06, 0.00) m/s (speed 0.06 m/s).
- Goal position NED is (0.95, 27.99, -2.50) m.
- Output contract: predict exactly 5 waypoint x/y pairs in NED. The planner will set every waypoint z to goal z = -2.50 m before execution.
- Goal delta from current state is (0.34, 10.56, -0.01) m with distance 10.56 m.
- Obstacle pipeline: depth_camera_to_body_to_ned_current_frame.
- Current depth frame obstacle points projected into NED: 10. Nearest depth obstacle in NED is at (-1.45, 20.02, -2.14) m, relative vector (-2.06, 2.59, 0.35) m, distance 3.33 m.
- Depth validity fraction is 0.59. Global nearest obstacle distance is 2.58 m.
- Sector minimum distances [far_left, left, center, right, far_right] are [2.58, 4.90, 4.90, 4.90, 4.90] m.
- Nearest obstacle sector is far_left at 2.58 m and clearance status is caution.
- Lateral planning hint: right side is clearer.","{""waypoints"":[{""x"":0.6008388070175434,""y"":18.16500959649123},{""x"":0.6183826666666662,""y"":18.656237666666666},{""x"":0.635926526315789,""y"":19.147465736842108},{""x"":0.6534703859649118,""y"":19.638693807017543},{""x"":0.6710142456140347,""y"":20.129921877192984}],""reasoning"":""Selected waypoint 0 moves the reference anchor from 10.32 m to 9.83 m from goal immediately and to 7.86 m by the final waypoint, so progress is 0.49 m selected / 2.46 m final and passes with monotonic goal-distance reduction. Kinematics is evaluated on 5 unique label waypoint(s), excluding consecutive duplicate terminal holds, and checks only that the trajectory stays within the configured bounds speed <= 15.00 m/s and acceleration <= 8.00 m/s^2, so kinematics passes. Goal is not reached within this label waypoint window. Safety passes: minimum clearance 2.20 m against manifest obstacles with 0 violating segment(s).""}",0.6008388070175434,18.16500959649123,-2.5,0.6183826666666662,18.656237666666666,-2.5,0.635926526315789,19.147465736842108,-2.5,0.6534703859649118,19.638693807017543,-2.5,0.6710142456140347,20.129921877192984,-2.5
1773811750.533165216,1773811750.533165216,0.000,offline_ground_truth_window,"Environment section (T(v)):
- Current position NED is (0.61, 17.92, -2.49) m.
- Current velocity is (0.00, 0.08, 0.01) m/s (speed 0.08 m/s).
- Goal position NED is (0.95, 27.99, -2.50) m.
- Output contract: predict exactly 5 waypoint x/y pairs in NED. The planner will set every waypoint z to goal z = -2.50 m before execution.
- Goal delta from current state is (0.34, 10.07, -0.01) m with distance 10.07 m.
- Obstacle pipeline: depth_camera_to_body_to_ned_current_frame.
- Current depth frame obstacle points projected into NED: 3. Nearest depth obstacle in NED is at (-0.25, 27.78, -2.73) m, relative vector (-0.86, 9.86, -0.23) m, distance 9.90 m.
- Depth validity fraction is 0.57. Global nearest obstacle distance is 5.04 m.
- Sector minimum distances [far_left, left, center, right, far_right] are [5.06, 5.05, 5.05, 5.05, 5.04] m.
- Nearest obstacle sector is far_right at 5.04 m and clearance status is clear.
- Lateral planning hint: prefer center progress.","{""waypoints"":[{""x"":0.6183826666666662,""y"":18.656237666666666},{""x"":0.635926526315789,""y"":19.147465736842108},{""x"":0.6534703859649118,""y"":19.638693807017543},{""x"":0.6710142456140347,""y"":20.129921877192984},{""x"":0.6885581052631574,""y"":20.621149947368423}],""reasoning"":""Selected waypoint 0 moves the reference anchor from 9.83 m to 9.34 m from goal immediately and to 7.37 m by the final waypoint, so progress is 0.49 m selected / 2.46 m final and passes with monotonic goal-distance reduction. Kinematics is evaluated on 5 unique label waypoint(s), excluding consecutive duplicate terminal holds, and checks only that the trajectory stays within the configured bounds speed <= 15.00 m/s and acceleration <= 8.00 m/s^2, so kinematics passes. Goal is not reached within this label waypoint window. Safety passes: minimum clearance 2.20 m against manifest obstacles with 0 violating segment(s).""}",0.6183826666666662,18.656237666666666,-2.5,0.635926526315789,19.147465736842108,-2.5,0.6534703859649118,19.638693807017543,-2.5,0.6710142456140347,20.129921877192984,-2.5,0.6885581052631574,20.621149947368423,-2.5
1773811757.249748230,1773811757.249748230,0.000,offline_ground_truth_window,"Environment section (T(v)):
- Current position NED is (0.58, 18.41, -2.51) m.
- Current velocity is (-0.01, 0.05, 0.01) m/s (speed 0.05 m/s).
- Goal position NED is (0.95, 27.99, -2.50) m.
- Output contract: predict exactly 5 waypoint x/y pairs in NED. The planner will set every waypoint z to goal z = -2.50 m before execution.
- Goal delta from current state is (0.37, 9.58, 0.01) m with distance 9.58 m.
- Obstacle pipeline: depth_camera_to_body_to_ned_current_frame.
- Current depth frame obstacle points projected into NED: 1. Nearest depth obstacle in NED is at (0.19, 28.15, -2.03) m, relative vector (-0.39, 9.74, 0.49) m, distance 9.76 m.
- Depth validity fraction is 0.58. Global nearest obstacle distance is 5.01 m.
- Sector minimum distances [far_left, left, center, right, far_right] are [5.01, 5.01, 5.02, 5.03, 5.03] m.
- Nearest obstacle sector is far_left at 5.01 m and clearance status is clear.
- Lateral planning hint: prefer center progress.","{""waypoints"":[{""x"":0.635926526315789,""y"":19.147465736842108},{""x"":0.6534703859649118,""y"":19.638693807017543},{""x"":0.6710142456140347,""y"":20.129921877192984},{""x"":0.6885581052631574,""y"":20.621149947368423},{""x"":0.7061019649122803,""y"":21.11237801754386}],""reasoning"":""Selected waypoint 0 moves the reference anchor from 9.34 m to 8.85 m from goal immediately and to 6.88 m by the final waypoint, so progress is 0.49 m selected / 2.46 m final and passes with monotonic goal-distance reduction. Kinematics is evaluated on 5 unique label waypoint(s), excluding consecutive duplicate terminal holds, and checks only that the trajectory stays within the configured bounds speed <= 15.00 m/s and acceleration <= 8.00 m/s^2, so kinematics passes. Goal is not reached within this label waypoint window. Safety passes: minimum clearance 2.20 m against manifest obstacles with 0 violating segment(s).""}",0.635926526315789,19.147465736842108,-2.5,0.6534703859649118,19.638693807017543,-2.5,0.6710142456140347,20.129921877192984,-2.5,0.6885581052631574,20.621149947368423,-2.5,0.7061019649122803,21.11237801754386,-2.5
1773811765.023520947,1773811765.023520947,0.000,offline_ground_truth_window,"Environment section (T(v)):
- Current position NED is (0.62, 18.91, -2.51) m.
- Current velocity is (0.01, 0.07, 0.01) m/s (speed 0.08 m/s).
- Goal position NED is (0.95, 27.99, -2.50) m.
- Output contract: predict exactly 5 waypoint x/y pairs in NED. The planner will set every waypoint z to goal z = -2.50 m before execution.
- Goal delta from current state is (0.33, 9.08, 0.01) m with distance 9.09 m.
- Obstacle pipeline: depth_camera_to_body_to_ned_current_frame.
- Current depth frame obstacle points projected into NED: 6. Nearest depth obstacle in NED is at (-2.83, 28.53, -1.97) m, relative vector (-3.46, 9.62, 0.54) m, distance 10.24 m.
- Depth validity fraction is 0.57. Global nearest obstacle distance is 5.01 m.
- Sector minimum distances [far_left, left, center, right, far_right] are [5.03, 5.02, 5.02, 5.02, 5.01] m.
- Nearest obstacle sector is far_right at 5.01 m and clearance status is clear.
- Lateral planning hint: prefer center progress.","{""waypoints"":[{""x"":0.6534703859649118,""y"":19.638693807017543},{""x"":0.6710142456140347,""y"":20.129921877192984},{""x"":0.6885581052631574,""y"":20.621149947368423},{""x"":0.7061019649122803,""y"":21.11237801754386},{""x"":0.723645824561403,""y"":21.6036060877193}],""reasoning"":""Selected waypoint 0 moves the reference anchor from 8.85 m to 8.36 m from goal immediately and to 6.39 m by the final waypoint, so progress is 0.49 m selected / 2.46 m final and passes with monotonic goal-distance reduction. Kinematics is evaluated on 5 unique label waypoint(s), excluding consecutive duplicate terminal holds, and checks only that the trajectory stays within the configured bounds speed <= 15.00 m/s and acceleration <= 8.00 m/s^2, so kinematics passes. Goal is not reached within this label waypoint window. Safety passes: minimum clearance 2.20 m against manifest obstacles with 0 violating segment(s).""}",0.6534703859649118,19.638693807017543,-2.5,0.6710142456140347,20.129921877192984,-2.5,0.6885581052631574,20.621149947368423,-2.5,0.7061019649122803,21.11237801754386,-2.5,0.723645824561403,21.6036060877193,-2.5
1773811772.069857359,1773811772.069857359,0.000,offline_ground_truth_window,"Environment section (T(v)):
- Current position NED is (0.61, 19.39, -2.50) m.
- Current velocity is (0.00, 0.04, 0.01) m/s (speed 0.04 m/s).
- Goal position NED is (0.95, 27.99, -2.50) m.
- Output contract: predict exactly 5 waypoint x/y pairs in NED. The planner will set every waypoint z to goal z = -2.50 m before execution.
- Goal delta from current state is (0.34, 8.59, 0.00) m with distance 8.60 m.
- Obstacle pipeline: depth_camera_to_body_to_ned_current_frame.
- Current depth frame obstacle points projected into NED: 32. Nearest depth obstacle in NED is at (0.24, 27.57, -2.62) m, relative vector (-0.37, 8.18, -0.11) m, distance 8.19 m.
- Depth validity fraction is 0.58. Global nearest obstacle distance is 4.95 m.
- Sector minimum distances [far_left, left, center, right, far_right] are [4.95, 4.95, 4.95, 4.95, 4.95] m.
- Nearest obstacle sector is far_left at 4.95 m and clearance status is clear.
- Lateral planning hint: prefer center progress.","{""waypoints"":[{""x"":0.6710142456140347,""y"":20.129921877192984},{""x"":0.6885581052631574,""y"":20.621149947368423},{""x"":0.7061019649122803,""y"":21.11237801754386},{""x"":0.723645824561403,""y"":21.6036060877193},{""x"":0.7411896842105259,""y"":22.094834157894738}],""reasoning"":""Selected waypoint 0 moves the reference anchor from 8.36 m to 7.86 m from goal immediately and to 5.90 m by the final waypoint, so progress is 0.49 m selected / 2.46 m final and passes with monotonic goal-distance reduction. Kinematics is evaluated on 5 unique label waypoint(s), excluding consecutive duplicate terminal holds, and checks only that the trajectory stays within the configured bounds speed <= 15.00 m/s and acceleration <= 8.00 m/s^2, so kinematics passes. Goal is not reached within this label waypoint window. Safety passes: minimum clearance 2.20 m against manifest obstacles with 0 violating segment(s).""}",0.6710142456140347,20.129921877192984,-2.5,0.6885581052631574,20.621149947368423,-2.5,0.7061019649122803,21.11237801754386,-2.5,0.723645824561403,21.6036060877193,-2.5,0.7411896842105259,22.094834157894738,-2.5
1773811777.686245441,1773811777.686245441,0.000,offline_ground_truth_window,"Environment section (T(v)):
- Current position NED is (0.65, 19.89, -2.49) m.
- Current velocity is (0.01, 0.10, -0.00) m/s (speed 0.10 m/s).
- Goal position NED is (0.95, 27.99, -2.50) m.
- Output contract: predict exactly 5 waypoint x/y pairs in NED. The planner will set every waypoint z to goal z = -2.50 m before execution.
- Goal delta from current state is (0.30, 8.10, -0.01) m with distance 8.11 m.
- Obstacle pipeline: depth_camera_to_body_to_ned_current_frame.
- Current depth frame obstacle points projected into NED: 34. Nearest depth obstacle in NED is at (0.71, 27.72, -2.59) m, relative vector (0.06, 7.84, -0.10) m, distance 7.84 m.
- Depth validity fraction is 0.58. Global nearest obstacle distance is 4.95 m.
- Sector minimum distances [far_left, left, center, right, far_right] are [4.95, 4.95, 4.95, 4.95, 4.95] m.
- Nearest obstacle sector is far_right at 4.95 m and clearance status is clear.
- Lateral planning hint: prefer center progress.","{""waypoints"":[{""x"":0.6885581052631574,""y"":20.621149947368423},{""x"":0.7061019649122803,""y"":21.11237801754386},{""x"":0.723645824561403,""y"":21.6036060877193},{""x"":0.7411896842105259,""y"":22.094834157894738},{""x"":0.7587335438596486,""y"":22.586062228070176}],""reasoning"":""Selected waypoint 0 moves the reference anchor from 7.86 m to 7.37 m from goal immediately and to 5.41 m by the final waypoint, so progress is 0.49 m selected / 2.46 m final and passes with monotonic goal-distance reduction. Kinematics is evaluated on 5 unique label waypoint(s), excluding consecutive duplicate terminal holds, and checks only that the trajectory stays within the configured bounds speed <= 15.00 m/s and acceleration <= 8.00 m/s^2, so kinematics passes. Goal is not reached within this label waypoint window. Safety passes: minimum clearance 2.22 m against manifest obstacles with 0 violating segment(s).""}",0.6885581052631574,20.621149947368423,-2.5,0.7061019649122803,21.11237801754386,-2.5,0.723645824561403,21.6036060877193,-2.5,0.7411896842105259,22.094834157894738,-2.5,0.7587335438596486,22.586062228070176,-2.5
1773811784.933156013,1773811784.933156013,0.000,offline_ground_truth_window,"Environment section (T(v)):
- Current position NED is (0.72, 20.37, -2.50) m.
- Current velocity is (0.00, 0.08, 0.00) m/s (speed 0.08 m/s).
- Goal position NED is (0.95, 27.99, -2.50) m.
- Output contract: predict exactly 5 waypoint x/y pairs in NED. The planner will set every waypoint z to goal z = -2.50 m before execution.
- Goal delta from current state is (0.23, 7.61, -0.00) m with distance 7.62 m.
- Obstacle pipeline: depth_camera_to_body_to_ned_current_frame.
- Current depth frame obstacle points projected into NED: 22. Nearest depth obstacle in NED is at (0.96, 27.72, -2.65) m, relative vector (0.24, 7.34, -0.15) m, distance 7.35 m.
- Depth validity fraction is 0.57. Global nearest obstacle distance is 4.98 m.
- Sector minimum distances [far_left, left, center, right, far_right] are [5.02, 5.01, 5.00, 4.99, 4.98] m.
- Nearest obstacle sector is far_right at 4.98 m and clearance status is clear.
- Lateral planning hint: prefer center progress.","{""waypoints"":[{""x"":0.7061019649122803,""y"":21.11237801754386},{""x"":0.723645824561403,""y"":21.6036060877193},{""x"":0.7411896842105259,""y"":22.094834157894738},{""x"":0.7587335438596486,""y"":22.586062228070176},{""x"":0.7762774035087715,""y"":23.077290298245615}],""reasoning"":""Selected waypoint 0 moves the reference anchor from 7.37 m to 6.88 m from goal immediately and to 4.92 m by the final waypoint, so progress is 0.49 m selected / 2.46 m final and passes with monotonic goal-distance reduction. Kinematics is evaluated on 5 unique label waypoint(s), excluding consecutive duplicate terminal holds, and checks only that the trajectory stays within the configured bounds speed <= 15.00 m/s and acceleration <= 8.00 m/s^2, so kinematics passes. Goal is not reached within this label waypoint window. Safety passes: minimum clearance 2.32 m against manifest obstacles with 0 violating segment(s).""}",0.7061019649122803,21.11237801754386,-2.5,0.723645824561403,21.6036060877193,-2.5,0.7411896842105259,22.094834157894738,-2.5,0.7587335438596486,22.586062228070176,-2.5,0.7762774035087715,23.077290298245615,-2.5
1773811791.496931791,1773811791.496931791,0.000,offline_ground_truth_window,"Environment section (T(v)):
- Current position NED is (0.68, 20.87, -2.49) m.
- Current velocity is (0.00, 0.08, 0.01) m/s (speed 0.08 m/s).
- Goal position NED is (0.95, 27.99, -2.50) m.
- Output contract: predict exactly 5 waypoint x/y pairs in NED. The planner will set every waypoint z to goal z = -2.50 m before execution.
- Goal delta from current state is (0.27, 7.12, -0.01) m with distance 7.13 m.
- Obstacle pipeline: depth_camera_to_body_to_ned_current_frame.
- Current depth frame obstacle points projected into NED: 29. Nearest depth obstacle in NED is at (-2.46, 28.77, -1.73) m, relative vector (-3.14, 7.90, 0.76) m, distance 8.54 m.
- Depth validity fraction is 0.58. Global nearest obstacle distance is 4.97 m.
- Sector minimum distances [far_left, left, center, right, far_right] are [4.97, 4.97, 4.97, 4.97, 4.97] m.
- Nearest obstacle sector is far_right at 4.97 m and clearance status is clear.
- Lateral planning hint: prefer center progress.","{""waypoints"":[{""x"":0.723645824561403,""y"":21.6036060877193},{""x"":0.7411896842105259,""y"":22.094834157894738},{""x"":0.7587335438596486,""y"":22.586062228070176},{""x"":0.7762774035087715,""y"":23.077290298245615},{""x"":0.7938212631578943,""y"":23.568518368421053}],""reasoning"":""Selected waypoint 0 moves the reference anchor from 6.88 m to 6.39 m from goal immediately and to 4.42 m by the final waypoint, so progress is 0.49 m selected / 2.46 m final and passes with monotonic goal-distance reduction. Kinematics is evaluated on 5 unique label waypoint(s), excluding consecutive duplicate terminal holds, and checks only that the trajectory stays within the configured bounds speed <= 15.00 m/s and acceleration <= 8.00 m/s^2, so kinematics passes. Goal is not reached within this label waypoint window. Safety passes: minimum clearance 2.50 m against manifest obstacles with 0 violating segment(s).""}",0.723645824561403,21.6036060877193,-2.5,0.7411896842105259,22.094834157894738,-2.5,0.7587335438596486,22.586062228070176,-2.5,0.7762774035087715,23.077290298245615,-2.5,0.7938212631578943,23.568518368421053,-2.5
1773811798.438598156,1773811798.438598156,0.000,offline_ground_truth_window,"Environment section (T(v)):
- Current position NED is (0.72, 21.36, -2.48) m.
- Current velocity is (0.00, 0.07, 0.00) m/s (speed 0.07 m/s).
- Goal position NED is (0.95, 27.99, -2.50) m.
- Output contract: predict exactly 5 waypoint x/y pairs in NED. The planner will set every waypoint z to goal z = -2.50 m before execution.
- Goal delta from current state is (0.23, 6.63, -0.02) m with distance 6.64 m.
- Obstacle pipeline: depth_camera_to_body_to_ned_current_frame.
- Current depth frame obstacle points projected into NED: 36. Nearest depth obstacle in NED is at (0.74, 27.63, -2.56) m, relative vector (0.02, 6.27, -0.08) m, distance 6.27 m.
- Depth validity fraction is 0.58. Global nearest obstacle distance is 4.91 m.
- Sector minimum distances [far_left, left, center, right, far_right] are [4.92, 4.92, 4.92, 4.91, 4.91] m.
- Nearest obstacle sector is far_right at 4.91 m and clearance status is clear.
- Lateral planning hint: prefer center progress.","{""waypoints"":[{""x"":0.7411896842105259,""y"":22.094834157894738},{""x"":0.7587335438596486,""y"":22.586062228070176},{""x"":0.7762774035087715,""y"":23.077290298245615},{""x"":0.7938212631578943,""y"":23.568518368421053},{""x"":0.8113651228070171,""y"":24.059746438596495}],""reasoning"":""Selected waypoint 0 moves the reference anchor from 6.39 m to 5.90 m from goal immediately and to 3.93 m by the final waypoint, so progress is 0.49 m selected / 2.46 m final and passes with monotonic goal-distance reduction. Kinematics is evaluated on 5 unique label waypoint(s), excluding consecutive duplicate terminal holds, and checks only that the trajectory stays within the configured bounds speed <= 15.00 m/s and acceleration <= 8.00 m/s^2, so kinematics passes. Goal is not reached within this label waypoint window. Safety passes: minimum clearance 2.75 m against manifest obstacles with 0 violating segment(s).""}",0.7411896842105259,22.094834157894738,-2.5,0.7587335438596486,22.586062228070176,-2.5,0.7762774035087715,23.077290298245615,-2.5,0.7938212631578943,23.568518368421053,-2.5,0.8113651228070171,24.059746438596495,-2.5
1773811805.427559853,1773811805.427559853,0.000,offline_ground_truth_window,"Environment section (T(v)):
- Current position NED is (0.73, 21.85, -2.48) m.
- Current velocity is (0.00, 0.08, 0.01) m/s (speed 0.08 m/s).
- Goal position NED is (0.95, 27.99, -2.50) m.
- Output contract: predict exactly 5 waypoint x/y pairs in NED. The planner will set every waypoint z to goal z = -2.50 m before execution.
- Goal delta from current state is (0.23, 6.14, -0.02) m with distance 6.14 m.
- Obstacle pipeline: depth_camera_to_body_to_ned_current_frame.
- Current depth frame obstacle points projected into NED: 54. Nearest depth obstacle in NED is at (1.24, 27.87, -2.75) m, relative vector (0.51, 6.02, -0.27) m, distance 6.05 m.
- Depth validity fraction is 0.57. Global nearest obstacle distance is 5.06 m.
- Sector minimum distances [far_left, left, center, right, far_right] are [5.07, 5.07, 5.07, 5.06, 5.06] m.
- Nearest obstacle sector is far_right at 5.06 m and clearance status is clear.
- Lateral planning hint: prefer center progress.","{""waypoints"":[{""x"":0.7587335438596486,""y"":22.586062228070176},{""x"":0.7762774035087715,""y"":23.077290298245615},{""x"":0.7938212631578943,""y"":23.568518368421053},{""x"":0.8113651228070171,""y"":24.059746438596495},{""x"":0.8289089824561399,""y"":24.55097450877193}],""reasoning"":""Selected waypoint 0 moves the reference anchor from 5.90 m to 5.41 m from goal immediately and to 3.44 m by the final waypoint, so progress is 0.49 m selected / 2.46 m final and passes with monotonic goal-distance reduction. Kinematics is evaluated on 5 unique label waypoint(s), excluding consecutive duplicate terminal holds, and checks only that the trajectory stays within the configured bounds speed <= 15.00 m/s and acceleration <= 8.00 m/s^2, so kinematics passes. Goal is not reached within this label waypoint window. Safety passes: minimum clearance 3.04 m against manifest obstacles with 0 violating segment(s).""}",0.7587335438596486,22.586062228070176,-2.5,0.7762774035087715,23.077290298245615,-2.5,0.7938212631578943,23.568518368421053,-2.5,0.8113651228070171,24.059746438596495,-2.5,0.8289089824561399,24.55097450877193,-2.5
1773811811.393236876,1773811811.393236876,0.000,offline_ground_truth_window,"Environment section (T(v)):
- Current position NED is (0.71, 22.35, -2.48) m.
- Current velocity is (0.01, 0.08, 0.00) m/s (speed 0.08 m/s).
- Goal position NED is (0.95, 27.99, -2.50) m.
- Output contract: predict exactly 5 waypoint x/y pairs in NED. The planner will set every waypoint z to goal z = -2.50 m before execution.
- Goal delta from current state is (0.24, 5.64, -0.02) m with distance 5.65 m.
- Obstacle pipeline: depth_camera_to_body_to_ned_current_frame.
- Current depth frame obstacle points projected into NED: 50. Nearest depth obstacle in NED is at (0.61, 27.61, -2.62) m, relative vector (-0.10, 5.26, -0.14) m, distance 5.26 m.
- Depth validity fraction is 0.58. Global nearest obstacle distance is 4.96 m.
- Sector minimum distances [far_left, left, center, right, far_right] are [4.96, 4.96, 4.96, 4.96, 4.97] m.
- Nearest obstacle sector is far_left at 4.96 m and clearance status is clear.
- Lateral planning hint: prefer center progress.","{""waypoints"":[{""x"":0.7762774035087715,""y"":23.077290298245615},{""x"":0.7938212631578943,""y"":23.568518368421053},{""x"":0.8113651228070171,""y"":24.059746438596495},{""x"":0.8289089824561399,""y"":24.55097450877193},{""x"":0.8464528421052627,""y"":25.04220257894737}],""reasoning"":""Selected waypoint 0 moves the reference anchor from 5.41 m to 4.92 m from goal immediately and to 2.95 m by the final waypoint, so progress is 0.49 m selected / 2.46 m final and passes with monotonic goal-distance reduction. Kinematics is evaluated on 5 unique label waypoint(s), excluding consecutive duplicate terminal holds, and checks only that the trajectory stays within the configured bounds speed <= 15.00 m/s and acceleration <= 8.00 m/s^2, so kinematics passes. Goal is not reached within this label waypoint window. Safety passes: minimum clearance 3.37 m against manifest obstacles with 0 violating segment(s).""}",0.7762774035087715,23.077290298245615,-2.5,0.7938212631578943,23.568518368421053,-2.5,0.8113651228070171,24.059746438596495,-2.5,0.8289089824561399,24.55097450877193,-2.5,0.8464528421052627,25.04220257894737,-2.5
1773811819.775567532,1773811819.775567532,0.000,offline_ground_truth_window,"Environment section (T(v)):
- Current position NED is (0.75, 22.83, -2.51) m.
- Current velocity is (0.00, 0.05, 0.00) m/s (speed 0.05 m/s).
- Goal position NED is (0.95, 27.99, -2.50) m.
- Output contract: predict exactly 5 waypoint x/y pairs in NED. The planner will set every waypoint z to goal z = -2.50 m before execution.
- Goal delta from current state is (0.20, 5.16, 0.01) m with distance 5.16 m.
- Obstacle pipeline: depth_camera_to_body_to_ned_current_frame.
- Current depth frame obstacle points projected into NED: 53. Nearest depth obstacle in NED is at (0.97, 27.61, -2.60) m, relative vector (0.22, 4.77, -0.09) m, distance 4.78 m.
- Depth validity fraction is 0.58. Global nearest obstacle distance is 4.60 m.
- Sector minimum distances [far_left, left, center, right, far_right] are [4.94, 4.94, 4.60, 4.73, 4.95] m.
- Nearest obstacle sector is center at 4.60 m and clearance status is clear.
- Lateral planning hint: prefer center progress.","{""waypoints"":[{""x"":0.7938212631578943,""y"":23.568518368421053},{""x"":0.8113651228070171,""y"":24.059746438596495},{""x"":0.8289089824561399,""y"":24.55097450877193},{""x"":0.8464528421052627,""y"":25.04220257894737},{""x"":0.8639967017543855,""y"":25.533430649122806}],""reasoning"":""Selected waypoint 0 moves the reference anchor from 4.92 m to 4.42 m from goal immediately and to 2.46 m by the final waypoint, so progress is 0.49 m selected / 2.46 m final and passes with monotonic goal-distance reduction. Kinematics is evaluated on 5 unique label waypoint(s), excluding consecutive duplicate terminal holds, and checks only that the trajectory stays within the configured bounds speed <= 15.00 m/s and acceleration <= 8.00 m/s^2, so kinematics passes. Goal is not reached within this label waypoint window. Safety passes: minimum clearance 3.74 m against manifest obstacles with 0 violating segment(s).""}",0.7938212631578943,23.568518368421053,-2.5,0.8113651228070171,24.059746438596495,-2.5,0.8289089824561399,24.55097450877193,-2.5,0.8464528421052627,25.04220257894737,-2.5,0.8639967017543855,25.533430649122806,-2.5
1773811825.493606806,1773811825.493606806,0.000,offline_ground_truth_window,"Environment section (T(v)):
- Current position NED is (0.78, 23.32, -2.52) m.
- Current velocity is (0.01, 0.08, 0.01) m/s (speed 0.09 m/s).
- Goal position NED is (0.95, 27.99, -2.50) m.
- Output contract: predict exactly 5 waypoint x/y pairs in NED. The planner will set every waypoint z to goal z = -2.50 m before execution.
- Goal delta from current state is (0.17, 4.67, 0.02) m with distance 4.67 m.
- Obstacle pipeline: depth_camera_to_body_to_ned_current_frame.
- Current depth frame obstacle points projected into NED: 73. Nearest depth obstacle in NED is at (0.52, 27.89, -2.60) m, relative vector (-0.27, 4.57, -0.08) m, distance 4.58 m.
- Depth validity fraction is 0.58. Global nearest obstacle distance is 4.14 m.
- Sector minimum distances [far_left, left, center, right, far_right] are [4.95, 4.94, 4.14, 4.20, 4.93] m.
- Nearest obstacle sector is center at 4.14 m and clearance status is clear.
- Lateral planning hint: prefer center progress.","{""waypoints"":[{""x"":0.8113651228070171,""y"":24.059746438596495},{""x"":0.8289089824561399,""y"":24.55097450877193},{""x"":0.8464528421052627,""y"":25.04220257894737},{""x"":0.8639967017543855,""y"":25.533430649122806},{""x"":0.8815405614035083,""y"":26.024658719298248}],""reasoning"":""Selected waypoint 0 moves the reference anchor from 4.42 m to 3.93 m from goal immediately and to 1.97 m by the final waypoint, so progress is 0.49 m selected / 2.46 m final and passes with monotonic goal-distance reduction. Kinematics is evaluated on 5 unique label waypoint(s), excluding consecutive duplicate terminal holds, and checks only that the trajectory stays within the configured bounds speed <= 15.00 m/s and acceleration <= 8.00 m/s^2, so kinematics passes. Goal is not reached within this label waypoint window. Safety passes: minimum clearance 3.77 m against manifest obstacles with 0 violating segment(s).""}",0.8113651228070171,24.059746438596495,-2.5,0.8289089824561399,24.55097450877193,-2.5,0.8464528421052627,25.04220257894737,-2.5,0.8639967017543855,25.533430649122806,-2.5,0.8815405614035083,26.024658719298248,-2.5
1773811833.634907961,1773811833.634907961,0.000,offline_ground_truth_window,"Environment section (T(v)):
- Current position NED is (0.79, 23.82, -2.50) m.
- Current velocity is (0.01, 0.06, 0.01) m/s (speed 0.06 m/s).
- Goal position NED is (0.95, 27.99, -2.50) m.
- Output contract: predict exactly 5 waypoint x/y pairs in NED. The planner will set every waypoint z to goal z = -2.50 m before execution.
- Goal delta from current state is (0.16, 4.17, -0.00) m with distance 4.18 m.
- Obstacle pipeline: depth_camera_to_body_to_ned_current_frame.
- Current depth frame obstacle points projected into NED: 74. Nearest depth obstacle in NED is at (0.91, 28.12, -2.19) m, relative vector (0.13, 4.30, 0.31) m, distance 4.31 m.
- Depth validity fraction is 0.59. Global nearest obstacle distance is 3.67 m.
- Sector minimum distances [far_left, left, center, right, far_right] are [4.76, 4.94, 3.67, 3.71, 4.92] m.
- Nearest obstacle sector is center at 3.67 m and clearance status is clear.
- Lateral planning hint: left side is clearer.","{""waypoints"":[{""x"":0.8289089824561399,""y"":24.55097450877193},{""x"":0.8464528421052627,""y"":25.04220257894737},{""x"":0.8639967017543855,""y"":25.533430649122806},{""x"":0.8815405614035083,""y"":26.024658719298248},{""x"":0.8990844210526311,""y"":26.515886789473683}],""reasoning"":""Selected waypoint 0 moves the reference anchor from 3.93 m to 3.44 m from goal immediately and to 1.47 m by the final waypoint, so progress is 0.49 m selected / 2.46 m final and passes with monotonic goal-distance reduction. Kinematics is evaluated on 5 unique label waypoint(s), excluding consecutive duplicate terminal holds, and checks only that the trajectory stays within the configured bounds speed <= 15.00 m/s and acceleration <= 8.00 m/s^2, so kinematics passes. Goal is not reached within this label waypoint window. Safety passes: minimum clearance 3.48 m against manifest obstacles with 0 violating segment(s).""}",0.8289089824561399,24.55097450877193,-2.5,0.8464528421052627,25.04220257894737,-2.5,0.8639967017543855,25.533430649122806,-2.5,0.8815405614035083,26.024658719298248,-2.5,0.8990844210526311,26.515886789473683,-2.5
1773811840.422750711,1773811840.422750711,0.000,offline_ground_truth_window,"Environment section (T(v)):
- Current position NED is (0.82, 24.31, -2.45) m.
- Current velocity is (0.00, 0.07, 0.01) m/s (speed 0.07 m/s).
- Goal position NED is (0.95, 27.99, -2.50) m.
- Output contract: predict exactly 5 waypoint x/y pairs in NED. The planner will set every waypoint z to goal z = -2.50 m before execution.
- Goal delta from current state is (0.13, 3.68, -0.05) m with distance 3.69 m.
- Obstacle pipeline: depth_camera_to_body_to_ned_current_frame.
- Current depth frame obstacle points projected into NED: 99. Nearest depth obstacle in NED is at (0.99, 27.58, -2.59) m, relative vector (0.17, 3.27, -0.14) m, distance 3.28 m.
- Depth validity fraction is 0.61. Global nearest obstacle distance is 3.12 m.
- Sector minimum distances [far_left, left, center, right, far_right] are [4.20, 4.98, 3.12, 3.13, 4.97] m.
- Nearest obstacle sector is center at 3.12 m and clearance status is clear.
- Lateral planning hint: left side is clearer.","{""waypoints"":[{""x"":0.8464528421052627,""y"":25.04220257894737},{""x"":0.8639967017543855,""y"":25.533430649122806},{""x"":0.8815405614035083,""y"":26.024658719298248},{""x"":0.8990844210526311,""y"":26.515886789473683},{""x"":0.916628280701754,""y"":27.007114859649125}],""reasoning"":""Selected waypoint 0 moves the reference anchor from 3.44 m to 2.95 m from goal immediately and to 0.98 m by the final waypoint, so progress is 0.49 m selected / 2.46 m final and passes with monotonic goal-distance reduction. Kinematics is evaluated on 5 unique label waypoint(s), excluding consecutive duplicate terminal holds, and checks only that the trajectory stays within the configured bounds speed <= 15.00 m/s and acceleration <= 8.00 m/s^2, so kinematics passes. Goal is not reached within this label waypoint window. Safety passes: minimum clearance 3.23 m against manifest obstacles with 0 violating segment(s).""}",0.8464528421052627,25.04220257894737,-2.5,0.8639967017543855,25.533430649122806,-2.5,0.8815405614035083,26.024658719298248,-2.5,0.8990844210526311,26.515886789473683,-2.5,0.916628280701754,27.007114859649125,-2.5
1773811846.575592756,1773811846.575592756,0.000,offline_ground_truth_window,"Environment section (T(v)):
- Current position NED is (0.82, 24.80, -2.50) m.
- Current velocity is (-0.00, 0.09, 0.01) m/s (speed 0.09 m/s).
- Goal position NED is (0.95, 27.99, -2.50) m.
- Output contract: predict exactly 5 waypoint x/y pairs in NED. The planner will set every waypoint z to goal z = -2.50 m before execution.
- Goal delta from current state is (0.13, 3.19, 0.00) m with distance 3.19 m.
- Obstacle pipeline: depth_camera_to_body_to_ned_current_frame.
- Current depth frame obstacle points projected into NED: 105. Nearest depth obstacle in NED is at (0.96, 27.60, -2.65) m, relative vector (0.14, 2.80, -0.15) m, distance 2.81 m.
- Depth validity fraction is 0.62. Global nearest obstacle distance is 2.65 m.
- Sector minimum distances [far_left, left, center, right, far_right] are [3.76, 5.03, 2.65, 2.66, 5.03] m.
- Nearest obstacle sector is center at 2.65 m and clearance status is caution.
- Lateral planning hint: left side is clearer.","{""waypoints"":[{""x"":0.8639967017543855,""y"":25.533430649122806},{""x"":0.8815405614035083,""y"":26.024658719298248},{""x"":0.8990844210526311,""y"":26.515886789473683},{""x"":0.916628280701754,""y"":27.007114859649125},{""x"":0.9341721403508767,""y"":27.498342929824563}],""reasoning"":""Selected waypoint 0 moves the reference anchor from 2.95 m to 2.46 m from goal immediately and to 0.49 m by the final waypoint, so progress is 0.49 m selected / 2.46 m final and passes with monotonic goal-distance reduction. Kinematics is evaluated on 5 unique label waypoint(s), excluding consecutive duplicate terminal holds, and checks only that the trajectory stays within the configured bounds speed <= 15.00 m/s and acceleration <= 8.00 m/s^2, so kinematics passes. Goal is not reached within this label waypoint window. Safety passes: minimum clearance 3.03 m against manifest obstacles with 0 violating segment(s).""}",0.8639967017543855,25.533430649122806,-2.5,0.8815405614035083,26.024658719298248,-2.5,0.8990844210526311,26.515886789473683,-2.5,0.916628280701754,27.007114859649125,-2.5,0.9341721403508767,27.498342929824563,-2.5
1773811854.814511299,1773811854.814511299,0.000,offline_ground_truth_window,"Environment section (T(v)):
- Current position NED is (0.84, 25.29, -2.49) m.
- Current velocity is (0.01, 0.05, -0.00) m/s (speed 0.05 m/s).
- Goal position NED is (0.95, 27.99, -2.50) m.
- Output contract: predict exactly 5 waypoint x/y pairs in NED. The planner will set every waypoint z to goal z = -2.50 m before execution.
- Goal delta from current state is (0.12, 2.70, -0.01) m with distance 2.70 m.
- Obstacle pipeline: depth_camera_to_body_to_ned_current_frame.
- Current depth frame obstacle points projected into NED: 123. Nearest depth obstacle in NED is at (0.95, 27.78, -2.56) m, relative vector (0.11, 2.49, -0.07) m, distance 2.50 m.
- Depth validity fraction is 0.66. Global nearest obstacle distance is 2.17 m.
- Sector minimum distances [far_left, left, center, right, far_right] are [3.52, 4.94, 2.17, 2.17, 4.94] m.
- Nearest obstacle sector is right at 2.17 m and clearance status is caution.
- Lateral planning hint: left side is clearer.","{""waypoints"":[{""x"":0.8815405614035083,""y"":26.024658719298248},{""x"":0.8990844210526311,""y"":26.515886789473683},{""x"":0.916628280701754,""y"":27.007114859649125},{""x"":0.9341721403508767,""y"":27.498342929824563},{""x"":0.9517159999999996,""y"":27.989571}],""reasoning"":""Selected waypoint 0 moves the reference anchor from 2.46 m to 1.97 m from goal immediately and to 0.00 m by the final waypoint, so progress is 0.49 m selected / 2.46 m final and passes with monotonic goal-distance reduction. Kinematics is evaluated on 5 unique label waypoint(s), excluding consecutive duplicate terminal holds, and checks only that the trajectory stays within the configured bounds speed <= 15.00 m/s and acceleration <= 8.00 m/s^2, so kinematics passes. Goal will be reached in 5 waypoint(s) within 0.35 m tolerance. Safety passes: minimum clearance 2.89 m against manifest obstacles with 0 violating segment(s).""}",0.8815405614035083,26.024658719298248,-2.5,0.8990844210526311,26.515886789473683,-2.5,0.916628280701754,27.007114859649125,-2.5,0.9341721403508767,27.498342929824563,-2.5,0.9517159999999996,27.989571,-2.5
1773811860.177602768,1773811860.177602768,0.000,offline_ground_truth_window,"Environment section (T(v)):
- Current position NED is (0.87, 25.78, -2.52) m.
- Current velocity is (0.02, 0.07, 0.01) m/s (speed 0.07 m/s).
- Goal position NED is (0.95, 27.99, -2.50) m.
- Output contract: predict exactly 5 waypoint x/y pairs in NED. The planner will set every waypoint z to goal z = -2.50 m before execution.
- Goal delta from current state is (0.08, 2.21, 0.02) m with distance 2.21 m.
- Obstacle pipeline: depth_camera_to_body_to_ned_current_frame.
- Current depth frame obstacle points projected into NED: 157. Nearest depth obstacle in NED is at (1.08, 27.58, -2.64) m, relative vector (0.21, 1.80, -0.12) m, distance 1.82 m.
- Depth validity fraction is 0.66. Global nearest obstacle distance is 1.64 m.
- Sector minimum distances [far_left, left, center, right, far_right] are [5.05, 5.04, 1.67, 1.64, 1.74] m.
- Nearest obstacle sector is right at 1.64 m and clearance status is caution.
- Lateral planning hint: left side is clearer.","{""waypoints"":[{""x"":0.9517159999999996,""y"":27.989571},{""x"":0.9517159999999996,""y"":27.989571},{""x"":0.9517159999999996,""y"":27.989571},{""x"":0.9517159999999996,""y"":27.989571},{""x"":0.9517159999999996,""y"":27.989571}],""reasoning"":""Selected waypoint 0 moves the reference anchor from 1.97 m to 0.00 m from goal immediately and to 0.00 m by the final waypoint, so progress is 1.97 m selected / 1.97 m final and passes with monotonic goal-distance reduction. Kinematics is evaluated on 1 unique label waypoint(s), excluding consecutive duplicate terminal holds, and checks only that the trajectory stays within the configured bounds speed <= 15.00 m/s and acceleration <= 8.00 m/s^2, so kinematics passes. Goal will be reached in 1 waypoint(s) within 0.35 m tolerance. Safety passes: minimum clearance 2.89 m against manifest obstacles with 0 violating segment(s).""}",0.9517159999999996,27.989571,-2.5,0.9517159999999996,27.989571,-2.5,0.9517159999999996,27.989571,-2.5,0.9517159999999996,27.989571,-2.5,0.9517159999999996,27.989571,-2.5
1773811869.090008497,1773811869.090008497,0.000,offline_ground_truth_window,"Environment section (T(v)):
- Current position NED is (0.89, 26.27, -2.51) m.
- Current velocity is (0.01, 0.06, 0.00) m/s (speed 0.07 m/s).
- Goal position NED is (0.95, 27.99, -2.50) m.
- Output contract: predict exactly 5 waypoint x/y pairs in NED. The planner will set every waypoint z to goal z = -2.50 m before execution.
- Goal delta from current state is (0.06, 1.72, 0.01) m with distance 1.72 m.
- Obstacle pipeline: depth_camera_to_body_to_ned_current_frame.
- Current depth frame obstacle points projected into NED: 187. Nearest depth obstacle in NED is at (1.01, 27.62, -2.58) m, relative vector (0.11, 1.35, -0.07) m, distance 1.35 m.
- Depth validity fraction is 0.69. Global nearest obstacle distance is 1.16 m.
- Sector minimum distances [far_left, left, center, right, far_right] are [4.76, 4.74, 1.21, 1.16, 1.16] m.
- Nearest obstacle sector is right at 1.16 m and clearance status is blocked.
- Lateral planning hint: left side is clearer.","{""waypoints"":[{""x"":0.9517159999999996,""y"":27.989571},{""x"":0.9517159999999996,""y"":27.989571},{""x"":0.9517159999999996,""y"":27.989571},{""x"":0.9517159999999996,""y"":27.989571},{""x"":0.9517159999999996,""y"":27.989571}],""reasoning"":""Selected waypoint 0 moves the reference anchor from 1.47 m to 0.00 m from goal immediately and to 0.00 m by the final waypoint, so progress is 1.47 m selected / 1.47 m final and passes with monotonic goal-distance reduction. Kinematics is evaluated on 1 unique label waypoint(s), excluding consecutive duplicate terminal holds, and checks only that the trajectory stays within the configured bounds speed <= 15.00 m/s and acceleration <= 8.00 m/s^2, so kinematics passes. Goal will be reached in 1 waypoint(s) within 0.35 m tolerance. Safety passes: minimum clearance 2.89 m against manifest obstacles with 0 violating segment(s).""}",0.9517159999999996,27.989571,-2.5,0.9517159999999996,27.989571,-2.5,0.9517159999999996,27.989571,-2.5,0.9517159999999996,27.989571,-2.5,0.9517159999999996,27.989571,-2.5
1773811874.081182718,1773811874.081182718,0.000,offline_ground_truth_window,"Environment section (T(v)):
- Current position NED is (0.92, 26.76, -2.50) m.
- Current velocity is (-0.00, 0.07, 0.01) m/s (speed 0.08 m/s).
- Goal position NED is (0.95, 27.99, -2.50) m.
- Output contract: predict exactly 5 waypoint x/y pairs in NED. The planner will set every waypoint z to goal z = -2.50 m before execution.
- Goal delta from current state is (0.03, 1.23, -0.00) m with distance 1.23 m.
- Obstacle pipeline: depth_camera_to_body_to_ned_current_frame.
- Current depth frame obstacle points projected into NED: 271. Nearest depth obstacle in NED is at (1.15, 27.60, -2.61) m, relative vector (0.23, 0.84, -0.11) m, distance 0.88 m.
- Depth validity fraction is 0.72. Global nearest obstacle distance is 0.68 m.
- Sector minimum distances [far_left, left, center, right, far_right] are [4.26, 0.98, 0.76, 0.69, 0.68] m.
- Nearest obstacle sector is far_right at 0.68 m and clearance status is blocked.
- Lateral planning hint: left side is clearer.","{""waypoints"":[{""x"":0.9517159999999996,""y"":27.989571},{""x"":0.9517159999999996,""y"":27.989571},{""x"":0.9517159999999996,""y"":27.989571},{""x"":0.9517159999999996,""y"":27.989571},{""x"":0.9517159999999996,""y"":27.989571}],""reasoning"":""Selected waypoint 0 moves the reference anchor from 0.98 m to 0.00 m from goal immediately and to 0.00 m by the final waypoint, so progress is 0.98 m selected / 0.98 m final and passes with monotonic goal-distance reduction. Kinematics is evaluated on 1 unique label waypoint(s), excluding consecutive duplicate terminal holds, and checks only that the trajectory stays within the configured bounds speed <= 15.00 m/s and acceleration <= 8.00 m/s^2, so kinematics passes. Goal will be reached in 1 waypoint(s) within 0.35 m tolerance. Safety passes: minimum clearance 2.89 m against manifest obstacles with 0 violating segment(s).""}",0.9517159999999996,27.989571,-2.5,0.9517159999999996,27.989571,-2.5,0.9517159999999996,27.989571,-2.5,0.9517159999999996,27.989571,-2.5,0.9517159999999996,27.989571,-2.5
1773811880.367541790,1773811880.367541790,0.000,offline_ground_truth_window,"Environment section (T(v)):
- Current position NED is (0.88, 27.26, -2.49) m.
- Current velocity is (-0.00, 0.05, 0.01) m/s (speed 0.05 m/s).
- Goal position NED is (0.95, 27.99, -2.50) m.
- Output contract: predict exactly 5 waypoint x/y pairs in NED. The planner will set every waypoint z to goal z = -2.50 m before execution.
- Goal delta from current state is (0.07, 0.73, -0.01) m with distance 0.74 m.
- Obstacle pipeline: depth_camera_to_body_to_ned_current_frame.
- Current depth frame obstacle points projected into NED: 278. Nearest depth obstacle in NED is at (0.72, 28.02, -2.59) m, relative vector (-0.16, 0.76, -0.09) m, distance 0.79 m.
- Depth validity fraction is 0.73. Global nearest obstacle distance is 0.63 m.
- Sector minimum distances [far_left, left, center, right, far_right] are [3.78, 0.63, 0.63, 0.63, 0.63] m.
- Nearest obstacle sector is left at 0.63 m and clearance status is blocked.
- Lateral planning hint: left side is clearer.","{""waypoints"":[{""x"":0.9517159999999996,""y"":27.989571},{""x"":0.9517159999999996,""y"":27.989571},{""x"":0.9517159999999996,""y"":27.989571},{""x"":0.9517159999999996,""y"":27.989571},{""x"":0.9517159999999996,""y"":27.989571}],""reasoning"":""Selected waypoint 0 moves the reference anchor from 0.49 m to 0.00 m from goal immediately and to 0.00 m by the final waypoint, so progress is 0.49 m selected / 0.49 m final and passes with monotonic goal-distance reduction. Kinematics is evaluated on 1 unique label waypoint(s), excluding consecutive duplicate terminal holds, and checks only that the trajectory stays within the configured bounds speed <= 15.00 m/s and acceleration <= 8.00 m/s^2, so kinematics passes. Goal will be reached in 1 waypoint(s) within 0.35 m tolerance. Safety passes: minimum clearance 2.89 m against manifest obstacles with 0 violating segment(s).""}",0.9517159999999996,27.989571,-2.5,0.9517159999999996,27.989571,-2.5,0.9517159999999996,27.989571,-2.5,0.9517159999999996,27.989571,-2.5,0.9517159999999996,27.989571,-2.5
1773811886.075118303,1773811886.075118303,0.000,offline_ground_truth_window,"Environment section (T(v)):
- Current position NED is (0.91, 27.75, -2.48) m.
- Current velocity is (-0.00, 0.08, -0.00) m/s (speed 0.08 m/s).
- Goal position NED is (0.95, 27.99, -2.50) m.
- Output contract: predict exactly 5 waypoint x/y pairs in NED. The planner will set every waypoint z to goal z = -2.50 m before execution.
- Goal delta from current state is (0.04, 0.24, -0.02) m with distance 0.25 m.
- Obstacle pipeline: depth_camera_to_body_to_ned_current_frame.
- Current depth frame obstacle points projected into NED: 188. Nearest depth obstacle in NED is at (1.13, 28.22, -2.22) m, relative vector (0.22, 0.47, 0.26) m, distance 0.58 m.
- Depth validity fraction is 0.63. Global nearest obstacle distance is 0.31 m.
- Sector minimum distances [far_left, left, center, right, far_right] are [3.28, 0.64, 0.64, 0.64, 0.31] m.
- Nearest obstacle sector is far_right at 0.31 m and clearance status is blocked.
- Lateral planning hint: left side is clearer.","{""waypoints"":[{""x"":0.9517159999999996,""y"":27.989571},{""x"":0.9517159999999996,""y"":27.989571},{""x"":0.9517159999999996,""y"":27.989571},{""x"":0.9517159999999996,""y"":27.989571},{""x"":0.9517159999999996,""y"":27.989571}],""reasoning"":""Selected waypoint 0 moves the reference anchor from 0.00 m to 0.00 m from goal immediately and to 0.00 m by the final waypoint, so progress is 0.00 m selected / 0.00 m final and fails with monotonic goal-distance reduction. Kinematics is evaluated on 1 unique label waypoint(s), excluding consecutive duplicate terminal holds, and checks only that the trajectory stays within the configured bounds speed <= 15.00 m/s and acceleration <= 8.00 m/s^2, so kinematics passes. Goal has already been reached at the reference anchor within 0.35 m tolerance. Safety passes: minimum clearance 2.89 m against manifest obstacles with 0 violating segment(s).""}",0.9517159999999996,27.989571,-2.5,0.9517159999999996,27.989571,-2.5,0.9517159999999996,27.989571,-2.5,0.9517159999999996,27.989571,-2.5,0.9517159999999996,27.989571,-2.5
