anchor_stamp_s,scene_stamp_s,sync_dt_ms,label_mode,prompt,label_waypoints_json,wp0_x,wp0_y,wp0_z,wp1_x,wp1_y,wp1_z,wp2_x,wp2_y,wp2_z,wp3_x,wp3_y,wp3_z,wp4_x,wp4_y,wp4_z
1773795276.291803837,1773795276.291803837,0.000,offline_ground_truth_window,"Environment section (T(v)):
- Current position NED is (0.00, 0.01, -2.43) m.
- Current velocity is (-0.01, -0.00, 0.00) m/s (speed 0.01 m/s).
- Goal position NED is (-1.70, 28.50, -2.50) m.
- Output contract: predict exactly 5 waypoint x/y pairs in NED. The planner will set every waypoint z to goal z = -2.50 m before execution.
- Goal delta from current state is (-1.70, 28.49, -0.07) m with distance 28.54 m.
- Obstacle pipeline: depth_camera_to_body_to_ned_current_frame.
- Current depth frame obstacle points projected into NED: 6. Nearest depth obstacle in NED is at (1.17, 10.91, -2.06) m, relative vector (1.17, 10.90, 0.37) m, distance 10.97 m.
- Depth validity fraction is 0.57. Global nearest obstacle distance is 1.26 m.
- Sector minimum distances [far_left, left, center, right, far_right] are [1.26, 1.26, 4.90, 4.91, 4.91] m.
- Nearest obstacle sector is far_left at 1.26 m and clearance status is blocked.
- Lateral planning hint: right side is clearer.","{""waypoints"":[{""x"":0.0703431304347828,""y"":0.47826036956521634},{""x"":0.09208226086956528,""y"":0.9565212391304336},{""x"":0.11382139130434799,""y"":1.4347821086956514},{""x"":0.13556052173913047,""y"":1.9130429782608687},{""x"":0.15729965217391317,""y"":2.391303847826086}],""reasoning"":""Selected waypoint 0 moves the reference anchor from 28.55 m to 28.08 m from goal immediately and to 26.17 m by the final waypoint, so progress is 0.48 m selected / 2.38 m final and passes with monotonic goal-distance reduction. Kinematics is evaluated on 5 unique label waypoint(s), excluding consecutive duplicate terminal holds, and checks only that the trajectory stays within the configured bounds speed <= 15.00 m/s and acceleration <= 8.00 m/s^2, so kinematics passes. Goal is not reached within this label waypoint window. Safety passes: minimum clearance 4.72 m against manifest obstacles with 0 violating segment(s).""}",0.0703431304347828,0.47826036956521634,-2.5,0.09208226086956528,0.9565212391304336,-2.5,0.11382139130434799,1.4347821086956514,-2.5,0.13556052173913047,1.9130429782608687,-2.5,0.15729965217391317,2.391303847826086,-2.5
1773795279.771032572,1773795279.771032572,0.000,offline_ground_truth_window,"Environment section (T(v)):
- Current position NED is (0.03, 0.24, -2.51) m.
- Current velocity is (0.03, 0.09, 0.00) m/s (speed 0.09 m/s).
- Goal position NED is (-1.70, 28.50, -2.50) m.
- Output contract: predict exactly 5 waypoint x/y pairs in NED. The planner will set every waypoint z to goal z = -2.50 m before execution.
- Goal delta from current state is (-1.73, 28.26, 0.01) m with distance 28.31 m.
- Obstacle pipeline: depth_camera_to_body_to_ned_current_frame.
- Current depth frame obstacle points projected into NED: 5. Nearest depth obstacle in NED is at (1.12, 11.00, -2.11) m, relative vector (1.09, 10.76, 0.40) m, distance 10.83 m.
- Depth validity fraction is 0.57. Global nearest obstacle distance is 1.36 m.
- Sector minimum distances [far_left, left, center, right, far_right] are [1.36, 5.02, 5.02, 5.01, 5.00] m.
- Nearest obstacle sector is far_left at 1.36 m and clearance status is blocked.
- Lateral planning hint: right side is clearer.","{""waypoints"":[{""x"":0.09208226086956528,""y"":0.9565212391304336},{""x"":0.11382139130434799,""y"":1.4347821086956514},{""x"":0.13556052173913047,""y"":1.9130429782608687},{""x"":0.15729965217391317,""y"":2.391303847826086},{""x"":0.17903878260869566,""y"":2.8695647173913037}],""reasoning"":""Selected waypoint 0 moves the reference anchor from 28.08 m to 27.60 m from goal immediately and to 25.70 m by the final waypoint, so progress is 0.48 m selected / 2.38 m final and passes with monotonic goal-distance reduction. Kinematics is evaluated on 5 unique label waypoint(s), excluding consecutive duplicate terminal holds, and checks only that the trajectory stays within the configured bounds speed <= 15.00 m/s and acceleration <= 8.00 m/s^2, so kinematics passes. Goal is not reached within this label waypoint window. Safety passes: minimum clearance 4.70 m against manifest obstacles with 0 violating segment(s).""}",0.09208226086956528,0.9565212391304336,-2.5,0.11382139130434799,1.4347821086956514,-2.5,0.13556052173913047,1.9130429782608687,-2.5,0.15729965217391317,2.391303847826086,-2.5,0.17903878260869566,2.8695647173913037,-2.5
1773795286.042830467,1773795286.042830467,0.000,offline_ground_truth_window,"Environment section (T(v)):
- Current position NED is (0.05, 0.72, -2.50) m.
- Current velocity is (-0.00, 0.06, 0.01) m/s (speed 0.06 m/s).
- Goal position NED is (-1.70, 28.50, -2.50) m.
- Output contract: predict exactly 5 waypoint x/y pairs in NED. The planner will set every waypoint z to goal z = -2.50 m before execution.
- Goal delta from current state is (-1.75, 27.78, -0.00) m with distance 27.84 m.
- Obstacle pipeline: depth_camera_to_body_to_ned_current_frame.
- Current depth frame obstacle points projected into NED: 10. Nearest depth obstacle in NED is at (1.62, 10.93, -2.24) m, relative vector (1.57, 10.21, 0.26) m, distance 10.33 m.
- Depth validity fraction is 0.58. Global nearest obstacle distance is 4.91 m.
- Sector minimum distances [far_left, left, center, right, far_right] are [4.91, 4.91, 4.92, 4.93, 4.93] m.
- Nearest obstacle sector is far_left at 4.91 m and clearance status is clear.
- Lateral planning hint: prefer center progress.","{""waypoints"":[{""x"":0.11382139130434799,""y"":1.4347821086956514},{""x"":0.13556052173913047,""y"":1.9130429782608687},{""x"":0.15729965217391317,""y"":2.391303847826086},{""x"":0.17903878260869566,""y"":2.8695647173913037},{""x"":0.20077791304347836,""y"":3.3478255869565205}],""reasoning"":""Selected waypoint 0 moves the reference anchor from 27.60 m to 27.13 m from goal immediately and to 25.22 m by the final waypoint, so progress is 0.48 m selected / 2.38 m final and passes with monotonic goal-distance reduction. Kinematics is evaluated on 5 unique label waypoint(s), excluding consecutive duplicate terminal holds, and checks only that the trajectory stays within the configured bounds speed <= 15.00 m/s and acceleration <= 8.00 m/s^2, so kinematics passes. Goal is not reached within this label waypoint window. Safety passes: minimum clearance 4.68 m against manifest obstacles with 0 violating segment(s).""}",0.11382139130434799,1.4347821086956514,-2.5,0.13556052173913047,1.9130429782608687,-2.5,0.15729965217391317,2.391303847826086,-2.5,0.17903878260869566,2.8695647173913037,-2.5,0.20077791304347836,3.3478255869565205,-2.5
1773795292.521995306,1773795292.521995306,0.000,offline_ground_truth_window,"Environment section (T(v)):
- Current position NED is (0.14, 1.20, -2.48) m.
- Current velocity is (0.01, 0.07, -0.00) m/s (speed 0.07 m/s).
- Goal position NED is (-1.70, 28.50, -2.50) m.
- Output contract: predict exactly 5 waypoint x/y pairs in NED. The planner will set every waypoint z to goal z = -2.50 m before execution.
- Goal delta from current state is (-1.84, 27.30, -0.02) m with distance 27.37 m.
- Obstacle pipeline: depth_camera_to_body_to_ned_current_frame.
- Current depth frame obstacle points projected into NED: 6. Nearest depth obstacle in NED is at (1.46, 11.04, -2.59) m, relative vector (1.32, 9.84, -0.11) m, distance 9.93 m.
- Depth validity fraction is 0.58. Global nearest obstacle distance is 4.94 m.
- Sector minimum distances [far_left, left, center, right, far_right] are [4.96, 4.96, 4.95, 4.94, 4.94] m.
- Nearest obstacle sector is far_right at 4.94 m and clearance status is clear.
- Lateral planning hint: prefer center progress.","{""waypoints"":[{""x"":0.13556052173913047,""y"":1.9130429782608687},{""x"":0.15729965217391317,""y"":2.391303847826086},{""x"":0.17903878260869566,""y"":2.8695647173913037},{""x"":0.20077791304347836,""y"":3.3478255869565205},{""x"":0.22251704347826085,""y"":3.8260864565217383}],""reasoning"":""Selected waypoint 0 moves the reference anchor from 27.13 m to 26.65 m from goal immediately and to 24.75 m by the final waypoint, so progress is 0.48 m selected / 2.38 m final and passes with monotonic goal-distance reduction. Kinematics is evaluated on 5 unique label waypoint(s), excluding consecutive duplicate terminal holds, and checks only that the trajectory stays within the configured bounds speed <= 15.00 m/s and acceleration <= 8.00 m/s^2, so kinematics passes. Goal is not reached within this label waypoint window. Safety passes: minimum clearance 4.65 m against manifest obstacles with 0 violating segment(s).""}",0.13556052173913047,1.9130429782608687,-2.5,0.15729965217391317,2.391303847826086,-2.5,0.17903878260869566,2.8695647173913037,-2.5,0.20077791304347836,3.3478255869565205,-2.5,0.22251704347826085,3.8260864565217383,-2.5
1773795298.295980453,1773795298.295980453,0.000,offline_ground_truth_window,"Environment section (T(v)):
- Current position NED is (0.15, 1.67, -2.50) m.
- Current velocity is (-0.00, 0.09, 0.01) m/s (speed 0.09 m/s).
- Goal position NED is (-1.70, 28.50, -2.50) m.
- Output contract: predict exactly 5 waypoint x/y pairs in NED. The planner will set every waypoint z to goal z = -2.50 m before execution.
- Goal delta from current state is (-1.85, 26.83, 0.00) m with distance 26.89 m.
- Obstacle pipeline: depth_camera_to_body_to_ned_current_frame.
- Current depth frame obstacle points projected into NED: 8. Nearest depth obstacle in NED is at (1.38, 11.10, -2.75) m, relative vector (1.24, 9.42, -0.24) m, distance 9.51 m.
- Depth validity fraction is 0.58. Global nearest obstacle distance is 4.96 m.
- Sector minimum distances [far_left, left, center, right, far_right] are [4.97, 4.97, 4.97, 4.97, 4.96] m.
- Nearest obstacle sector is far_right at 4.96 m and clearance status is clear.
- Lateral planning hint: prefer center progress.","{""waypoints"":[{""x"":0.15729965217391317,""y"":2.391303847826086},{""x"":0.17903878260869566,""y"":2.8695647173913037},{""x"":0.20077791304347836,""y"":3.3478255869565205},{""x"":0.22251704347826085,""y"":3.8260864565217383},{""x"":0.24425617391304355,""y"":4.3043473260869565}],""reasoning"":""Selected waypoint 0 moves the reference anchor from 26.65 m to 26.17 m from goal immediately and to 24.27 m by the final waypoint, so progress is 0.48 m selected / 2.38 m final and passes with monotonic goal-distance reduction. Kinematics is evaluated on 5 unique label waypoint(s), excluding consecutive duplicate terminal holds, and checks only that the trajectory stays within the configured bounds speed <= 15.00 m/s and acceleration <= 8.00 m/s^2, so kinematics passes. Goal is not reached within this label waypoint window. Safety passes: minimum clearance 4.63 m against manifest obstacles with 0 violating segment(s).""}",0.15729965217391317,2.391303847826086,-2.5,0.17903878260869566,2.8695647173913037,-2.5,0.20077791304347836,3.3478255869565205,-2.5,0.22251704347826085,3.8260864565217383,-2.5,0.24425617391304355,4.3043473260869565,-2.5
1773795303.913428545,1773795303.913428545,0.000,offline_ground_truth_window,"Environment section (T(v)):
- Current position NED is (0.11, 2.16, -2.48) m.
- Current velocity is (-0.00, 0.07, 0.00) m/s (speed 0.07 m/s).
- Goal position NED is (-1.70, 28.50, -2.50) m.
- Output contract: predict exactly 5 waypoint x/y pairs in NED. The planner will set every waypoint z to goal z = -2.50 m before execution.
- Goal delta from current state is (-1.81, 26.34, -0.02) m with distance 26.41 m.
- Obstacle pipeline: depth_camera_to_body_to_ned_current_frame.
- Current depth frame obstacle points projected into NED: 11. Nearest depth obstacle in NED is at (1.73, 10.91, -2.55) m, relative vector (1.63, 8.75, -0.07) m, distance 8.90 m.
- Depth validity fraction is 0.59. Global nearest obstacle distance is 4.95 m.
- Sector minimum distances [far_left, left, center, right, far_right] are [4.95, 4.96, 4.97, 4.97, 4.98] m.
- Nearest obstacle sector is far_left at 4.95 m and clearance status is clear.
- Lateral planning hint: prefer center progress.","{""waypoints"":[{""x"":0.17903878260869566,""y"":2.8695647173913037},{""x"":0.20077791304347836,""y"":3.3478255869565205},{""x"":0.22251704347826085,""y"":3.8260864565217383},{""x"":0.24425617391304355,""y"":4.3043473260869565},{""x"":0.26599530434782626,""y"":4.782608195652173}],""reasoning"":""Selected waypoint 0 moves the reference anchor from 26.17 m to 25.70 m from goal immediately and to 23.80 m by the final waypoint, so progress is 0.48 m selected / 2.38 m final and passes with monotonic goal-distance reduction. Kinematics is evaluated on 5 unique label waypoint(s), excluding consecutive duplicate terminal holds, and checks only that the trajectory stays within the configured bounds speed <= 15.00 m/s and acceleration <= 8.00 m/s^2, so kinematics passes. Goal is not reached within this label waypoint window. Safety passes: minimum clearance 4.61 m against manifest obstacles with 0 violating segment(s).""}",0.17903878260869566,2.8695647173913037,-2.5,0.20077791304347836,3.3478255869565205,-2.5,0.22251704347826085,3.8260864565217383,-2.5,0.24425617391304355,4.3043473260869565,-2.5,0.26599530434782626,4.782608195652173,-2.5
1773795309.733044386,1773795309.733044386,0.000,offline_ground_truth_window,"Environment section (T(v)):
- Current position NED is (0.19, 2.63, -2.51) m.
- Current velocity is (-0.00, 0.06, 0.01) m/s (speed 0.06 m/s).
- Goal position NED is (-1.70, 28.50, -2.50) m.
- Output contract: predict exactly 5 waypoint x/y pairs in NED. The planner will set every waypoint z to goal z = -2.50 m before execution.
- Goal delta from current state is (-1.89, 25.87, 0.01) m with distance 25.94 m.
- Obstacle pipeline: depth_camera_to_body_to_ned_current_frame.
- Current depth frame obstacle points projected into NED: 6. Nearest depth obstacle in NED is at (1.80, 10.94, -2.28) m, relative vector (1.61, 8.30, 0.23) m, distance 8.46 m.
- Depth validity fraction is 0.58. Global nearest obstacle distance is 5.01 m.
- Sector minimum distances [far_left, left, center, right, far_right] are [5.02, 5.02, 5.02, 5.01, 5.01] m.
- Nearest obstacle sector is far_right at 5.01 m and clearance status is clear.
- Lateral planning hint: prefer center progress.","{""waypoints"":[{""x"":0.20077791304347836,""y"":3.3478255869565205},{""x"":0.22251704347826085,""y"":3.8260864565217383},{""x"":0.24425617391304355,""y"":4.3043473260869565},{""x"":0.26599530434782626,""y"":4.782608195652173},{""x"":0.28773443478260874,""y"":5.26086906521739}],""reasoning"":""Selected waypoint 0 moves the reference anchor from 25.70 m to 25.22 m from goal immediately and to 23.32 m by the final waypoint, so progress is 0.48 m selected / 2.38 m final and passes with monotonic goal-distance reduction. Kinematics is evaluated on 5 unique label waypoint(s), excluding consecutive duplicate terminal holds, and checks only that the trajectory stays within the configured bounds speed <= 15.00 m/s and acceleration <= 8.00 m/s^2, so kinematics passes. Goal is not reached within this label waypoint window. Safety passes: minimum clearance 4.59 m against manifest obstacles with 0 violating segment(s).""}",0.20077791304347836,3.3478255869565205,-2.5,0.22251704347826085,3.8260864565217383,-2.5,0.24425617391304355,4.3043473260869565,-2.5,0.26599530434782626,4.782608195652173,-2.5,0.28773443478260874,5.26086906521739,-2.5
1773795315.597650528,1773795315.597650528,0.000,offline_ground_truth_window,"Environment section (T(v)):
- Current position NED is (0.18, 3.11, -2.51) m.
- Current velocity is (-0.00, 0.09, 0.01) m/s (speed 0.09 m/s).
- Goal position NED is (-1.70, 28.50, -2.50) m.
- Output contract: predict exactly 5 waypoint x/y pairs in NED. The planner will set every waypoint z to goal z = -2.50 m before execution.
- Goal delta from current state is (-1.88, 25.39, 0.01) m with distance 25.46 m.
- Obstacle pipeline: depth_camera_to_body_to_ned_current_frame.
- Current depth frame obstacle points projected into NED: 6. Nearest depth obstacle in NED is at (1.76, 11.03, -2.30) m, relative vector (1.58, 7.92, 0.21) m, distance 8.07 m.
- Depth validity fraction is 0.58. Global nearest obstacle distance is 5.00 m.
- Sector minimum distances [far_left, left, center, right, far_right] are [5.00, 5.01, 5.01, 5.01, 5.02] m.
- Nearest obstacle sector is far_left at 5.00 m and clearance status is clear.
- Lateral planning hint: prefer center progress.","{""waypoints"":[{""x"":0.22251704347826085,""y"":3.8260864565217383},{""x"":0.24425617391304355,""y"":4.3043473260869565},{""x"":0.26599530434782626,""y"":4.782608195652173},{""x"":0.28773443478260874,""y"":5.26086906521739},{""x"":0.30947356521739144,""y"":5.739129934782607}],""reasoning"":""Selected waypoint 0 moves the reference anchor from 25.22 m to 24.75 m from goal immediately and to 22.85 m by the final waypoint, so progress is 0.48 m selected / 2.37 m final and passes with monotonic goal-distance reduction. Kinematics is evaluated on 5 unique label waypoint(s), excluding consecutive duplicate terminal holds, and checks only that the trajectory stays within the configured bounds speed <= 15.00 m/s and acceleration <= 8.00 m/s^2, so kinematics passes. Goal is not reached within this label waypoint window. Safety passes: minimum clearance 4.57 m against manifest obstacles with 0 violating segment(s).""}",0.22251704347826085,3.8260864565217383,-2.5,0.24425617391304355,4.3043473260869565,-2.5,0.26599530434782626,4.782608195652173,-2.5,0.28773443478260874,5.26086906521739,-2.5,0.30947356521739144,5.739129934782607,-2.5
1773795321.409440041,1773795321.409440041,0.000,offline_ground_truth_window,"Environment section (T(v)):
- Current position NED is (0.23, 3.59, -2.50) m.
- Current velocity is (-0.00, 0.08, 0.01) m/s (speed 0.09 m/s).
- Goal position NED is (-1.70, 28.50, -2.50) m.
- Output contract: predict exactly 5 waypoint x/y pairs in NED. The planner will set every waypoint z to goal z = -2.50 m before execution.
- Goal delta from current state is (-1.93, 24.91, 0.00) m with distance 24.99 m.
- Obstacle pipeline: depth_camera_to_body_to_ned_current_frame.
- Current depth frame obstacle points projected into NED: 16. Nearest depth obstacle in NED is at (2.19, 10.93, -2.28) m, relative vector (1.96, 7.34, 0.22) m, distance 7.60 m.
- Depth validity fraction is 0.58. Global nearest obstacle distance is 5.02 m.
- Sector minimum distances [far_left, left, center, right, far_right] are [5.03, 5.03, 5.03, 5.03, 5.02] m.
- Nearest obstacle sector is far_right at 5.02 m and clearance status is clear.
- Lateral planning hint: prefer center progress.","{""waypoints"":[{""x"":0.24425617391304355,""y"":4.3043473260869565},{""x"":0.26599530434782626,""y"":4.782608195652173},{""x"":0.28773443478260874,""y"":5.26086906521739},{""x"":0.30947356521739144,""y"":5.739129934782607},{""x"":0.3312126956521739,""y"":6.217390804347824}],""reasoning"":""Selected waypoint 0 moves the reference anchor from 24.75 m to 24.27 m from goal immediately and to 22.38 m by the final waypoint, so progress is 0.48 m selected / 2.37 m final and passes with monotonic goal-distance reduction. Kinematics is evaluated on 5 unique label waypoint(s), excluding consecutive duplicate terminal holds, and checks only that the trajectory stays within the configured bounds speed <= 15.00 m/s and acceleration <= 8.00 m/s^2, so kinematics passes. Goal is not reached within this label waypoint window. Safety passes: minimum clearance 4.31 m against manifest obstacles with 0 violating segment(s).""}",0.24425617391304355,4.3043473260869565,-2.5,0.26599530434782626,4.782608195652173,-2.5,0.28773443478260874,5.26086906521739,-2.5,0.30947356521739144,5.739129934782607,-2.5,0.3312126956521739,6.217390804347824,-2.5
1773795327.133764267,1773795327.133764267,0.000,offline_ground_truth_window,"Environment section (T(v)):
- Current position NED is (0.24, 4.07, -2.48) m.
- Current velocity is (0.00, 0.07, 0.00) m/s (speed 0.07 m/s).
- Goal position NED is (-1.70, 28.50, -2.50) m.
- Output contract: predict exactly 5 waypoint x/y pairs in NED. The planner will set every waypoint z to goal z = -2.50 m before execution.
- Goal delta from current state is (-1.94, 24.43, -0.02) m with distance 24.51 m.
- Obstacle pipeline: depth_camera_to_body_to_ned_current_frame.
- Current depth frame obstacle points projected into NED: 22. Nearest depth obstacle in NED is at (2.15, 10.97, -2.56) m, relative vector (1.91, 6.91, -0.08) m, distance 7.16 m.
- Depth validity fraction is 0.59. Global nearest obstacle distance is 5.00 m.
- Sector minimum distances [far_left, left, center, right, far_right] are [5.01, 5.01, 5.00, 5.00, 5.00] m.
- Nearest obstacle sector is far_right at 5.00 m and clearance status is clear.
- Lateral planning hint: prefer center progress.","{""waypoints"":[{""x"":0.26599530434782626,""y"":4.782608195652173},{""x"":0.28773443478260874,""y"":5.26086906521739},{""x"":0.30947356521739144,""y"":5.739129934782607},{""x"":0.3312126956521739,""y"":6.217390804347824},{""x"":0.35295182608695663,""y"":6.6956516739130425}],""reasoning"":""Selected waypoint 0 moves the reference anchor from 24.27 m to 23.80 m from goal immediately and to 21.90 m by the final waypoint, so progress is 0.47 m selected / 2.37 m final and passes with monotonic goal-distance reduction. Kinematics is evaluated on 5 unique label waypoint(s), excluding consecutive duplicate terminal holds, and checks only that the trajectory stays within the configured bounds speed <= 15.00 m/s and acceleration <= 8.00 m/s^2, so kinematics passes. Goal is not reached within this label waypoint window. Safety passes: minimum clearance 3.88 m against manifest obstacles with 0 violating segment(s).""}",0.26599530434782626,4.782608195652173,-2.5,0.28773443478260874,5.26086906521739,-2.5,0.30947356521739144,5.739129934782607,-2.5,0.3312126956521739,6.217390804347824,-2.5,0.35295182608695663,6.6956516739130425,-2.5
1773795334.027744293,1773795334.027744293,0.000,offline_ground_truth_window,"Environment section (T(v)):
- Current position NED is (0.25, 4.55, -2.49) m.
- Current velocity is (-0.00, 0.08, 0.00) m/s (speed 0.08 m/s).
- Goal position NED is (-1.70, 28.50, -2.50) m.
- Output contract: predict exactly 5 waypoint x/y pairs in NED. The planner will set every waypoint z to goal z = -2.50 m before execution.
- Goal delta from current state is (-1.95, 23.95, -0.01) m with distance 24.03 m.
- Obstacle pipeline: depth_camera_to_body_to_ned_current_frame.
- Current depth frame obstacle points projected into NED: 18. Nearest depth obstacle in NED is at (2.17, 10.93, -2.26) m, relative vector (1.92, 6.38, 0.23) m, distance 6.67 m.
- Depth validity fraction is 0.59. Global nearest obstacle distance is 5.02 m.
- Sector minimum distances [far_left, left, center, right, far_right] are [5.02, 5.02, 5.02, 5.03, 5.03] m.
- Nearest obstacle sector is far_left at 5.02 m and clearance status is clear.
- Lateral planning hint: prefer center progress.","{""waypoints"":[{""x"":0.28773443478260874,""y"":5.26086906521739},{""x"":0.30947356521739144,""y"":5.739129934782607},{""x"":0.3312126956521739,""y"":6.217390804347824},{""x"":0.35295182608695663,""y"":6.6956516739130425},{""x"":0.37469095652173934,""y"":7.173912543478261}],""reasoning"":""Selected waypoint 0 moves the reference anchor from 23.80 m to 23.32 m from goal immediately and to 21.43 m by the final waypoint, so progress is 0.47 m selected / 2.37 m final and passes with monotonic goal-distance reduction. Kinematics is evaluated on 5 unique label waypoint(s), excluding consecutive duplicate terminal holds, and checks only that the trajectory stays within the configured bounds speed <= 15.00 m/s and acceleration <= 8.00 m/s^2, so kinematics passes. Goal is not reached within this label waypoint window. Safety passes: minimum clearance 3.46 m against manifest obstacles with 0 violating segment(s).""}",0.28773443478260874,5.26086906521739,-2.5,0.30947356521739144,5.739129934782607,-2.5,0.3312126956521739,6.217390804347824,-2.5,0.35295182608695663,6.6956516739130425,-2.5,0.37469095652173934,7.173912543478261,-2.5
1773795339.356942177,1773795339.356942177,0.000,offline_ground_truth_window,"Environment section (T(v)):
- Current position NED is (0.28, 5.03, -2.50) m.
- Current velocity is (0.00, 0.09, 0.01) m/s (speed 0.09 m/s).
- Goal position NED is (-1.70, 28.50, -2.50) m.
- Output contract: predict exactly 5 waypoint x/y pairs in NED. The planner will set every waypoint z to goal z = -2.50 m before execution.
- Goal delta from current state is (-1.98, 23.47, -0.00) m with distance 23.55 m.
- Obstacle pipeline: depth_camera_to_body_to_ned_current_frame.
- Current depth frame obstacle points projected into NED: 17. Nearest depth obstacle in NED is at (2.26, 10.95, -2.72) m, relative vector (1.97, 5.91, -0.22) m, distance 6.24 m.
- Depth validity fraction is 0.59. Global nearest obstacle distance is 4.97 m.
- Sector minimum distances [far_left, left, center, right, far_right] are [4.98, 4.98, 4.98, 4.98, 4.97] m.
- Nearest obstacle sector is far_right at 4.97 m and clearance status is clear.
- Lateral planning hint: prefer center progress.","{""waypoints"":[{""x"":0.30947356521739144,""y"":5.739129934782607},{""x"":0.3312126956521739,""y"":6.217390804347824},{""x"":0.35295182608695663,""y"":6.6956516739130425},{""x"":0.37469095652173934,""y"":7.173912543478261},{""x"":0.3964300869565218,""y"":7.652173413043478}],""reasoning"":""Selected waypoint 0 moves the reference anchor from 23.32 m to 22.85 m from goal immediately and to 20.95 m by the final waypoint, so progress is 0.47 m selected / 2.37 m final and passes with monotonic goal-distance reduction. Kinematics is evaluated on 5 unique label waypoint(s), excluding consecutive duplicate terminal holds, and checks only that the trajectory stays within the configured bounds speed <= 15.00 m/s and acceleration <= 8.00 m/s^2, so kinematics passes. Goal is not reached within this label waypoint window. Safety passes: minimum clearance 3.05 m against manifest obstacles with 0 violating segment(s).""}",0.30947356521739144,5.739129934782607,-2.5,0.3312126956521739,6.217390804347824,-2.5,0.35295182608695663,6.6956516739130425,-2.5,0.37469095652173934,7.173912543478261,-2.5,0.3964300869565218,7.652173413043478,-2.5
1773795343.903984547,1773795343.903984547,0.000,offline_ground_truth_window,"Environment section (T(v)):
- Current position NED is (0.32, 5.50, -2.50) m.
- Current velocity is (0.00, 0.09, 0.01) m/s (speed 0.09 m/s).
- Goal position NED is (-1.70, 28.50, -2.50) m.
- Output contract: predict exactly 5 waypoint x/y pairs in NED. The planner will set every waypoint z to goal z = -2.50 m before execution.
- Goal delta from current state is (-2.02, 23.00, 0.00) m with distance 23.09 m.
- Obstacle pipeline: depth_camera_to_body_to_ned_current_frame.
- Current depth frame obstacle points projected into NED: 34. Nearest depth obstacle in NED is at (2.36, 10.96, -2.71) m, relative vector (2.04, 5.46, -0.21) m, distance 5.83 m.
- Depth validity fraction is 0.59. Global nearest obstacle distance is 4.99 m.
- Sector minimum distances [far_left, left, center, right, far_right] are [5.01, 5.00, 5.00, 5.00, 4.99] m.
- Nearest obstacle sector is far_right at 4.99 m and clearance status is clear.
- Lateral planning hint: prefer center progress.","{""waypoints"":[{""x"":0.3312126956521739,""y"":6.217390804347824},{""x"":0.35295182608695663,""y"":6.6956516739130425},{""x"":0.37469095652173934,""y"":7.173912543478261},{""x"":0.3964300869565218,""y"":7.652173413043478},{""x"":0.4181692173913043,""y"":8.130434282608695}],""reasoning"":""Selected waypoint 0 moves the reference anchor from 22.85 m to 22.38 m from goal immediately and to 20.48 m by the final waypoint, so progress is 0.47 m selected / 2.37 m final and passes with monotonic goal-distance reduction. Kinematics is evaluated on 5 unique label waypoint(s), excluding consecutive duplicate terminal holds, and checks only that the trajectory stays within the configured bounds speed <= 15.00 m/s and acceleration <= 8.00 m/s^2, so kinematics passes. Goal is not reached within this label waypoint window. Safety passes: minimum clearance 2.67 m against manifest obstacles with 0 violating segment(s).""}",0.3312126956521739,6.217390804347824,-2.5,0.35295182608695663,6.6956516739130425,-2.5,0.37469095652173934,7.173912543478261,-2.5,0.3964300869565218,7.652173413043478,-2.5,0.4181692173913043,8.130434282608695,-2.5
1773795349.764448166,1773795349.764448166,0.000,offline_ground_truth_window,"Environment section (T(v)):
- Current position NED is (0.29, 5.98, -2.48) m.
- Current velocity is (0.00, 0.07, 0.00) m/s (speed 0.07 m/s).
- Goal position NED is (-1.70, 28.50, -2.50) m.
- Output contract: predict exactly 5 waypoint x/y pairs in NED. The planner will set every waypoint z to goal z = -2.50 m before execution.
- Goal delta from current state is (-1.99, 22.52, -0.02) m with distance 22.61 m.
- Obstacle pipeline: depth_camera_to_body_to_ned_current_frame.
- Current depth frame obstacle points projected into NED: 35. Nearest depth obstacle in NED is at (2.33, 10.97, -1.98) m, relative vector (2.04, 4.99, 0.50) m, distance 5.42 m.
- Depth validity fraction is 0.60. Global nearest obstacle distance is 4.61 m.
- Sector minimum distances [far_left, left, center, right, far_right] are [4.95, 4.95, 4.96, 4.93, 4.61] m.
- Nearest obstacle sector is far_right at 4.61 m and clearance status is clear.
- Lateral planning hint: prefer center progress.","{""waypoints"":[{""x"":0.35295182608695663,""y"":6.6956516739130425},{""x"":0.37469095652173934,""y"":7.173912543478261},{""x"":0.3964300869565218,""y"":7.652173413043478},{""x"":0.4181692173913043,""y"":8.130434282608695},{""x"":0.439908347826087,""y"":8.608695152173913}],""reasoning"":""Selected waypoint 0 moves the reference anchor from 22.38 m to 21.90 m from goal immediately and to 20.01 m by the final waypoint, so progress is 0.47 m selected / 2.37 m final and passes with monotonic goal-distance reduction. Kinematics is evaluated on 5 unique label waypoint(s), excluding consecutive duplicate terminal holds, and checks only that the trajectory stays within the configured bounds speed <= 15.00 m/s and acceleration <= 8.00 m/s^2, so kinematics passes. Goal is not reached within this label waypoint window. Safety passes: minimum clearance 2.31 m against manifest obstacles with 0 violating segment(s).""}",0.35295182608695663,6.6956516739130425,-2.5,0.37469095652173934,7.173912543478261,-2.5,0.3964300869565218,7.652173413043478,-2.5,0.4181692173913043,8.130434282608695,-2.5,0.439908347826087,8.608695152173913,-2.5
1773795356.514235735,1773795356.514235735,0.000,offline_ground_truth_window,"Environment section (T(v)):
- Current position NED is (0.30, 6.46, -2.48) m.
- Current velocity is (0.00, 0.08, 0.00) m/s (speed 0.08 m/s).
- Goal position NED is (-1.70, 28.50, -2.50) m.
- Output contract: predict exactly 5 waypoint x/y pairs in NED. The planner will set every waypoint z to goal z = -2.50 m before execution.
- Goal delta from current state is (-2.01, 22.04, -0.02) m with distance 22.13 m.
- Obstacle pipeline: depth_camera_to_body_to_ned_current_frame.
- Current depth frame obstacle points projected into NED: 44. Nearest depth obstacle in NED is at (2.35, 10.98, -2.41) m, relative vector (2.05, 4.52, 0.07) m, distance 4.96 m.
- Depth validity fraction is 0.60. Global nearest obstacle distance is 4.10 m.
- Sector minimum distances [far_left, left, center, right, far_right] are [4.98, 4.99, 4.80, 4.80, 4.10] m.
- Nearest obstacle sector is far_right at 4.10 m and clearance status is clear.
- Lateral planning hint: left side is clearer.","{""waypoints"":[{""x"":0.37469095652173934,""y"":7.173912543478261},{""x"":0.3964300869565218,""y"":7.652173413043478},{""x"":0.4181692173913043,""y"":8.130434282608695},{""x"":0.439908347826087,""y"":8.608695152173913},{""x"":0.4616474782608697,""y"":9.08695602173913}],""reasoning"":""Selected waypoint 0 moves the reference anchor from 21.90 m to 21.43 m from goal immediately and to 19.53 m by the final waypoint, so progress is 0.47 m selected / 2.37 m final and passes with monotonic goal-distance reduction. Kinematics is evaluated on 5 unique label waypoint(s), excluding consecutive duplicate terminal holds, and checks only that the trajectory stays within the configured bounds speed <= 15.00 m/s and acceleration <= 8.00 m/s^2, so kinematics passes. Goal is not reached within this label waypoint window. Safety passes: minimum clearance 2.00 m against manifest obstacles with 0 violating segment(s).""}",0.37469095652173934,7.173912543478261,-2.5,0.3964300869565218,7.652173413043478,-2.5,0.4181692173913043,8.130434282608695,-2.5,0.439908347826087,8.608695152173913,-2.5,0.4616474782608697,9.08695602173913,-2.5
1773795363.326010704,1773795363.326010704,0.000,offline_ground_truth_window,"Environment section (T(v)):
- Current position NED is (0.39, 6.94, -2.47) m.
- Current velocity is (-0.00, 0.08, -0.00) m/s (speed 0.08 m/s).
- Goal position NED is (-1.70, 28.50, -2.50) m.
- Output contract: predict exactly 5 waypoint x/y pairs in NED. The planner will set every waypoint z to goal z = -2.50 m before execution.
- Goal delta from current state is (-2.09, 21.56, -0.03) m with distance 21.66 m.
- Obstacle pipeline: depth_camera_to_body_to_ned_current_frame.
- Current depth frame obstacle points projected into NED: 35. Nearest depth obstacle in NED is at (0.67, 11.42, -2.62) m, relative vector (0.29, 4.48, -0.15) m, distance 4.49 m.
- Depth validity fraction is 0.60. Global nearest obstacle distance is 3.61 m.
- Sector minimum distances [far_left, left, center, right, far_right] are [4.67, 5.04, 4.31, 4.30, 3.61] m.
- Nearest obstacle sector is far_right at 3.61 m and clearance status is clear.
- Lateral planning hint: left side is clearer.","{""waypoints"":[{""x"":0.3964300869565218,""y"":7.652173413043478},{""x"":0.4181692173913043,""y"":8.130434282608695},{""x"":0.439908347826087,""y"":8.608695152173913},{""x"":0.4616474782608697,""y"":9.08695602173913},{""x"":0.4833866086956522,""y"":9.565216891304347}],""reasoning"":""Selected waypoint 0 moves the reference anchor from 21.43 m to 20.95 m from goal immediately and to 19.06 m by the final waypoint, so progress is 0.47 m selected / 2.37 m final and passes with monotonic goal-distance reduction. Kinematics is evaluated on 5 unique label waypoint(s), excluding consecutive duplicate terminal holds, and checks only that the trajectory stays within the configured bounds speed <= 15.00 m/s and acceleration <= 8.00 m/s^2, so kinematics passes. Goal is not reached within this label waypoint window. Safety passes: minimum clearance 1.74 m against manifest obstacles with 0 violating segment(s).""}",0.3964300869565218,7.652173413043478,-2.5,0.4181692173913043,8.130434282608695,-2.5,0.439908347826087,8.608695152173913,-2.5,0.4616474782608697,9.08695602173913,-2.5,0.4833866086956522,9.565216891304347,-2.5
1773795368.083662987,1773795368.083662987,0.000,offline_ground_truth_window,"Environment section (T(v)):
- Current position NED is (0.40, 7.41, -2.50) m.
- Current velocity is (0.00, 0.07, 0.01) m/s (speed 0.07 m/s).
- Goal position NED is (-1.70, 28.50, -2.50) m.
- Output contract: predict exactly 5 waypoint x/y pairs in NED. The planner will set every waypoint z to goal z = -2.50 m before execution.
- Goal delta from current state is (-2.10, 21.09, 0.00) m with distance 21.19 m.
- Obstacle pipeline: depth_camera_to_body_to_ned_current_frame.
- Current depth frame obstacle points projected into NED: 45. Nearest depth obstacle in NED is at (0.74, 11.45, -2.53) m, relative vector (0.34, 4.04, -0.02) m, distance 4.05 m.
- Depth validity fraction is 0.60. Global nearest obstacle distance is 3.29 m.
- Sector minimum distances [far_left, left, center, right, far_right] are [4.39, 5.07, 3.89, 3.85, 3.29] m.
- Nearest obstacle sector is far_right at 3.29 m and clearance status is clear.
- Lateral planning hint: left side is clearer.","{""waypoints"":[{""x"":0.4181692173913043,""y"":8.130434282608695},{""x"":0.439908347826087,""y"":8.608695152173913},{""x"":0.4616474782608697,""y"":9.08695602173913},{""x"":0.4833866086956522,""y"":9.565216891304347},{""x"":0.5051257391304349,""y"":10.043477760869564}],""reasoning"":""Selected waypoint 0 moves the reference anchor from 20.95 m to 20.48 m from goal immediately and to 18.59 m by the final waypoint, so progress is 0.47 m selected / 2.37 m final and passes with monotonic goal-distance reduction. Kinematics is evaluated on 5 unique label waypoint(s), excluding consecutive duplicate terminal holds, and checks only that the trajectory stays within the configured bounds speed <= 15.00 m/s and acceleration <= 8.00 m/s^2, so kinematics passes. Goal is not reached within this label waypoint window. Safety passes: minimum clearance 1.57 m against manifest obstacles with 0 violating segment(s).""}",0.4181692173913043,8.130434282608695,-2.5,0.439908347826087,8.608695152173913,-2.5,0.4616474782608697,9.08695602173913,-2.5,0.4833866086956522,9.565216891304347,-2.5,0.5051257391304349,10.043477760869564,-2.5
1773795374.129869223,1773795374.129869223,0.000,offline_ground_truth_window,"Environment section (T(v)):
- Current position NED is (0.39, 7.89, -2.50) m.
- Current velocity is (-0.00, 0.08, 0.01) m/s (speed 0.08 m/s).
- Goal position NED is (-1.70, 28.50, -2.50) m.
- Output contract: predict exactly 5 waypoint x/y pairs in NED. The planner will set every waypoint z to goal z = -2.50 m before execution.
- Goal delta from current state is (-2.09, 20.61, 0.00) m with distance 20.71 m.
- Obstacle pipeline: depth_camera_to_body_to_ned_current_frame.
- Current depth frame obstacle points projected into NED: 38. Nearest depth obstacle in NED is at (0.76, 11.43, -2.38) m, relative vector (0.38, 3.54, 0.13) m, distance 3.56 m.
- Depth validity fraction is 0.60. Global nearest obstacle distance is 3.04 m.
- Sector minimum distances [far_left, left, center, right, far_right] are [4.49, 5.03, 3.42, 3.35, 3.04] m.
- Nearest obstacle sector is far_right at 3.04 m and clearance status is clear.
- Lateral planning hint: left side is clearer.","{""waypoints"":[{""x"":0.439908347826087,""y"":8.608695152173913},{""x"":0.4616474782608697,""y"":9.08695602173913},{""x"":0.4833866086956522,""y"":9.565216891304347},{""x"":0.5051257391304349,""y"":10.043477760869564},{""x"":0.5268648695652174,""y"":10.521738630434783}],""reasoning"":""Selected waypoint 0 moves the reference anchor from 20.48 m to 20.01 m from goal immediately and to 18.12 m by the final waypoint, so progress is 0.47 m selected / 2.36 m final and passes with monotonic goal-distance reduction. Kinematics is evaluated on 5 unique label waypoint(s), excluding consecutive duplicate terminal holds, and checks only that the trajectory stays within the configured bounds speed <= 15.00 m/s and acceleration <= 8.00 m/s^2, so kinematics passes. Goal is not reached within this label waypoint window. Safety passes: minimum clearance 1.50 m against manifest obstacles with 0 violating segment(s).""}",0.439908347826087,8.608695152173913,-2.5,0.4616474782608697,9.08695602173913,-2.5,0.4833866086956522,9.565216891304347,-2.5,0.5051257391304349,10.043477760869564,-2.5,0.5268648695652174,10.521738630434783,-2.5
1773795379.979222298,1773795379.979222298,0.000,offline_ground_truth_window,"Environment section (T(v)):
- Current position NED is (0.38, 8.38, -2.50) m.
- Current velocity is (0.00, 0.08, 0.01) m/s (speed 0.08 m/s).
- Goal position NED is (-1.70, 28.50, -2.50) m.
- Output contract: predict exactly 5 waypoint x/y pairs in NED. The planner will set every waypoint z to goal z = -2.50 m before execution.
- Goal delta from current state is (-2.08, 20.12, 0.00) m with distance 20.23 m.
- Obstacle pipeline: depth_camera_to_body_to_ned_current_frame.
- Current depth frame obstacle points projected into NED: 34. Nearest depth obstacle in NED is at (0.80, 11.43, -2.71) m, relative vector (0.42, 3.05, -0.21) m, distance 3.09 m.
- Depth validity fraction is 0.61. Global nearest obstacle distance is 2.87 m.
- Sector minimum distances [far_left, left, center, right, far_right] are [4.30, 4.98, 2.97, 2.87, 4.99] m.
- Nearest obstacle sector is right at 2.87 m and clearance status is caution.
- Lateral planning hint: left side is clearer.","{""waypoints"":[{""x"":0.4616474782608697,""y"":9.08695602173913},{""x"":0.4833866086956522,""y"":9.565216891304347},{""x"":0.5051257391304349,""y"":10.043477760869564},{""x"":0.5268648695652174,""y"":10.521738630434783},{""x"":0.5486040000000001,""y"":10.9999995}],""reasoning"":""Selected waypoint 0 moves the reference anchor from 20.01 m to 19.53 m from goal immediately and to 17.64 m by the final waypoint, so progress is 0.47 m selected / 2.36 m final and passes with monotonic goal-distance reduction. Kinematics is evaluated on 5 unique label waypoint(s), excluding consecutive duplicate terminal holds, and checks only that the trajectory stays within the configured bounds speed <= 15.00 m/s and acceleration <= 8.00 m/s^2, so kinematics passes. Goal is not reached within this label waypoint window. Safety passes: minimum clearance 1.50 m against manifest obstacles with 0 violating segment(s).""}",0.4616474782608697,9.08695602173913,-2.5,0.4833866086956522,9.565216891304347,-2.5,0.5051257391304349,10.043477760869564,-2.5,0.5268648695652174,10.521738630434783,-2.5,0.5486040000000001,10.9999995,-2.5
1773795386.404283285,1773795386.404283285,0.000,offline_ground_truth_window,"Environment section (T(v)):
- Current position NED is (0.43, 8.85, -2.48) m.
- Current velocity is (0.01, 0.07, -0.00) m/s (speed 0.07 m/s).
- Goal position NED is (-1.70, 28.50, -2.50) m.
- Output contract: predict exactly 5 waypoint x/y pairs in NED. The planner will set every waypoint z to goal z = -2.50 m before execution.
- Goal delta from current state is (-2.13, 19.65, -0.02) m with distance 19.77 m.
- Obstacle pipeline: depth_camera_to_body_to_ned_current_frame.
- Current depth frame obstacle points projected into NED: 49. Nearest depth obstacle in NED is at (0.93, 11.46, -2.61) m, relative vector (0.50, 2.61, -0.13) m, distance 2.66 m.
- Depth validity fraction is 0.61. Global nearest obstacle distance is 2.42 m.
- Sector minimum distances [far_left, left, center, right, far_right] are [4.97, 4.97, 2.66, 2.42, 2.60] m.
- Nearest obstacle sector is right at 2.42 m and clearance status is caution.
- Lateral planning hint: left side is clearer.","{""waypoints"":[{""x"":0.4833866086956522,""y"":9.565216891304347},{""x"":0.5051257391304349,""y"":10.043477760869564},{""x"":0.5268648695652174,""y"":10.521738630434783},{""x"":0.5486040000000001,""y"":10.9999995},{""x"":0.5222882105263158,""y"":11.486841605263157}],""reasoning"":""Selected waypoint 0 moves the reference anchor from 19.53 m to 19.06 m from goal immediately and to 17.16 m by the final waypoint, so progress is 0.47 m selected / 2.38 m final and passes with monotonic goal-distance reduction. Kinematics is evaluated on 5 unique label waypoint(s), excluding consecutive duplicate terminal holds, and checks only that the trajectory stays within the configured bounds speed <= 15.00 m/s and acceleration <= 8.00 m/s^2, so kinematics passes. Goal is not reached within this label waypoint window. Safety passes: minimum clearance 1.50 m against manifest obstacles with 0 violating segment(s).""}",0.4833866086956522,9.565216891304347,-2.5,0.5051257391304349,10.043477760869564,-2.5,0.5268648695652174,10.521738630434783,-2.5,0.5486040000000001,10.9999995,-2.5,0.5222882105263158,11.486841605263157,-2.5
1773795392.594101906,1773795392.594101906,0.000,offline_ground_truth_window,"Environment section (T(v)):
- Current position NED is (0.47, 9.33, -2.48) m.
- Current velocity is (-0.00, 0.07, 0.00) m/s (speed 0.07 m/s).
- Goal position NED is (-1.70, 28.50, -2.50) m.
- Output contract: predict exactly 5 waypoint x/y pairs in NED. The planner will set every waypoint z to goal z = -2.50 m before execution.
- Goal delta from current state is (-2.17, 19.17, -0.02) m with distance 19.29 m.
- Obstacle pipeline: depth_camera_to_body_to_ned_current_frame.
- Current depth frame obstacle points projected into NED: 74. Nearest depth obstacle in NED is at (0.98, 11.44, -2.49) m, relative vector (0.51, 2.12, -0.00) m, distance 2.18 m.
- Depth validity fraction is 0.62. Global nearest obstacle distance is 1.92 m.
- Sector minimum distances [far_left, left, center, right, far_right] are [4.98, 4.98, 2.31, 1.92, 1.93] m.
- Nearest obstacle sector is right at 1.92 m and clearance status is caution.
- Lateral planning hint: left side is clearer.","{""waypoints"":[{""x"":0.5051257391304349,""y"":10.043477760869564},{""x"":0.5268648695652174,""y"":10.521738630434783},{""x"":0.5486040000000001,""y"":10.9999995},{""x"":0.5222882105263158,""y"":11.486841605263157},{""x"":0.49597242105263173,""y"":11.973683710526315}],""reasoning"":""Selected waypoint 0 moves the reference anchor from 19.06 m to 18.59 m from goal immediately and to 16.67 m by the final waypoint, so progress is 0.47 m selected / 2.39 m final and passes with monotonic goal-distance reduction. Kinematics is evaluated on 5 unique label waypoint(s), excluding consecutive duplicate terminal holds, and checks only that the trajectory stays within the configured bounds speed <= 15.00 m/s and acceleration <= 8.00 m/s^2, so kinematics passes. Goal is not reached within this label waypoint window. Safety passes: minimum clearance 1.50 m against manifest obstacles with 0 violating segment(s).""}",0.5051257391304349,10.043477760869564,-2.5,0.5268648695652174,10.521738630434783,-2.5,0.5486040000000001,10.9999995,-2.5,0.5222882105263158,11.486841605263157,-2.5,0.49597242105263173,11.973683710526315,-2.5
1773795398.399505377,1773795398.399505377,0.000,offline_ground_truth_window,"Environment section (T(v)):
- Current position NED is (0.45, 9.81, -2.49) m.
- Current velocity is (-0.00, 0.06, 0.00) m/s (speed 0.06 m/s).
- Goal position NED is (-1.70, 28.50, -2.50) m.
- Output contract: predict exactly 5 waypoint x/y pairs in NED. The planner will set every waypoint z to goal z = -2.50 m before execution.
- Goal delta from current state is (-2.15, 18.69, -0.01) m with distance 18.81 m.
- Obstacle pipeline: depth_camera_to_body_to_ned_current_frame.
- Current depth frame obstacle points projected into NED: 107. Nearest depth obstacle in NED is at (0.93, 11.43, -2.45) m, relative vector (0.48, 1.62, 0.04) m, distance 1.69 m.
- Depth validity fraction is 0.64. Global nearest obstacle distance is 1.42 m.
- Sector minimum distances [far_left, left, center, right, far_right] are [5.02, 5.02, 5.02, 1.43, 1.42] m.
- Nearest obstacle sector is far_right at 1.42 m and clearance status is blocked.
- Lateral planning hint: left side is clearer.","{""waypoints"":[{""x"":0.5268648695652174,""y"":10.521738630434783},{""x"":0.5486040000000001,""y"":10.9999995},{""x"":0.5222882105263158,""y"":11.486841605263157},{""x"":0.49597242105263173,""y"":11.973683710526315},{""x"":0.46965663157894744,""y"":12.460525815789474}],""reasoning"":""Selected waypoint 0 moves the reference anchor from 18.59 m to 18.12 m from goal immediately and to 16.19 m by the final waypoint, so progress is 0.47 m selected / 2.40 m final and passes with monotonic goal-distance reduction. Kinematics is evaluated on 5 unique label waypoint(s), excluding consecutive duplicate terminal holds, and checks only that the trajectory stays within the configured bounds speed <= 15.00 m/s and acceleration <= 8.00 m/s^2, so kinematics passes. Goal is not reached within this label waypoint window. Safety passes: minimum clearance 1.50 m against manifest obstacles with 0 violating segment(s).""}",0.5268648695652174,10.521738630434783,-2.5,0.5486040000000001,10.9999995,-2.5,0.5222882105263158,11.486841605263157,-2.5,0.49597242105263173,11.973683710526315,-2.5,0.46965663157894744,12.460525815789474,-2.5
1773795403.827323198,1773795403.827323198,0.000,offline_ground_truth_window,"Environment section (T(v)):
- Current position NED is (0.51, 10.29, -2.50) m.
- Current velocity is (0.00, 0.09, 0.01) m/s (speed 0.09 m/s).
- Goal position NED is (-1.70, 28.50, -2.50) m.
- Output contract: predict exactly 5 waypoint x/y pairs in NED. The planner will set every waypoint z to goal z = -2.50 m before execution.
- Goal delta from current state is (-2.21, 18.21, 0.00) m with distance 18.35 m.
- Obstacle pipeline: depth_camera_to_body_to_ned_current_frame.
- Current depth frame obstacle points projected into NED: 144. Nearest depth obstacle in NED is at (1.04, 11.43, -2.50) m, relative vector (0.53, 1.14, 0.01) m, distance 1.26 m.
- Depth validity fraction is 0.65. Global nearest obstacle distance is 0.94 m.
- Sector minimum distances [far_left, left, center, right, far_right] are [5.07, 5.06, 5.06, 1.07, 0.94] m.
- Nearest obstacle sector is far_right at 0.94 m and clearance status is blocked.
- Lateral planning hint: left side is clearer.","{""waypoints"":[{""x"":0.5486040000000001,""y"":10.9999995},{""x"":0.5222882105263158,""y"":11.486841605263157},{""x"":0.49597242105263173,""y"":11.973683710526315},{""x"":0.46965663157894744,""y"":12.460525815789474},{""x"":0.44334084210526337,""y"":12.947367921052631}],""reasoning"":""Selected waypoint 0 moves the reference anchor from 18.12 m to 17.64 m from goal immediately and to 15.70 m by the final waypoint, so progress is 0.47 m selected / 2.42 m final and passes with monotonic goal-distance reduction. Kinematics is evaluated on 5 unique label waypoint(s), excluding consecutive duplicate terminal holds, and checks only that the trajectory stays within the configured bounds speed <= 15.00 m/s and acceleration <= 8.00 m/s^2, so kinematics passes. Goal is not reached within this label waypoint window. Safety passes: minimum clearance 1.50 m against manifest obstacles with 0 violating segment(s).""}",0.5486040000000001,10.9999995,-2.5,0.5222882105263158,11.486841605263157,-2.5,0.49597242105263173,11.973683710526315,-2.5,0.46965663157894744,12.460525815789474,-2.5,0.44334084210526337,12.947367921052631,-2.5
1773795409.291056156,1773795409.291056156,0.000,offline_ground_truth_window,"Environment section (T(v)):
- Current position NED is (0.52, 10.76, -2.50) m.
- Current velocity is (0.00, 0.08, 0.01) m/s (speed 0.08 m/s).
- Goal position NED is (-1.70, 28.50, -2.50) m.
- Output contract: predict exactly 5 waypoint x/y pairs in NED. The planner will set every waypoint z to goal z = -2.50 m before execution.
- Goal delta from current state is (-2.22, 17.74, 0.00) m with distance 17.87 m.
- Obstacle pipeline: depth_camera_to_body_to_ned_current_frame.
- Current depth frame obstacle points projected into NED: 118. Nearest depth obstacle in NED is at (0.94, 11.56, -2.50) m, relative vector (0.42, 0.79, -0.00) m, distance 0.90 m.
- Depth validity fraction is 0.65. Global nearest obstacle distance is 0.64 m.
- Sector minimum distances [far_left, left, center, right, far_right] are [5.04, 5.05, 5.05, 0.87, 0.64] m.
- Nearest obstacle sector is far_right at 0.64 m and clearance status is blocked.
- Lateral planning hint: left side is clearer.","{""waypoints"":[{""x"":0.5222882105263158,""y"":11.486841605263157},{""x"":0.49597242105263173,""y"":11.973683710526315},{""x"":0.46965663157894744,""y"":12.460525815789474},{""x"":0.44334084210526337,""y"":12.947367921052631},{""x"":0.4170250526315791,""y"":13.434210026315789}],""reasoning"":""Selected waypoint 0 moves the reference anchor from 17.64 m to 17.16 m from goal immediately and to 15.21 m by the final waypoint, so progress is 0.49 m selected / 2.43 m final and passes with monotonic goal-distance reduction. Kinematics is evaluated on 5 unique label waypoint(s), excluding consecutive duplicate terminal holds, and checks only that the trajectory stays within the configured bounds speed <= 15.00 m/s and acceleration <= 8.00 m/s^2, so kinematics passes. Goal is not reached within this label waypoint window. Safety passes: minimum clearance 1.55 m against manifest obstacles with 0 violating segment(s).""}",0.5222882105263158,11.486841605263157,-2.5,0.49597242105263173,11.973683710526315,-2.5,0.46965663157894744,12.460525815789474,-2.5,0.44334084210526337,12.947367921052631,-2.5,0.4170250526315791,13.434210026315789,-2.5
1773795414.035495520,1773795414.035495520,0.000,offline_ground_truth_window,"Environment section (T(v)):
- Current position NED is (0.56, 11.25, -2.49) m.
- Current velocity is (-0.01, 0.09, 0.01) m/s (speed 0.09 m/s).
- Goal position NED is (-1.70, 28.50, -2.50) m.
- Output contract: predict exactly 5 waypoint x/y pairs in NED. The planner will set every waypoint z to goal z = -2.50 m before execution.
- Goal delta from current state is (-2.26, 17.25, -0.01) m with distance 17.40 m.
- Obstacle pipeline: depth_camera_to_body_to_ned_current_frame.
- Current depth frame obstacle points projected into NED: 56. Nearest depth obstacle in NED is at (0.92, 11.95, -2.54) m, relative vector (0.36, 0.70, -0.04) m, distance 0.79 m.
- Depth validity fraction is 0.59. Global nearest obstacle distance is 0.53 m.
- Sector minimum distances [far_left, left, center, right, far_right] are [5.10, 5.10, 5.09, 5.09, 0.53] m.
- Nearest obstacle sector is far_right at 0.53 m and clearance status is blocked.
- Lateral planning hint: left side is clearer.","{""waypoints"":[{""x"":0.49597242105263173,""y"":11.973683710526315},{""x"":0.46965663157894744,""y"":12.460525815789474},{""x"":0.44334084210526337,""y"":12.947367921052631},{""x"":0.4170250526315791,""y"":13.434210026315789},{""x"":0.3907092631578948,""y"":13.921052131578946}],""reasoning"":""Selected waypoint 0 moves the reference anchor from 17.16 m to 16.67 m from goal immediately and to 14.73 m by the final waypoint, so progress is 0.49 m selected / 2.43 m final and passes with monotonic goal-distance reduction. Kinematics is evaluated on 5 unique label waypoint(s), excluding consecutive duplicate terminal holds, and checks only that the trajectory stays within the configured bounds speed <= 15.00 m/s and acceleration <= 8.00 m/s^2, so kinematics passes. Goal is not reached within this label waypoint window. Safety passes: minimum clearance 1.67 m against manifest obstacles with 0 violating segment(s).""}",0.49597242105263173,11.973683710526315,-2.5,0.46965663157894744,12.460525815789474,-2.5,0.44334084210526337,12.947367921052631,-2.5,0.4170250526315791,13.434210026315789,-2.5,0.3907092631578948,13.921052131578946,-2.5
1773795419.168615580,1773795419.168615580,0.000,offline_ground_truth_window,"Environment section (T(v)):
- Current position NED is (0.50, 11.73, -2.50) m.
- Current velocity is (0.00, 0.08, 0.01) m/s (speed 0.08 m/s).
- Goal position NED is (-1.70, 28.50, -2.50) m.
- Output contract: predict exactly 5 waypoint x/y pairs in NED. The planner will set every waypoint z to goal z = -2.50 m before execution.
- Goal delta from current state is (-2.20, 16.77, -0.00) m with distance 16.91 m.
- Obstacle pipeline: depth_camera_to_body_to_ned_current_frame.
- Current depth frame obstacle points projected into NED: 37. Nearest depth obstacle in NED is at (3.27, 17.54, -2.49) m, relative vector (2.77, 5.81, 0.01) m, distance 6.44 m.
- Depth validity fraction is 0.58. Global nearest obstacle distance is 5.03 m.
- Sector minimum distances [far_left, left, center, right, far_right] are [5.03, 5.03, 5.03, 5.03, 5.03] m.
- Nearest obstacle sector is far_right at 5.03 m and clearance status is clear.
- Lateral planning hint: prefer center progress.","{""waypoints"":[{""x"":0.46965663157894744,""y"":12.460525815789474},{""x"":0.44334084210526337,""y"":12.947367921052631},{""x"":0.4170250526315791,""y"":13.434210026315789},{""x"":0.3907092631578948,""y"":13.921052131578946},{""x"":0.3643934736842107,""y"":14.407894236842104}],""reasoning"":""Selected waypoint 0 moves the reference anchor from 16.67 m to 16.19 m from goal immediately and to 14.24 m by the final waypoint, so progress is 0.49 m selected / 2.43 m final and passes with monotonic goal-distance reduction. Kinematics is evaluated on 5 unique label waypoint(s), excluding consecutive duplicate terminal holds, and checks only that the trajectory stays within the configured bounds speed <= 15.00 m/s and acceleration <= 8.00 m/s^2, so kinematics passes. Goal is not reached within this label waypoint window. Safety passes: minimum clearance 1.88 m against manifest obstacles with 0 violating segment(s).""}",0.46965663157894744,12.460525815789474,-2.5,0.44334084210526337,12.947367921052631,-2.5,0.4170250526315791,13.434210026315789,-2.5,0.3907092631578948,13.921052131578946,-2.5,0.3643934736842107,14.407894236842104,-2.5
1773795424.368865728,1773795424.368865728,0.000,offline_ground_truth_window,"Environment section (T(v)):
- Current position NED is (0.47, 12.22, -2.51) m.
- Current velocity is (-0.01, 0.07, 0.01) m/s (speed 0.07 m/s).
- Goal position NED is (-1.70, 28.50, -2.50) m.
- Output contract: predict exactly 5 waypoint x/y pairs in NED. The planner will set every waypoint z to goal z = -2.50 m before execution.
- Goal delta from current state is (-2.17, 16.28, 0.01) m with distance 16.43 m.
- Obstacle pipeline: depth_camera_to_body_to_ned_current_frame.
- Current depth frame obstacle points projected into NED: 31. Nearest depth obstacle in NED is at (3.13, 17.61, -2.35) m, relative vector (2.65, 5.39, 0.16) m, distance 6.01 m.
- Depth validity fraction is 0.57. Global nearest obstacle distance is 4.97 m.
- Sector minimum distances [far_left, left, center, right, far_right] are [5.02, 5.03, 5.03, 5.03, 4.97] m.
- Nearest obstacle sector is far_right at 4.97 m and clearance status is clear.
- Lateral planning hint: prefer center progress.","{""waypoints"":[{""x"":0.44334084210526337,""y"":12.947367921052631},{""x"":0.4170250526315791,""y"":13.434210026315789},{""x"":0.3907092631578948,""y"":13.921052131578946},{""x"":0.3643934736842107,""y"":14.407894236842104},{""x"":0.3380776842105264,""y"":14.894736342105263}],""reasoning"":""Selected waypoint 0 moves the reference anchor from 16.19 m to 15.70 m from goal immediately and to 13.76 m by the final waypoint, so progress is 0.49 m selected / 2.43 m final and passes with monotonic goal-distance reduction. Kinematics is evaluated on 5 unique label waypoint(s), excluding consecutive duplicate terminal holds, and checks only that the trajectory stays within the configured bounds speed <= 15.00 m/s and acceleration <= 8.00 m/s^2, so kinematics passes. Goal is not reached within this label waypoint window. Safety passes: minimum clearance 2.17 m against manifest obstacles with 0 violating segment(s).""}",0.44334084210526337,12.947367921052631,-2.5,0.4170250526315791,13.434210026315789,-2.5,0.3907092631578948,13.921052131578946,-2.5,0.3643934736842107,14.407894236842104,-2.5,0.3380776842105264,14.894736342105263,-2.5
1773795431.381089449,1773795431.381089449,0.000,offline_ground_truth_window,"Environment section (T(v)):
- Current position NED is (0.46, 12.70, -2.49) m.
- Current velocity is (0.00, 0.05, -0.00) m/s (speed 0.05 m/s).
- Goal position NED is (-1.70, 28.50, -2.50) m.
- Output contract: predict exactly 5 waypoint x/y pairs in NED. The planner will set every waypoint z to goal z = -2.50 m before execution.
- Goal delta from current state is (-2.16, 15.80, -0.01) m with distance 15.94 m.
- Obstacle pipeline: depth_camera_to_body_to_ned_current_frame.
- Current depth frame obstacle points projected into NED: 38. Nearest depth obstacle in NED is at (3.17, 17.59, -2.51) m, relative vector (2.72, 4.89, -0.02) m, distance 5.59 m.
- Depth validity fraction is 0.58. Global nearest obstacle distance is 4.51 m.
- Sector minimum distances [far_left, left, center, right, far_right] are [4.96, 4.96, 4.96, 4.96, 4.51] m.
- Nearest obstacle sector is far_right at 4.51 m and clearance status is clear.
- Lateral planning hint: prefer center progress.","{""waypoints"":[{""x"":0.4170250526315791,""y"":13.434210026315789},{""x"":0.3907092631578948,""y"":13.921052131578946},{""x"":0.3643934736842107,""y"":14.407894236842104},{""x"":0.3380776842105264,""y"":14.894736342105263},{""x"":0.3117618947368421,""y"":15.38157844736842}],""reasoning"":""Selected waypoint 0 moves the reference anchor from 15.70 m to 15.21 m from goal immediately and to 13.27 m by the final waypoint, so progress is 0.49 m selected / 2.43 m final and passes with monotonic goal-distance reduction. Kinematics is evaluated on 5 unique label waypoint(s), excluding consecutive duplicate terminal holds, and checks only that the trajectory stays within the configured bounds speed <= 15.00 m/s and acceleration <= 8.00 m/s^2, so kinematics passes. Goal is not reached within this label waypoint window. Safety passes: minimum clearance 2.41 m against manifest obstacles with 0 violating segment(s).""}",0.4170250526315791,13.434210026315789,-2.5,0.3907092631578948,13.921052131578946,-2.5,0.3643934736842107,14.407894236842104,-2.5,0.3380776842105264,14.894736342105263,-2.5,0.3117618947368421,15.38157844736842,-2.5
1773795438.226400614,1773795438.226400614,0.000,offline_ground_truth_window,"Environment section (T(v)):
- Current position NED is (0.44, 13.19, -2.49) m.
- Current velocity is (-0.00, 0.08, 0.00) m/s (speed 0.08 m/s).
- Goal position NED is (-1.70, 28.50, -2.50) m.
- Output contract: predict exactly 5 waypoint x/y pairs in NED. The planner will set every waypoint z to goal z = -2.50 m before execution.
- Goal delta from current state is (-2.14, 15.31, -0.01) m with distance 15.46 m.
- Obstacle pipeline: depth_camera_to_body_to_ned_current_frame.
- Current depth frame obstacle points projected into NED: 35. Nearest depth obstacle in NED is at (3.17, 17.57, -1.90) m, relative vector (2.73, 4.38, 0.59) m, distance 5.19 m.
- Depth validity fraction is 0.58. Global nearest obstacle distance is 4.07 m.
- Sector minimum distances [far_left, left, center, right, far_right] are [5.02, 5.02, 5.02, 5.02, 4.07] m.
- Nearest obstacle sector is far_right at 4.07 m and clearance status is clear.
- Lateral planning hint: left side is clearer.","{""waypoints"":[{""x"":0.3907092631578948,""y"":13.921052131578946},{""x"":0.3643934736842107,""y"":14.407894236842104},{""x"":0.3380776842105264,""y"":14.894736342105263},{""x"":0.3117618947368421,""y"":15.38157844736842},{""x"":0.28544610526315806,""y"":15.868420552631578}],""reasoning"":""Selected waypoint 0 moves the reference anchor from 15.21 m to 14.73 m from goal immediately and to 12.79 m by the final waypoint, so progress is 0.49 m selected / 2.43 m final and passes with monotonic goal-distance reduction. Kinematics is evaluated on 5 unique label waypoint(s), excluding consecutive duplicate terminal holds, and checks only that the trajectory stays within the configured bounds speed <= 15.00 m/s and acceleration <= 8.00 m/s^2, so kinematics passes. Goal is not reached within this label waypoint window. Safety passes: minimum clearance 2.69 m against manifest obstacles with 0 violating segment(s).""}",0.3907092631578948,13.921052131578946,-2.5,0.3643934736842107,14.407894236842104,-2.5,0.3380776842105264,14.894736342105263,-2.5,0.3117618947368421,15.38157844736842,-2.5,0.28544610526315806,15.868420552631578,-2.5
1773795443.825077534,1773795443.825077534,0.000,offline_ground_truth_window,"Environment section (T(v)):
- Current position NED is (0.40, 13.68, -2.52) m.
- Current velocity is (-0.01, 0.09, 0.01) m/s (speed 0.09 m/s).
- Goal position NED is (-1.70, 28.50, -2.50) m.
- Output contract: predict exactly 5 waypoint x/y pairs in NED. The planner will set every waypoint z to goal z = -2.50 m before execution.
- Goal delta from current state is (-2.11, 14.82, 0.02) m with distance 14.97 m.
- Obstacle pipeline: depth_camera_to_body_to_ned_current_frame.
- Current depth frame obstacle points projected into NED: 32. Nearest depth obstacle in NED is at (2.93, 17.77, -2.38) m, relative vector (2.52, 4.09, 0.13) m, distance 4.81 m.
- Depth validity fraction is 0.58. Global nearest obstacle distance is 3.77 m.
- Sector minimum distances [far_left, left, center, right, far_right] are [4.93, 5.11, 5.11, 5.11, 3.77] m.
- Nearest obstacle sector is far_right at 3.77 m and clearance status is clear.
- Lateral planning hint: left side is clearer.","{""waypoints"":[{""x"":0.3643934736842107,""y"":14.407894236842104},{""x"":0.3380776842105264,""y"":14.894736342105263},{""x"":0.3117618947368421,""y"":15.38157844736842},{""x"":0.28544610526315806,""y"":15.868420552631578},{""x"":0.25913031578947376,""y"":16.355262657894734}],""reasoning"":""Selected waypoint 0 moves the reference anchor from 14.73 m to 14.24 m from goal immediately and to 12.30 m by the final waypoint, so progress is 0.49 m selected / 2.43 m final and passes with monotonic goal-distance reduction. Kinematics is evaluated on 5 unique label waypoint(s), excluding consecutive duplicate terminal holds, and checks only that the trajectory stays within the configured bounds speed <= 15.00 m/s and acceleration <= 8.00 m/s^2, so kinematics passes. Goal is not reached within this label waypoint window. Safety passes: minimum clearance 2.54 m against manifest obstacles with 0 violating segment(s).""}",0.3643934736842107,14.407894236842104,-2.5,0.3380776842105264,14.894736342105263,-2.5,0.3117618947368421,15.38157844736842,-2.5,0.28544610526315806,15.868420552631578,-2.5,0.25913031578947376,16.355262657894734,-2.5
1773795449.822561502,1773795449.822561502,0.000,offline_ground_truth_window,"Environment section (T(v)):
- Current position NED is (0.39, 14.17, -2.50) m.
- Current velocity is (-0.01, 0.09, 0.01) m/s (speed 0.09 m/s).
- Goal position NED is (-1.70, 28.50, -2.50) m.
- Output contract: predict exactly 5 waypoint x/y pairs in NED. The planner will set every waypoint z to goal z = -2.50 m before execution.
- Goal delta from current state is (-2.09, 14.33, -0.00) m with distance 14.49 m.
- Obstacle pipeline: depth_camera_to_body_to_ned_current_frame.
- Current depth frame obstacle points projected into NED: 28. Nearest depth obstacle in NED is at (-3.07, 18.61, -2.69) m, relative vector (-3.46, 4.44, -0.19) m, distance 5.64 m.
- Depth validity fraction is 0.58. Global nearest obstacle distance is 4.45 m.
- Sector minimum distances [far_left, left, center, right, far_right] are [4.45, 5.07, 5.07, 5.06, 5.06] m.
- Nearest obstacle sector is far_left at 4.45 m and clearance status is clear.
- Lateral planning hint: prefer center progress.","{""waypoints"":[{""x"":0.3380776842105264,""y"":14.894736342105263},{""x"":0.3117618947368421,""y"":15.38157844736842},{""x"":0.28544610526315806,""y"":15.868420552631578},{""x"":0.25913031578947376,""y"":16.355262657894734},{""x"":0.23281452631578947,""y"":16.84210476315789}],""reasoning"":""Selected waypoint 0 moves the reference anchor from 14.24 m to 13.76 m from goal immediately and to 11.82 m by the final waypoint, so progress is 0.49 m selected / 2.43 m final and passes with monotonic goal-distance reduction. Kinematics is evaluated on 5 unique label waypoint(s), excluding consecutive duplicate terminal holds, and checks only that the trajectory stays within the configured bounds speed <= 15.00 m/s and acceleration <= 8.00 m/s^2, so kinematics passes. Goal is not reached within this label waypoint window. Safety passes: minimum clearance 2.35 m against manifest obstacles with 0 violating segment(s).""}",0.3380776842105264,14.894736342105263,-2.5,0.3117618947368421,15.38157844736842,-2.5,0.28544610526315806,15.868420552631578,-2.5,0.25913031578947376,16.355262657894734,-2.5,0.23281452631578947,16.84210476315789,-2.5
1773795455.505831003,1773795455.505831003,0.000,offline_ground_truth_window,"Environment section (T(v)):
- Current position NED is (0.35, 14.66, -2.48) m.
- Current velocity is (-0.00, 0.08, 0.00) m/s (speed 0.08 m/s).
- Goal position NED is (-1.70, 28.50, -2.50) m.
- Output contract: predict exactly 5 waypoint x/y pairs in NED. The planner will set every waypoint z to goal z = -2.50 m before execution.
- Goal delta from current state is (-2.05, 13.84, -0.02) m with distance 13.99 m.
- Obstacle pipeline: depth_camera_to_body_to_ned_current_frame.
- Current depth frame obstacle points projected into NED: 35. Nearest depth obstacle in NED is at (1.04, 20.28, -2.48) m, relative vector (0.69, 5.62, 0.00) m, distance 5.66 m.
- Depth validity fraction is 0.59. Global nearest obstacle distance is 4.21 m.
- Sector minimum distances [far_left, left, center, right, far_right] are [4.21, 4.99, 4.99, 4.99, 4.99] m.
- Nearest obstacle sector is far_left at 4.21 m and clearance status is clear.
- Lateral planning hint: prefer center progress.","{""waypoints"":[{""x"":0.3117618947368421,""y"":15.38157844736842},{""x"":0.28544610526315806,""y"":15.868420552631578},{""x"":0.25913031578947376,""y"":16.355262657894734},{""x"":0.23281452631578947,""y"":16.84210476315789},{""x"":0.2064987368421054,""y"":17.328946868421053}],""reasoning"":""Selected waypoint 0 moves the reference anchor from 13.76 m to 13.27 m from goal immediately and to 11.33 m by the final waypoint, so progress is 0.49 m selected / 2.42 m final and passes with monotonic goal-distance reduction. Kinematics is evaluated on 5 unique label waypoint(s), excluding consecutive duplicate terminal holds, and checks only that the trajectory stays within the configured bounds speed <= 15.00 m/s and acceleration <= 8.00 m/s^2, so kinematics passes. Goal is not reached within this label waypoint window. Safety passes: minimum clearance 2.24 m against manifest obstacles with 0 violating segment(s).""}",0.3117618947368421,15.38157844736842,-2.5,0.28544610526315806,15.868420552631578,-2.5,0.25913031578947376,16.355262657894734,-2.5,0.23281452631578947,16.84210476315789,-2.5,0.2064987368421054,17.328946868421053,-2.5
1773795460.654255152,1773795460.654255152,0.000,offline_ground_truth_window,"Environment section (T(v)):
- Current position NED is (0.33, 15.14, -2.48) m.
- Current velocity is (0.01, 0.08, -0.00) m/s (speed 0.08 m/s).
- Goal position NED is (-1.70, 28.50, -2.50) m.
- Output contract: predict exactly 5 waypoint x/y pairs in NED. The planner will set every waypoint z to goal z = -2.50 m before execution.
- Goal delta from current state is (-2.03, 13.36, -0.02) m with distance 13.51 m.
- Obstacle pipeline: depth_camera_to_body_to_ned_current_frame.
- Current depth frame obstacle points projected into NED: 47. Nearest depth obstacle in NED is at (1.17, 20.24, -2.55) m, relative vector (0.84, 5.10, -0.06) m, distance 5.17 m.
- Depth validity fraction is 0.59. Global nearest obstacle distance is 4.90 m.
- Sector minimum distances [far_left, left, center, right, far_right] are [5.02, 5.02, 5.02, 4.90, 5.01] m.
- Nearest obstacle sector is right at 4.90 m and clearance status is clear.
- Lateral planning hint: prefer center progress.","{""waypoints"":[{""x"":0.28544610526315806,""y"":15.868420552631578},{""x"":0.25913031578947376,""y"":16.355262657894734},{""x"":0.23281452631578947,""y"":16.84210476315789},{""x"":0.2064987368421054,""y"":17.328946868421053},{""x"":0.1801829473684211,""y"":17.815788973684207}],""reasoning"":""Selected waypoint 0 moves the reference anchor from 13.27 m to 12.79 m from goal immediately and to 10.85 m by the final waypoint, so progress is 0.49 m selected / 2.42 m final and passes with monotonic goal-distance reduction. Kinematics is evaluated on 5 unique label waypoint(s), excluding consecutive duplicate terminal holds, and checks only that the trajectory stays within the configured bounds speed <= 15.00 m/s and acceleration <= 8.00 m/s^2, so kinematics passes. Goal is not reached within this label waypoint window. Safety passes: minimum clearance 2.22 m against manifest obstacles with 0 violating segment(s).""}",0.28544610526315806,15.868420552631578,-2.5,0.25913031578947376,16.355262657894734,-2.5,0.23281452631578947,16.84210476315789,-2.5,0.2064987368421054,17.328946868421053,-2.5,0.1801829473684211,17.815788973684207,-2.5
1773795465.838545561,1773795465.838545561,0.000,offline_ground_truth_window,"Environment section (T(v)):
- Current position NED is (0.31, 15.63, -2.50) m.
- Current velocity is (-0.01, 0.10, 0.01) m/s (speed 0.10 m/s).
- Goal position NED is (-1.70, 28.50, -2.50) m.
- Output contract: predict exactly 5 waypoint x/y pairs in NED. The planner will set every waypoint z to goal z = -2.50 m before execution.
- Goal delta from current state is (-2.01, 12.87, 0.00) m with distance 13.03 m.
- Obstacle pipeline: depth_camera_to_body_to_ned_current_frame.
- Current depth frame obstacle points projected into NED: 33. Nearest depth obstacle in NED is at (1.15, 20.26, -2.15) m, relative vector (0.84, 4.63, 0.36) m, distance 4.72 m.
- Depth validity fraction is 0.59. Global nearest obstacle distance is 4.42 m.
- Sector minimum distances [far_left, left, center, right, far_right] are [4.60, 5.08, 5.08, 4.42, 4.87] m.
- Nearest obstacle sector is right at 4.42 m and clearance status is clear.
- Lateral planning hint: prefer center progress.","{""waypoints"":[{""x"":0.25913031578947376,""y"":16.355262657894734},{""x"":0.23281452631578947,""y"":16.84210476315789},{""x"":0.2064987368421054,""y"":17.328946868421053},{""x"":0.1801829473684211,""y"":17.815788973684207},{""x"":0.15386715789473682,""y"":18.302631078947368}],""reasoning"":""Selected waypoint 0 moves the reference anchor from 12.79 m to 12.30 m from goal immediately and to 10.36 m by the final waypoint, so progress is 0.48 m selected / 2.42 m final and passes with monotonic goal-distance reduction. Kinematics is evaluated on 5 unique label waypoint(s), excluding consecutive duplicate terminal holds, and checks only that the trajectory stays within the configured bounds speed <= 15.00 m/s and acceleration <= 8.00 m/s^2, so kinematics passes. Goal is not reached within this label waypoint window. Safety passes: minimum clearance 1.95 m against manifest obstacles with 0 violating segment(s).""}",0.25913031578947376,16.355262657894734,-2.5,0.23281452631578947,16.84210476315789,-2.5,0.2064987368421054,17.328946868421053,-2.5,0.1801829473684211,17.815788973684207,-2.5,0.15386715789473682,18.302631078947368,-2.5
1773795472.662024260,1773795472.662024260,0.000,offline_ground_truth_window,"Environment section (T(v)):
- Current position NED is (0.28, 16.12, -2.49) m.
- Current velocity is (0.00, 0.08, -0.00) m/s (speed 0.08 m/s).
- Goal position NED is (-1.70, 28.50, -2.50) m.
- Output contract: predict exactly 5 waypoint x/y pairs in NED. The planner will set every waypoint z to goal z = -2.50 m before execution.
- Goal delta from current state is (-1.98, 12.38, -0.01) m with distance 12.54 m.
- Obstacle pipeline: depth_camera_to_body_to_ned_current_frame.
- Current depth frame obstacle points projected into NED: 58. Nearest depth obstacle in NED is at (1.05, 20.25, -2.52) m, relative vector (0.77, 4.13, -0.04) m, distance 4.20 m.
- Depth validity fraction is 0.60. Global nearest obstacle distance is 3.91 m.
- Sector minimum distances [far_left, left, center, right, far_right] are [4.11, 4.99, 4.99, 3.91, 4.37] m.
- Nearest obstacle sector is right at 3.91 m and clearance status is clear.
- Lateral planning hint: left side is clearer.","{""waypoints"":[{""x"":0.23281452631578947,""y"":16.84210476315789},{""x"":0.2064987368421054,""y"":17.328946868421053},{""x"":0.1801829473684211,""y"":17.815788973684207},{""x"":0.15386715789473682,""y"":18.302631078947368},{""x"":0.12755136842105275,""y"":18.789473184210525}],""reasoning"":""Selected waypoint 0 moves the reference anchor from 12.30 m to 11.82 m from goal immediately and to 9.88 m by the final waypoint, so progress is 0.48 m selected / 2.42 m final and passes with monotonic goal-distance reduction. Kinematics is evaluated on 5 unique label waypoint(s), excluding consecutive duplicate terminal holds, and checks only that the trajectory stays within the configured bounds speed <= 15.00 m/s and acceleration <= 8.00 m/s^2, so kinematics passes. Goal is not reached within this label waypoint window. Safety passes: minimum clearance 1.73 m against manifest obstacles with 0 violating segment(s).""}",0.23281452631578947,16.84210476315789,-2.5,0.2064987368421054,17.328946868421053,-2.5,0.1801829473684211,17.815788973684207,-2.5,0.15386715789473682,18.302631078947368,-2.5,0.12755136842105275,18.789473184210525,-2.5
1773795478.835965395,1773795478.835965395,0.000,offline_ground_truth_window,"Environment section (T(v)):
- Current position NED is (0.26, 16.60, -2.49) m.
- Current velocity is (-0.02, 0.09, 0.01) m/s (speed 0.09 m/s).
- Goal position NED is (-1.70, 28.50, -2.50) m.
- Output contract: predict exactly 5 waypoint x/y pairs in NED. The planner will set every waypoint z to goal z = -2.50 m before execution.
- Goal delta from current state is (-1.96, 11.90, -0.01) m with distance 12.06 m.
- Obstacle pipeline: depth_camera_to_body_to_ned_current_frame.
- Current depth frame obstacle points projected into NED: 45. Nearest depth obstacle in NED is at (1.06, 20.25, -2.39) m, relative vector (0.80, 3.65, 0.10) m, distance 3.73 m.
- Depth validity fraction is 0.60. Global nearest obstacle distance is 3.44 m.
- Sector minimum distances [far_left, left, center, right, far_right] are [3.82, 5.05, 5.05, 3.44, 3.90] m.
- Nearest obstacle sector is right at 3.44 m and clearance status is clear.
- Lateral planning hint: left side is clearer.","{""waypoints"":[{""x"":0.2064987368421054,""y"":17.328946868421053},{""x"":0.1801829473684211,""y"":17.815788973684207},{""x"":0.15386715789473682,""y"":18.302631078947368},{""x"":0.12755136842105275,""y"":18.789473184210525},{""x"":0.10123557894736845,""y"":19.276315289473683}],""reasoning"":""Selected waypoint 0 moves the reference anchor from 11.82 m to 11.33 m from goal immediately and to 9.40 m by the final waypoint, so progress is 0.48 m selected / 2.42 m final and passes with monotonic goal-distance reduction. Kinematics is evaluated on 5 unique label waypoint(s), excluding consecutive duplicate terminal holds, and checks only that the trajectory stays within the configured bounds speed <= 15.00 m/s and acceleration <= 8.00 m/s^2, so kinematics passes. Goal is not reached within this label waypoint window. Safety passes: minimum clearance 1.61 m against manifest obstacles with 0 violating segment(s).""}",0.2064987368421054,17.328946868421053,-2.5,0.1801829473684211,17.815788973684207,-2.5,0.15386715789473682,18.302631078947368,-2.5,0.12755136842105275,18.789473184210525,-2.5,0.10123557894736845,19.276315289473683,-2.5
1773795485.689271927,1773795485.689271927,0.000,offline_ground_truth_window,"Environment section (T(v)):
- Current position NED is (0.18, 17.09, -2.50) m.
- Current velocity is (0.01, 0.07, 0.00) m/s (speed 0.07 m/s).
- Goal position NED is (-1.70, 28.50, -2.50) m.
- Output contract: predict exactly 5 waypoint x/y pairs in NED. The planner will set every waypoint z to goal z = -2.50 m before execution.
- Goal delta from current state is (-1.88, 11.41, -0.00) m with distance 11.57 m.
- Obstacle pipeline: depth_camera_to_body_to_ned_current_frame.
- Current depth frame obstacle points projected into NED: 46. Nearest depth obstacle in NED is at (0.88, 20.25, -2.38) m, relative vector (0.70, 3.16, 0.12) m, distance 3.24 m.
- Depth validity fraction is 0.61. Global nearest obstacle distance is 2.96 m.
- Sector minimum distances [far_left, left, center, right, far_right] are [3.72, 4.98, 4.98, 2.96, 3.48] m.
- Nearest obstacle sector is right at 2.96 m and clearance status is caution.
- Lateral planning hint: left side is clearer.","{""waypoints"":[{""x"":0.1801829473684211,""y"":17.815788973684207},{""x"":0.15386715789473682,""y"":18.302631078947368},{""x"":0.12755136842105275,""y"":18.789473184210525},{""x"":0.10123557894736845,""y"":19.276315289473683},{""x"":0.07491978947368438,""y"":19.76315739473684}],""reasoning"":""Selected waypoint 0 moves the reference anchor from 11.33 m to 10.85 m from goal immediately and to 8.92 m by the final waypoint, so progress is 0.48 m selected / 2.42 m final and passes with monotonic goal-distance reduction. Kinematics is evaluated on 5 unique label waypoint(s), excluding consecutive duplicate terminal holds, and checks only that the trajectory stays within the configured bounds speed <= 15.00 m/s and acceleration <= 8.00 m/s^2, so kinematics passes. Goal is not reached within this label waypoint window. Safety passes: minimum clearance 1.60 m against manifest obstacles with 0 violating segment(s).""}",0.1801829473684211,17.815788973684207,-2.5,0.15386715789473682,18.302631078947368,-2.5,0.12755136842105275,18.789473184210525,-2.5,0.10123557894736845,19.276315289473683,-2.5,0.07491978947368438,19.76315739473684,-2.5
1773795491.839375973,1773795491.839375973,0.000,offline_ground_truth_window,"Environment section (T(v)):
- Current position NED is (0.18, 17.58, -2.50) m.
- Current velocity is (-0.01, 0.09, 0.01) m/s (speed 0.09 m/s).
- Goal position NED is (-1.70, 28.50, -2.50) m.
- Output contract: predict exactly 5 waypoint x/y pairs in NED. The planner will set every waypoint z to goal z = -2.50 m before execution.
- Goal delta from current state is (-1.88, 10.92, 0.00) m with distance 11.08 m.
- Obstacle pipeline: depth_camera_to_body_to_ned_current_frame.
- Current depth frame obstacle points projected into NED: 57. Nearest depth obstacle in NED is at (0.88, 20.25, -2.53) m, relative vector (0.70, 2.67, -0.03) m, distance 2.76 m.
- Depth validity fraction is 0.62. Global nearest obstacle distance is 2.46 m.
- Sector minimum distances [far_left, left, center, right, far_right] are [4.93, 4.94, 4.94, 2.46, 2.47] m.
- Nearest obstacle sector is right at 2.46 m and clearance status is caution.
- Lateral planning hint: left side is clearer.","{""waypoints"":[{""x"":0.15386715789473682,""y"":18.302631078947368},{""x"":0.12755136842105275,""y"":18.789473184210525},{""x"":0.10123557894736845,""y"":19.276315289473683},{""x"":0.07491978947368438,""y"":19.76315739473684},{""x"":0.04860400000000009,""y"":20.249999499999998}],""reasoning"":""Selected waypoint 0 moves the reference anchor from 10.85 m to 10.36 m from goal immediately and to 8.43 m by the final waypoint, so progress is 0.48 m selected / 2.42 m final and passes with monotonic goal-distance reduction. Kinematics is evaluated on 5 unique label waypoint(s), excluding consecutive duplicate terminal holds, and checks only that the trajectory stays within the configured bounds speed <= 15.00 m/s and acceleration <= 8.00 m/s^2, so kinematics passes. Goal is not reached within this label waypoint window. Safety passes: minimum clearance 1.60 m against manifest obstacles with 0 violating segment(s).""}",0.15386715789473682,18.302631078947368,-2.5,0.12755136842105275,18.789473184210525,-2.5,0.10123557894736845,19.276315289473683,-2.5,0.07491978947368438,19.76315739473684,-2.5,0.04860400000000009,20.249999499999998,-2.5
1773795497.068680763,1773795497.068680763,0.000,offline_ground_truth_window,"Environment section (T(v)):
- Current position NED is (0.15, 18.06, -2.47) m.
- Current velocity is (-0.01, 0.09, 0.00) m/s (speed 0.09 m/s).
- Goal position NED is (-1.70, 28.50, -2.50) m.
- Output contract: predict exactly 5 waypoint x/y pairs in NED. The planner will set every waypoint z to goal z = -2.50 m before execution.
- Goal delta from current state is (-1.85, 10.44, -0.03) m with distance 10.60 m.
- Obstacle pipeline: depth_camera_to_body_to_ned_current_frame.
- Current depth frame obstacle points projected into NED: 76. Nearest depth obstacle in NED is at (0.81, 20.26, -2.51) m, relative vector (0.66, 2.20, -0.04) m, distance 2.30 m.
- Depth validity fraction is 0.62. Global nearest obstacle distance is 1.99 m.
- Sector minimum distances [far_left, left, center, right, far_right] are [4.98, 4.98, 4.99, 2.00, 1.99] m.
- Nearest obstacle sector is far_right at 1.99 m and clearance status is caution.
- Lateral planning hint: left side is clearer.","{""waypoints"":[{""x"":0.12755136842105275,""y"":18.789473184210525},{""x"":0.10123557894736845,""y"":19.276315289473683},{""x"":0.07491978947368438,""y"":19.76315739473684},{""x"":0.04860400000000009,""y"":20.249999499999998},{""x"":-0.25139599999999995,""y"":20.5499995}],""reasoning"":""Selected waypoint 0 moves the reference anchor from 10.36 m to 9.88 m from goal immediately and to 8.08 m by the final waypoint, so progress is 0.48 m selected / 2.28 m final and passes with monotonic goal-distance reduction. Kinematics is evaluated on 5 unique label waypoint(s), excluding consecutive duplicate terminal holds, and checks only that the trajectory stays within the configured bounds speed <= 15.00 m/s and acceleration <= 8.00 m/s^2, so kinematics passes. Goal is not reached within this label waypoint window. Safety passes: minimum clearance 1.59 m against manifest obstacles with 0 violating segment(s).""}",0.12755136842105275,18.789473184210525,-2.5,0.10123557894736845,19.276315289473683,-2.5,0.07491978947368438,19.76315739473684,-2.5,0.04860400000000009,20.249999499999998,-2.5,-0.25139599999999995,20.5499995,-2.5
1773795501.706477404,1773795501.706477404,0.000,offline_ground_truth_window,"Environment section (T(v)):
- Current position NED is (0.10, 18.54, -2.48) m.
- Current velocity is (-0.00, 0.10, 0.00) m/s (speed 0.10 m/s).
- Goal position NED is (-1.70, 28.50, -2.50) m.
- Output contract: predict exactly 5 waypoint x/y pairs in NED. The planner will set every waypoint z to goal z = -2.50 m before execution.
- Goal delta from current state is (-1.80, 9.96, -0.02) m with distance 10.12 m.
- Obstacle pipeline: depth_camera_to_body_to_ned_current_frame.
- Current depth frame obstacle points projected into NED: 89. Nearest depth obstacle in NED is at (0.71, 20.26, -2.46) m, relative vector (0.61, 1.71, 0.02) m, distance 1.82 m.
- Depth validity fraction is 0.64. Global nearest obstacle distance is 1.50 m.
- Sector minimum distances [far_left, left, center, right, far_right] are [5.03, 4.87, 5.03, 1.55, 1.50] m.
- Nearest obstacle sector is far_right at 1.50 m and clearance status is caution.
- Lateral planning hint: left side is clearer.","{""waypoints"":[{""x"":0.10123557894736845,""y"":19.276315289473683},{""x"":0.07491978947368438,""y"":19.76315739473684},{""x"":0.04860400000000009,""y"":20.249999499999998},{""x"":-0.25139599999999995,""y"":20.5499995},{""x"":-0.551396,""y"":20.8499995}],""reasoning"":""Selected waypoint 0 moves the reference anchor from 9.88 m to 9.40 m from goal immediately and to 7.74 m by the final waypoint, so progress is 0.48 m selected / 2.15 m final and passes with monotonic goal-distance reduction. Kinematics is evaluated on 5 unique label waypoint(s), excluding consecutive duplicate terminal holds, and checks only that the trajectory stays within the configured bounds speed <= 15.00 m/s and acceleration <= 8.00 m/s^2, so kinematics passes. Goal is not reached within this label waypoint window. Safety passes: minimum clearance 1.56 m against manifest obstacles with 0 violating segment(s).""}",0.10123557894736845,19.276315289473683,-2.5,0.07491978947368438,19.76315739473684,-2.5,0.04860400000000009,20.249999499999998,-2.5,-0.25139599999999995,20.5499995,-2.5,-0.551396,20.8499995,-2.5
1773795506.943125248,1773795506.943125248,0.000,offline_ground_truth_window,"Environment section (T(v)):
- Current position NED is (0.08, 19.03, -2.49) m.
- Current velocity is (0.01, 0.08, 0.00) m/s (speed 0.08 m/s).
- Goal position NED is (-1.70, 28.50, -2.50) m.
- Output contract: predict exactly 5 waypoint x/y pairs in NED. The planner will set every waypoint z to goal z = -2.50 m before execution.
- Goal delta from current state is (-1.78, 9.47, -0.01) m with distance 9.63 m.
- Obstacle pipeline: depth_camera_to_body_to_ned_current_frame.
- Current depth frame obstacle points projected into NED: 112. Nearest depth obstacle in NED is at (0.66, 20.29, -2.53) m, relative vector (0.58, 1.26, -0.04) m, distance 1.39 m.
- Depth validity fraction is 0.66. Global nearest obstacle distance is 1.04 m.
- Sector minimum distances [far_left, left, center, right, far_right] are [5.02, 4.40, 5.02, 1.21, 1.04] m.
- Nearest obstacle sector is far_right at 1.04 m and clearance status is blocked.
- Lateral planning hint: left side is clearer.","{""waypoints"":[{""x"":0.07491978947368438,""y"":19.76315739473684},{""x"":0.04860400000000009,""y"":20.249999499999998},{""x"":-0.25139599999999995,""y"":20.5499995},{""x"":-0.551396,""y"":20.8499995},{""x"":-0.8513959999999998,""y"":21.149999499999996}],""reasoning"":""Selected waypoint 0 moves the reference anchor from 9.40 m to 8.92 m from goal immediately and to 7.40 m by the final waypoint, so progress is 0.48 m selected / 2.00 m final and passes with monotonic goal-distance reduction. Kinematics is evaluated on 5 unique label waypoint(s), excluding consecutive duplicate terminal holds, and checks only that the trajectory stays within the configured bounds speed <= 15.00 m/s and acceleration <= 8.00 m/s^2, so kinematics passes. Goal is not reached within this label waypoint window. Safety passes: minimum clearance 1.56 m against manifest obstacles with 0 violating segment(s).""}",0.07491978947368438,19.76315739473684,-2.5,0.04860400000000009,20.249999499999998,-2.5,-0.25139599999999995,20.5499995,-2.5,-0.551396,20.8499995,-2.5,-0.8513959999999998,21.149999499999996,-2.5
1773795512.230699062,1773795512.230699062,0.000,offline_ground_truth_window,"Environment section (T(v)):
- Current position NED is (0.06, 19.52, -2.49) m.
- Current velocity is (-0.00, 0.08, 0.00) m/s (speed 0.08 m/s).
- Goal position NED is (-1.70, 28.50, -2.50) m.
- Output contract: predict exactly 5 waypoint x/y pairs in NED. The planner will set every waypoint z to goal z = -2.50 m before execution.
- Goal delta from current state is (-1.76, 8.98, -0.01) m with distance 9.15 m.
- Obstacle pipeline: depth_camera_to_body_to_ned_current_frame.
- Current depth frame obstacle points projected into NED: 122. Nearest depth obstacle in NED is at (0.50, 20.38, -2.46) m, relative vector (0.44, 0.86, 0.03) m, distance 0.96 m.
- Depth validity fraction is 0.67. Global nearest obstacle distance is 0.68 m.
- Sector minimum distances [far_left, left, center, right, far_right] are [4.97, 3.90, 4.98, 0.97, 0.68] m.
- Nearest obstacle sector is far_right at 0.68 m and clearance status is blocked.
- Lateral planning hint: left side is clearer.","{""waypoints"":[{""x"":0.04860400000000009,""y"":20.249999499999998},{""x"":-0.25139599999999995,""y"":20.5499995},{""x"":-0.551396,""y"":20.8499995},{""x"":-0.8513959999999998,""y"":21.149999499999996},{""x"":-1.151396,""y"":21.449999499999997}],""reasoning"":""Selected waypoint 0 moves the reference anchor from 8.92 m to 8.43 m from goal immediately and to 7.07 m by the final waypoint, so progress is 0.48 m selected / 1.84 m final and passes with monotonic goal-distance reduction. Kinematics is evaluated on 5 unique label waypoint(s), excluding consecutive duplicate terminal holds, and checks only that the trajectory stays within the configured bounds speed <= 15.00 m/s and acceleration <= 8.00 m/s^2, so kinematics passes. Goal is not reached within this label waypoint window. Safety passes: minimum clearance 1.54 m against manifest obstacles with 0 violating segment(s).""}",0.04860400000000009,20.249999499999998,-2.5,-0.25139599999999995,20.5499995,-2.5,-0.551396,20.8499995,-2.5,-0.8513959999999998,21.149999499999996,-2.5,-1.151396,21.449999499999997,-2.5
1773795518.032031775,1773795518.032031775,0.000,offline_ground_truth_window,"Environment section (T(v)):
- Current position NED is (0.04, 20.01, -2.47) m.
- Current velocity is (0.00, 0.07, -0.00) m/s (speed 0.07 m/s).
- Goal position NED is (-1.70, 28.50, -2.50) m.
- Output contract: predict exactly 5 waypoint x/y pairs in NED. The planner will set every waypoint z to goal z = -2.50 m before execution.
- Goal delta from current state is (-1.74, 8.49, -0.03) m with distance 8.67 m.
- Obstacle pipeline: depth_camera_to_body_to_ned_current_frame.
- Current depth frame obstacle points projected into NED: 35. Nearest depth obstacle in NED is at (0.41, 20.74, -2.36) m, relative vector (0.37, 0.73, 0.11) m, distance 0.83 m.
- Depth validity fraction is 0.61. Global nearest obstacle distance is 0.57 m.
- Sector minimum distances [far_left, left, center, right, far_right] are [3.55, 3.40, 4.98, 4.98, 0.57] m.
- Nearest obstacle sector is far_right at 0.57 m and clearance status is blocked.
- Lateral planning hint: left side is clearer.","{""waypoints"":[{""x"":-0.25139599999999995,""y"":20.5499995},{""x"":-0.551396,""y"":20.8499995},{""x"":-0.8513959999999998,""y"":21.149999499999996},{""x"":-1.151396,""y"":21.449999499999997},{""x"":-1.451396,""y"":21.749999499999998}],""reasoning"":""Selected waypoint 0 moves the reference anchor from 8.43 m to 8.08 m from goal immediately and to 6.75 m by the final waypoint, so progress is 0.35 m selected / 1.68 m final and passes with monotonic goal-distance reduction. Kinematics is evaluated on 5 unique label waypoint(s), excluding consecutive duplicate terminal holds, and checks only that the trajectory stays within the configured bounds speed <= 15.00 m/s and acceleration <= 8.00 m/s^2, so kinematics passes. Goal is not reached within this label waypoint window. Safety passes: minimum clearance 1.54 m against manifest obstacles with 0 violating segment(s).""}",-0.25139599999999995,20.5499995,-2.5,-0.551396,20.8499995,-2.5,-0.8513959999999998,21.149999499999996,-2.5,-1.151396,21.449999499999997,-2.5,-1.451396,21.749999499999998,-2.5
1773795525.068707943,1773795525.068707943,0.000,offline_ground_truth_window,"Environment section (T(v)):
- Current position NED is (-0.20, 20.32, -2.43) m.
- Current velocity is (-0.02, 0.27, -0.10) m/s (speed 0.29 m/s).
- Goal position NED is (-1.70, 28.50, -2.50) m.
- Output contract: predict exactly 5 waypoint x/y pairs in NED. The planner will set every waypoint z to goal z = -2.50 m before execution.
- Goal delta from current state is (-1.50, 8.18, -0.07) m with distance 8.31 m.
- Obstacle pipeline: depth_camera_to_body_to_ned_current_frame.
- Current depth frame obstacle points projected into NED: 206. Nearest depth obstacle in NED is at (2.91, 19.32, -2.45) m, relative vector (3.11, -1.00, -0.02) m, distance 3.27 m.
- Depth validity fraction is 0.84. Global nearest obstacle distance is 3.01 m.
- Sector minimum distances [far_left, left, center, right, far_right] are [4.74, 3.75, 3.30, 3.01, 4.89] m.
- Nearest obstacle sector is right at 3.01 m and clearance status is clear.
- Lateral planning hint: prefer center progress.","{""waypoints"":[{""x"":-0.551396,""y"":20.8499995},{""x"":-0.8513959999999998,""y"":21.149999499999996},{""x"":-1.151396,""y"":21.449999499999997},{""x"":-1.451396,""y"":21.749999499999998},{""x"":-1.5347293333333332,""y"":22.166666166666666}],""reasoning"":""Selected waypoint 0 moves the reference anchor from 8.08 m to 7.74 m from goal immediately and to 6.34 m by the final waypoint, so progress is 0.35 m selected / 1.75 m final and passes with monotonic goal-distance reduction. Kinematics is evaluated on 5 unique label waypoint(s), excluding consecutive duplicate terminal holds, and checks only that the trajectory stays within the configured bounds speed <= 15.00 m/s and acceleration <= 8.00 m/s^2, so kinematics passes. Goal is not reached within this label waypoint window. Safety passes: minimum clearance 1.52 m against manifest obstacles with 0 violating segment(s).""}",-0.551396,20.8499995,-2.5,-0.8513959999999998,21.149999499999996,-2.5,-1.151396,21.449999499999997,-2.5,-1.451396,21.749999499999998,-2.5,-1.5347293333333332,22.166666166666666,-2.5
1773795530.927350283,1773795530.927350283,0.000,offline_ground_truth_window,"Environment section (T(v)):
- Current position NED is (-0.42, 20.69, -2.51) m.
- Current velocity is (-0.02, 0.08, -0.00) m/s (speed 0.08 m/s).
- Goal position NED is (-1.70, 28.50, -2.50) m.
- Output contract: predict exactly 5 waypoint x/y pairs in NED. The planner will set every waypoint z to goal z = -2.50 m before execution.
- Goal delta from current state is (-1.28, 7.81, 0.01) m with distance 7.92 m.
- Obstacle pipeline: depth_camera_to_body_to_ned_current_frame.
- Current depth frame obstacle points projected into NED: 170. Nearest depth obstacle in NED is at (1.92, 18.17, -2.59) m, relative vector (2.34, -2.52, -0.08) m, distance 3.44 m.
- Depth validity fraction is 0.78. Global nearest obstacle distance is 2.92 m.
- Sector minimum distances [far_left, left, center, right, far_right] are [5.12, 5.12, 4.14, 3.06, 2.92] m.
- Nearest obstacle sector is far_right at 2.92 m and clearance status is caution.
- Lateral planning hint: left side is clearer.","{""waypoints"":[{""x"":-0.8513959999999998,""y"":21.149999499999996},{""x"":-1.151396,""y"":21.449999499999997},{""x"":-1.451396,""y"":21.749999499999998},{""x"":-1.5347293333333332,""y"":22.166666166666666},{""x"":-1.6180626666666664,""y"":22.58333283333333}],""reasoning"":""Selected waypoint 0 moves the reference anchor from 7.74 m to 7.40 m from goal immediately and to 5.92 m by the final waypoint, so progress is 0.34 m selected / 1.82 m final and passes with monotonic goal-distance reduction. Kinematics is evaluated on 5 unique label waypoint(s), excluding consecutive duplicate terminal holds, and checks only that the trajectory stays within the configured bounds speed <= 15.00 m/s and acceleration <= 8.00 m/s^2, so kinematics passes. Goal is not reached within this label waypoint window. Safety passes: minimum clearance 1.51 m against manifest obstacles with 0 violating segment(s).""}",-0.8513959999999998,21.149999499999996,-2.5,-1.151396,21.449999499999997,-2.5,-1.451396,21.749999499999998,-2.5,-1.5347293333333332,22.166666166666666,-2.5,-1.6180626666666664,22.58333283333333,-2.5
1773795536.475968122,1773795536.475968122,0.000,offline_ground_truth_window,"Environment section (T(v)):
- Current position NED is (-0.67, 21.04, -2.53) m.
- Current velocity is (-0.05, 0.05, 0.01) m/s (speed 0.07 m/s).
- Goal position NED is (-1.70, 28.50, -2.50) m.
- Output contract: predict exactly 5 waypoint x/y pairs in NED. The planner will set every waypoint z to goal z = -2.50 m before execution.
- Goal delta from current state is (-1.03, 7.46, 0.03) m with distance 7.53 m.
- Obstacle pipeline: depth_camera_to_body_to_ned_current_frame.
- Current depth frame obstacle points projected into NED: 167. Nearest depth obstacle in NED is at (1.92, 18.39, -2.50) m, relative vector (2.58, -2.64, 0.04) m, distance 3.70 m.
- Depth validity fraction is 0.77. Global nearest obstacle distance is 3.23 m.
- Sector minimum distances [far_left, left, center, right, far_right] are [4.99, 5.00, 4.52, 3.27, 3.23] m.
- Nearest obstacle sector is far_right at 3.23 m and clearance status is clear.
- Lateral planning hint: left side is clearer.","{""waypoints"":[{""x"":-1.151396,""y"":21.449999499999997},{""x"":-1.451396,""y"":21.749999499999998},{""x"":-1.5347293333333332,""y"":22.166666166666666},{""x"":-1.6180626666666664,""y"":22.58333283333333},{""x"":-1.701396,""y"":22.999999499999998}],""reasoning"":""Selected waypoint 0 moves the reference anchor from 7.40 m to 7.07 m from goal immediately and to 5.50 m by the final waypoint, so progress is 0.33 m selected / 1.90 m final and passes with monotonic goal-distance reduction. Kinematics is evaluated on 5 unique label waypoint(s), excluding consecutive duplicate terminal holds, and checks only that the trajectory stays within the configured bounds speed <= 15.00 m/s and acceleration <= 8.00 m/s^2, so kinematics passes. Goal is not reached within this label waypoint window. Safety passes: minimum clearance 1.51 m against manifest obstacles with 0 violating segment(s).""}",-1.151396,21.449999499999997,-2.5,-1.451396,21.749999499999998,-2.5,-1.5347293333333332,22.166666166666666,-2.5,-1.6180626666666664,22.58333283333333,-2.5,-1.701396,22.999999499999998,-2.5
1773795541.743295431,1773795541.743295431,0.000,offline_ground_truth_window,"Environment section (T(v)):
- Current position NED is (-0.98, 21.32, -2.49) m.
- Current velocity is (-0.06, 0.05, 0.00) m/s (speed 0.08 m/s).
- Goal position NED is (-1.70, 28.50, -2.50) m.
- Output contract: predict exactly 5 waypoint x/y pairs in NED. The planner will set every waypoint z to goal z = -2.50 m before execution.
- Goal delta from current state is (-0.72, 7.18, -0.01) m with distance 7.21 m.
- Obstacle pipeline: depth_camera_to_body_to_ned_current_frame.
- Current depth frame obstacle points projected into NED: 135. Nearest depth obstacle in NED is at (1.93, 18.52, -2.44) m, relative vector (2.91, -2.81, 0.06) m, distance 4.04 m.
- Depth validity fraction is 0.77. Global nearest obstacle distance is 3.63 m.
- Sector minimum distances [far_left, left, center, right, far_right] are [4.91, 4.91, 4.92, 3.63, 3.64] m.
- Nearest obstacle sector is right at 3.63 m and clearance status is clear.
- Lateral planning hint: left side is clearer.","{""waypoints"":[{""x"":-1.451396,""y"":21.749999499999998},{""x"":-1.5347293333333332,""y"":22.166666166666666},{""x"":-1.6180626666666664,""y"":22.58333283333333},{""x"":-1.701396,""y"":22.999999499999998},{""x"":-1.701396,""y"":23.499999499999998}],""reasoning"":""Selected waypoint 0 moves the reference anchor from 7.07 m to 6.75 m from goal immediately and to 5.00 m by the final waypoint, so progress is 0.32 m selected / 2.07 m final and passes with monotonic goal-distance reduction. Kinematics is evaluated on 5 unique label waypoint(s), excluding consecutive duplicate terminal holds, and checks only that the trajectory stays within the configured bounds speed <= 15.00 m/s and acceleration <= 8.00 m/s^2, so kinematics passes. Goal is not reached within this label waypoint window. Safety passes: minimum clearance 1.51 m against manifest obstacles with 0 violating segment(s).""}",-1.451396,21.749999499999998,-2.5,-1.5347293333333332,22.166666166666666,-2.5,-1.6180626666666664,22.58333283333333,-2.5,-1.701396,22.999999499999998,-2.5,-1.701396,23.499999499999998,-2.5
1773795547.505619764,1773795547.505619764,0.000,offline_ground_truth_window,"Environment section (T(v)):
- Current position NED is (-1.31, 21.60, -2.46) m.
- Current velocity is (-0.04, 0.06, -0.00) m/s (speed 0.07 m/s).
- Goal position NED is (-1.70, 28.50, -2.50) m.
- Output contract: predict exactly 5 waypoint x/y pairs in NED. The planner will set every waypoint z to goal z = -2.50 m before execution.
- Goal delta from current state is (-0.40, 6.90, -0.04) m with distance 6.92 m.
- Obstacle pipeline: depth_camera_to_body_to_ned_current_frame.
- Current depth frame obstacle points projected into NED: 139. Nearest depth obstacle in NED is at (2.01, 18.67, -2.50) m, relative vector (3.32, -2.93, -0.03) m, distance 4.43 m.
- Depth validity fraction is 0.75. Global nearest obstacle distance is 4.07 m.
- Sector minimum distances [far_left, left, center, right, far_right] are [4.91, 4.92, 4.92, 4.07, 4.93] m.
- Nearest obstacle sector is right at 4.07 m and clearance status is clear.
- Lateral planning hint: left side is clearer.","{""waypoints"":[{""x"":-1.5347293333333332,""y"":22.166666166666666},{""x"":-1.6180626666666664,""y"":22.58333283333333},{""x"":-1.701396,""y"":22.999999499999998},{""x"":-1.701396,""y"":23.499999499999998},{""x"":-1.701396,""y"":23.999999499999998}],""reasoning"":""Selected waypoint 0 moves the reference anchor from 6.75 m to 6.34 m from goal immediately and to 4.50 m by the final waypoint, so progress is 0.42 m selected / 2.25 m final and passes with monotonic goal-distance reduction. Kinematics is evaluated on 5 unique label waypoint(s), excluding consecutive duplicate terminal holds, and checks only that the trajectory stays within the configured bounds speed <= 15.00 m/s and acceleration <= 8.00 m/s^2, so kinematics passes. Goal is not reached within this label waypoint window. Safety passes: minimum clearance 1.51 m against manifest obstacles with 0 violating segment(s).""}",-1.5347293333333332,22.166666166666666,-2.5,-1.6180626666666664,22.58333283333333,-2.5,-1.701396,22.999999499999998,-2.5,-1.701396,23.499999499999998,-2.5,-1.701396,23.999999499999998,-2.5
1773795552.557732105,1773795552.557732105,0.000,offline_ground_truth_window,"Environment section (T(v)):
- Current position NED is (-1.49, 21.96, -2.49) m.
- Current velocity is (-0.00, 0.08, 0.00) m/s (speed 0.08 m/s).
- Goal position NED is (-1.70, 28.50, -2.50) m.
- Output contract: predict exactly 5 waypoint x/y pairs in NED. The planner will set every waypoint z to goal z = -2.50 m before execution.
- Goal delta from current state is (-0.21, 6.54, -0.01) m with distance 6.54 m.
- Obstacle pipeline: depth_camera_to_body_to_ned_current_frame.
- Current depth frame obstacle points projected into NED: 117. Nearest depth obstacle in NED is at (2.15, 19.10, -2.51) m, relative vector (3.64, -2.86, -0.02) m, distance 4.63 m.
- Depth validity fraction is 0.75. Global nearest obstacle distance is 4.34 m.
- Sector minimum distances [far_left, left, center, right, far_right] are [4.90, 4.92, 4.94, 4.34, 4.97] m.
- Nearest obstacle sector is right at 4.34 m and clearance status is clear.
- Lateral planning hint: prefer center progress.","{""waypoints"":[{""x"":-1.6180626666666664,""y"":22.58333283333333},{""x"":-1.701396,""y"":22.999999499999998},{""x"":-1.701396,""y"":23.499999499999998},{""x"":-1.701396,""y"":23.999999499999998},{""x"":-1.701396,""y"":24.499999499999998}],""reasoning"":""Selected waypoint 0 moves the reference anchor from 6.34 m to 5.92 m from goal immediately and to 4.00 m by the final waypoint, so progress is 0.42 m selected / 2.34 m final and passes with monotonic goal-distance reduction. Kinematics is evaluated on 5 unique label waypoint(s), excluding consecutive duplicate terminal holds, and checks only that the trajectory stays within the configured bounds speed <= 15.00 m/s and acceleration <= 8.00 m/s^2, so kinematics passes. Goal is not reached within this label waypoint window. Safety passes: minimum clearance 1.51 m against manifest obstacles with 0 violating segment(s).""}",-1.6180626666666664,22.58333283333333,-2.5,-1.701396,22.999999499999998,-2.5,-1.701396,23.499999499999998,-2.5,-1.701396,23.999999499999998,-2.5,-1.701396,24.499999499999998,-2.5
1773795557.754185915,1773795557.754185915,0.000,offline_ground_truth_window,"Environment section (T(v)):
- Current position NED is (-1.54, 22.38, -2.51) m.
- Current velocity is (-0.01, 0.07, 0.01) m/s (speed 0.07 m/s).
- Goal position NED is (-1.70, 28.50, -2.50) m.
- Output contract: predict exactly 5 waypoint x/y pairs in NED. The planner will set every waypoint z to goal z = -2.50 m before execution.
- Goal delta from current state is (-0.16, 6.12, 0.01) m with distance 6.12 m.
- Obstacle pipeline: depth_camera_to_body_to_ned_current_frame.
- Current depth frame obstacle points projected into NED: 109. Nearest depth obstacle in NED is at (2.37, 19.60, -2.38) m, relative vector (3.92, -2.78, 0.13) m, distance 4.80 m.
- Depth validity fraction is 0.74. Global nearest obstacle distance is 4.59 m.
- Sector minimum distances [far_left, left, center, right, far_right] are [4.95, 4.96, 4.65, 4.59, 4.98] m.
- Nearest obstacle sector is right at 4.59 m and clearance status is clear.
- Lateral planning hint: prefer center progress.","{""waypoints"":[{""x"":-1.701396,""y"":22.999999499999998},{""x"":-1.701396,""y"":23.499999499999998},{""x"":-1.701396,""y"":23.999999499999998},{""x"":-1.701396,""y"":24.499999499999998},{""x"":-1.701396,""y"":24.999999499999998}],""reasoning"":""Selected waypoint 0 moves the reference anchor from 5.92 m to 5.50 m from goal immediately and to 3.50 m by the final waypoint, so progress is 0.42 m selected / 2.42 m final and passes with monotonic goal-distance reduction. Kinematics is evaluated on 5 unique label waypoint(s), excluding consecutive duplicate terminal holds, and checks only that the trajectory stays within the configured bounds speed <= 15.00 m/s and acceleration <= 8.00 m/s^2, so kinematics passes. Goal is not reached within this label waypoint window. Safety passes: minimum clearance 1.53 m against manifest obstacles with 0 violating segment(s).""}",-1.701396,22.999999499999998,-2.5,-1.701396,23.499999499999998,-2.5,-1.701396,23.999999499999998,-2.5,-1.701396,24.499999499999998,-2.5,-1.701396,24.999999499999998,-2.5
1773795564.017022371,1773795564.017022371,0.000,offline_ground_truth_window,"Environment section (T(v)):
- Current position NED is (-1.64, 22.80, -2.49) m.
- Current velocity is (-0.02, 0.06, -0.00) m/s (speed 0.06 m/s).
- Goal position NED is (-1.70, 28.50, -2.50) m.
- Output contract: predict exactly 5 waypoint x/y pairs in NED. The planner will set every waypoint z to goal z = -2.50 m before execution.
- Goal delta from current state is (-0.06, 5.70, -0.01) m with distance 5.70 m.
- Obstacle pipeline: depth_camera_to_body_to_ned_current_frame.
- Current depth frame obstacle points projected into NED: 122. Nearest depth obstacle in NED is at (2.68, 20.20, -2.32) m, relative vector (4.33, -2.60, 0.17) m, distance 5.05 m.
- Depth validity fraction is 0.74. Global nearest obstacle distance is 4.88 m.
- Sector minimum distances [far_left, left, center, right, far_right] are [4.95, 4.95, 4.88, 4.89, 4.94] m.
- Nearest obstacle sector is center at 4.88 m and clearance status is clear.
- Lateral planning hint: prefer center progress.","{""waypoints"":[{""x"":-1.701396,""y"":23.499999499999998},{""x"":-1.701396,""y"":23.999999499999998},{""x"":-1.701396,""y"":24.499999499999998},{""x"":-1.701396,""y"":24.999999499999998},{""x"":-1.701396,""y"":25.499999499999998}],""reasoning"":""Selected waypoint 0 moves the reference anchor from 5.50 m to 5.00 m from goal immediately and to 3.00 m by the final waypoint, so progress is 0.50 m selected / 2.50 m final and passes with monotonic goal-distance reduction. Kinematics is evaluated on 5 unique label waypoint(s), excluding consecutive duplicate terminal holds, and checks only that the trajectory stays within the configured bounds speed <= 15.00 m/s and acceleration <= 8.00 m/s^2, so kinematics passes. Goal is not reached within this label waypoint window. Safety passes: minimum clearance 1.63 m against manifest obstacles with 0 violating segment(s).""}",-1.701396,23.499999499999998,-2.5,-1.701396,23.999999499999998,-2.5,-1.701396,24.499999499999998,-2.5,-1.701396,24.999999499999998,-2.5,-1.701396,25.499999499999998,-2.5
1773795570.074942589,1773795570.074942589,0.000,offline_ground_truth_window,"Environment section (T(v)):
- Current position NED is (-1.66, 23.25, -2.50) m.
- Current velocity is (-0.03, 0.08, 0.00) m/s (speed 0.09 m/s).
- Goal position NED is (-1.70, 28.50, -2.50) m.
- Output contract: predict exactly 5 waypoint x/y pairs in NED. The planner will set every waypoint z to goal z = -2.50 m before execution.
- Goal delta from current state is (-0.04, 5.25, -0.00) m with distance 5.25 m.
- Obstacle pipeline: depth_camera_to_body_to_ned_current_frame.
- Current depth frame obstacle points projected into NED: 111. Nearest depth obstacle in NED is at (-0.20, 20.71, -2.53) m, relative vector (1.47, -2.54, -0.04) m, distance 2.93 m.
- Depth validity fraction is 0.74. Global nearest obstacle distance is 2.26 m.
- Sector minimum distances [far_left, left, center, right, far_right] are [4.94, 4.94, 4.93, 4.93, 2.26] m.
- Nearest obstacle sector is far_right at 2.26 m and clearance status is caution.
- Lateral planning hint: left side is clearer.","{""waypoints"":[{""x"":-1.701396,""y"":23.999999499999998},{""x"":-1.701396,""y"":24.499999499999998},{""x"":-1.701396,""y"":24.999999499999998},{""x"":-1.701396,""y"":25.499999499999998},{""x"":-1.701396,""y"":25.999999499999998}],""reasoning"":""Selected waypoint 0 moves the reference anchor from 5.00 m to 4.50 m from goal immediately and to 2.50 m by the final waypoint, so progress is 0.50 m selected / 2.50 m final and passes with monotonic goal-distance reduction. Kinematics is evaluated on 5 unique label waypoint(s), excluding consecutive duplicate terminal holds, and checks only that the trajectory stays within the configured bounds speed <= 15.00 m/s and acceleration <= 8.00 m/s^2, so kinematics passes. Goal is not reached within this label waypoint window. Safety passes: minimum clearance 1.76 m against manifest obstacles with 0 violating segment(s).""}",-1.701396,23.999999499999998,-2.5,-1.701396,24.499999499999998,-2.5,-1.701396,24.999999499999998,-2.5,-1.701396,25.499999499999998,-2.5,-1.701396,25.999999499999998,-2.5
1773795575.187297583,1773795575.187297583,0.000,offline_ground_truth_window,"Environment section (T(v)):
- Current position NED is (-1.69, 23.75, -2.48) m.
- Current velocity is (-0.01, 0.10, -0.00) m/s (speed 0.10 m/s).
- Goal position NED is (-1.70, 28.50, -2.50) m.
- Output contract: predict exactly 5 waypoint x/y pairs in NED. The planner will set every waypoint z to goal z = -2.50 m before execution.
- Goal delta from current state is (-0.01, 4.75, -0.02) m with distance 4.75 m.
- Obstacle pipeline: depth_camera_to_body_to_ned_current_frame.
- Current depth frame obstacle points projected into NED: 117. Nearest depth obstacle in NED is at (-0.20, 21.43, -2.51) m, relative vector (1.50, -2.33, -0.03) m, distance 2.76 m.
- Depth validity fraction is 0.73. Global nearest obstacle distance is 2.19 m.
- Sector minimum distances [far_left, left, center, right, far_right] are [4.97, 4.97, 4.97, 4.97, 2.19] m.
- Nearest obstacle sector is far_right at 2.19 m and clearance status is caution.
- Lateral planning hint: left side is clearer.","{""waypoints"":[{""x"":-1.701396,""y"":24.499999499999998},{""x"":-1.701396,""y"":24.999999499999998},{""x"":-1.701396,""y"":25.499999499999998},{""x"":-1.701396,""y"":25.999999499999998},{""x"":-1.701396,""y"":26.499999499999998}],""reasoning"":""Selected waypoint 0 moves the reference anchor from 4.50 m to 4.00 m from goal immediately and to 2.00 m by the final waypoint, so progress is 0.50 m selected / 2.50 m final and passes with monotonic goal-distance reduction. Kinematics is evaluated on 5 unique label waypoint(s), excluding consecutive duplicate terminal holds, and checks only that the trajectory stays within the configured bounds speed <= 15.00 m/s and acceleration <= 8.00 m/s^2, so kinematics passes. Goal is not reached within this label waypoint window. Safety passes: minimum clearance 1.99 m against manifest obstacles with 0 violating segment(s).""}",-1.701396,24.499999499999998,-2.5,-1.701396,24.999999499999998,-2.5,-1.701396,25.499999499999998,-2.5,-1.701396,25.999999499999998,-2.5,-1.701396,26.499999499999998,-2.5
1773795581.340628147,1773795581.340628147,0.000,offline_ground_truth_window,"Environment section (T(v)):
- Current position NED is (-1.70, 24.25, -2.47) m.
- Current velocity is (0.00, 0.07, -0.01) m/s (speed 0.07 m/s).
- Goal position NED is (-1.70, 28.50, -2.50) m.
- Output contract: predict exactly 5 waypoint x/y pairs in NED. The planner will set every waypoint z to goal z = -2.50 m before execution.
- Goal delta from current state is (-0.00, 4.25, -0.03) m with distance 4.25 m.
- Obstacle pipeline: depth_camera_to_body_to_ned_current_frame.
- Current depth frame obstacle points projected into NED: 105. Nearest depth obstacle in NED is at (0.16, 22.20, -2.49) m, relative vector (1.86, -2.05, -0.02) m, distance 2.77 m.
- Depth validity fraction is 0.73. Global nearest obstacle distance is 2.42 m.
- Sector minimum distances [far_left, left, center, right, far_right] are [4.98, 4.98, 4.98, 2.43, 2.42] m.
- Nearest obstacle sector is far_right at 2.42 m and clearance status is caution.
- Lateral planning hint: left side is clearer.","{""waypoints"":[{""x"":-1.701396,""y"":24.999999499999998},{""x"":-1.701396,""y"":25.499999499999998},{""x"":-1.701396,""y"":25.999999499999998},{""x"":-1.701396,""y"":26.499999499999998},{""x"":-1.701396,""y"":26.999999499999998}],""reasoning"":""Selected waypoint 0 moves the reference anchor from 4.00 m to 3.50 m from goal immediately and to 1.50 m by the final waypoint, so progress is 0.50 m selected / 2.50 m final and passes with monotonic goal-distance reduction. Kinematics is evaluated on 5 unique label waypoint(s), excluding consecutive duplicate terminal holds, and checks only that the trajectory stays within the configured bounds speed <= 15.00 m/s and acceleration <= 8.00 m/s^2, so kinematics passes. Goal is not reached within this label waypoint window. Safety passes: minimum clearance 2.29 m against manifest obstacles with 0 violating segment(s).""}",-1.701396,24.999999499999998,-2.5,-1.701396,25.499999499999998,-2.5,-1.701396,25.999999499999998,-2.5,-1.701396,26.499999499999998,-2.5,-1.701396,26.999999499999998,-2.5
1773795586.797919512,1773795586.797919512,0.000,offline_ground_truth_window,"Environment section (T(v)):
- Current position NED is (-1.68, 24.75, -2.49) m.
- Current velocity is (-0.00, 0.09, 0.00) m/s (speed 0.09 m/s).
- Goal position NED is (-1.70, 28.50, -2.50) m.
- Output contract: predict exactly 5 waypoint x/y pairs in NED. The planner will set every waypoint z to goal z = -2.50 m before execution.
- Goal delta from current state is (-0.02, 3.75, -0.01) m with distance 3.75 m.
- Obstacle pipeline: depth_camera_to_body_to_ned_current_frame.
- Current depth frame obstacle points projected into NED: 117. Nearest depth obstacle in NED is at (0.57, 22.98, -2.62) m, relative vector (2.25, -1.77, -0.13) m, distance 2.87 m.
- Depth validity fraction is 0.73. Global nearest obstacle distance is 2.66 m.
- Sector minimum distances [far_left, left, center, right, far_right] are [5.03, 5.03, 2.79, 2.66, 5.02] m.
- Nearest obstacle sector is right at 2.66 m and clearance status is caution.
- Lateral planning hint: left side is clearer.","{""waypoints"":[{""x"":-1.701396,""y"":25.499999499999998},{""x"":-1.701396,""y"":25.999999499999998},{""x"":-1.701396,""y"":26.499999499999998},{""x"":-1.701396,""y"":26.999999499999998},{""x"":-1.701396,""y"":27.499999499999998}],""reasoning"":""Selected waypoint 0 moves the reference anchor from 3.50 m to 3.00 m from goal immediately and to 1.00 m by the final waypoint, so progress is 0.50 m selected / 2.50 m final and passes with monotonic goal-distance reduction. Kinematics is evaluated on 5 unique label waypoint(s), excluding consecutive duplicate terminal holds, and checks only that the trajectory stays within the configured bounds speed <= 15.00 m/s and acceleration <= 8.00 m/s^2, so kinematics passes. Goal is not reached within this label waypoint window. Safety passes: minimum clearance 2.65 m against manifest obstacles with 0 violating segment(s).""}",-1.701396,25.499999499999998,-2.5,-1.701396,25.999999499999998,-2.5,-1.701396,26.499999499999998,-2.5,-1.701396,26.999999499999998,-2.5,-1.701396,27.499999499999998,-2.5
1773795590.947276831,1773795590.947276831,0.000,offline_ground_truth_window,"Environment section (T(v)):
- Current position NED is (-1.69, 25.25, -2.50) m.
- Current velocity is (-0.01, 0.11, 0.01) m/s (speed 0.11 m/s).
- Goal position NED is (-1.70, 28.50, -2.50) m.
- Output contract: predict exactly 5 waypoint x/y pairs in NED. The planner will set every waypoint z to goal z = -2.50 m before execution.
- Goal delta from current state is (-0.02, 3.25, 0.00) m with distance 3.25 m.
- Obstacle pipeline: depth_camera_to_body_to_ned_current_frame.
- Current depth frame obstacle points projected into NED: 101. Nearest depth obstacle in NED is at (0.88, 23.64, -2.38) m, relative vector (2.57, -1.61, 0.13) m, distance 3.03 m.
- Depth validity fraction is 0.73. Global nearest obstacle distance is 2.88 m.
- Sector minimum distances [far_left, left, center, right, far_right] are [5.05, 5.05, 2.88, 2.92, 5.04] m.
- Nearest obstacle sector is center at 2.88 m and clearance status is caution.
- Lateral planning hint: left side is clearer.","{""waypoints"":[{""x"":-1.701396,""y"":25.999999499999998},{""x"":-1.701396,""y"":26.499999499999998},{""x"":-1.701396,""y"":26.999999499999998},{""x"":-1.701396,""y"":27.499999499999998},{""x"":-1.701396,""y"":27.999999499999998}],""reasoning"":""Selected waypoint 0 moves the reference anchor from 3.00 m to 2.50 m from goal immediately and to 0.50 m by the final waypoint, so progress is 0.50 m selected / 2.50 m final and passes with monotonic goal-distance reduction. Kinematics is evaluated on 5 unique label waypoint(s), excluding consecutive duplicate terminal holds, and checks only that the trajectory stays within the configured bounds speed <= 15.00 m/s and acceleration <= 8.00 m/s^2, so kinematics passes. Goal is not reached within this label waypoint window. Safety passes: minimum clearance 3.05 m against manifest obstacles with 0 violating segment(s).""}",-1.701396,25.999999499999998,-2.5,-1.701396,26.499999499999998,-2.5,-1.701396,26.999999499999998,-2.5,-1.701396,27.499999499999998,-2.5,-1.701396,27.999999499999998,-2.5
1773795596.257696152,1773795596.257696152,0.000,offline_ground_truth_window,"Environment section (T(v)):
- Current position NED is (-1.68, 25.75, -2.50) m.
- Current velocity is (0.01, 0.08, 0.00) m/s (speed 0.08 m/s).
- Goal position NED is (-1.70, 28.50, -2.50) m.
- Output contract: predict exactly 5 waypoint x/y pairs in NED. The planner will set every waypoint z to goal z = -2.50 m before execution.
- Goal delta from current state is (-0.02, 2.75, 0.00) m with distance 2.75 m.
- Obstacle pipeline: depth_camera_to_body_to_ned_current_frame.
- Current depth frame obstacle points projected into NED: 111. Nearest depth obstacle in NED is at (1.28, 24.43, -2.55) m, relative vector (2.96, -1.32, -0.05) m, distance 3.25 m.
- Depth validity fraction is 0.73. Global nearest obstacle distance is 3.11 m.
- Sector minimum distances [far_left, left, center, right, far_right] are [5.01, 3.35, 3.11, 5.03, 5.03] m.
- Nearest obstacle sector is center at 3.11 m and clearance status is clear.
- Lateral planning hint: right side is clearer.","{""waypoints"":[{""x"":-1.701396,""y"":26.499999499999998},{""x"":-1.701396,""y"":26.999999499999998},{""x"":-1.701396,""y"":27.499999499999998},{""x"":-1.701396,""y"":27.999999499999998},{""x"":-1.701396,""y"":28.499999499999998}],""reasoning"":""Selected waypoint 0 moves the reference anchor from 2.50 m to 2.00 m from goal immediately and to 0.00 m by the final waypoint, so progress is 0.50 m selected / 2.50 m final and passes with monotonic goal-distance reduction. Kinematics is evaluated on 5 unique label waypoint(s), excluding consecutive duplicate terminal holds, and checks only that the trajectory stays within the configured bounds speed <= 15.00 m/s and acceleration <= 8.00 m/s^2, so kinematics passes. Goal will be reached in 5 waypoint(s) within 0.35 m tolerance. Safety passes: minimum clearance 3.11 m against manifest obstacles with 0 violating segment(s).""}",-1.701396,26.499999499999998,-2.5,-1.701396,26.999999499999998,-2.5,-1.701396,27.499999499999998,-2.5,-1.701396,27.999999499999998,-2.5,-1.701396,28.499999499999998,-2.5
1773795602.209825993,1773795602.209825993,0.000,offline_ground_truth_window,"Environment section (T(v)):
- Current position NED is (-1.66, 26.25, -2.49) m.
- Current velocity is (0.00, 0.08, 0.00) m/s (speed 0.08 m/s).
- Goal position NED is (-1.70, 28.50, -2.50) m.
- Output contract: predict exactly 5 waypoint x/y pairs in NED. The planner will set every waypoint z to goal z = -2.50 m before execution.
- Goal delta from current state is (-0.04, 2.25, -0.01) m with distance 2.25 m.
- Obstacle pipeline: depth_camera_to_body_to_ned_current_frame.
- Current depth frame obstacle points projected into NED: 120. Nearest depth obstacle in NED is at (1.73, 25.17, -2.40) m, relative vector (3.39, -1.08, 0.10) m, distance 3.56 m.
- Depth validity fraction is 0.73. Global nearest obstacle distance is 3.38 m.
- Sector minimum distances [far_left, left, center, right, far_right] are [5.00, 3.38, 3.39, 5.03, 5.04] m.
- Nearest obstacle sector is left at 3.38 m and clearance status is clear.
- Lateral planning hint: right side is clearer.","{""waypoints"":[{""x"":-1.701396,""y"":28.499999499999998},{""x"":-1.701396,""y"":28.499999499999998},{""x"":-1.701396,""y"":28.499999499999998},{""x"":-1.701396,""y"":28.499999499999998},{""x"":-1.701396,""y"":28.499999499999998}],""reasoning"":""Selected waypoint 0 moves the reference anchor from 2.00 m to 0.00 m from goal immediately and to 0.00 m by the final waypoint, so progress is 2.00 m selected / 2.00 m final and passes with monotonic goal-distance reduction. Kinematics is evaluated on 1 unique label waypoint(s), excluding consecutive duplicate terminal holds, and checks only that the trajectory stays within the configured bounds speed <= 15.00 m/s and acceleration <= 8.00 m/s^2, so kinematics passes. Goal will be reached in 1 waypoint(s) within 0.35 m tolerance. Safety passes: minimum clearance 3.11 m against manifest obstacles with 0 violating segment(s).""}",-1.701396,28.499999499999998,-2.5,-1.701396,28.499999499999998,-2.5,-1.701396,28.499999499999998,-2.5,-1.701396,28.499999499999998,-2.5,-1.701396,28.499999499999998,-2.5
1773795607.856190681,1773795607.856190681,0.000,offline_ground_truth_window,"Environment section (T(v)):
- Current position NED is (-1.74, 26.75, -2.50) m.
- Current velocity is (0.01, 0.09, 0.00) m/s (speed 0.09 m/s).
- Goal position NED is (-1.70, 28.50, -2.50) m.
- Output contract: predict exactly 5 waypoint x/y pairs in NED. The planner will set every waypoint z to goal z = -2.50 m before execution.
- Goal delta from current state is (0.04, 1.75, -0.00) m with distance 1.75 m.
- Obstacle pipeline: depth_camera_to_body_to_ned_current_frame.
- Current depth frame obstacle points projected into NED: 114. Nearest depth obstacle in NED is at (2.06, 25.79, -2.29) m, relative vector (3.80, -0.96, 0.21) m, distance 3.92 m.
- Depth validity fraction is 0.73. Global nearest obstacle distance is 3.66 m.
- Sector minimum distances [far_left, left, center, right, far_right] are [4.95, 3.66, 4.96, 4.97, 4.97] m.
- Nearest obstacle sector is left at 3.66 m and clearance status is clear.
- Lateral planning hint: right side is clearer.","{""waypoints"":[{""x"":-1.701396,""y"":28.499999499999998},{""x"":-1.701396,""y"":28.499999499999998},{""x"":-1.701396,""y"":28.499999499999998},{""x"":-1.701396,""y"":28.499999499999998},{""x"":-1.701396,""y"":28.499999499999998}],""reasoning"":""Selected waypoint 0 moves the reference anchor from 1.50 m to 0.00 m from goal immediately and to 0.00 m by the final waypoint, so progress is 1.50 m selected / 1.50 m final and passes with monotonic goal-distance reduction. Kinematics is evaluated on 1 unique label waypoint(s), excluding consecutive duplicate terminal holds, and checks only that the trajectory stays within the configured bounds speed <= 15.00 m/s and acceleration <= 8.00 m/s^2, so kinematics passes. Goal will be reached in 1 waypoint(s) within 0.35 m tolerance. Safety passes: minimum clearance 3.11 m against manifest obstacles with 0 violating segment(s).""}",-1.701396,28.499999499999998,-2.5,-1.701396,28.499999499999998,-2.5,-1.701396,28.499999499999998,-2.5,-1.701396,28.499999499999998,-2.5,-1.701396,28.499999499999998,-2.5
1773795612.891021013,1773795612.891021013,0.000,offline_ground_truth_window,"Environment section (T(v)):
- Current position NED is (-1.66, 27.25, -2.50) m.
- Current velocity is (-0.01, 0.08, 0.00) m/s (speed 0.08 m/s).
- Goal position NED is (-1.70, 28.50, -2.50) m.
- Output contract: predict exactly 5 waypoint x/y pairs in NED. The planner will set every waypoint z to goal z = -2.50 m before execution.
- Goal delta from current state is (-0.05, 1.25, -0.00) m with distance 1.25 m.
- Obstacle pipeline: depth_camera_to_body_to_ned_current_frame.
- Current depth frame obstacle points projected into NED: 118. Nearest depth obstacle in NED is at (2.52, 26.62, -2.51) m, relative vector (4.18, -0.63, -0.02) m, distance 4.23 m.
- Depth validity fraction is 0.73. Global nearest obstacle distance is 3.86 m.
- Sector minimum distances [far_left, left, center, right, far_right] are [4.97, 3.86, 4.99, 4.99, 5.00] m.
- Nearest obstacle sector is left at 3.86 m and clearance status is clear.
- Lateral planning hint: right side is clearer.","{""waypoints"":[{""x"":-1.701396,""y"":28.499999499999998},{""x"":-1.701396,""y"":28.499999499999998},{""x"":-1.701396,""y"":28.499999499999998},{""x"":-1.701396,""y"":28.499999499999998},{""x"":-1.701396,""y"":28.499999499999998}],""reasoning"":""Selected waypoint 0 moves the reference anchor from 1.00 m to 0.00 m from goal immediately and to 0.00 m by the final waypoint, so progress is 1.00 m selected / 1.00 m final and passes with monotonic goal-distance reduction. Kinematics is evaluated on 1 unique label waypoint(s), excluding consecutive duplicate terminal holds, and checks only that the trajectory stays within the configured bounds speed <= 15.00 m/s and acceleration <= 8.00 m/s^2, so kinematics passes. Goal will be reached in 1 waypoint(s) within 0.35 m tolerance. Safety passes: minimum clearance 3.11 m against manifest obstacles with 0 violating segment(s).""}",-1.701396,28.499999499999998,-2.5,-1.701396,28.499999499999998,-2.5,-1.701396,28.499999499999998,-2.5,-1.701396,28.499999499999998,-2.5,-1.701396,28.499999499999998,-2.5
1773795618.171221256,1773795618.171221256,0.000,offline_ground_truth_window,"Environment section (T(v)):
- Current position NED is (-1.68, 27.75, -2.49) m.
- Current velocity is (-0.01, 0.09, 0.00) m/s (speed 0.09 m/s).
- Goal position NED is (-1.70, 28.50, -2.50) m.
- Output contract: predict exactly 5 waypoint x/y pairs in NED. The planner will set every waypoint z to goal z = -2.50 m before execution.
- Goal delta from current state is (-0.03, 0.75, -0.01) m with distance 0.75 m.
- Obstacle pipeline: depth_camera_to_body_to_ned_current_frame.
- Current depth frame obstacle points projected into NED: 116. Nearest depth obstacle in NED is at (2.91, 27.27, -2.25) m, relative vector (4.59, -0.49, 0.24) m, distance 4.62 m.
- Depth validity fraction is 0.73. Global nearest obstacle distance is 4.12 m.
- Sector minimum distances [far_left, left, center, right, far_right] are [4.12, 4.12, 4.98, 4.98, 4.98] m.
- Nearest obstacle sector is far_left at 4.12 m and clearance status is clear.
- Lateral planning hint: right side is clearer.","{""waypoints"":[{""x"":-1.701396,""y"":28.499999499999998},{""x"":-1.701396,""y"":28.499999499999998},{""x"":-1.701396,""y"":28.499999499999998},{""x"":-1.701396,""y"":28.499999499999998},{""x"":-1.701396,""y"":28.499999499999998}],""reasoning"":""Selected waypoint 0 moves the reference anchor from 0.50 m to 0.00 m from goal immediately and to 0.00 m by the final waypoint, so progress is 0.50 m selected / 0.50 m final and passes with monotonic goal-distance reduction. Kinematics is evaluated on 1 unique label waypoint(s), excluding consecutive duplicate terminal holds, and checks only that the trajectory stays within the configured bounds speed <= 15.00 m/s and acceleration <= 8.00 m/s^2, so kinematics passes. Goal will be reached in 1 waypoint(s) within 0.35 m tolerance. Safety passes: minimum clearance 3.11 m against manifest obstacles with 0 violating segment(s).""}",-1.701396,28.499999499999998,-2.5,-1.701396,28.499999499999998,-2.5,-1.701396,28.499999499999998,-2.5,-1.701396,28.499999499999998,-2.5,-1.701396,28.499999499999998,-2.5
1773795623.230119228,1773795623.230119228,0.000,offline_ground_truth_window,"Environment section (T(v)):
- Current position NED is (-1.71, 28.25, -2.47) m.
- Current velocity is (-0.01, 0.08, -0.01) m/s (speed 0.08 m/s).
- Goal position NED is (-1.70, 28.50, -2.50) m.
- Output contract: predict exactly 5 waypoint x/y pairs in NED. The planner will set every waypoint z to goal z = -2.50 m before execution.
- Goal delta from current state is (0.01, 0.25, -0.03) m with distance 0.25 m.
- Obstacle pipeline: depth_camera_to_body_to_ned_current_frame.
- Current depth frame obstacle points projected into NED: 131. Nearest depth obstacle in NED is at (3.35, 27.86, -2.53) m, relative vector (5.06, -0.40, -0.06) m, distance 5.07 m.
- Depth validity fraction is 0.73. Global nearest obstacle distance is 4.16 m.
- Sector minimum distances [far_left, left, center, right, far_right] are [4.41, 4.52, 4.93, 4.93, 4.16] m.
- Nearest obstacle sector is far_right at 4.16 m and clearance status is clear.
- Lateral planning hint: prefer center progress.","{""waypoints"":[{""x"":-1.701396,""y"":28.499999499999998},{""x"":-1.701396,""y"":28.499999499999998},{""x"":-1.701396,""y"":28.499999499999998},{""x"":-1.701396,""y"":28.499999499999998},{""x"":-1.701396,""y"":28.499999499999998}],""reasoning"":""Selected waypoint 0 moves the reference anchor from 0.00 m to 0.00 m from goal immediately and to 0.00 m by the final waypoint, so progress is 0.00 m selected / 0.00 m final and fails with monotonic goal-distance reduction. Kinematics is evaluated on 1 unique label waypoint(s), excluding consecutive duplicate terminal holds, and checks only that the trajectory stays within the configured bounds speed <= 15.00 m/s and acceleration <= 8.00 m/s^2, so kinematics passes. Goal has already been reached at the reference anchor within 0.35 m tolerance. Safety passes: minimum clearance 3.11 m against manifest obstacles with 0 violating segment(s).""}",-1.701396,28.499999499999998,-2.5,-1.701396,28.499999499999998,-2.5,-1.701396,28.499999499999998,-2.5,-1.701396,28.499999499999998,-2.5,-1.701396,28.499999499999998,-2.5
