anchor_stamp_s,scene_stamp_s,sync_dt_ms,label_mode,prompt,label_waypoints_json,wp0_x,wp0_y,wp0_z,wp1_x,wp1_y,wp1_z,wp2_x,wp2_y,wp2_z,wp3_x,wp3_y,wp3_z,wp4_x,wp4_y,wp4_z
1773834954.948934317,1773834954.948934317,0.000,offline_ground_truth_window,"Environment section (T(v)):
- Current position NED is (0.00, 0.01, -2.69) m.
- Current velocity is (0.00, 0.01, 0.00) m/s (speed 0.01 m/s).
- Goal position NED is (-5.55, 28.75, -2.50) m.
- Output contract: predict exactly 5 waypoint x/y pairs in NED. The planner will set every waypoint z to goal z = -2.50 m before execution.
- Goal delta from current state is (-5.55, 28.74, 0.19) m with distance 29.27 m.
- Obstacle pipeline: depth_camera_to_body_to_ned_current_frame.
- Current depth frame obstacle points projected into NED: 9. Nearest depth obstacle in NED is at (0.92, 7.91, -2.78) m, relative vector (0.91, 7.90, -0.10) m, distance 7.95 m.
- Depth validity fraction is 0.55. Global nearest obstacle distance is 5.31 m.
- Sector minimum distances [far_left, left, center, right, far_right] are [5.31, 5.31, 5.31, 5.31, 5.31] m.
- Nearest obstacle sector is far_left at 5.31 m and clearance status is clear.
- Lateral planning hint: prefer center progress.","{""waypoints"":[{""x"":-0.22207800000000066,""y"":0.46249949999999984},{""x"":-0.39707800000000093,""y"":0.9249995},{""x"":-0.5720780000000008,""y"":1.3874995},{""x"":-0.747078000000001,""y"":1.8499995},{""x"":-0.9220780000000008,""y"":2.3124995}],""reasoning"":""Selected waypoint 0 moves the reference anchor from 29.27 m to 28.78 m from goal immediately and to 26.84 m by the final waypoint, so progress is 0.49 m selected / 2.43 m final and passes with monotonic goal-distance reduction. Kinematics is evaluated on 5 unique label waypoint(s), excluding consecutive duplicate terminal holds, and checks only that the trajectory stays within the configured bounds speed <= 15.00 m/s and acceleration <= 8.00 m/s^2, so kinematics passes. Goal is not reached within this label waypoint window. Safety passes: minimum clearance 2.27 m against manifest obstacles with 0 violating segment(s).""}",-0.22207800000000066,0.46249949999999984,-2.5,-0.39707800000000093,0.9249995,-2.5,-0.5720780000000008,1.3874995,-2.5,-0.747078000000001,1.8499995,-2.5,-0.9220780000000008,2.3124995,-2.5
1773834960.478557825,1773834960.478557825,0.000,offline_ground_truth_window,"Environment section (T(v)):
- Current position NED is (-0.10, 0.25, -2.64) m.
- Current velocity is (-0.03, 0.05, 0.04) m/s (speed 0.07 m/s).
- Goal position NED is (-5.55, 28.75, -2.50) m.
- Output contract: predict exactly 5 waypoint x/y pairs in NED. The planner will set every waypoint z to goal z = -2.50 m before execution.
- Goal delta from current state is (-5.44, 28.50, 0.14) m with distance 29.02 m.
- Obstacle pipeline: depth_camera_to_body_to_ned_current_frame.
- Current depth frame obstacle points projected into NED: 5. Nearest depth obstacle in NED is at (0.57, 7.91, -2.62) m, relative vector (0.68, 7.67, 0.02) m, distance 7.70 m.
- Depth validity fraction is 0.56. Global nearest obstacle distance is 5.18 m.
- Sector minimum distances [far_left, left, center, right, far_right] are [5.20, 5.19, 5.19, 5.18, 5.18] m.
- Nearest obstacle sector is far_right at 5.18 m and clearance status is clear.
- Lateral planning hint: prefer center progress.","{""waypoints"":[{""x"":-0.39707800000000093,""y"":0.9249995},{""x"":-0.5720780000000008,""y"":1.3874995},{""x"":-0.747078000000001,""y"":1.8499995},{""x"":-0.9220780000000008,""y"":2.3124995},{""x"":-1.0970780000000007,""y"":2.7749995}],""reasoning"":""Selected waypoint 0 moves the reference anchor from 28.78 m to 28.30 m from goal immediately and to 26.35 m by the final waypoint, so progress is 0.49 m selected / 2.43 m final and passes with monotonic goal-distance reduction. Kinematics is evaluated on 5 unique label waypoint(s), excluding consecutive duplicate terminal holds, and checks only that the trajectory stays within the configured bounds speed <= 15.00 m/s and acceleration <= 8.00 m/s^2, so kinematics passes. Goal is not reached within this label waypoint window. Safety passes: minimum clearance 2.44 m against manifest obstacles with 0 violating segment(s).""}",-0.39707800000000093,0.9249995,-2.5,-0.5720780000000008,1.3874995,-2.5,-0.747078000000001,1.8499995,-2.5,-0.9220780000000008,2.3124995,-2.5,-1.0970780000000007,2.7749995,-2.5
1773834965.297640324,1773834965.297640324,0.000,offline_ground_truth_window,"Environment section (T(v)):
- Current position NED is (-0.31, 0.69, -2.60) m.
- Current velocity is (-0.04, 0.09, 0.04) m/s (speed 0.10 m/s).
- Goal position NED is (-5.55, 28.75, -2.50) m.
- Output contract: predict exactly 5 waypoint x/y pairs in NED. The planner will set every waypoint z to goal z = -2.50 m before execution.
- Goal delta from current state is (-5.23, 28.06, 0.10) m with distance 28.54 m.
- Obstacle pipeline: depth_camera_to_body_to_ned_current_frame.
- Current depth frame obstacle points projected into NED: 2. Nearest depth obstacle in NED is at (0.66, 8.11, -2.15) m, relative vector (0.98, 7.42, 0.46) m, distance 7.49 m.
- Depth validity fraction is 0.56. Global nearest obstacle distance is 5.13 m.
- Sector minimum distances [far_left, left, center, right, far_right] are [5.13, 5.13, 5.13, 5.14, 5.14] m.
- Nearest obstacle sector is far_left at 5.13 m and clearance status is clear.
- Lateral planning hint: prefer center progress.","{""waypoints"":[{""x"":-0.5720780000000008,""y"":1.3874995},{""x"":-0.747078000000001,""y"":1.8499995},{""x"":-0.9220780000000008,""y"":2.3124995},{""x"":-1.0970780000000007,""y"":2.7749995},{""x"":-1.2720780000000005,""y"":3.2374994999999998}],""reasoning"":""Selected waypoint 0 moves the reference anchor from 28.30 m to 27.81 m from goal immediately and to 25.87 m by the final waypoint, so progress is 0.49 m selected / 2.43 m final and passes with monotonic goal-distance reduction. Kinematics is evaluated on 5 unique label waypoint(s), excluding consecutive duplicate terminal holds, and checks only that the trajectory stays within the configured bounds speed <= 15.00 m/s and acceleration <= 8.00 m/s^2, so kinematics passes. Goal is not reached within this label waypoint window. Safety passes: minimum clearance 2.62 m against manifest obstacles with 0 violating segment(s).""}",-0.5720780000000008,1.3874995,-2.5,-0.747078000000001,1.8499995,-2.5,-0.9220780000000008,2.3124995,-2.5,-1.0970780000000007,2.7749995,-2.5,-1.2720780000000005,3.2374994999999998,-2.5
1773834972.491181135,1773834972.491181135,0.000,offline_ground_truth_window,"Environment section (T(v)):
- Current position NED is (-0.48, 1.16, -2.56) m.
- Current velocity is (-0.02, 0.07, 0.02) m/s (speed 0.07 m/s).
- Goal position NED is (-5.55, 28.75, -2.50) m.
- Output contract: predict exactly 5 waypoint x/y pairs in NED. The planner will set every waypoint z to goal z = -2.50 m before execution.
- Goal delta from current state is (-5.07, 27.59, 0.06) m with distance 28.05 m.
- Obstacle pipeline: depth_camera_to_body_to_ned_current_frame.
- Current depth frame obstacle points projected into NED: 13. Nearest depth obstacle in NED is at (0.01, 7.86, -2.22) m, relative vector (0.49, 6.69, 0.34) m, distance 6.72 m.
- Depth validity fraction is 0.56. Global nearest obstacle distance is 5.09 m.
- Sector minimum distances [far_left, left, center, right, far_right] are [5.10, 5.10, 5.09, 5.09, 5.09] m.
- Nearest obstacle sector is far_right at 5.09 m and clearance status is clear.
- Lateral planning hint: prefer center progress.","{""waypoints"":[{""x"":-0.747078000000001,""y"":1.8499995},{""x"":-0.9220780000000008,""y"":2.3124995},{""x"":-1.0970780000000007,""y"":2.7749995},{""x"":-1.2720780000000005,""y"":3.2374994999999998},{""x"":-1.4470780000000012,""y"":3.6999995}],""reasoning"":""Selected waypoint 0 moves the reference anchor from 27.81 m to 27.32 m from goal immediately and to 25.38 m by the final waypoint, so progress is 0.49 m selected / 2.43 m final and passes with monotonic goal-distance reduction. Kinematics is evaluated on 5 unique label waypoint(s), excluding consecutive duplicate terminal holds, and checks only that the trajectory stays within the configured bounds speed <= 15.00 m/s and acceleration <= 8.00 m/s^2, so kinematics passes. Goal is not reached within this label waypoint window. Safety passes: minimum clearance 2.79 m against manifest obstacles with 0 violating segment(s).""}",-0.747078000000001,1.8499995,-2.5,-0.9220780000000008,2.3124995,-2.5,-1.0970780000000007,2.7749995,-2.5,-1.2720780000000005,3.2374994999999998,-2.5,-1.4470780000000012,3.6999995,-2.5
1773834979.260646105,1773834979.260646105,0.000,offline_ground_truth_window,"Environment section (T(v)):
- Current position NED is (-0.67, 1.62, -2.57) m.
- Current velocity is (-0.03, 0.06, 0.02) m/s (speed 0.06 m/s).
- Goal position NED is (-5.55, 28.75, -2.50) m.
- Output contract: predict exactly 5 waypoint x/y pairs in NED. The planner will set every waypoint z to goal z = -2.50 m before execution.
- Goal delta from current state is (-4.88, 27.13, 0.07) m with distance 27.57 m.
- Obstacle pipeline: depth_camera_to_body_to_ned_current_frame.
- Current depth frame obstacle points projected into NED: 13. Nearest depth obstacle in NED is at (-0.21, 7.87, -2.63) m, relative vector (0.46, 6.26, -0.06) m, distance 6.27 m.
- Depth validity fraction is 0.57. Global nearest obstacle distance is 5.09 m.
- Sector minimum distances [far_left, left, center, right, far_right] are [5.09, 5.09, 5.09, 5.09, 5.09] m.
- Nearest obstacle sector is far_right at 5.09 m and clearance status is clear.
- Lateral planning hint: prefer center progress.","{""waypoints"":[{""x"":-0.9220780000000008,""y"":2.3124995},{""x"":-1.0970780000000007,""y"":2.7749995},{""x"":-1.2720780000000005,""y"":3.2374994999999998},{""x"":-1.4470780000000012,""y"":3.6999995},{""x"":-1.622078000000001,""y"":4.162499500000001}],""reasoning"":""Selected waypoint 0 moves the reference anchor from 27.32 m to 26.84 m from goal immediately and to 24.90 m by the final waypoint, so progress is 0.49 m selected / 2.43 m final and passes with monotonic goal-distance reduction. Kinematics is evaluated on 5 unique label waypoint(s), excluding consecutive duplicate terminal holds, and checks only that the trajectory stays within the configured bounds speed <= 15.00 m/s and acceleration <= 8.00 m/s^2, so kinematics passes. Goal is not reached within this label waypoint window. Safety passes: minimum clearance 2.97 m against manifest obstacles with 0 violating segment(s).""}",-0.9220780000000008,2.3124995,-2.5,-1.0970780000000007,2.7749995,-2.5,-1.2720780000000005,3.2374994999999998,-2.5,-1.4470780000000012,3.6999995,-2.5,-1.622078000000001,4.162499500000001,-2.5
1773834985.729089975,1773834985.729089975,0.000,offline_ground_truth_window,"Environment section (T(v)):
- Current position NED is (-0.85, 2.08, -2.55) m.
- Current velocity is (-0.03, 0.05, 0.01) m/s (speed 0.06 m/s).
- Goal position NED is (-5.55, 28.75, -2.50) m.
- Output contract: predict exactly 5 waypoint x/y pairs in NED. The planner will set every waypoint z to goal z = -2.50 m before execution.
- Goal delta from current state is (-4.70, 26.67, 0.05) m with distance 27.08 m.
- Obstacle pipeline: depth_camera_to_body_to_ned_current_frame.
- Current depth frame obstacle points projected into NED: 12. Nearest depth obstacle in NED is at (-0.70, 7.86, -2.84) m, relative vector (0.15, 5.78, -0.29) m, distance 5.79 m.
- Depth validity fraction is 0.57. Global nearest obstacle distance is 5.08 m.
- Sector minimum distances [far_left, left, center, right, far_right] are [5.08, 5.09, 5.10, 5.11, 5.12] m.
- Nearest obstacle sector is far_left at 5.08 m and clearance status is clear.
- Lateral planning hint: prefer center progress.","{""waypoints"":[{""x"":-1.0970780000000007,""y"":2.7749995},{""x"":-1.2720780000000005,""y"":3.2374994999999998},{""x"":-1.4470780000000012,""y"":3.6999995},{""x"":-1.622078000000001,""y"":4.162499500000001},{""x"":-1.7970780000000008,""y"":4.6249994999999995}],""reasoning"":""Selected waypoint 0 moves the reference anchor from 26.84 m to 26.35 m from goal immediately and to 24.41 m by the final waypoint, so progress is 0.49 m selected / 2.42 m final and passes with monotonic goal-distance reduction. Kinematics is evaluated on 5 unique label waypoint(s), excluding consecutive duplicate terminal holds, and checks only that the trajectory stays within the configured bounds speed <= 15.00 m/s and acceleration <= 8.00 m/s^2, so kinematics passes. Goal is not reached within this label waypoint window. Safety passes: minimum clearance 3.14 m against manifest obstacles with 0 violating segment(s).""}",-1.0970780000000007,2.7749995,-2.5,-1.2720780000000005,3.2374994999999998,-2.5,-1.4470780000000012,3.6999995,-2.5,-1.622078000000001,4.162499500000001,-2.5,-1.7970780000000008,4.6249994999999995,-2.5
1773834994.290405035,1773834994.290405035,0.000,offline_ground_truth_window,"Environment section (T(v)):
- Current position NED is (-1.02, 2.54, -2.54) m.
- Current velocity is (-0.03, 0.04, 0.01) m/s (speed 0.05 m/s).
- Goal position NED is (-5.55, 28.75, -2.50) m.
- Output contract: predict exactly 5 waypoint x/y pairs in NED. The planner will set every waypoint z to goal z = -2.50 m before execution.
- Goal delta from current state is (-4.53, 26.21, 0.04) m with distance 26.60 m.
- Obstacle pipeline: depth_camera_to_body_to_ned_current_frame.
- Current depth frame obstacle points projected into NED: 18. Nearest depth obstacle in NED is at (-0.97, 7.83, -2.57) m, relative vector (0.04, 5.29, -0.03) m, distance 5.29 m.
- Depth validity fraction is 0.58. Global nearest obstacle distance is 4.97 m.
- Sector minimum distances [far_left, left, center, right, far_right] are [4.97, 4.98, 4.98, 4.99, 4.99] m.
- Nearest obstacle sector is far_left at 4.97 m and clearance status is clear.
- Lateral planning hint: prefer center progress.","{""waypoints"":[{""x"":-1.2720780000000005,""y"":3.2374994999999998},{""x"":-1.4470780000000012,""y"":3.6999995},{""x"":-1.622078000000001,""y"":4.162499500000001},{""x"":-1.7970780000000008,""y"":4.6249994999999995},{""x"":-1.972078000000001,""y"":5.0874995}],""reasoning"":""Selected waypoint 0 moves the reference anchor from 26.35 m to 25.87 m from goal immediately and to 23.93 m by the final waypoint, so progress is 0.49 m selected / 2.42 m final and passes with monotonic goal-distance reduction. Kinematics is evaluated on 5 unique label waypoint(s), excluding consecutive duplicate terminal holds, and checks only that the trajectory stays within the configured bounds speed <= 15.00 m/s and acceleration <= 8.00 m/s^2, so kinematics passes. Goal is not reached within this label waypoint window. Safety passes: minimum clearance 3.32 m against manifest obstacles with 0 violating segment(s).""}",-1.2720780000000005,3.2374994999999998,-2.5,-1.4470780000000012,3.6999995,-2.5,-1.622078000000001,4.162499500000001,-2.5,-1.7970780000000008,4.6249994999999995,-2.5,-1.972078000000001,5.0874995,-2.5
1773835001.113154411,1773835001.113154411,0.000,offline_ground_truth_window,"Environment section (T(v)):
- Current position NED is (-1.19, 3.00, -2.53) m.
- Current velocity is (-0.03, 0.06, 0.01) m/s (speed 0.06 m/s).
- Goal position NED is (-5.55, 28.75, -2.50) m.
- Output contract: predict exactly 5 waypoint x/y pairs in NED. The planner will set every waypoint z to goal z = -2.50 m before execution.
- Goal delta from current state is (-4.35, 25.75, 0.03) m with distance 26.11 m.
- Obstacle pipeline: depth_camera_to_body_to_ned_current_frame.
- Current depth frame obstacle points projected into NED: 20. Nearest depth obstacle in NED is at (-1.18, 7.78, -2.46) m, relative vector (0.01, 4.77, 0.07) m, distance 4.77 m.
- Depth validity fraction is 0.57. Global nearest obstacle distance is 4.60 m.
- Sector minimum distances [far_left, left, center, right, far_right] are [5.06, 5.07, 4.60, 4.62, 5.09] m.
- Nearest obstacle sector is center at 4.60 m and clearance status is clear.
- Lateral planning hint: prefer center progress.","{""waypoints"":[{""x"":-1.4470780000000012,""y"":3.6999995},{""x"":-1.622078000000001,""y"":4.162499500000001},{""x"":-1.7970780000000008,""y"":4.6249994999999995},{""x"":-1.972078000000001,""y"":5.0874995},{""x"":-2.147078000000001,""y"":5.5499995}],""reasoning"":""Selected waypoint 0 moves the reference anchor from 25.87 m to 25.38 m from goal immediately and to 23.45 m by the final waypoint, so progress is 0.48 m selected / 2.42 m final and passes with monotonic goal-distance reduction. Kinematics is evaluated on 5 unique label waypoint(s), excluding consecutive duplicate terminal holds, and checks only that the trajectory stays within the configured bounds speed <= 15.00 m/s and acceleration <= 8.00 m/s^2, so kinematics passes. Goal is not reached within this label waypoint window. Safety passes: minimum clearance 3.43 m against manifest obstacles with 0 violating segment(s).""}",-1.4470780000000012,3.6999995,-2.5,-1.622078000000001,4.162499500000001,-2.5,-1.7970780000000008,4.6249994999999995,-2.5,-1.972078000000001,5.0874995,-2.5,-2.147078000000001,5.5499995,-2.5
1773835008.346747160,1773835008.346747160,0.000,offline_ground_truth_window,"Environment section (T(v)):
- Current position NED is (-1.36, 3.47, -2.58) m.
- Current velocity is (-0.02, 0.07, 0.02) m/s (speed 0.07 m/s).
- Goal position NED is (-5.55, 28.75, -2.50) m.
- Output contract: predict exactly 5 waypoint x/y pairs in NED. The planner will set every waypoint z to goal z = -2.50 m before execution.
- Goal delta from current state is (-4.19, 25.28, 0.08) m with distance 25.62 m.
- Obstacle pipeline: depth_camera_to_body_to_ned_current_frame.
- Current depth frame obstacle points projected into NED: 14. Nearest depth obstacle in NED is at (-1.51, 7.78, -2.40) m, relative vector (-0.15, 4.31, 0.18) m, distance 4.31 m.
- Depth validity fraction is 0.57. Global nearest obstacle distance is 4.15 m.
- Sector minimum distances [far_left, left, center, right, far_right] are [5.06, 5.06, 4.15, 4.19, 5.05] m.
- Nearest obstacle sector is center at 4.15 m and clearance status is clear.
- Lateral planning hint: left side is clearer.","{""waypoints"":[{""x"":-1.622078000000001,""y"":4.162499500000001},{""x"":-1.7970780000000008,""y"":4.6249994999999995},{""x"":-1.972078000000001,""y"":5.0874995},{""x"":-2.147078000000001,""y"":5.5499995},{""x"":-2.3220780000000008,""y"":6.0124995000000006}],""reasoning"":""Selected waypoint 0 moves the reference anchor from 25.38 m to 24.90 m from goal immediately and to 22.97 m by the final waypoint, so progress is 0.48 m selected / 2.42 m final and passes with monotonic goal-distance reduction. Kinematics is evaluated on 5 unique label waypoint(s), excluding consecutive duplicate terminal holds, and checks only that the trajectory stays within the configured bounds speed <= 15.00 m/s and acceleration <= 8.00 m/s^2, so kinematics passes. Goal is not reached within this label waypoint window. Safety passes: minimum clearance 3.10 m against manifest obstacles with 0 violating segment(s).""}",-1.622078000000001,4.162499500000001,-2.5,-1.7970780000000008,4.6249994999999995,-2.5,-1.972078000000001,5.0874995,-2.5,-2.147078000000001,5.5499995,-2.5,-2.3220780000000008,6.0124995000000006,-2.5
1773835016.140705347,1773835016.140705347,0.000,offline_ground_truth_window,"Environment section (T(v)):
- Current position NED is (-1.53, 3.94, -2.53) m.
- Current velocity is (-0.03, 0.06, 0.01) m/s (speed 0.07 m/s).
- Goal position NED is (-5.55, 28.75, -2.50) m.
- Output contract: predict exactly 5 waypoint x/y pairs in NED. The planner will set every waypoint z to goal z = -2.50 m before execution.
- Goal delta from current state is (-4.02, 24.81, 0.03) m with distance 25.13 m.
- Obstacle pipeline: depth_camera_to_body_to_ned_current_frame.
- Current depth frame obstacle points projected into NED: 25. Nearest depth obstacle in NED is at (-1.79, 7.75, -2.67) m, relative vector (-0.26, 3.81, -0.14) m, distance 3.82 m.
- Depth validity fraction is 0.58. Global nearest obstacle distance is 3.67 m.
- Sector minimum distances [far_left, left, center, right, far_right] are [5.01, 5.01, 3.67, 3.83, 5.01] m.
- Nearest obstacle sector is center at 3.67 m and clearance status is clear.
- Lateral planning hint: left side is clearer.","{""waypoints"":[{""x"":-1.7970780000000008,""y"":4.6249994999999995},{""x"":-1.972078000000001,""y"":5.0874995},{""x"":-2.147078000000001,""y"":5.5499995},{""x"":-2.3220780000000008,""y"":6.0124995000000006},{""x"":-2.4970780000000006,""y"":6.474999499999999}],""reasoning"":""Selected waypoint 0 moves the reference anchor from 24.90 m to 24.41 m from goal immediately and to 22.48 m by the final waypoint, so progress is 0.48 m selected / 2.42 m final and passes with monotonic goal-distance reduction. Kinematics is evaluated on 5 unique label waypoint(s), excluding consecutive duplicate terminal holds, and checks only that the trajectory stays within the configured bounds speed <= 15.00 m/s and acceleration <= 8.00 m/s^2, so kinematics passes. Goal is not reached within this label waypoint window. Safety passes: minimum clearance 2.82 m against manifest obstacles with 0 violating segment(s).""}",-1.7970780000000008,4.6249994999999995,-2.5,-1.972078000000001,5.0874995,-2.5,-2.147078000000001,5.5499995,-2.5,-2.3220780000000008,6.0124995000000006,-2.5,-2.4970780000000006,6.474999499999999,-2.5
1773835023.666145563,1773835023.666145563,0.000,offline_ground_truth_window,"Environment section (T(v)):
- Current position NED is (-1.73, 4.39, -2.56) m.
- Current velocity is (-0.02, 0.06, 0.02) m/s (speed 0.07 m/s).
- Goal position NED is (-5.55, 28.75, -2.50) m.
- Output contract: predict exactly 5 waypoint x/y pairs in NED. The planner will set every waypoint z to goal z = -2.50 m before execution.
- Goal delta from current state is (-3.81, 24.36, 0.06) m with distance 24.66 m.
- Obstacle pipeline: depth_camera_to_body_to_ned_current_frame.
- Current depth frame obstacle points projected into NED: 37. Nearest depth obstacle in NED is at (-2.03, 7.74, -2.54) m, relative vector (-0.29, 3.35, 0.02) m, distance 3.37 m.
- Depth validity fraction is 0.59. Global nearest obstacle distance is 3.23 m.
- Sector minimum distances [far_left, left, center, right, far_right] are [4.98, 4.98, 3.23, 4.98, 4.99] m.
- Nearest obstacle sector is center at 3.23 m and clearance status is clear.
- Lateral planning hint: prefer center progress.","{""waypoints"":[{""x"":-1.972078000000001,""y"":5.0874995},{""x"":-2.147078000000001,""y"":5.5499995},{""x"":-2.3220780000000008,""y"":6.0124995000000006},{""x"":-2.4970780000000006,""y"":6.474999499999999},{""x"":-2.672078000000001,""y"":6.9374994999999995}],""reasoning"":""Selected waypoint 0 moves the reference anchor from 24.41 m to 23.93 m from goal immediately and to 22.00 m by the final waypoint, so progress is 0.48 m selected / 2.41 m final and passes with monotonic goal-distance reduction. Kinematics is evaluated on 5 unique label waypoint(s), excluding consecutive duplicate terminal holds, and checks only that the trajectory stays within the configured bounds speed <= 15.00 m/s and acceleration <= 8.00 m/s^2, so kinematics passes. Goal is not reached within this label waypoint window. Safety passes: minimum clearance 2.49 m against manifest obstacles with 0 violating segment(s).""}",-1.972078000000001,5.0874995,-2.5,-2.147078000000001,5.5499995,-2.5,-2.3220780000000008,6.0124995000000006,-2.5,-2.4970780000000006,6.474999499999999,-2.5,-2.672078000000001,6.9374994999999995,-2.5
1773835032.138469219,1773835032.138469219,0.000,offline_ground_truth_window,"Environment section (T(v)):
- Current position NED is (-1.87, 4.86, -2.52) m.
- Current velocity is (-0.04, 0.08, 0.01) m/s (speed 0.09 m/s).
- Goal position NED is (-5.55, 28.75, -2.50) m.
- Output contract: predict exactly 5 waypoint x/y pairs in NED. The planner will set every waypoint z to goal z = -2.50 m before execution.
- Goal delta from current state is (-3.68, 23.89, 0.02) m with distance 24.17 m.
- Obstacle pipeline: depth_camera_to_body_to_ned_current_frame.
- Current depth frame obstacle points projected into NED: 83. Nearest depth obstacle in NED is at (-2.27, 7.72, -2.64) m, relative vector (-0.41, 2.86, -0.12) m, distance 2.89 m.
- Depth validity fraction is 0.61. Global nearest obstacle distance is 2.75 m.
- Sector minimum distances [far_left, left, center, right, far_right] are [4.94, 2.92, 2.75, 4.94, 4.93] m.
- Nearest obstacle sector is center at 2.75 m and clearance status is caution.
- Lateral planning hint: right side is clearer.","{""waypoints"":[{""x"":-2.147078000000001,""y"":5.5499995},{""x"":-2.3220780000000008,""y"":6.0124995000000006},{""x"":-2.4970780000000006,""y"":6.474999499999999},{""x"":-2.672078000000001,""y"":6.9374994999999995},{""x"":-2.847078000000001,""y"":7.3999995}],""reasoning"":""Selected waypoint 0 moves the reference anchor from 23.93 m to 23.45 m from goal immediately and to 21.52 m by the final waypoint, so progress is 0.48 m selected / 2.41 m final and passes with monotonic goal-distance reduction. Kinematics is evaluated on 5 unique label waypoint(s), excluding consecutive duplicate terminal holds, and checks only that the trajectory stays within the configured bounds speed <= 15.00 m/s and acceleration <= 8.00 m/s^2, so kinematics passes. Goal is not reached within this label waypoint window. Safety passes: minimum clearance 2.15 m against manifest obstacles with 0 violating segment(s).""}",-2.147078000000001,5.5499995,-2.5,-2.3220780000000008,6.0124995000000006,-2.5,-2.4970780000000006,6.474999499999999,-2.5,-2.672078000000001,6.9374994999999995,-2.5,-2.847078000000001,7.3999995,-2.5
1773835038.304705381,1773835038.304705381,0.000,offline_ground_truth_window,"Environment section (T(v)):
- Current position NED is (-2.09, 5.31, -2.53) m.
- Current velocity is (-0.03, 0.07, 0.01) m/s (speed 0.08 m/s).
- Goal position NED is (-5.55, 28.75, -2.50) m.
- Output contract: predict exactly 5 waypoint x/y pairs in NED. The planner will set every waypoint z to goal z = -2.50 m before execution.
- Goal delta from current state is (-3.45, 23.44, 0.03) m with distance 23.70 m.
- Obstacle pipeline: depth_camera_to_body_to_ned_current_frame.
- Current depth frame obstacle points projected into NED: 96. Nearest depth obstacle in NED is at (-2.69, 7.71, -2.53) m, relative vector (-0.60, 2.40, 0.00) m, distance 2.48 m.
- Depth validity fraction is 0.63. Global nearest obstacle distance is 2.32 m.
- Sector minimum distances [far_left, left, center, right, far_right] are [4.97, 2.32, 2.32, 5.01, 5.02] m.
- Nearest obstacle sector is center at 2.32 m and clearance status is caution.
- Lateral planning hint: right side is clearer.","{""waypoints"":[{""x"":-2.3220780000000008,""y"":6.0124995000000006},{""x"":-2.4970780000000006,""y"":6.474999499999999},{""x"":-2.672078000000001,""y"":6.9374994999999995},{""x"":-2.847078000000001,""y"":7.3999995},{""x"":-3.022078000000001,""y"":7.8624995}],""reasoning"":""Selected waypoint 0 moves the reference anchor from 23.45 m to 22.97 m from goal immediately and to 21.04 m by the final waypoint, so progress is 0.48 m selected / 2.41 m final and passes with monotonic goal-distance reduction. Kinematics is evaluated on 5 unique label waypoint(s), excluding consecutive duplicate terminal holds, and checks only that the trajectory stays within the configured bounds speed <= 15.00 m/s and acceleration <= 8.00 m/s^2, so kinematics passes. Goal is not reached within this label waypoint window. Safety passes: minimum clearance 1.88 m against manifest obstacles with 0 violating segment(s).""}",-2.3220780000000008,6.0124995000000006,-2.5,-2.4970780000000006,6.474999499999999,-2.5,-2.672078000000001,6.9374994999999995,-2.5,-2.847078000000001,7.3999995,-2.5,-3.022078000000001,7.8624995,-2.5
1773835045.103447914,1773835045.103447914,0.000,offline_ground_truth_window,"Environment section (T(v)):
- Current position NED is (-2.25, 5.78, -2.51) m.
- Current velocity is (-0.03, 0.09, 0.01) m/s (speed 0.09 m/s).
- Goal position NED is (-5.55, 28.75, -2.50) m.
- Output contract: predict exactly 5 waypoint x/y pairs in NED. The planner will set every waypoint z to goal z = -2.50 m before execution.
- Goal delta from current state is (-3.29, 22.97, 0.01) m with distance 23.21 m.
- Obstacle pipeline: depth_camera_to_body_to_ned_current_frame.
- Current depth frame obstacle points projected into NED: 128. Nearest depth obstacle in NED is at (-2.83, 7.66, -2.51) m, relative vector (-0.57, 1.88, -0.00) m, distance 1.97 m.
- Depth validity fraction is 0.67. Global nearest obstacle distance is 1.79 m.
- Sector minimum distances [far_left, left, center, right, far_right] are [4.89, 1.79, 1.82, 4.91, 4.84] m.
- Nearest obstacle sector is left at 1.79 m and clearance status is caution.
- Lateral planning hint: right side is clearer.","{""waypoints"":[{""x"":-2.4970780000000006,""y"":6.474999499999999},{""x"":-2.672078000000001,""y"":6.9374994999999995},{""x"":-2.847078000000001,""y"":7.3999995},{""x"":-3.022078000000001,""y"":7.8624995},{""x"":-3.1970780000000008,""y"":8.3249995}],""reasoning"":""Selected waypoint 0 moves the reference anchor from 22.97 m to 22.48 m from goal immediately and to 20.56 m by the final waypoint, so progress is 0.48 m selected / 2.41 m final and passes with monotonic goal-distance reduction. Kinematics is evaluated on 5 unique label waypoint(s), excluding consecutive duplicate terminal holds, and checks only that the trajectory stays within the configured bounds speed <= 15.00 m/s and acceleration <= 8.00 m/s^2, so kinematics passes. Goal is not reached within this label waypoint window. Safety passes: minimum clearance 1.68 m against manifest obstacles with 0 violating segment(s).""}",-2.4970780000000006,6.474999499999999,-2.5,-2.672078000000001,6.9374994999999995,-2.5,-2.847078000000001,7.3999995,-2.5,-3.022078000000001,7.8624995,-2.5,-3.1970780000000008,8.3249995,-2.5
1773835051.304153919,1773835051.304153919,0.000,offline_ground_truth_window,"Environment section (T(v)):
- Current position NED is (-2.38, 6.26, -2.52) m.
- Current velocity is (-0.04, 0.07, 0.01) m/s (speed 0.08 m/s).
- Goal position NED is (-5.55, 28.75, -2.50) m.
- Output contract: predict exactly 5 waypoint x/y pairs in NED. The planner will set every waypoint z to goal z = -2.50 m before execution.
- Goal delta from current state is (-3.17, 22.49, 0.02) m with distance 22.71 m.
- Obstacle pipeline: depth_camera_to_body_to_ned_current_frame.
- Current depth frame obstacle points projected into NED: 176. Nearest depth obstacle in NED is at (-3.01, 7.64, -2.54) m, relative vector (-0.63, 1.38, -0.02) m, distance 1.52 m.
- Depth validity fraction is 0.72. Global nearest obstacle distance is 1.31 m.
- Sector minimum distances [far_left, left, center, right, far_right] are [1.31, 1.31, 1.47, 5.00, 4.62] m.
- Nearest obstacle sector is left at 1.31 m and clearance status is blocked.
- Lateral planning hint: right side is clearer.","{""waypoints"":[{""x"":-2.672078000000001,""y"":6.9374994999999995},{""x"":-2.847078000000001,""y"":7.3999995},{""x"":-3.022078000000001,""y"":7.8624995},{""x"":-3.1970780000000008,""y"":8.3249995},{""x"":-3.3720780000000006,""y"":8.7874995}],""reasoning"":""Selected waypoint 0 moves the reference anchor from 22.48 m to 22.00 m from goal immediately and to 20.08 m by the final waypoint, so progress is 0.48 m selected / 2.40 m final and passes with monotonic goal-distance reduction. Kinematics is evaluated on 5 unique label waypoint(s), excluding consecutive duplicate terminal holds, and checks only that the trajectory stays within the configured bounds speed <= 15.00 m/s and acceleration <= 8.00 m/s^2, so kinematics passes. Goal is not reached within this label waypoint window. Safety passes: minimum clearance 1.58 m against manifest obstacles with 0 violating segment(s).""}",-2.672078000000001,6.9374994999999995,-2.5,-2.847078000000001,7.3999995,-2.5,-3.022078000000001,7.8624995,-2.5,-3.1970780000000008,8.3249995,-2.5,-3.3720780000000006,8.7874995,-2.5
1773835057.853667974,1773835057.853667974,0.000,offline_ground_truth_window,"Environment section (T(v)):
- Current position NED is (-2.62, 6.69, -2.53) m.
- Current velocity is (-0.03, 0.06, 0.01) m/s (speed 0.07 m/s).
- Goal position NED is (-5.55, 28.75, -2.50) m.
- Output contract: predict exactly 5 waypoint x/y pairs in NED. The planner will set every waypoint z to goal z = -2.50 m before execution.
- Goal delta from current state is (-2.93, 22.06, 0.03) m with distance 22.25 m.
- Obstacle pipeline: depth_camera_to_body_to_ned_current_frame.
- Current depth frame obstacle points projected into NED: 194. Nearest depth obstacle in NED is at (-3.33, 7.65, -2.51) m, relative vector (-0.71, 0.96, 0.01) m, distance 1.19 m.
- Depth validity fraction is 0.73. Global nearest obstacle distance is 0.88 m.
- Sector minimum distances [far_left, left, center, right, far_right] are [0.88, 1.01, 4.97, 4.98, 4.31] m.
- Nearest obstacle sector is far_left at 0.88 m and clearance status is blocked.
- Lateral planning hint: right side is clearer.","{""waypoints"":[{""x"":-2.847078000000001,""y"":7.3999995},{""x"":-3.022078000000001,""y"":7.8624995},{""x"":-3.1970780000000008,""y"":8.3249995},{""x"":-3.3720780000000006,""y"":8.7874995},{""x"":-3.547078000000001,""y"":9.2499995}],""reasoning"":""Selected waypoint 0 moves the reference anchor from 22.00 m to 21.52 m from goal immediately and to 19.60 m by the final waypoint, so progress is 0.48 m selected / 2.40 m final and passes with monotonic goal-distance reduction. Kinematics is evaluated on 5 unique label waypoint(s), excluding consecutive duplicate terminal holds, and checks only that the trajectory stays within the configured bounds speed <= 15.00 m/s and acceleration <= 8.00 m/s^2, so kinematics passes. Goal is not reached within this label waypoint window. Safety passes: minimum clearance 1.58 m against manifest obstacles with 0 violating segment(s).""}",-2.847078000000001,7.3999995,-2.5,-3.022078000000001,7.8624995,-2.5,-3.1970780000000008,8.3249995,-2.5,-3.3720780000000006,8.7874995,-2.5,-3.547078000000001,9.2499995,-2.5
1773835063.656676531,1773835063.656676531,0.000,offline_ground_truth_window,"Environment section (T(v)):
- Current position NED is (-2.75, 7.17, -2.53) m.
- Current velocity is (-0.03, 0.07, 0.02) m/s (speed 0.08 m/s).
- Goal position NED is (-5.55, 28.75, -2.50) m.
- Output contract: predict exactly 5 waypoint x/y pairs in NED. The planner will set every waypoint z to goal z = -2.50 m before execution.
- Goal delta from current state is (-2.80, 21.58, 0.03) m with distance 21.76 m.
- Obstacle pipeline: depth_camera_to_body_to_ned_current_frame.
- Current depth frame obstacle points projected into NED: 145. Nearest depth obstacle in NED is at (-3.31, 7.88, -2.56) m, relative vector (-0.56, 0.71, -0.02) m, distance 0.90 m.
- Depth validity fraction is 0.66. Global nearest obstacle distance is 0.64 m.
- Sector minimum distances [far_left, left, center, right, far_right] are [0.64, 5.07, 5.08, 5.08, 4.15] m.
- Nearest obstacle sector is far_left at 0.64 m and clearance status is blocked.
- Lateral planning hint: right side is clearer.","{""waypoints"":[{""x"":-3.022078000000001,""y"":7.8624995},{""x"":-3.1970780000000008,""y"":8.3249995},{""x"":-3.3720780000000006,""y"":8.7874995},{""x"":-3.547078000000001,""y"":9.2499995},{""x"":-3.5387446666666675,""y"":9.741666166666667}],""reasoning"":""Selected waypoint 0 moves the reference anchor from 21.52 m to 21.04 m from goal immediately and to 19.11 m by the final waypoint, so progress is 0.48 m selected / 2.41 m final and passes with monotonic goal-distance reduction. Kinematics is evaluated on 5 unique label waypoint(s), excluding consecutive duplicate terminal holds, and checks only that the trajectory stays within the configured bounds speed <= 15.00 m/s and acceleration <= 8.00 m/s^2, so kinematics passes. Goal is not reached within this label waypoint window. Safety passes: minimum clearance 1.55 m against manifest obstacles with 0 violating segment(s).""}",-3.022078000000001,7.8624995,-2.5,-3.1970780000000008,8.3249995,-2.5,-3.3720780000000006,8.7874995,-2.5,-3.547078000000001,9.2499995,-2.5,-3.5387446666666675,9.741666166666667,-2.5
1773835069.389303684,1773835069.389303684,0.000,offline_ground_truth_window,"Environment section (T(v)):
- Current position NED is (-2.94, 7.63, -2.54) m.
- Current velocity is (-0.02, 0.07, 0.02) m/s (speed 0.07 m/s).
- Goal position NED is (-5.55, 28.75, -2.50) m.
- Output contract: predict exactly 5 waypoint x/y pairs in NED. The planner will set every waypoint z to goal z = -2.50 m before execution.
- Goal delta from current state is (-2.61, 21.12, 0.04) m with distance 21.28 m.
- Obstacle pipeline: depth_camera_to_body_to_ned_current_frame.
- Current depth frame obstacle points projected into NED: 83. Nearest depth obstacle in NED is at (-0.56, 12.04, -2.46) m, relative vector (2.38, 4.41, 0.08) m, distance 5.01 m.
- Depth validity fraction is 0.59. Global nearest obstacle distance is 3.93 m.
- Sector minimum distances [far_left, left, center, right, far_right] are [5.01, 5.01, 5.01, 5.01, 3.93] m.
- Nearest obstacle sector is far_right at 3.93 m and clearance status is clear.
- Lateral planning hint: left side is clearer.","{""waypoints"":[{""x"":-3.1970780000000008,""y"":8.3249995},{""x"":-3.3720780000000006,""y"":8.7874995},{""x"":-3.547078000000001,""y"":9.2499995},{""x"":-3.5387446666666675,""y"":9.741666166666667},{""x"":-3.5304113333333342,""y"":10.233332833333332}],""reasoning"":""Selected waypoint 0 moves the reference anchor from 21.04 m to 20.56 m from goal immediately and to 18.63 m by the final waypoint, so progress is 0.48 m selected / 2.41 m final and passes with monotonic goal-distance reduction. Kinematics is evaluated on 5 unique label waypoint(s), excluding consecutive duplicate terminal holds, and checks only that the trajectory stays within the configured bounds speed <= 15.00 m/s and acceleration <= 8.00 m/s^2, so kinematics passes. Goal is not reached within this label waypoint window. Safety passes: minimum clearance 1.55 m against manifest obstacles with 0 violating segment(s).""}",-3.1970780000000008,8.3249995,-2.5,-3.3720780000000006,8.7874995,-2.5,-3.547078000000001,9.2499995,-2.5,-3.5387446666666675,9.741666166666667,-2.5,-3.5304113333333342,10.233332833333332,-2.5
1773835074.544941425,1773835074.544941425,0.000,offline_ground_truth_window,"Environment section (T(v)):
- Current position NED is (-3.09, 8.10, -2.52) m.
- Current velocity is (-0.04, 0.07, 0.01) m/s (speed 0.08 m/s).
- Goal position NED is (-5.55, 28.75, -2.50) m.
- Output contract: predict exactly 5 waypoint x/y pairs in NED. The planner will set every waypoint z to goal z = -2.50 m before execution.
- Goal delta from current state is (-2.45, 20.65, 0.02) m with distance 20.80 m.
- Obstacle pipeline: depth_camera_to_body_to_ned_current_frame.
- Current depth frame obstacle points projected into NED: 76. Nearest depth obstacle in NED is at (-0.87, 12.30, -1.78) m, relative vector (2.22, 4.20, 0.74) m, distance 4.81 m.
- Depth validity fraction is 0.59. Global nearest obstacle distance is 3.72 m.
- Sector minimum distances [far_left, left, center, right, far_right] are [4.99, 4.99, 5.00, 5.01, 3.72] m.
- Nearest obstacle sector is far_right at 3.72 m and clearance status is clear.
- Lateral planning hint: left side is clearer.","{""waypoints"":[{""x"":-3.3720780000000006,""y"":8.7874995},{""x"":-3.547078000000001,""y"":9.2499995},{""x"":-3.5387446666666675,""y"":9.741666166666667},{""x"":-3.5304113333333342,""y"":10.233332833333332},{""x"":-3.522078000000001,""y"":10.7249995}],""reasoning"":""Selected waypoint 0 moves the reference anchor from 20.56 m to 20.08 m from goal immediately and to 18.14 m by the final waypoint, so progress is 0.48 m selected / 2.42 m final and passes with monotonic goal-distance reduction. Kinematics is evaluated on 5 unique label waypoint(s), excluding consecutive duplicate terminal holds, and checks only that the trajectory stays within the configured bounds speed <= 15.00 m/s and acceleration <= 8.00 m/s^2, so kinematics passes. Goal is not reached within this label waypoint window. Safety passes: minimum clearance 1.55 m against manifest obstacles with 0 violating segment(s).""}",-3.3720780000000006,8.7874995,-2.5,-3.547078000000001,9.2499995,-2.5,-3.5387446666666675,9.741666166666667,-2.5,-3.5304113333333342,10.233332833333332,-2.5,-3.522078000000001,10.7249995,-2.5
1773835080.823026180,1773835080.823026180,0.000,offline_ground_truth_window,"Environment section (T(v)):
- Current position NED is (-3.26, 8.56, -2.52) m.
- Current velocity is (-0.03, 0.08, 0.01) m/s (speed 0.09 m/s).
- Goal position NED is (-5.55, 28.75, -2.50) m.
- Output contract: predict exactly 5 waypoint x/y pairs in NED. The planner will set every waypoint z to goal z = -2.50 m before execution.
- Goal delta from current state is (-2.28, 20.19, 0.02) m with distance 20.31 m.
- Obstacle pipeline: depth_camera_to_body_to_ned_current_frame.
- Current depth frame obstacle points projected into NED: 80. Nearest depth obstacle in NED is at (-1.21, 12.53, -2.46) m, relative vector (2.05, 3.96, 0.06) m, distance 4.46 m.
- Depth validity fraction is 0.61. Global nearest obstacle distance is 3.47 m.
- Sector minimum distances [far_left, left, center, right, far_right] are [4.89, 4.89, 4.89, 4.89, 3.47] m.
- Nearest obstacle sector is far_right at 3.47 m and clearance status is clear.
- Lateral planning hint: left side is clearer.","{""waypoints"":[{""x"":-3.547078000000001,""y"":9.2499995},{""x"":-3.5387446666666675,""y"":9.741666166666667},{""x"":-3.5304113333333342,""y"":10.233332833333332},{""x"":-3.522078000000001,""y"":10.7249995},{""x"":-3.5137446666666676,""y"":11.216666166666666}],""reasoning"":""Selected waypoint 0 moves the reference anchor from 20.08 m to 19.60 m from goal immediately and to 17.65 m by the final waypoint, so progress is 0.48 m selected / 2.43 m final and passes with monotonic goal-distance reduction. Kinematics is evaluated on 5 unique label waypoint(s), excluding consecutive duplicate terminal holds, and checks only that the trajectory stays within the configured bounds speed <= 15.00 m/s and acceleration <= 8.00 m/s^2, so kinematics passes. Goal is not reached within this label waypoint window. Safety passes: minimum clearance 1.55 m against manifest obstacles with 0 violating segment(s).""}",-3.547078000000001,9.2499995,-2.5,-3.5387446666666675,9.741666166666667,-2.5,-3.5304113333333342,10.233332833333332,-2.5,-3.522078000000001,10.7249995,-2.5,-3.5137446666666676,11.216666166666666,-2.5
1773835087.198163271,1773835087.198163271,0.000,offline_ground_truth_window,"Environment section (T(v)):
- Current position NED is (-3.44, 9.03, -2.51) m.
- Current velocity is (-0.05, 0.10, 0.01) m/s (speed 0.11 m/s).
- Goal position NED is (-5.55, 28.75, -2.50) m.
- Output contract: predict exactly 5 waypoint x/y pairs in NED. The planner will set every waypoint z to goal z = -2.50 m before execution.
- Goal delta from current state is (-2.11, 19.72, 0.01) m with distance 19.83 m.
- Obstacle pipeline: depth_camera_to_body_to_ned_current_frame.
- Current depth frame obstacle points projected into NED: 106. Nearest depth obstacle in NED is at (-1.54, 12.73, -2.71) m, relative vector (1.90, 3.70, -0.20) m, distance 4.16 m.
- Depth validity fraction is 0.62. Global nearest obstacle distance is 3.23 m.
- Sector minimum distances [far_left, left, center, right, far_right] are [4.89, 4.89, 4.89, 4.89, 3.23] m.
- Nearest obstacle sector is far_right at 3.23 m and clearance status is clear.
- Lateral planning hint: left side is clearer.","{""waypoints"":[{""x"":-3.5387446666666675,""y"":9.741666166666667},{""x"":-3.5304113333333342,""y"":10.233332833333332},{""x"":-3.522078000000001,""y"":10.7249995},{""x"":-3.5137446666666676,""y"":11.216666166666666},{""x"":-3.5054113333333343,""y"":11.708332833333332}],""reasoning"":""Selected waypoint 0 moves the reference anchor from 19.60 m to 19.11 m from goal immediately and to 17.16 m by the final waypoint, so progress is 0.49 m selected / 2.44 m final and passes with monotonic goal-distance reduction. Kinematics is evaluated on 5 unique label waypoint(s), excluding consecutive duplicate terminal holds, and checks only that the trajectory stays within the configured bounds speed <= 15.00 m/s and acceleration <= 8.00 m/s^2, so kinematics passes. Goal is not reached within this label waypoint window. Safety passes: minimum clearance 1.55 m against manifest obstacles with 0 violating segment(s).""}",-3.5387446666666675,9.741666166666667,-2.5,-3.5304113333333342,10.233332833333332,-2.5,-3.522078000000001,10.7249995,-2.5,-3.5137446666666676,11.216666166666666,-2.5,-3.5054113333333343,11.708332833333332,-2.5
1773835091.032634974,1773835091.032634974,0.000,offline_ground_truth_window,"Environment section (T(v)):
- Current position NED is (-3.49, 9.50, -2.50) m.
- Current velocity is (-0.02, 0.13, 0.01) m/s (speed 0.13 m/s).
- Goal position NED is (-5.55, 28.75, -2.50) m.
- Output contract: predict exactly 5 waypoint x/y pairs in NED. The planner will set every waypoint z to goal z = -2.50 m before execution.
- Goal delta from current state is (-2.06, 19.25, -0.00) m with distance 19.36 m.
- Obstacle pipeline: depth_camera_to_body_to_ned_current_frame.
- Current depth frame obstacle points projected into NED: 98. Nearest depth obstacle in NED is at (-1.59, 13.12, -1.86) m, relative vector (1.90, 3.63, 0.64) m, distance 4.14 m.
- Depth validity fraction is 0.61. Global nearest obstacle distance is 3.18 m.
- Sector minimum distances [far_left, left, center, right, far_right] are [4.99, 4.99, 4.99, 4.99, 3.18] m.
- Nearest obstacle sector is far_right at 3.18 m and clearance status is clear.
- Lateral planning hint: left side is clearer.","{""waypoints"":[{""x"":-3.5304113333333342,""y"":10.233332833333332},{""x"":-3.522078000000001,""y"":10.7249995},{""x"":-3.5137446666666676,""y"":11.216666166666666},{""x"":-3.5054113333333343,""y"":11.708332833333332},{""x"":-3.497078000000001,""y"":12.199999499999999}],""reasoning"":""Selected waypoint 0 moves the reference anchor from 19.11 m to 18.63 m from goal immediately and to 16.68 m by the final waypoint, so progress is 0.49 m selected / 2.44 m final and passes with monotonic goal-distance reduction. Kinematics is evaluated on 5 unique label waypoint(s), excluding consecutive duplicate terminal holds, and checks only that the trajectory stays within the configured bounds speed <= 15.00 m/s and acceleration <= 8.00 m/s^2, so kinematics passes. Goal is not reached within this label waypoint window. Safety passes: minimum clearance 1.55 m against manifest obstacles with 0 violating segment(s).""}",-3.5304113333333342,10.233332833333332,-2.5,-3.522078000000001,10.7249995,-2.5,-3.5137446666666676,11.216666166666666,-2.5,-3.5054113333333343,11.708332833333332,-2.5,-3.497078000000001,12.199999499999999,-2.5
1773835098.240538836,1773835098.240538836,0.000,offline_ground_truth_window,"Environment section (T(v)):
- Current position NED is (-3.51, 9.99, -2.51) m.
- Current velocity is (0.00, 0.08, 0.00) m/s (speed 0.08 m/s).
- Goal position NED is (-5.55, 28.75, -2.50) m.
- Output contract: predict exactly 5 waypoint x/y pairs in NED. The planner will set every waypoint z to goal z = -2.50 m before execution.
- Goal delta from current state is (-2.04, 18.76, 0.01) m with distance 18.87 m.
- Obstacle pipeline: depth_camera_to_body_to_ned_current_frame.
- Current depth frame obstacle points projected into NED: 89. Nearest depth obstacle in NED is at (-1.59, 13.54, -2.31) m, relative vector (1.92, 3.55, 0.20) m, distance 4.04 m.
- Depth validity fraction is 0.62. Global nearest obstacle distance is 3.16 m.
- Sector minimum distances [far_left, left, center, right, far_right] are [4.87, 4.87, 4.86, 4.86, 3.16] m.
- Nearest obstacle sector is far_right at 3.16 m and clearance status is clear.
- Lateral planning hint: left side is clearer.","{""waypoints"":[{""x"":-3.522078000000001,""y"":10.7249995},{""x"":-3.5137446666666676,""y"":11.216666166666666},{""x"":-3.5054113333333343,""y"":11.708332833333332},{""x"":-3.497078000000001,""y"":12.199999499999999},{""x"":-3.4887446666666673,""y"":12.691666166666666}],""reasoning"":""Selected waypoint 0 moves the reference anchor from 18.63 m to 18.14 m from goal immediately and to 16.19 m by the final waypoint, so progress is 0.49 m selected / 2.44 m final and passes with monotonic goal-distance reduction. Kinematics is evaluated on 5 unique label waypoint(s), excluding consecutive duplicate terminal holds, and checks only that the trajectory stays within the configured bounds speed <= 15.00 m/s and acceleration <= 8.00 m/s^2, so kinematics passes. Goal is not reached within this label waypoint window. Safety passes: minimum clearance 1.62 m against manifest obstacles with 0 violating segment(s).""}",-3.522078000000001,10.7249995,-2.5,-3.5137446666666676,11.216666166666666,-2.5,-3.5054113333333343,11.708332833333332,-2.5,-3.497078000000001,12.199999499999999,-2.5,-3.4887446666666673,12.691666166666666,-2.5
1773835103.724585295,1773835103.724585295,0.000,offline_ground_truth_window,"Environment section (T(v)):
- Current position NED is (-3.54, 10.48, -2.51) m.
- Current velocity is (0.00, 0.06, 0.01) m/s (speed 0.07 m/s).
- Goal position NED is (-5.55, 28.75, -2.50) m.
- Output contract: predict exactly 5 waypoint x/y pairs in NED. The planner will set every waypoint z to goal z = -2.50 m before execution.
- Goal delta from current state is (-2.01, 18.27, 0.01) m with distance 18.38 m.
- Obstacle pipeline: depth_camera_to_body_to_ned_current_frame.
- Current depth frame obstacle points projected into NED: 113. Nearest depth obstacle in NED is at (-1.67, 14.00, -2.00) m, relative vector (1.87, 3.51, 0.51) m, distance 4.01 m.
- Depth validity fraction is 0.62. Global nearest obstacle distance is 3.09 m.
- Sector minimum distances [far_left, left, center, right, far_right] are [4.96, 4.95, 4.95, 4.94, 3.09] m.
- Nearest obstacle sector is far_right at 3.09 m and clearance status is clear.
- Lateral planning hint: left side is clearer.","{""waypoints"":[{""x"":-3.5137446666666676,""y"":11.216666166666666},{""x"":-3.5054113333333343,""y"":11.708332833333332},{""x"":-3.497078000000001,""y"":12.199999499999999},{""x"":-3.4887446666666673,""y"":12.691666166666666},{""x"":-3.4804113333333344,""y"":13.183332833333333}],""reasoning"":""Selected waypoint 0 moves the reference anchor from 18.14 m to 17.65 m from goal immediately and to 15.70 m by the final waypoint, so progress is 0.49 m selected / 2.44 m final and passes with monotonic goal-distance reduction. Kinematics is evaluated on 5 unique label waypoint(s), excluding consecutive duplicate terminal holds, and checks only that the trajectory stays within the configured bounds speed <= 15.00 m/s and acceleration <= 8.00 m/s^2, so kinematics passes. Goal is not reached within this label waypoint window. Safety passes: minimum clearance 1.79 m against manifest obstacles with 0 violating segment(s).""}",-3.5137446666666676,11.216666166666666,-2.5,-3.5054113333333343,11.708332833333332,-2.5,-3.497078000000001,12.199999499999999,-2.5,-3.4887446666666673,12.691666166666666,-2.5,-3.4804113333333344,13.183332833333333,-2.5
1773835109.618514299,1773835109.618514299,0.000,offline_ground_truth_window,"Environment section (T(v)):
- Current position NED is (-3.55, 10.97, -2.49) m.
- Current velocity is (0.02, 0.10, 0.01) m/s (speed 0.10 m/s).
- Goal position NED is (-5.55, 28.75, -2.50) m.
- Output contract: predict exactly 5 waypoint x/y pairs in NED. The planner will set every waypoint z to goal z = -2.50 m before execution.
- Goal delta from current state is (-2.00, 17.78, -0.01) m with distance 17.89 m.
- Obstacle pipeline: depth_camera_to_body_to_ned_current_frame.
- Current depth frame obstacle points projected into NED: 93. Nearest depth obstacle in NED is at (-1.63, 14.51, -2.08) m, relative vector (1.92, 3.54, 0.42) m, distance 4.04 m.
- Depth validity fraction is 0.62. Global nearest obstacle distance is 3.14 m.
- Sector minimum distances [far_left, left, center, right, far_right] are [5.02, 5.02, 5.01, 5.01, 3.14] m.
- Nearest obstacle sector is far_right at 3.14 m and clearance status is clear.
- Lateral planning hint: left side is clearer.","{""waypoints"":[{""x"":-3.5054113333333343,""y"":11.708332833333332},{""x"":-3.497078000000001,""y"":12.199999499999999},{""x"":-3.4887446666666673,""y"":12.691666166666666},{""x"":-3.4804113333333344,""y"":13.183332833333333},{""x"":-3.4720780000000007,""y"":13.6749995}],""reasoning"":""Selected waypoint 0 moves the reference anchor from 17.65 m to 17.16 m from goal immediately and to 15.22 m by the final waypoint, so progress is 0.49 m selected / 2.43 m final and passes with monotonic goal-distance reduction. Kinematics is evaluated on 5 unique label waypoint(s), excluding consecutive duplicate terminal holds, and checks only that the trajectory stays within the configured bounds speed <= 15.00 m/s and acceleration <= 8.00 m/s^2, so kinematics passes. Goal is not reached within this label waypoint window. Safety passes: minimum clearance 2.05 m against manifest obstacles with 0 violating segment(s).""}",-3.5054113333333343,11.708332833333332,-2.5,-3.497078000000001,12.199999499999999,-2.5,-3.4887446666666673,12.691666166666666,-2.5,-3.4804113333333344,13.183332833333333,-2.5,-3.4720780000000007,13.6749995,-2.5
1773835115.562498093,1773835115.562498093,0.000,offline_ground_truth_window,"Environment section (T(v)):
- Current position NED is (-3.50, 11.47, -2.53) m.
- Current velocity is (-0.01, 0.08, 0.01) m/s (speed 0.08 m/s).
- Goal position NED is (-5.55, 28.75, -2.50) m.
- Output contract: predict exactly 5 waypoint x/y pairs in NED. The planner will set every waypoint z to goal z = -2.50 m before execution.
- Goal delta from current state is (-2.05, 17.28, 0.03) m with distance 17.40 m.
- Obstacle pipeline: depth_camera_to_body_to_ned_current_frame.
- Current depth frame obstacle points projected into NED: 95. Nearest depth obstacle in NED is at (-1.55, 15.09, -1.97) m, relative vector (1.95, 3.63, 0.56) m, distance 4.15 m.
- Depth validity fraction is 0.62. Global nearest obstacle distance is 3.19 m.
- Sector minimum distances [far_left, left, center, right, far_right] are [4.98, 4.97, 4.97, 4.97, 3.19] m.
- Nearest obstacle sector is far_right at 3.19 m and clearance status is clear.
- Lateral planning hint: left side is clearer.","{""waypoints"":[{""x"":-3.497078000000001,""y"":12.199999499999999},{""x"":-3.4887446666666673,""y"":12.691666166666666},{""x"":-3.4804113333333344,""y"":13.183332833333333},{""x"":-3.4720780000000007,""y"":13.6749995},{""x"":-3.4637446666666674,""y"":14.166666166666666}],""reasoning"":""Selected waypoint 0 moves the reference anchor from 17.16 m to 16.68 m from goal immediately and to 14.73 m by the final waypoint, so progress is 0.49 m selected / 2.43 m final and passes with monotonic goal-distance reduction. Kinematics is evaluated on 5 unique label waypoint(s), excluding consecutive duplicate terminal holds, and checks only that the trajectory stays within the configured bounds speed <= 15.00 m/s and acceleration <= 8.00 m/s^2, so kinematics passes. Goal is not reached within this label waypoint window. Safety passes: minimum clearance 2.37 m against manifest obstacles with 0 violating segment(s).""}",-3.497078000000001,12.199999499999999,-2.5,-3.4887446666666673,12.691666166666666,-2.5,-3.4804113333333344,13.183332833333333,-2.5,-3.4720780000000007,13.6749995,-2.5,-3.4637446666666674,14.166666166666666,-2.5
1773835121.532699108,1773835121.532699108,0.000,offline_ground_truth_window,"Environment section (T(v)):
- Current position NED is (-3.51, 11.96, -2.50) m.
- Current velocity is (-0.01, 0.07, 0.00) m/s (speed 0.07 m/s).
- Goal position NED is (-5.55, 28.75, -2.50) m.
- Output contract: predict exactly 5 waypoint x/y pairs in NED. The planner will set every waypoint z to goal z = -2.50 m before execution.
- Goal delta from current state is (-2.04, 16.79, -0.00) m with distance 16.92 m.
- Obstacle pipeline: depth_camera_to_body_to_ned_current_frame.
- Current depth frame obstacle points projected into NED: 98. Nearest depth obstacle in NED is at (-1.55, 15.51, -1.97) m, relative vector (1.96, 3.56, 0.53) m, distance 4.10 m.
- Depth validity fraction is 0.64. Global nearest obstacle distance is 3.18 m.
- Sector minimum distances [far_left, left, center, right, far_right] are [4.83, 4.84, 4.84, 4.84, 3.18] m.
- Nearest obstacle sector is far_right at 3.18 m and clearance status is clear.
- Lateral planning hint: left side is clearer.","{""waypoints"":[{""x"":-3.4887446666666673,""y"":12.691666166666666},{""x"":-3.4804113333333344,""y"":13.183332833333333},{""x"":-3.4720780000000007,""y"":13.6749995},{""x"":-3.4637446666666674,""y"":14.166666166666666},{""x"":-3.455411333333334,""y"":14.658332833333333}],""reasoning"":""Selected waypoint 0 moves the reference anchor from 16.68 m to 16.19 m from goal immediately and to 14.25 m by the final waypoint, so progress is 0.49 m selected / 2.43 m final and passes with monotonic goal-distance reduction. Kinematics is evaluated on 5 unique label waypoint(s), excluding consecutive duplicate terminal holds, and checks only that the trajectory stays within the configured bounds speed <= 15.00 m/s and acceleration <= 8.00 m/s^2, so kinematics passes. Goal is not reached within this label waypoint window. Safety passes: minimum clearance 2.74 m against manifest obstacles with 0 violating segment(s).""}",-3.4887446666666673,12.691666166666666,-2.5,-3.4804113333333344,13.183332833333333,-2.5,-3.4720780000000007,13.6749995,-2.5,-3.4637446666666674,14.166666166666666,-2.5,-3.455411333333334,14.658332833333333,-2.5
1773835129.173445702,1773835129.173445702,0.000,offline_ground_truth_window,"Environment section (T(v)):
- Current position NED is (-3.47, 12.45, -2.52) m.
- Current velocity is (-0.00, 0.09, 0.01) m/s (speed 0.09 m/s).
- Goal position NED is (-5.55, 28.75, -2.50) m.
- Output contract: predict exactly 5 waypoint x/y pairs in NED. The planner will set every waypoint z to goal z = -2.50 m before execution.
- Goal delta from current state is (-2.08, 16.30, 0.02) m with distance 16.43 m.
- Obstacle pipeline: depth_camera_to_body_to_ned_current_frame.
- Current depth frame obstacle points projected into NED: 96. Nearest depth obstacle in NED is at (-1.48, 16.11, -2.78) m, relative vector (1.99, 3.66, -0.26) m, distance 4.18 m.
- Depth validity fraction is 0.63. Global nearest obstacle distance is 3.22 m.
- Sector minimum distances [far_left, left, center, right, far_right] are [4.95, 4.95, 4.94, 4.94, 3.22] m.
- Nearest obstacle sector is far_right at 3.22 m and clearance status is clear.
- Lateral planning hint: left side is clearer.","{""waypoints"":[{""x"":-3.4804113333333344,""y"":13.183332833333333},{""x"":-3.4720780000000007,""y"":13.6749995},{""x"":-3.4637446666666674,""y"":14.166666166666666},{""x"":-3.455411333333334,""y"":14.658332833333333},{""x"":-3.4470780000000008,""y"":15.149999500000002}],""reasoning"":""Selected waypoint 0 moves the reference anchor from 16.19 m to 15.70 m from goal immediately and to 13.76 m by the final waypoint, so progress is 0.49 m selected / 2.43 m final and passes with monotonic goal-distance reduction. Kinematics is evaluated on 5 unique label waypoint(s), excluding consecutive duplicate terminal holds, and checks only that the trajectory stays within the configured bounds speed <= 15.00 m/s and acceleration <= 8.00 m/s^2, so kinematics passes. Goal is not reached within this label waypoint window. Safety passes: minimum clearance 3.13 m against manifest obstacles with 0 violating segment(s).""}",-3.4804113333333344,13.183332833333333,-2.5,-3.4720780000000007,13.6749995,-2.5,-3.4637446666666674,14.166666166666666,-2.5,-3.455411333333334,14.658332833333333,-2.5,-3.4470780000000008,15.149999500000002,-2.5
1773835135.155301809,1773835135.155301809,0.000,offline_ground_truth_window,"Environment section (T(v)):
- Current position NED is (-3.50, 12.94, -2.51) m.
- Current velocity is (0.00, 0.11, 0.01) m/s (speed 0.11 m/s).
- Goal position NED is (-5.55, 28.75, -2.50) m.
- Output contract: predict exactly 5 waypoint x/y pairs in NED. The planner will set every waypoint z to goal z = -2.50 m before execution.
- Goal delta from current state is (-2.05, 15.81, 0.01) m with distance 15.94 m.
- Obstacle pipeline: depth_camera_to_body_to_ned_current_frame.
- Current depth frame obstacle points projected into NED: 104. Nearest depth obstacle in NED is at (-1.53, 16.56, -2.26) m, relative vector (1.96, 3.62, 0.25) m, distance 4.13 m.
- Depth validity fraction is 0.63. Global nearest obstacle distance is 3.18 m.
- Sector minimum distances [far_left, left, center, right, far_right] are [4.90, 4.91, 4.91, 4.91, 3.18] m.
- Nearest obstacle sector is far_right at 3.18 m and clearance status is clear.
- Lateral planning hint: left side is clearer.","{""waypoints"":[{""x"":-3.4720780000000007,""y"":13.6749995},{""x"":-3.4637446666666674,""y"":14.166666166666666},{""x"":-3.455411333333334,""y"":14.658332833333333},{""x"":-3.4470780000000008,""y"":15.149999500000002},{""x"":-3.4387446666666674,""y"":15.641666166666665}],""reasoning"":""Selected waypoint 0 moves the reference anchor from 15.70 m to 15.22 m from goal immediately and to 13.28 m by the final waypoint, so progress is 0.49 m selected / 2.43 m final and passes with monotonic goal-distance reduction. Kinematics is evaluated on 5 unique label waypoint(s), excluding consecutive duplicate terminal holds, and checks only that the trajectory stays within the configured bounds speed <= 15.00 m/s and acceleration <= 8.00 m/s^2, so kinematics passes. Goal is not reached within this label waypoint window. Safety passes: minimum clearance 3.54 m against manifest obstacles with 0 violating segment(s).""}",-3.4720780000000007,13.6749995,-2.5,-3.4637446666666674,14.166666166666666,-2.5,-3.455411333333334,14.658332833333333,-2.5,-3.4470780000000008,15.149999500000002,-2.5,-3.4387446666666674,15.641666166666665,-2.5
1773835140.250852108,1773835140.250852108,0.000,offline_ground_truth_window,"Environment section (T(v)):
- Current position NED is (-3.49, 13.43, -2.50) m.
- Current velocity is (0.01, 0.09, 0.01) m/s (speed 0.09 m/s).
- Goal position NED is (-5.55, 28.75, -2.50) m.
- Output contract: predict exactly 5 waypoint x/y pairs in NED. The planner will set every waypoint z to goal z = -2.50 m before execution.
- Goal delta from current state is (-2.06, 15.32, -0.00) m with distance 15.46 m.
- Obstacle pipeline: depth_camera_to_body_to_ned_current_frame.
- Current depth frame obstacle points projected into NED: 103. Nearest depth obstacle in NED is at (-1.48, 17.06, -1.96) m, relative vector (2.01, 3.63, 0.54) m, distance 4.18 m.
- Depth validity fraction is 0.64. Global nearest obstacle distance is 3.24 m.
- Sector minimum distances [far_left, left, center, right, far_right] are [4.87, 4.86, 4.86, 4.86, 3.24] m.
- Nearest obstacle sector is far_right at 3.24 m and clearance status is clear.
- Lateral planning hint: left side is clearer.","{""waypoints"":[{""x"":-3.4637446666666674,""y"":14.166666166666666},{""x"":-3.455411333333334,""y"":14.658332833333333},{""x"":-3.4470780000000008,""y"":15.149999500000002},{""x"":-3.4387446666666674,""y"":15.641666166666665},{""x"":-3.430411333333334,""y"":16.133332833333334}],""reasoning"":""Selected waypoint 0 moves the reference anchor from 15.22 m to 14.73 m from goal immediately and to 12.79 m by the final waypoint, so progress is 0.49 m selected / 2.42 m final and passes with monotonic goal-distance reduction. Kinematics is evaluated on 5 unique label waypoint(s), excluding consecutive duplicate terminal holds, and checks only that the trajectory stays within the configured bounds speed <= 15.00 m/s and acceleration <= 8.00 m/s^2, so kinematics passes. Goal is not reached within this label waypoint window. Safety passes: minimum clearance 3.98 m against manifest obstacles with 0 violating segment(s).""}",-3.4637446666666674,14.166666166666666,-2.5,-3.455411333333334,14.658332833333333,-2.5,-3.4470780000000008,15.149999500000002,-2.5,-3.4387446666666674,15.641666166666665,-2.5,-3.430411333333334,16.133332833333334,-2.5
1773835146.045957804,1773835146.045957804,0.000,offline_ground_truth_window,"Environment section (T(v)):
- Current position NED is (-3.45, 13.93, -2.48) m.
- Current velocity is (-0.01, 0.09, -0.01) m/s (speed 0.09 m/s).
- Goal position NED is (-5.55, 28.75, -2.50) m.
- Output contract: predict exactly 5 waypoint x/y pairs in NED. The planner will set every waypoint z to goal z = -2.50 m before execution.
- Goal delta from current state is (-2.09, 14.82, -0.02) m with distance 14.97 m.
- Obstacle pipeline: depth_camera_to_body_to_ned_current_frame.
- Current depth frame obstacle points projected into NED: 106. Nearest depth obstacle in NED is at (-1.41, 17.63, -2.64) m, relative vector (2.04, 3.71, -0.16) m, distance 4.23 m.
- Depth validity fraction is 0.65. Global nearest obstacle distance is 3.28 m.
- Sector minimum distances [far_left, left, center, right, far_right] are [4.82, 4.83, 4.83, 4.83, 3.28] m.
- Nearest obstacle sector is far_right at 3.28 m and clearance status is clear.
- Lateral planning hint: left side is clearer.","{""waypoints"":[{""x"":-3.455411333333334,""y"":14.658332833333333},{""x"":-3.4470780000000008,""y"":15.149999500000002},{""x"":-3.4387446666666674,""y"":15.641666166666665},{""x"":-3.430411333333334,""y"":16.133332833333334},{""x"":-3.422078000000001,""y"":16.6249995}],""reasoning"":""Selected waypoint 0 moves the reference anchor from 14.73 m to 14.25 m from goal immediately and to 12.31 m by the final waypoint, so progress is 0.49 m selected / 2.42 m final and passes with monotonic goal-distance reduction. Kinematics is evaluated on 5 unique label waypoint(s), excluding consecutive duplicate terminal holds, and checks only that the trajectory stays within the configured bounds speed <= 15.00 m/s and acceleration <= 8.00 m/s^2, so kinematics passes. Goal is not reached within this label waypoint window. Safety passes: minimum clearance 3.78 m against manifest obstacles with 0 violating segment(s).""}",-3.455411333333334,14.658332833333333,-2.5,-3.4470780000000008,15.149999500000002,-2.5,-3.4387446666666674,15.641666166666665,-2.5,-3.430411333333334,16.133332833333334,-2.5,-3.422078000000001,16.6249995,-2.5
1773835153.081208467,1773835153.081208467,0.000,offline_ground_truth_window,"Environment section (T(v)):
- Current position NED is (-3.48, 14.42, -2.51) m.
- Current velocity is (-0.00, 0.07, 0.00) m/s (speed 0.07 m/s).
- Goal position NED is (-5.55, 28.75, -2.50) m.
- Output contract: predict exactly 5 waypoint x/y pairs in NED. The planner will set every waypoint z to goal z = -2.50 m before execution.
- Goal delta from current state is (-2.07, 14.33, 0.01) m with distance 14.48 m.
- Obstacle pipeline: depth_camera_to_body_to_ned_current_frame.
- Current depth frame obstacle points projected into NED: 120. Nearest depth obstacle in NED is at (-1.45, 18.19, -2.14) m, relative vector (2.03, 3.78, 0.37) m, distance 4.30 m.
- Depth validity fraction is 0.66. Global nearest obstacle distance is 3.27 m.
- Sector minimum distances [far_left, left, center, right, far_right] are [4.81, 4.82, 4.83, 4.83, 3.27] m.
- Nearest obstacle sector is far_right at 3.27 m and clearance status is clear.
- Lateral planning hint: left side is clearer.","{""waypoints"":[{""x"":-3.4470780000000008,""y"":15.149999500000002},{""x"":-3.4387446666666674,""y"":15.641666166666665},{""x"":-3.430411333333334,""y"":16.133332833333334},{""x"":-3.422078000000001,""y"":16.6249995},{""x"":-3.4137446666666675,""y"":17.11666616666667}],""reasoning"":""Selected waypoint 0 moves the reference anchor from 14.25 m to 13.76 m from goal immediately and to 11.83 m by the final waypoint, so progress is 0.48 m selected / 2.42 m final and passes with monotonic goal-distance reduction. Kinematics is evaluated on 5 unique label waypoint(s), excluding consecutive duplicate terminal holds, and checks only that the trajectory stays within the configured bounds speed <= 15.00 m/s and acceleration <= 8.00 m/s^2, so kinematics passes. Goal is not reached within this label waypoint window. Safety passes: minimum clearance 3.36 m against manifest obstacles with 0 violating segment(s).""}",-3.4470780000000008,15.149999500000002,-2.5,-3.4387446666666674,15.641666166666665,-2.5,-3.430411333333334,16.133332833333334,-2.5,-3.422078000000001,16.6249995,-2.5,-3.4137446666666675,17.11666616666667,-2.5
1773835160.749934196,1773835160.749934196,0.000,offline_ground_truth_window,"Environment section (T(v)):
- Current position NED is (-3.44, 14.90, -2.51) m.
- Current velocity is (0.00, 0.06, 0.01) m/s (speed 0.07 m/s).
- Goal position NED is (-5.55, 28.75, -2.50) m.
- Output contract: predict exactly 5 waypoint x/y pairs in NED. The planner will set every waypoint z to goal z = -2.50 m before execution.
- Goal delta from current state is (-2.11, 13.85, 0.01) m with distance 14.01 m.
- Obstacle pipeline: depth_camera_to_body_to_ned_current_frame.
- Current depth frame obstacle points projected into NED: 113. Nearest depth obstacle in NED is at (-1.39, 18.56, -2.63) m, relative vector (2.05, 3.66, -0.12) m, distance 4.20 m.
- Depth validity fraction is 0.66. Global nearest obstacle distance is 3.27 m.
- Sector minimum distances [far_left, left, center, right, far_right] are [4.89, 4.89, 4.68, 4.88, 3.27] m.
- Nearest obstacle sector is far_right at 3.27 m and clearance status is clear.
- Lateral planning hint: left side is clearer.","{""waypoints"":[{""x"":-3.4387446666666674,""y"":15.641666166666665},{""x"":-3.430411333333334,""y"":16.133332833333334},{""x"":-3.422078000000001,""y"":16.6249995},{""x"":-3.4137446666666675,""y"":17.11666616666667},{""x"":-3.4054113333333342,""y"":17.608332833333332}],""reasoning"":""Selected waypoint 0 moves the reference anchor from 13.76 m to 13.28 m from goal immediately and to 11.35 m by the final waypoint, so progress is 0.48 m selected / 2.42 m final and passes with monotonic goal-distance reduction. Kinematics is evaluated on 5 unique label waypoint(s), excluding consecutive duplicate terminal holds, and checks only that the trajectory stays within the configured bounds speed <= 15.00 m/s and acceleration <= 8.00 m/s^2, so kinematics passes. Goal is not reached within this label waypoint window. Safety passes: minimum clearance 2.95 m against manifest obstacles with 0 violating segment(s).""}",-3.4387446666666674,15.641666166666665,-2.5,-3.430411333333334,16.133332833333334,-2.5,-3.422078000000001,16.6249995,-2.5,-3.4137446666666675,17.11666616666667,-2.5,-3.4054113333333342,17.608332833333332,-2.5
1773835165.206721544,1773835165.206721544,0.000,offline_ground_truth_window,"Environment section (T(v)):
- Current position NED is (-3.46, 15.40, -2.50) m.
- Current velocity is (-0.00, 0.10, 0.01) m/s (speed 0.10 m/s).
- Goal position NED is (-5.55, 28.75, -2.50) m.
- Output contract: predict exactly 5 waypoint x/y pairs in NED. The planner will set every waypoint z to goal z = -2.50 m before execution.
- Goal delta from current state is (-2.09, 13.35, -0.00) m with distance 13.52 m.
- Obstacle pipeline: depth_camera_to_body_to_ned_current_frame.
- Current depth frame obstacle points projected into NED: 117. Nearest depth obstacle in NED is at (-1.42, 19.04, -2.48) m, relative vector (2.03, 3.65, 0.02) m, distance 4.18 m.
- Depth validity fraction is 0.67. Global nearest obstacle distance is 3.25 m.
- Sector minimum distances [far_left, left, center, right, far_right] are [4.84, 4.84, 4.20, 4.27, 3.25] m.
- Nearest obstacle sector is far_right at 3.25 m and clearance status is clear.
- Lateral planning hint: left side is clearer.","{""waypoints"":[{""x"":-3.430411333333334,""y"":16.133332833333334},{""x"":-3.422078000000001,""y"":16.6249995},{""x"":-3.4137446666666675,""y"":17.11666616666667},{""x"":-3.4054113333333342,""y"":17.608332833333332},{""x"":-3.397078000000001,""y"":18.0999995}],""reasoning"":""Selected waypoint 0 moves the reference anchor from 13.28 m to 12.79 m from goal immediately and to 10.86 m by the final waypoint, so progress is 0.48 m selected / 2.41 m final and passes with monotonic goal-distance reduction. Kinematics is evaluated on 5 unique label waypoint(s), excluding consecutive duplicate terminal holds, and checks only that the trajectory stays within the configured bounds speed <= 15.00 m/s and acceleration <= 8.00 m/s^2, so kinematics passes. Goal is not reached within this label waypoint window. Safety passes: minimum clearance 2.57 m against manifest obstacles with 0 violating segment(s).""}",-3.430411333333334,16.133332833333334,-2.5,-3.422078000000001,16.6249995,-2.5,-3.4137446666666675,17.11666616666667,-2.5,-3.4054113333333342,17.608332833333332,-2.5,-3.397078000000001,18.0999995,-2.5
1773835171.245840073,1773835171.245840073,0.000,offline_ground_truth_window,"Environment section (T(v)):
- Current position NED is (-3.45, 15.89, -2.48) m.
- Current velocity is (0.00, 0.09, -0.01) m/s (speed 0.09 m/s).
- Goal position NED is (-5.55, 28.75, -2.50) m.
- Output contract: predict exactly 5 waypoint x/y pairs in NED. The planner will set every waypoint z to goal z = -2.50 m before execution.
- Goal delta from current state is (-2.10, 12.86, -0.02) m with distance 13.03 m.
- Obstacle pipeline: depth_camera_to_body_to_ned_current_frame.
- Current depth frame obstacle points projected into NED: 120. Nearest depth obstacle in NED is at (-3.44, 19.76, -2.49) m, relative vector (0.00, 3.86, -0.01) m, distance 3.86 m.
- Depth validity fraction is 0.68. Global nearest obstacle distance is 3.26 m.
- Sector minimum distances [far_left, left, center, right, far_right] are [4.81, 4.82, 3.69, 3.70, 3.26] m.
- Nearest obstacle sector is far_right at 3.26 m and clearance status is clear.
- Lateral planning hint: left side is clearer.","{""waypoints"":[{""x"":-3.422078000000001,""y"":16.6249995},{""x"":-3.4137446666666675,""y"":17.11666616666667},{""x"":-3.4054113333333342,""y"":17.608332833333332},{""x"":-3.397078000000001,""y"":18.0999995},{""x"":-3.3887446666666676,""y"":18.591666166666666}],""reasoning"":""Selected waypoint 0 moves the reference anchor from 12.79 m to 12.31 m from goal immediately and to 10.39 m by the final waypoint, so progress is 0.48 m selected / 2.41 m final and passes with monotonic goal-distance reduction. Kinematics is evaluated on 5 unique label waypoint(s), excluding consecutive duplicate terminal holds, and checks only that the trajectory stays within the configured bounds speed <= 15.00 m/s and acceleration <= 8.00 m/s^2, so kinematics passes. Goal is not reached within this label waypoint window. Safety passes: minimum clearance 2.23 m against manifest obstacles with 0 violating segment(s).""}",-3.422078000000001,16.6249995,-2.5,-3.4137446666666675,17.11666616666667,-2.5,-3.4054113333333342,17.608332833333332,-2.5,-3.397078000000001,18.0999995,-2.5,-3.3887446666666676,18.591666166666666,-2.5
1773835177.235694885,1773835177.235694885,0.000,offline_ground_truth_window,"Environment section (T(v)):
- Current position NED is (-3.46, 16.38, -2.51) m.
- Current velocity is (0.00, 0.10, 0.01) m/s (speed 0.10 m/s).
- Goal position NED is (-5.55, 28.75, -2.50) m.
- Output contract: predict exactly 5 waypoint x/y pairs in NED. The planner will set every waypoint z to goal z = -2.50 m before execution.
- Goal delta from current state is (-2.09, 12.37, 0.01) m with distance 12.54 m.
- Obstacle pipeline: depth_camera_to_body_to_ned_current_frame.
- Current depth frame obstacle points projected into NED: 95. Nearest depth obstacle in NED is at (-3.33, 19.74, -2.66) m, relative vector (0.13, 3.35, -0.15) m, distance 3.36 m.
- Depth validity fraction is 0.68. Global nearest obstacle distance is 3.19 m.
- Sector minimum distances [far_left, left, center, right, far_right] are [4.39, 4.42, 3.19, 3.19, 3.26] m.
- Nearest obstacle sector is right at 3.19 m and clearance status is clear.
- Lateral planning hint: left side is clearer.","{""waypoints"":[{""x"":-3.4137446666666675,""y"":17.11666616666667},{""x"":-3.4054113333333342,""y"":17.608332833333332},{""x"":-3.397078000000001,""y"":18.0999995},{""x"":-3.3887446666666676,""y"":18.591666166666666},{""x"":-3.3804113333333343,""y"":19.083332833333333}],""reasoning"":""Selected waypoint 0 moves the reference anchor from 12.31 m to 11.83 m from goal immediately and to 9.91 m by the final waypoint, so progress is 0.48 m selected / 2.40 m final and passes with monotonic goal-distance reduction. Kinematics is evaluated on 5 unique label waypoint(s), excluding consecutive duplicate terminal holds, and checks only that the trajectory stays within the configured bounds speed <= 15.00 m/s and acceleration <= 8.00 m/s^2, so kinematics passes. Goal is not reached within this label waypoint window. Safety passes: minimum clearance 1.94 m against manifest obstacles with 0 violating segment(s).""}",-3.4137446666666675,17.11666616666667,-2.5,-3.4054113333333342,17.608332833333332,-2.5,-3.397078000000001,18.0999995,-2.5,-3.3887446666666676,18.591666166666666,-2.5,-3.3804113333333343,19.083332833333333,-2.5
1773835185.260917425,1773835185.260917425,0.000,offline_ground_truth_window,"Environment section (T(v)):
- Current position NED is (-3.44, 16.87, -2.52) m.
- Current velocity is (0.01, 0.10, 0.01) m/s (speed 0.10 m/s).
- Goal position NED is (-5.55, 28.75, -2.50) m.
- Output contract: predict exactly 5 waypoint x/y pairs in NED. The planner will set every waypoint z to goal z = -2.50 m before execution.
- Goal delta from current state is (-2.11, 11.88, 0.02) m with distance 12.06 m.
- Obstacle pipeline: depth_camera_to_body_to_ned_current_frame.
- Current depth frame obstacle points projected into NED: 112. Nearest depth obstacle in NED is at (-3.17, 19.74, -2.54) m, relative vector (0.27, 2.86, -0.01) m, distance 2.88 m.
- Depth validity fraction is 0.69. Global nearest obstacle distance is 2.69 m.
- Sector minimum distances [far_left, left, center, right, far_right] are [3.89, 4.01, 2.73, 2.69, 3.32] m.
- Nearest obstacle sector is right at 2.69 m and clearance status is caution.
- Lateral planning hint: left side is clearer.","{""waypoints"":[{""x"":-3.4054113333333342,""y"":17.608332833333332},{""x"":-3.397078000000001,""y"":18.0999995},{""x"":-3.3887446666666676,""y"":18.591666166666666},{""x"":-3.3804113333333343,""y"":19.083332833333333},{""x"":-3.372078000000001,""y"":19.5749995}],""reasoning"":""Selected waypoint 0 moves the reference anchor from 11.83 m to 11.35 m from goal immediately and to 9.43 m by the final waypoint, so progress is 0.48 m selected / 2.40 m final and passes with monotonic goal-distance reduction. Kinematics is evaluated on 5 unique label waypoint(s), excluding consecutive duplicate terminal holds, and checks only that the trajectory stays within the configured bounds speed <= 15.00 m/s and acceleration <= 8.00 m/s^2, so kinematics passes. Goal is not reached within this label waypoint window. Safety passes: minimum clearance 1.73 m against manifest obstacles with 0 violating segment(s).""}",-3.4054113333333342,17.608332833333332,-2.5,-3.397078000000001,18.0999995,-2.5,-3.3887446666666676,18.591666166666666,-2.5,-3.3804113333333343,19.083332833333333,-2.5,-3.372078000000001,19.5749995,-2.5
1773835190.242051363,1773835190.242051363,0.000,offline_ground_truth_window,"Environment section (T(v)):
- Current position NED is (-3.38, 17.37, -2.50) m.
- Current velocity is (-0.00, 0.10, 0.00) m/s (speed 0.10 m/s).
- Goal position NED is (-5.55, 28.75, -2.50) m.
- Output contract: predict exactly 5 waypoint x/y pairs in NED. The planner will set every waypoint z to goal z = -2.50 m before execution.
- Goal delta from current state is (-2.17, 11.38, 0.00) m with distance 11.59 m.
- Obstacle pipeline: depth_camera_to_body_to_ned_current_frame.
- Current depth frame obstacle points projected into NED: 129. Nearest depth obstacle in NED is at (-3.06, 19.76, -2.56) m, relative vector (0.32, 2.39, -0.06) m, distance 2.41 m.
- Depth validity fraction is 0.71. Global nearest obstacle distance is 2.20 m.
- Sector minimum distances [far_left, left, center, right, far_right] are [3.41, 3.67, 2.37, 2.20, 3.38] m.
- Nearest obstacle sector is right at 2.20 m and clearance status is caution.
- Lateral planning hint: left side is clearer.","{""waypoints"":[{""x"":-3.397078000000001,""y"":18.0999995},{""x"":-3.3887446666666676,""y"":18.591666166666666},{""x"":-3.3804113333333343,""y"":19.083332833333333},{""x"":-3.372078000000001,""y"":19.5749995},{""x"":-3.3637446666666673,""y"":20.066666166666668}],""reasoning"":""Selected waypoint 0 moves the reference anchor from 11.35 m to 10.86 m from goal immediately and to 8.95 m by the final waypoint, so progress is 0.48 m selected / 2.39 m final and passes with monotonic goal-distance reduction. Kinematics is evaluated on 5 unique label waypoint(s), excluding consecutive duplicate terminal holds, and checks only that the trajectory stays within the configured bounds speed <= 15.00 m/s and acceleration <= 8.00 m/s^2, so kinematics passes. Goal is not reached within this label waypoint window. Safety passes: minimum clearance 1.62 m against manifest obstacles with 0 violating segment(s).""}",-3.397078000000001,18.0999995,-2.5,-3.3887446666666676,18.591666166666666,-2.5,-3.3804113333333343,19.083332833333333,-2.5,-3.372078000000001,19.5749995,-2.5,-3.3637446666666673,20.066666166666668,-2.5
1773835194.990507603,1773835194.990507603,0.000,offline_ground_truth_window,"Environment section (T(v)):
- Current position NED is (-3.39, 17.85, -2.51) m.
- Current velocity is (0.00, 0.11, 0.01) m/s (speed 0.11 m/s).
- Goal position NED is (-5.55, 28.75, -2.50) m.
- Output contract: predict exactly 5 waypoint x/y pairs in NED. The planner will set every waypoint z to goal z = -2.50 m before execution.
- Goal delta from current state is (-2.16, 10.90, 0.01) m with distance 11.11 m.
- Obstacle pipeline: depth_camera_to_body_to_ned_current_frame.
- Current depth frame obstacle points projected into NED: 161. Nearest depth obstacle in NED is at (-3.00, 19.76, -2.58) m, relative vector (0.40, 1.90, -0.07) m, distance 1.95 m.
- Depth validity fraction is 0.72. Global nearest obstacle distance is 1.71 m.
- Sector minimum distances [far_left, left, center, right, far_right] are [2.92, 4.90, 4.90, 1.71, 1.75] m.
- Nearest obstacle sector is right at 1.71 m and clearance status is caution.
- Lateral planning hint: left side is clearer.","{""waypoints"":[{""x"":-3.3887446666666676,""y"":18.591666166666666},{""x"":-3.3804113333333343,""y"":19.083332833333333},{""x"":-3.372078000000001,""y"":19.5749995},{""x"":-3.3637446666666673,""y"":20.066666166666668},{""x"":-3.3554113333333344,""y"":20.558332833333335}],""reasoning"":""Selected waypoint 0 moves the reference anchor from 10.86 m to 10.39 m from goal immediately and to 8.48 m by the final waypoint, so progress is 0.48 m selected / 2.39 m final and passes with monotonic goal-distance reduction. Kinematics is evaluated on 5 unique label waypoint(s), excluding consecutive duplicate terminal holds, and checks only that the trajectory stays within the configured bounds speed <= 15.00 m/s and acceleration <= 8.00 m/s^2, so kinematics passes. Goal is not reached within this label waypoint window. Safety passes: minimum clearance 1.61 m against manifest obstacles with 0 violating segment(s).""}",-3.3887446666666676,18.591666166666666,-2.5,-3.3804113333333343,19.083332833333333,-2.5,-3.372078000000001,19.5749995,-2.5,-3.3637446666666673,20.066666166666668,-2.5,-3.3554113333333344,20.558332833333335,-2.5
1773835199.892553091,1773835199.892553091,0.000,offline_ground_truth_window,"Environment section (T(v)):
- Current position NED is (-3.37, 18.35, -2.51) m.
- Current velocity is (0.00, 0.06, 0.01) m/s (speed 0.06 m/s).
- Goal position NED is (-5.55, 28.75, -2.50) m.
- Output contract: predict exactly 5 waypoint x/y pairs in NED. The planner will set every waypoint z to goal z = -2.50 m before execution.
- Goal delta from current state is (-2.18, 10.40, 0.01) m with distance 10.63 m.
- Obstacle pipeline: depth_camera_to_body_to_ned_current_frame.
- Current depth frame obstacle points projected into NED: 170. Nearest depth obstacle in NED is at (-2.92, 19.76, -2.55) m, relative vector (0.45, 1.41, -0.04) m, distance 1.48 m.
- Depth validity fraction is 0.70. Global nearest obstacle distance is 1.22 m.
- Sector minimum distances [far_left, left, center, right, far_right] are [2.45, 4.89, 4.88, 1.24, 1.22] m.
- Nearest obstacle sector is far_right at 1.22 m and clearance status is blocked.
- Lateral planning hint: left side is clearer.","{""waypoints"":[{""x"":-3.3804113333333343,""y"":19.083332833333333},{""x"":-3.372078000000001,""y"":19.5749995},{""x"":-3.3637446666666673,""y"":20.066666166666668},{""x"":-3.3554113333333344,""y"":20.558332833333335},{""x"":-3.3470780000000007,""y"":21.049999500000002}],""reasoning"":""Selected waypoint 0 moves the reference anchor from 10.39 m to 9.91 m from goal immediately and to 8.01 m by the final waypoint, so progress is 0.48 m selected / 2.38 m final and passes with monotonic goal-distance reduction. Kinematics is evaluated on 5 unique label waypoint(s), excluding consecutive duplicate terminal holds, and checks only that the trajectory stays within the configured bounds speed <= 15.00 m/s and acceleration <= 8.00 m/s^2, so kinematics passes. Goal is not reached within this label waypoint window. Safety passes: minimum clearance 1.61 m against manifest obstacles with 0 violating segment(s).""}",-3.3804113333333343,19.083332833333333,-2.5,-3.372078000000001,19.5749995,-2.5,-3.3637446666666673,20.066666166666668,-2.5,-3.3554113333333344,20.558332833333335,-2.5,-3.3470780000000007,21.049999500000002,-2.5
1773835205.689098597,1773835205.689098597,0.000,offline_ground_truth_window,"Environment section (T(v)):
- Current position NED is (-3.37, 18.84, -2.49) m.
- Current velocity is (0.01, 0.06, 0.01) m/s (speed 0.07 m/s).
- Goal position NED is (-5.55, 28.75, -2.50) m.
- Output contract: predict exactly 5 waypoint x/y pairs in NED. The planner will set every waypoint z to goal z = -2.50 m before execution.
- Goal delta from current state is (-2.17, 9.91, -0.01) m with distance 10.14 m.
- Obstacle pipeline: depth_camera_to_body_to_ned_current_frame.
- Current depth frame obstacle points projected into NED: 172. Nearest depth obstacle in NED is at (-2.91, 19.79, -2.48) m, relative vector (0.46, 0.95, 0.01) m, distance 1.05 m.
- Depth validity fraction is 0.67. Global nearest obstacle distance is 0.76 m.
- Sector minimum distances [far_left, left, center, right, far_right] are [2.12, 4.92, 4.82, 0.94, 0.76] m.
- Nearest obstacle sector is far_right at 0.76 m and clearance status is blocked.
- Lateral planning hint: left side is clearer.","{""waypoints"":[{""x"":-3.372078000000001,""y"":19.5749995},{""x"":-3.3637446666666673,""y"":20.066666166666668},{""x"":-3.3554113333333344,""y"":20.558332833333335},{""x"":-3.3470780000000007,""y"":21.049999500000002},{""x"":-3.3387446666666674,""y"":21.54166616666667}],""reasoning"":""Selected waypoint 0 moves the reference anchor from 9.91 m to 9.43 m from goal immediately and to 7.54 m by the final waypoint, so progress is 0.48 m selected / 2.37 m final and passes with monotonic goal-distance reduction. Kinematics is evaluated on 5 unique label waypoint(s), excluding consecutive duplicate terminal holds, and checks only that the trajectory stays within the configured bounds speed <= 15.00 m/s and acceleration <= 8.00 m/s^2, so kinematics passes. Goal is not reached within this label waypoint window. Safety passes: minimum clearance 1.61 m against manifest obstacles with 0 violating segment(s).""}",-3.372078000000001,19.5749995,-2.5,-3.3637446666666673,20.066666166666668,-2.5,-3.3554113333333344,20.558332833333335,-2.5,-3.3470780000000007,21.049999500000002,-2.5,-3.3387446666666674,21.54166616666667,-2.5
1773835212.540530682,1773835212.540530682,0.000,offline_ground_truth_window,"Environment section (T(v)):
- Current position NED is (-3.37, 19.33, -2.50) m.
- Current velocity is (-0.02, 0.09, 0.01) m/s (speed 0.09 m/s).
- Goal position NED is (-5.55, 28.75, -2.50) m.
- Output contract: predict exactly 5 waypoint x/y pairs in NED. The planner will set every waypoint z to goal z = -2.50 m before execution.
- Goal delta from current state is (-2.18, 9.42, 0.00) m with distance 9.67 m.
- Obstacle pipeline: depth_camera_to_body_to_ned_current_frame.
- Current depth frame obstacle points projected into NED: 99. Nearest depth obstacle in NED is at (-3.02, 20.07, -2.50) m, relative vector (0.35, 0.74, 0.01) m, distance 0.81 m.
- Depth validity fraction is 0.64. Global nearest obstacle distance is 0.56 m.
- Sector minimum distances [far_left, left, center, right, far_right] are [4.95, 4.95, 4.36, 4.41, 0.56] m.
- Nearest obstacle sector is far_right at 0.56 m and clearance status is blocked.
- Lateral planning hint: left side is clearer.","{""waypoints"":[{""x"":-3.3637446666666673,""y"":20.066666166666668},{""x"":-3.3554113333333344,""y"":20.558332833333335},{""x"":-3.3470780000000007,""y"":21.049999500000002},{""x"":-3.3387446666666674,""y"":21.54166616666667},{""x"":-3.330411333333334,""y"":22.033332833333336}],""reasoning"":""Selected waypoint 0 moves the reference anchor from 9.43 m to 8.95 m from goal immediately and to 7.07 m by the final waypoint, so progress is 0.48 m selected / 2.36 m final and passes with monotonic goal-distance reduction. Kinematics is evaluated on 5 unique label waypoint(s), excluding consecutive duplicate terminal holds, and checks only that the trajectory stays within the configured bounds speed <= 15.00 m/s and acceleration <= 8.00 m/s^2, so kinematics passes. Goal is not reached within this label waypoint window. Safety passes: minimum clearance 1.61 m against manifest obstacles with 0 violating segment(s).""}",-3.3637446666666673,20.066666166666668,-2.5,-3.3554113333333344,20.558332833333335,-2.5,-3.3470780000000007,21.049999500000002,-2.5,-3.3387446666666674,21.54166616666667,-2.5,-3.330411333333334,22.033332833333336,-2.5
1773835218.454650402,1773835218.454650402,0.000,offline_ground_truth_window,"Environment section (T(v)):
- Current position NED is (-3.37, 19.82, -2.53) m.
- Current velocity is (-0.00, 0.07, 0.02) m/s (speed 0.07 m/s).
- Goal position NED is (-5.55, 28.75, -2.50) m.
- Output contract: predict exactly 5 waypoint x/y pairs in NED. The planner will set every waypoint z to goal z = -2.50 m before execution.
- Goal delta from current state is (-2.18, 8.93, 0.03) m with distance 9.19 m.
- Obstacle pipeline: depth_camera_to_body_to_ned_current_frame.
- Current depth frame obstacle points projected into NED: 104. Nearest depth obstacle in NED is at (-3.28, 23.84, -2.56) m, relative vector (0.10, 4.02, -0.04) m, distance 4.02 m.
- Depth validity fraction is 0.63. Global nearest obstacle distance is 3.42 m.
- Sector minimum distances [far_left, left, center, right, far_right] are [5.07, 5.07, 3.84, 3.84, 3.42] m.
- Nearest obstacle sector is far_right at 3.42 m and clearance status is clear.
- Lateral planning hint: left side is clearer.","{""waypoints"":[{""x"":-3.3554113333333344,""y"":20.558332833333335},{""x"":-3.3470780000000007,""y"":21.049999500000002},{""x"":-3.3387446666666674,""y"":21.54166616666667},{""x"":-3.330411333333334,""y"":22.033332833333336},{""x"":-3.3220780000000008,""y"":22.524999500000003}],""reasoning"":""Selected waypoint 0 moves the reference anchor from 8.95 m to 8.48 m from goal immediately and to 6.61 m by the final waypoint, so progress is 0.47 m selected / 2.34 m final and passes with monotonic goal-distance reduction. Kinematics is evaluated on 5 unique label waypoint(s), excluding consecutive duplicate terminal holds, and checks only that the trajectory stays within the configured bounds speed <= 15.00 m/s and acceleration <= 8.00 m/s^2, so kinematics passes. Goal is not reached within this label waypoint window. Safety passes: minimum clearance 1.61 m against manifest obstacles with 0 violating segment(s).""}",-3.3554113333333344,20.558332833333335,-2.5,-3.3470780000000007,21.049999500000002,-2.5,-3.3387446666666674,21.54166616666667,-2.5,-3.330411333333334,22.033332833333336,-2.5,-3.3220780000000008,22.524999500000003,-2.5
1773835223.125388384,1773835223.125388384,0.000,offline_ground_truth_window,"Environment section (T(v)):
- Current position NED is (-3.33, 20.32, -2.51) m.
- Current velocity is (-0.00, 0.09, 0.01) m/s (speed 0.09 m/s).
- Goal position NED is (-5.55, 28.75, -2.50) m.
- Output contract: predict exactly 5 waypoint x/y pairs in NED. The planner will set every waypoint z to goal z = -2.50 m before execution.
- Goal delta from current state is (-2.22, 8.43, 0.01) m with distance 8.72 m.
- Obstacle pipeline: depth_camera_to_body_to_ned_current_frame.
- Current depth frame obstacle points projected into NED: 90. Nearest depth obstacle in NED is at (-3.14, 23.84, -2.67) m, relative vector (0.19, 3.52, -0.17) m, distance 3.53 m.
- Depth validity fraction is 0.63. Global nearest obstacle distance is 3.34 m.
- Sector minimum distances [far_left, left, center, right, far_right] are [5.01, 5.01, 3.35, 3.34, 3.45] m.
- Nearest obstacle sector is right at 3.34 m and clearance status is clear.
- Lateral planning hint: left side is clearer.","{""waypoints"":[{""x"":-3.3470780000000007,""y"":21.049999500000002},{""x"":-3.3387446666666674,""y"":21.54166616666667},{""x"":-3.330411333333334,""y"":22.033332833333336},{""x"":-3.3220780000000008,""y"":22.524999500000003},{""x"":-3.3137446666666674,""y"":23.01666616666667}],""reasoning"":""Selected waypoint 0 moves the reference anchor from 8.48 m to 8.01 m from goal immediately and to 6.15 m by the final waypoint, so progress is 0.47 m selected / 2.33 m final and passes with monotonic goal-distance reduction. Kinematics is evaluated on 5 unique label waypoint(s), excluding consecutive duplicate terminal holds, and checks only that the trajectory stays within the configured bounds speed <= 15.00 m/s and acceleration <= 8.00 m/s^2, so kinematics passes. Goal is not reached within this label waypoint window. Safety passes: minimum clearance 1.63 m against manifest obstacles with 0 violating segment(s).""}",-3.3470780000000007,21.049999500000002,-2.5,-3.3387446666666674,21.54166616666667,-2.5,-3.330411333333334,22.033332833333336,-2.5,-3.3220780000000008,22.524999500000003,-2.5,-3.3137446666666674,23.01666616666667,-2.5
1773835229.651477337,1773835229.651477337,0.000,offline_ground_truth_window,"Environment section (T(v)):
- Current position NED is (-3.39, 20.81, -2.52) m.
- Current velocity is (-0.00, 0.08, 0.01) m/s (speed 0.08 m/s).
- Goal position NED is (-5.55, 28.75, -2.50) m.
- Output contract: predict exactly 5 waypoint x/y pairs in NED. The planner will set every waypoint z to goal z = -2.50 m before execution.
- Goal delta from current state is (-2.16, 7.94, 0.02) m with distance 8.23 m.
- Obstacle pipeline: depth_camera_to_body_to_ned_current_frame.
- Current depth frame obstacle points projected into NED: 106. Nearest depth obstacle in NED is at (-3.20, 23.83, -2.49) m, relative vector (0.19, 3.02, 0.02) m, distance 3.03 m.
- Depth validity fraction is 0.65. Global nearest obstacle distance is 2.85 m.
- Sector minimum distances [far_left, left, center, right, far_right] are [4.85, 4.86, 2.87, 2.85, 3.37] m.
- Nearest obstacle sector is right at 2.85 m and clearance status is caution.
- Lateral planning hint: left side is clearer.","{""waypoints"":[{""x"":-3.3387446666666674,""y"":21.54166616666667},{""x"":-3.330411333333334,""y"":22.033332833333336},{""x"":-3.3220780000000008,""y"":22.524999500000003},{""x"":-3.3137446666666674,""y"":23.01666616666667},{""x"":-3.305411333333334,""y"":23.508332833333334}],""reasoning"":""Selected waypoint 0 moves the reference anchor from 8.01 m to 7.54 m from goal immediately and to 5.70 m by the final waypoint, so progress is 0.47 m selected / 2.31 m final and passes with monotonic goal-distance reduction. Kinematics is evaluated on 5 unique label waypoint(s), excluding consecutive duplicate terminal holds, and checks only that the trajectory stays within the configured bounds speed <= 15.00 m/s and acceleration <= 8.00 m/s^2, so kinematics passes. Goal is not reached within this label waypoint window. Safety passes: minimum clearance 1.75 m against manifest obstacles with 0 violating segment(s).""}",-3.3387446666666674,21.54166616666667,-2.5,-3.330411333333334,22.033332833333336,-2.5,-3.3220780000000008,22.524999500000003,-2.5,-3.3137446666666674,23.01666616666667,-2.5,-3.305411333333334,23.508332833333334,-2.5
1773835237.442071676,1773835237.442071676,0.000,offline_ground_truth_window,"Environment section (T(v)):
- Current position NED is (-3.33, 21.30, -2.51) m.
- Current velocity is (0.01, 0.06, 0.00) m/s (speed 0.06 m/s).
- Goal position NED is (-5.55, 28.75, -2.50) m.
- Output contract: predict exactly 5 waypoint x/y pairs in NED. The planner will set every waypoint z to goal z = -2.50 m before execution.
- Goal delta from current state is (-2.22, 7.45, 0.01) m with distance 7.78 m.
- Obstacle pipeline: depth_camera_to_body_to_ned_current_frame.
- Current depth frame obstacle points projected into NED: 118. Nearest depth obstacle in NED is at (-2.99, 23.85, -2.54) m, relative vector (0.34, 2.55, -0.03) m, distance 2.58 m.
- Depth validity fraction is 0.64. Global nearest obstacle distance is 2.37 m.
- Sector minimum distances [far_left, left, center, right, far_right] are [4.88, 4.88, 2.50, 2.37, 3.50] m.
- Nearest obstacle sector is right at 2.37 m and clearance status is caution.
- Lateral planning hint: left side is clearer.","{""waypoints"":[{""x"":-3.330411333333334,""y"":22.033332833333336},{""x"":-3.3220780000000008,""y"":22.524999500000003},{""x"":-3.3137446666666674,""y"":23.01666616666667},{""x"":-3.305411333333334,""y"":23.508332833333334},{""x"":-3.297078000000001,""y"":23.9999995}],""reasoning"":""Selected waypoint 0 moves the reference anchor from 7.54 m to 7.07 m from goal immediately and to 5.26 m by the final waypoint, so progress is 0.47 m selected / 2.28 m final and passes with monotonic goal-distance reduction. Kinematics is evaluated on 5 unique label waypoint(s), excluding consecutive duplicate terminal holds, and checks only that the trajectory stays within the configured bounds speed <= 15.00 m/s and acceleration <= 8.00 m/s^2, so kinematics passes. Goal is not reached within this label waypoint window. Safety passes: minimum clearance 1.98 m against manifest obstacles with 0 violating segment(s).""}",-3.330411333333334,22.033332833333336,-2.5,-3.3220780000000008,22.524999500000003,-2.5,-3.3137446666666674,23.01666616666667,-2.5,-3.305411333333334,23.508332833333334,-2.5,-3.297078000000001,23.9999995,-2.5
1773835243.352724075,1773835243.352724075,0.000,offline_ground_truth_window,"Environment section (T(v)):
- Current position NED is (-3.32, 21.79, -2.47) m.
- Current velocity is (-0.01, 0.08, -0.01) m/s (speed 0.08 m/s).
- Goal position NED is (-5.55, 28.75, -2.50) m.
- Output contract: predict exactly 5 waypoint x/y pairs in NED. The planner will set every waypoint z to goal z = -2.50 m before execution.
- Goal delta from current state is (-2.23, 6.96, -0.03) m with distance 7.31 m.
- Obstacle pipeline: depth_camera_to_body_to_ned_current_frame.
- Current depth frame obstacle points projected into NED: 115. Nearest depth obstacle in NED is at (-2.97, 23.86, -2.50) m, relative vector (0.34, 2.07, -0.02) m, distance 2.10 m.
- Depth validity fraction is 0.65. Global nearest obstacle distance is 1.88 m.
- Sector minimum distances [far_left, left, center, right, far_right] are [4.83, 4.83, 2.17, 1.88, 1.94] m.
- Nearest obstacle sector is right at 1.88 m and clearance status is caution.
- Lateral planning hint: left side is clearer.","{""waypoints"":[{""x"":-3.3220780000000008,""y"":22.524999500000003},{""x"":-3.3137446666666674,""y"":23.01666616666667},{""x"":-3.305411333333334,""y"":23.508332833333334},{""x"":-3.297078000000001,""y"":23.9999995},{""x"":-3.5016234545454554,""y"":24.431817681818185}],""reasoning"":""Selected waypoint 0 moves the reference anchor from 7.07 m to 6.61 m from goal immediately and to 4.78 m by the final waypoint, so progress is 0.46 m selected / 2.29 m final and passes with monotonic goal-distance reduction. Kinematics is evaluated on 5 unique label waypoint(s), excluding consecutive duplicate terminal holds, and checks only that the trajectory stays within the configured bounds speed <= 15.00 m/s and acceleration <= 8.00 m/s^2, so kinematics passes. Goal is not reached within this label waypoint window. Safety passes: minimum clearance 2.28 m against manifest obstacles with 0 violating segment(s).""}",-3.3220780000000008,22.524999500000003,-2.5,-3.3137446666666674,23.01666616666667,-2.5,-3.305411333333334,23.508332833333334,-2.5,-3.297078000000001,23.9999995,-2.5,-3.5016234545454554,24.431817681818185,-2.5
1773835248.703946590,1773835248.703946590,0.000,offline_ground_truth_window,"Environment section (T(v)):
- Current position NED is (-3.31, 22.28, -2.50) m.
- Current velocity is (-0.00, 0.06, 0.01) m/s (speed 0.06 m/s).
- Goal position NED is (-5.55, 28.75, -2.50) m.
- Output contract: predict exactly 5 waypoint x/y pairs in NED. The planner will set every waypoint z to goal z = -2.50 m before execution.
- Goal delta from current state is (-2.23, 6.47, -0.00) m with distance 6.84 m.
- Obstacle pipeline: depth_camera_to_body_to_ned_current_frame.
- Current depth frame obstacle points projected into NED: 156. Nearest depth obstacle in NED is at (-2.90, 23.85, -2.42) m, relative vector (0.41, 1.57, 0.08) m, distance 1.63 m.
- Depth validity fraction is 0.66. Global nearest obstacle distance is 1.38 m.
- Sector minimum distances [far_left, left, center, right, far_right] are [4.87, 4.87, 4.87, 1.38, 1.38] m.
- Nearest obstacle sector is far_right at 1.38 m and clearance status is blocked.
- Lateral planning hint: left side is clearer.","{""waypoints"":[{""x"":-3.3137446666666674,""y"":23.01666616666667},{""x"":-3.305411333333334,""y"":23.508332833333334},{""x"":-3.297078000000001,""y"":23.9999995},{""x"":-3.5016234545454554,""y"":24.431817681818185},{""x"":-3.70616890909091,""y"":24.863635863636365}],""reasoning"":""Selected waypoint 0 moves the reference anchor from 6.61 m to 6.15 m from goal immediately and to 4.30 m by the final waypoint, so progress is 0.46 m selected / 2.31 m final and passes with monotonic goal-distance reduction. Kinematics is evaluated on 5 unique label waypoint(s), excluding consecutive duplicate terminal holds, and checks only that the trajectory stays within the configured bounds speed <= 15.00 m/s and acceleration <= 8.00 m/s^2, so kinematics passes. Goal is not reached within this label waypoint window. Safety passes: minimum clearance 2.63 m against manifest obstacles with 0 violating segment(s).""}",-3.3137446666666674,23.01666616666667,-2.5,-3.305411333333334,23.508332833333334,-2.5,-3.297078000000001,23.9999995,-2.5,-3.5016234545454554,24.431817681818185,-2.5,-3.70616890909091,24.863635863636365,-2.5
1773835254.722239971,1773835254.722239971,0.000,offline_ground_truth_window,"Environment section (T(v)):
- Current position NED is (-3.34, 22.77, -2.49) m.
- Current velocity is (0.01, 0.08, 0.01) m/s (speed 0.09 m/s).
- Goal position NED is (-5.55, 28.75, -2.50) m.
- Output contract: predict exactly 5 waypoint x/y pairs in NED. The planner will set every waypoint z to goal z = -2.50 m before execution.
- Goal delta from current state is (-2.21, 5.98, -0.01) m with distance 6.37 m.
- Obstacle pipeline: depth_camera_to_body_to_ned_current_frame.
- Current depth frame obstacle points projected into NED: 194. Nearest depth obstacle in NED is at (-2.93, 23.87, -2.49) m, relative vector (0.41, 1.10, -0.01) m, distance 1.18 m.
- Depth validity fraction is 0.68. Global nearest obstacle distance is 0.89 m.
- Sector minimum distances [far_left, left, center, right, far_right] are [4.92, 4.92, 4.92, 0.98, 0.89] m.
- Nearest obstacle sector is far_right at 0.89 m and clearance status is blocked.
- Lateral planning hint: left side is clearer.","{""waypoints"":[{""x"":-3.305411333333334,""y"":23.508332833333334},{""x"":-3.297078000000001,""y"":23.9999995},{""x"":-3.5016234545454554,""y"":24.431817681818185},{""x"":-3.70616890909091,""y"":24.863635863636365},{""x"":-3.910714363636364,""y"":25.295454045454548}],""reasoning"":""Selected waypoint 0 moves the reference anchor from 6.15 m to 5.70 m from goal immediately and to 3.82 m by the final waypoint, so progress is 0.45 m selected / 2.33 m final and passes with monotonic goal-distance reduction. Kinematics is evaluated on 5 unique label waypoint(s), excluding consecutive duplicate terminal holds, and checks only that the trajectory stays within the configured bounds speed <= 15.00 m/s and acceleration <= 8.00 m/s^2, so kinematics passes. Goal is not reached within this label waypoint window. Safety passes: minimum clearance 3.01 m against manifest obstacles with 0 violating segment(s).""}",-3.305411333333334,23.508332833333334,-2.5,-3.297078000000001,23.9999995,-2.5,-3.5016234545454554,24.431817681818185,-2.5,-3.70616890909091,24.863635863636365,-2.5,-3.910714363636364,25.295454045454548,-2.5
1773835260.035401344,1773835260.035401344,0.000,offline_ground_truth_window,"Environment section (T(v)):
- Current position NED is (-3.31, 23.27, -2.49) m.
- Current velocity is (-0.00, 0.14, 0.00) m/s (speed 0.14 m/s).
- Goal position NED is (-5.55, 28.75, -2.50) m.
- Output contract: predict exactly 5 waypoint x/y pairs in NED. The planner will set every waypoint z to goal z = -2.50 m before execution.
- Goal delta from current state is (-2.24, 5.48, -0.01) m with distance 5.92 m.
- Obstacle pipeline: depth_camera_to_body_to_ned_current_frame.
- Current depth frame obstacle points projected into NED: 174. Nearest depth obstacle in NED is at (-2.96, 23.99, -2.49) m, relative vector (0.35, 0.72, -0.00) m, distance 0.80 m.
- Depth validity fraction is 0.67. Global nearest obstacle distance is 0.56 m.
- Sector minimum distances [far_left, left, center, right, far_right] are [4.96, 4.96, 4.95, 0.81, 0.56] m.
- Nearest obstacle sector is far_right at 0.56 m and clearance status is blocked.
- Lateral planning hint: left side is clearer.","{""waypoints"":[{""x"":-3.297078000000001,""y"":23.9999995},{""x"":-3.5016234545454554,""y"":24.431817681818185},{""x"":-3.70616890909091,""y"":24.863635863636365},{""x"":-3.910714363636364,""y"":25.295454045454548},{""x"":-4.115259818181819,""y"":25.727272227272728}],""reasoning"":""Selected waypoint 0 moves the reference anchor from 5.70 m to 5.26 m from goal immediately and to 3.34 m by the final waypoint, so progress is 0.44 m selected / 2.36 m final and passes with monotonic goal-distance reduction. Kinematics is evaluated on 5 unique label waypoint(s), excluding consecutive duplicate terminal holds, and checks only that the trajectory stays within the configured bounds speed <= 15.00 m/s and acceleration <= 8.00 m/s^2, so kinematics passes. Goal is not reached within this label waypoint window. Safety passes: minimum clearance 3.42 m against manifest obstacles with 0 violating segment(s).""}",-3.297078000000001,23.9999995,-2.5,-3.5016234545454554,24.431817681818185,-2.5,-3.70616890909091,24.863635863636365,-2.5,-3.910714363636364,25.295454045454548,-2.5,-4.115259818181819,25.727272227272728,-2.5
1773835265.040785074,1773835265.040785074,0.000,offline_ground_truth_window,"Environment section (T(v)):
- Current position NED is (-3.31, 23.76, -2.49) m.
- Current velocity is (-0.01, 0.09, -0.00) m/s (speed 0.09 m/s).
- Goal position NED is (-5.55, 28.75, -2.50) m.
- Output contract: predict exactly 5 waypoint x/y pairs in NED. The planner will set every waypoint z to goal z = -2.50 m before execution.
- Goal delta from current state is (-2.23, 4.99, -0.01) m with distance 5.47 m.
- Obstacle pipeline: depth_camera_to_body_to_ned_current_frame.
- Current depth frame obstacle points projected into NED: 112. Nearest depth obstacle in NED is at (-1.06, 27.60, -2.64) m, relative vector (2.26, 3.84, -0.15) m, distance 4.46 m.
- Depth validity fraction is 0.68. Global nearest obstacle distance is 3.48 m.
- Sector minimum distances [far_left, left, center, right, far_right] are [4.83, 4.84, 4.84, 4.85, 3.48] m.
- Nearest obstacle sector is far_right at 3.48 m and clearance status is clear.
- Lateral planning hint: left side is clearer.","{""waypoints"":[{""x"":-3.5016234545454554,""y"":24.431817681818185},{""x"":-3.70616890909091,""y"":24.863635863636365},{""x"":-3.910714363636364,""y"":25.295454045454548},{""x"":-4.115259818181819,""y"":25.727272227272728},{""x"":-4.319805272727273,""y"":26.15909040909091}],""reasoning"":""Selected waypoint 0 moves the reference anchor from 5.26 m to 4.78 m from goal immediately and to 2.87 m by the final waypoint, so progress is 0.48 m selected / 2.39 m final and passes with monotonic goal-distance reduction. Kinematics is evaluated on 5 unique label waypoint(s), excluding consecutive duplicate terminal holds, and checks only that the trajectory stays within the configured bounds speed <= 15.00 m/s and acceleration <= 8.00 m/s^2, so kinematics passes. Goal is not reached within this label waypoint window. Safety passes: minimum clearance 3.85 m against manifest obstacles with 0 violating segment(s).""}",-3.5016234545454554,24.431817681818185,-2.5,-3.70616890909091,24.863635863636365,-2.5,-3.910714363636364,25.295454045454548,-2.5,-4.115259818181819,25.727272227272728,-2.5,-4.319805272727273,26.15909040909091,-2.5
1773835276.027021170,1773835276.027021170,0.000,offline_ground_truth_window,"Environment section (T(v)):
- Current position NED is (-3.39, 24.23, -2.51) m.
- Current velocity is (-0.11, 0.21, -0.08) m/s (speed 0.25 m/s).
- Goal position NED is (-5.55, 28.75, -2.50) m.
- Output contract: predict exactly 5 waypoint x/y pairs in NED. The planner will set every waypoint z to goal z = -2.50 m before execution.
- Goal delta from current state is (-2.16, 4.52, 0.01) m with distance 5.01 m.
- Obstacle pipeline: depth_camera_to_body_to_ned_current_frame.
- Current depth frame obstacle points projected into NED: 55. Nearest depth obstacle in NED is at (-3.30, 21.22, -2.17) m, relative vector (0.08, -3.01, 0.34) m, distance 3.03 m.
- Depth validity fraction is 0.56. Global nearest obstacle distance is 2.77 m.
- Sector minimum distances [far_left, left, center, right, far_right] are [3.37, 4.78, 4.79, 2.77, 4.81] m.
- Nearest obstacle sector is right at 2.77 m and clearance status is caution.
- Lateral planning hint: prefer center progress.","{""waypoints"":[{""x"":-3.70616890909091,""y"":24.863635863636365},{""x"":-3.910714363636364,""y"":25.295454045454548},{""x"":-4.115259818181819,""y"":25.727272227272728},{""x"":-4.319805272727273,""y"":26.15909040909091},{""x"":-4.5243507272727275,""y"":26.59090859090909}],""reasoning"":""Selected waypoint 0 moves the reference anchor from 4.78 m to 4.30 m from goal immediately and to 2.39 m by the final waypoint, so progress is 0.48 m selected / 2.39 m final and passes with monotonic goal-distance reduction. Kinematics is evaluated on 5 unique label waypoint(s), excluding consecutive duplicate terminal holds, and checks only that the trajectory stays within the configured bounds speed <= 15.00 m/s and acceleration <= 8.00 m/s^2, so kinematics passes. Goal is not reached within this label waypoint window. Safety passes: minimum clearance 4.12 m against manifest obstacles with 0 violating segment(s).""}",-3.70616890909091,24.863635863636365,-2.5,-3.910714363636364,25.295454045454548,-2.5,-4.115259818181819,25.727272227272728,-2.5,-4.319805272727273,26.15909040909091,-2.5,-4.5243507272727275,26.59090859090909,-2.5
1773835278.924487591,1773835278.924487591,0.000,offline_ground_truth_window,"Environment section (T(v)):
- Current position NED is (-3.67, 24.62, -2.58) m.
- Current velocity is (-0.10, 0.18, -0.00) m/s (speed 0.21 m/s).
- Goal position NED is (-5.55, 28.75, -2.50) m.
- Output contract: predict exactly 5 waypoint x/y pairs in NED. The planner will set every waypoint z to goal z = -2.50 m before execution.
- Goal delta from current state is (-1.88, 4.13, 0.08) m with distance 4.54 m.
- Obstacle pipeline: depth_camera_to_body_to_ned_current_frame.
- Current depth frame obstacle points projected into NED: 33. Nearest depth obstacle in NED is at (-4.42, 21.20, -2.24) m, relative vector (-0.75, -3.42, 0.33) m, distance 3.52 m.
- Depth validity fraction is 0.50. Global nearest obstacle distance is 3.11 m.
- Sector minimum distances [far_left, left, center, right, far_right] are [4.98, 4.01, 4.96, 3.11, 3.11] m.
- Nearest obstacle sector is far_right at 3.11 m and clearance status is clear.
- Lateral planning hint: left side is clearer.","{""waypoints"":[{""x"":-3.910714363636364,""y"":25.295454045454548},{""x"":-4.115259818181819,""y"":25.727272227272728},{""x"":-4.319805272727273,""y"":26.15909040909091},{""x"":-4.5243507272727275,""y"":26.59090859090909},{""x"":-4.7288961818181825,""y"":27.022726772727275}],""reasoning"":""Selected waypoint 0 moves the reference anchor from 4.30 m to 3.82 m from goal immediately and to 1.91 m by the final waypoint, so progress is 0.48 m selected / 2.39 m final and passes with monotonic goal-distance reduction. Kinematics is evaluated on 5 unique label waypoint(s), excluding consecutive duplicate terminal holds, and checks only that the trajectory stays within the configured bounds speed <= 15.00 m/s and acceleration <= 8.00 m/s^2, so kinematics passes. Goal is not reached within this label waypoint window. Safety passes: minimum clearance 4.12 m against manifest obstacles with 0 violating segment(s).""}",-3.910714363636364,25.295454045454548,-2.5,-4.115259818181819,25.727272227272728,-2.5,-4.319805272727273,26.15909040909091,-2.5,-4.5243507272727275,26.59090859090909,-2.5,-4.7288961818181825,27.022726772727275,-2.5
1773835282.306745291,1773835282.306745291,0.000,offline_ground_truth_window,"Environment section (T(v)):
- Current position NED is (-3.88, 25.05, -2.57) m.
- Current velocity is (-0.08, 0.17, 0.01) m/s (speed 0.19 m/s).
- Goal position NED is (-5.55, 28.75, -2.50) m.
- Output contract: predict exactly 5 waypoint x/y pairs in NED. The planner will set every waypoint z to goal z = -2.50 m before execution.
- Goal delta from current state is (-1.66, 3.70, 0.07) m with distance 4.06 m.
- Obstacle pipeline: depth_camera_to_body_to_ned_current_frame.
- Current depth frame obstacle points projected into NED: 25. Nearest depth obstacle in NED is at (-4.98, 21.22, -2.59) m, relative vector (-1.09, -3.83, -0.01) m, distance 3.99 m.
- Depth validity fraction is 0.49. Global nearest obstacle distance is 3.50 m.
- Sector minimum distances [far_left, left, center, right, far_right] are [4.95, 4.53, 4.83, 3.53, 3.50] m.
- Nearest obstacle sector is far_right at 3.50 m and clearance status is clear.
- Lateral planning hint: left side is clearer.","{""waypoints"":[{""x"":-4.115259818181819,""y"":25.727272227272728},{""x"":-4.319805272727273,""y"":26.15909040909091},{""x"":-4.5243507272727275,""y"":26.59090859090909},{""x"":-4.7288961818181825,""y"":27.022726772727275},{""x"":-4.9334416363636375,""y"":27.454544954545455}],""reasoning"":""Selected waypoint 0 moves the reference anchor from 3.82 m to 3.34 m from goal immediately and to 1.43 m by the final waypoint, so progress is 0.48 m selected / 2.39 m final and passes with monotonic goal-distance reduction. Kinematics is evaluated on 5 unique label waypoint(s), excluding consecutive duplicate terminal holds, and checks only that the trajectory stays within the configured bounds speed <= 15.00 m/s and acceleration <= 8.00 m/s^2, so kinematics passes. Goal is not reached within this label waypoint window. Safety passes: minimum clearance 4.13 m against manifest obstacles with 0 violating segment(s).""}",-4.115259818181819,25.727272227272728,-2.5,-4.319805272727273,26.15909040909091,-2.5,-4.5243507272727275,26.59090859090909,-2.5,-4.7288961818181825,27.022726772727275,-2.5,-4.9334416363636375,27.454544954545455,-2.5
1773835287.729225636,1773835287.729225636,0.000,offline_ground_truth_window,"Environment section (T(v)):
- Current position NED is (-4.08, 25.48, -2.53) m.
- Current velocity is (-0.02, 0.05, 0.01) m/s (speed 0.05 m/s).
- Goal position NED is (-5.55, 28.75, -2.50) m.
- Output contract: predict exactly 5 waypoint x/y pairs in NED. The planner will set every waypoint z to goal z = -2.50 m before execution.
- Goal delta from current state is (-1.46, 3.27, 0.03) m with distance 3.58 m.
- Obstacle pipeline: depth_camera_to_body_to_ned_current_frame.
- Current depth frame obstacle points projected into NED: 19. Nearest depth obstacle in NED is at (-5.62, 21.21, -2.50) m, relative vector (-1.53, -4.27, 0.04) m, distance 4.54 m.
- Depth validity fraction is 0.48. Global nearest obstacle distance is 3.96 m.
- Sector minimum distances [far_left, left, center, right, far_right] are [4.65, 4.89, 4.89, 3.99, 3.96] m.
- Nearest obstacle sector is far_right at 3.96 m and clearance status is clear.
- Lateral planning hint: left side is clearer.","{""waypoints"":[{""x"":-4.319805272727273,""y"":26.15909040909091},{""x"":-4.5243507272727275,""y"":26.59090859090909},{""x"":-4.7288961818181825,""y"":27.022726772727275},{""x"":-4.9334416363636375,""y"":27.454544954545455},{""x"":-5.137987090909092,""y"":27.886363136363638}],""reasoning"":""Selected waypoint 0 moves the reference anchor from 3.34 m to 2.87 m from goal immediately and to 0.96 m by the final waypoint, so progress is 0.48 m selected / 2.39 m final and passes with monotonic goal-distance reduction. Kinematics is evaluated on 5 unique label waypoint(s), excluding consecutive duplicate terminal holds, and checks only that the trajectory stays within the configured bounds speed <= 15.00 m/s and acceleration <= 8.00 m/s^2, so kinematics passes. Goal is not reached within this label waypoint window. Safety passes: minimum clearance 3.89 m against manifest obstacles with 0 violating segment(s).""}",-4.319805272727273,26.15909040909091,-2.5,-4.5243507272727275,26.59090859090909,-2.5,-4.7288961818181825,27.022726772727275,-2.5,-4.9334416363636375,27.454544954545455,-2.5,-5.137987090909092,27.886363136363638,-2.5
1773835293.794926882,1773835293.794926882,0.000,offline_ground_truth_window,"Environment section (T(v)):
- Current position NED is (-4.27, 25.92, -2.52) m.
- Current velocity is (-0.04, 0.11, 0.01) m/s (speed 0.12 m/s).
- Goal position NED is (-5.55, 28.75, -2.50) m.
- Output contract: predict exactly 5 waypoint x/y pairs in NED. The planner will set every waypoint z to goal z = -2.50 m before execution.
- Goal delta from current state is (-1.28, 2.83, 0.02) m with distance 3.10 m.
- Obstacle pipeline: depth_camera_to_body_to_ned_current_frame.
- Current depth frame obstacle points projected into NED: 29. Nearest depth obstacle in NED is at (-5.70, 21.17, -2.43) m, relative vector (-1.42, -4.75, 0.09) m, distance 4.96 m.
- Depth validity fraction is 0.47. Global nearest obstacle distance is 4.40 m.
- Sector minimum distances [far_left, left, center, right, far_right] are [4.40, 4.98, 4.97, 4.42, 4.41] m.
- Nearest obstacle sector is far_left at 4.40 m and clearance status is clear.
- Lateral planning hint: prefer center progress.","{""waypoints"":[{""x"":-4.5243507272727275,""y"":26.59090859090909},{""x"":-4.7288961818181825,""y"":27.022726772727275},{""x"":-4.9334416363636375,""y"":27.454544954545455},{""x"":-5.137987090909092,""y"":27.886363136363638},{""x"":-5.342532545454546,""y"":28.318181318181818}],""reasoning"":""Selected waypoint 0 moves the reference anchor from 2.87 m to 2.39 m from goal immediately and to 0.48 m by the final waypoint, so progress is 0.48 m selected / 2.39 m final and passes with monotonic goal-distance reduction. Kinematics is evaluated on 5 unique label waypoint(s), excluding consecutive duplicate terminal holds, and checks only that the trajectory stays within the configured bounds speed <= 15.00 m/s and acceleration <= 8.00 m/s^2, so kinematics passes. Goal is not reached within this label waypoint window. Safety passes: minimum clearance 3.56 m against manifest obstacles with 0 violating segment(s).""}",-4.5243507272727275,26.59090859090909,-2.5,-4.7288961818181825,27.022726772727275,-2.5,-4.9334416363636375,27.454544954545455,-2.5,-5.137987090909092,27.886363136363638,-2.5,-5.342532545454546,28.318181318181818,-2.5
1773835299.310921669,1773835299.310921669,0.000,offline_ground_truth_window,"Environment section (T(v)):
- Current position NED is (-4.41, 26.39, -2.51) m.
- Current velocity is (-0.04, 0.06, 0.01) m/s (speed 0.07 m/s).
- Goal position NED is (-5.55, 28.75, -2.50) m.
- Output contract: predict exactly 5 waypoint x/y pairs in NED. The planner will set every waypoint z to goal z = -2.50 m before execution.
- Goal delta from current state is (-1.14, 2.36, 0.01) m with distance 2.62 m.
- Obstacle pipeline: depth_camera_to_body_to_ned_current_frame.
- Current depth frame obstacle points projected into NED: 13. Nearest depth obstacle in NED is at (-5.80, 21.14, -2.22) m, relative vector (-1.39, -5.24, 0.29) m, distance 5.43 m.
- Depth validity fraction is 0.47. Global nearest obstacle distance is 4.14 m.
- Sector minimum distances [far_left, left, center, right, far_right] are [4.14, 4.84, 4.84, 4.84, 4.84] m.
- Nearest obstacle sector is far_left at 4.14 m and clearance status is clear.
- Lateral planning hint: prefer center progress.","{""waypoints"":[{""x"":-4.7288961818181825,""y"":27.022726772727275},{""x"":-4.9334416363636375,""y"":27.454544954545455},{""x"":-5.137987090909092,""y"":27.886363136363638},{""x"":-5.342532545454546,""y"":28.318181318181818},{""x"":-5.547078000000001,""y"":28.7499995}],""reasoning"":""Selected waypoint 0 moves the reference anchor from 2.39 m to 1.91 m from goal immediately and to 0.00 m by the final waypoint, so progress is 0.48 m selected / 2.39 m final and passes with monotonic goal-distance reduction. Kinematics is evaluated on 5 unique label waypoint(s), excluding consecutive duplicate terminal holds, and checks only that the trajectory stays within the configured bounds speed <= 15.00 m/s and acceleration <= 8.00 m/s^2, so kinematics passes. Goal will be reached in 5 waypoint(s) within 0.35 m tolerance. Safety passes: minimum clearance 3.21 m against manifest obstacles with 0 violating segment(s).""}",-4.7288961818181825,27.022726772727275,-2.5,-4.9334416363636375,27.454544954545455,-2.5,-5.137987090909092,27.886363136363638,-2.5,-5.342532545454546,28.318181318181818,-2.5,-5.547078000000001,28.7499995,-2.5
1773835305.345463514,1773835305.345463514,0.000,offline_ground_truth_window,"Environment section (T(v)):
- Current position NED is (-4.66, 26.79, -2.50) m.
- Current velocity is (-0.03, 0.07, 0.01) m/s (speed 0.08 m/s).
- Goal position NED is (-5.55, 28.75, -2.50) m.
- Output contract: predict exactly 5 waypoint x/y pairs in NED. The planner will set every waypoint z to goal z = -2.50 m before execution.
- Goal delta from current state is (-0.89, 1.96, -0.00) m with distance 2.15 m.
- Obstacle pipeline: depth_camera_to_body_to_ned_current_frame.
- Current depth frame obstacle points projected into NED: 17. Nearest depth obstacle in NED is at (-6.15, 21.08, -2.35) m, relative vector (-1.49, -5.71, 0.15) m, distance 5.91 m.
- Depth validity fraction is 0.48. Global nearest obstacle distance is 3.90 m.
- Sector minimum distances [far_left, left, center, right, far_right] are [3.90, 4.78, 4.77, 4.76, 4.75] m.
- Nearest obstacle sector is far_left at 3.90 m and clearance status is clear.
- Lateral planning hint: right side is clearer.","{""waypoints"":[{""x"":-5.547078000000001,""y"":28.7499995},{""x"":-5.547078000000001,""y"":28.7499995},{""x"":-5.547078000000001,""y"":28.7499995},{""x"":-5.547078000000001,""y"":28.7499995},{""x"":-5.547078000000001,""y"":28.7499995}],""reasoning"":""Selected waypoint 0 moves the reference anchor from 1.91 m to 0.00 m from goal immediately and to 0.00 m by the final waypoint, so progress is 1.91 m selected / 1.91 m final and passes with monotonic goal-distance reduction. Kinematics is evaluated on 1 unique label waypoint(s), excluding consecutive duplicate terminal holds, and checks only that the trajectory stays within the configured bounds speed <= 15.00 m/s and acceleration <= 8.00 m/s^2, so kinematics passes. Goal will be reached in 1 waypoint(s) within 0.35 m tolerance. Safety passes: minimum clearance 3.21 m against manifest obstacles with 0 violating segment(s).""}",-5.547078000000001,28.7499995,-2.5,-5.547078000000001,28.7499995,-2.5,-5.547078000000001,28.7499995,-2.5,-5.547078000000001,28.7499995,-2.5,-5.547078000000001,28.7499995,-2.5
1773835311.484378338,1773835311.484378338,0.000,offline_ground_truth_window,"Environment section (T(v)):
- Current position NED is (-4.84, 27.23, -2.50) m.
- Current velocity is (-0.03, 0.06, 0.01) m/s (speed 0.07 m/s).
- Goal position NED is (-5.55, 28.75, -2.50) m.
- Output contract: predict exactly 5 waypoint x/y pairs in NED. The planner will set every waypoint z to goal z = -2.50 m before execution.
- Goal delta from current state is (-0.71, 1.52, 0.00) m with distance 1.67 m.
- Obstacle pipeline: depth_camera_to_body_to_ned_current_frame.
- Current depth frame obstacle points projected into NED: 10. Nearest depth obstacle in NED is at (-6.39, 21.07, -2.41) m, relative vector (-1.55, -6.17, 0.09) m, distance 6.36 m.
- Depth validity fraction is 0.46. Global nearest obstacle distance is 3.97 m.
- Sector minimum distances [far_left, left, center, right, far_right] are [3.97, 4.86, 4.86, 4.85, 4.85] m.
- Nearest obstacle sector is far_left at 3.97 m and clearance status is clear.
- Lateral planning hint: right side is clearer.","{""waypoints"":[{""x"":-5.547078000000001,""y"":28.7499995},{""x"":-5.547078000000001,""y"":28.7499995},{""x"":-5.547078000000001,""y"":28.7499995},{""x"":-5.547078000000001,""y"":28.7499995},{""x"":-5.547078000000001,""y"":28.7499995}],""reasoning"":""Selected waypoint 0 moves the reference anchor from 1.43 m to 0.00 m from goal immediately and to 0.00 m by the final waypoint, so progress is 1.43 m selected / 1.43 m final and passes with monotonic goal-distance reduction. Kinematics is evaluated on 1 unique label waypoint(s), excluding consecutive duplicate terminal holds, and checks only that the trajectory stays within the configured bounds speed <= 15.00 m/s and acceleration <= 8.00 m/s^2, so kinematics passes. Goal will be reached in 1 waypoint(s) within 0.35 m tolerance. Safety passes: minimum clearance 3.21 m against manifest obstacles with 0 violating segment(s).""}",-5.547078000000001,28.7499995,-2.5,-5.547078000000001,28.7499995,-2.5,-5.547078000000001,28.7499995,-2.5,-5.547078000000001,28.7499995,-2.5,-5.547078000000001,28.7499995,-2.5
1773835318.325693607,1773835318.325693607,0.000,offline_ground_truth_window,"Environment section (T(v)):
- Current position NED is (-5.01, 27.68, -2.49) m.
- Current velocity is (-0.04, 0.08, 0.00) m/s (speed 0.09 m/s).
- Goal position NED is (-5.55, 28.75, -2.50) m.
- Output contract: predict exactly 5 waypoint x/y pairs in NED. The planner will set every waypoint z to goal z = -2.50 m before execution.
- Goal delta from current state is (-0.53, 1.07, -0.01) m with distance 1.19 m.
- Obstacle pipeline: depth_camera_to_body_to_ned_current_frame.
- Current depth frame obstacle points projected into NED: 4. Nearest depth obstacle in NED is at (-6.46, 20.94, -2.26) m, relative vector (-1.45, -6.74, 0.23) m, distance 6.90 m.
- Depth validity fraction is 0.45. Global nearest obstacle distance is 3.94 m.
- Sector minimum distances [far_left, left, center, right, far_right] are [3.94, 4.84, 4.84, 4.85, 4.85] m.
- Nearest obstacle sector is far_left at 3.94 m and clearance status is clear.
- Lateral planning hint: right side is clearer.","{""waypoints"":[{""x"":-5.547078000000001,""y"":28.7499995},{""x"":-5.547078000000001,""y"":28.7499995},{""x"":-5.547078000000001,""y"":28.7499995},{""x"":-5.547078000000001,""y"":28.7499995},{""x"":-5.547078000000001,""y"":28.7499995}],""reasoning"":""Selected waypoint 0 moves the reference anchor from 0.96 m to 0.00 m from goal immediately and to 0.00 m by the final waypoint, so progress is 0.96 m selected / 0.96 m final and passes with monotonic goal-distance reduction. Kinematics is evaluated on 1 unique label waypoint(s), excluding consecutive duplicate terminal holds, and checks only that the trajectory stays within the configured bounds speed <= 15.00 m/s and acceleration <= 8.00 m/s^2, so kinematics passes. Goal will be reached in 1 waypoint(s) within 0.35 m tolerance. Safety passes: minimum clearance 3.21 m against manifest obstacles with 0 violating segment(s).""}",-5.547078000000001,28.7499995,-2.5,-5.547078000000001,28.7499995,-2.5,-5.547078000000001,28.7499995,-2.5,-5.547078000000001,28.7499995,-2.5,-5.547078000000001,28.7499995,-2.5
1773835323.282673597,1773835323.282673597,0.000,offline_ground_truth_window,"Environment section (T(v)):
- Current position NED is (-5.25, 28.10, -2.49) m.
- Current velocity is (-0.04, 0.07, -0.00) m/s (speed 0.08 m/s).
- Goal position NED is (-5.55, 28.75, -2.50) m.
- Output contract: predict exactly 5 waypoint x/y pairs in NED. The planner will set every waypoint z to goal z = -2.50 m before execution.
- Goal delta from current state is (-0.30, 0.65, -0.01) m with distance 0.72 m.
- Obstacle pipeline: depth_camera_to_body_to_ned_current_frame.
- Current depth frame obstacle points projected into NED: 10. Nearest depth obstacle in NED is at (-6.88, 20.95, -2.69) m, relative vector (-1.63, -7.15, -0.21) m, distance 7.33 m.
- Depth validity fraction is 0.44. Global nearest obstacle distance is 4.01 m.
- Sector minimum distances [far_left, left, center, right, far_right] are [4.01, 4.92, 4.92, 4.92, 4.92] m.
- Nearest obstacle sector is far_left at 4.01 m and clearance status is clear.
- Lateral planning hint: right side is clearer.","{""waypoints"":[{""x"":-5.547078000000001,""y"":28.7499995},{""x"":-5.547078000000001,""y"":28.7499995},{""x"":-5.547078000000001,""y"":28.7499995},{""x"":-5.547078000000001,""y"":28.7499995},{""x"":-5.547078000000001,""y"":28.7499995}],""reasoning"":""Selected waypoint 0 moves the reference anchor from 0.48 m to 0.00 m from goal immediately and to 0.00 m by the final waypoint, so progress is 0.48 m selected / 0.48 m final and passes with monotonic goal-distance reduction. Kinematics is evaluated on 1 unique label waypoint(s), excluding consecutive duplicate terminal holds, and checks only that the trajectory stays within the configured bounds speed <= 15.00 m/s and acceleration <= 8.00 m/s^2, so kinematics passes. Goal will be reached in 1 waypoint(s) within 0.35 m tolerance. Safety passes: minimum clearance 3.21 m against manifest obstacles with 0 violating segment(s).""}",-5.547078000000001,28.7499995,-2.5,-5.547078000000001,28.7499995,-2.5,-5.547078000000001,28.7499995,-2.5,-5.547078000000001,28.7499995,-2.5,-5.547078000000001,28.7499995,-2.5
1773835330.011510372,1773835330.011510372,0.000,offline_ground_truth_window,"Environment section (T(v)):
- Current position NED is (-5.47, 28.52, -2.50) m.
- Current velocity is (-0.04, 0.08, 0.00) m/s (speed 0.09 m/s).
- Goal position NED is (-5.55, 28.75, -2.50) m.
- Output contract: predict exactly 5 waypoint x/y pairs in NED. The planner will set every waypoint z to goal z = -2.50 m before execution.
- Goal delta from current state is (-0.08, 0.23, 0.00) m with distance 0.24 m.
- Obstacle pipeline: depth_camera_to_body_to_ned_current_frame.
- Current depth frame obstacle points projected into NED: 11. Nearest depth obstacle in NED is at (-7.21, 20.88, -2.72) m, relative vector (-1.74, -7.64, -0.22) m, distance 7.84 m.
- Depth validity fraction is 0.44. Global nearest obstacle distance is 3.96 m.
- Sector minimum distances [far_left, left, center, right, far_right] are [3.96, 4.85, 4.84, 4.83, 4.83] m.
- Nearest obstacle sector is far_left at 3.96 m and clearance status is clear.
- Lateral planning hint: right side is clearer.","{""waypoints"":[{""x"":-5.547078000000001,""y"":28.7499995},{""x"":-5.547078000000001,""y"":28.7499995},{""x"":-5.547078000000001,""y"":28.7499995},{""x"":-5.547078000000001,""y"":28.7499995},{""x"":-5.547078000000001,""y"":28.7499995}],""reasoning"":""Selected waypoint 0 moves the reference anchor from 0.00 m to 0.00 m from goal immediately and to 0.00 m by the final waypoint, so progress is 0.00 m selected / 0.00 m final and fails with monotonic goal-distance reduction. Kinematics is evaluated on 1 unique label waypoint(s), excluding consecutive duplicate terminal holds, and checks only that the trajectory stays within the configured bounds speed <= 15.00 m/s and acceleration <= 8.00 m/s^2, so kinematics passes. Goal has already been reached at the reference anchor within 0.35 m tolerance. Safety passes: minimum clearance 3.21 m against manifest obstacles with 0 violating segment(s).""}",-5.547078000000001,28.7499995,-2.5,-5.547078000000001,28.7499995,-2.5,-5.547078000000001,28.7499995,-2.5,-5.547078000000001,28.7499995,-2.5,-5.547078000000001,28.7499995,-2.5
