anchor_stamp_s,scene_stamp_s,sync_dt_ms,label_mode,prompt,label_waypoints_json,wp0_x,wp0_y,wp0_z,wp1_x,wp1_y,wp1_z,wp2_x,wp2_y,wp2_z,wp3_x,wp3_y,wp3_z,wp4_x,wp4_y,wp4_z
1773814698.265837193,1773814698.265837193,0.000,offline_ground_truth_window,"Environment section (T(v)):
- Current position NED is (-0.01, -0.10, -2.43) m.
- Current velocity is (-0.00, -0.01, 0.00) m/s (speed 0.01 m/s).
- Goal position NED is (0.51, 27.18, -2.50) m.
- Output contract: predict exactly 5 waypoint x/y pairs in NED. The planner will set every waypoint z to goal z = -2.50 m before execution.
- Goal delta from current state is (0.52, 27.28, -0.07) m with distance 27.29 m.
- Obstacle pipeline: depth_camera_to_body_to_ned_current_frame.
- Current depth frame obstacle points projected into NED: 35. Nearest depth obstacle in NED is at (0.49, 0.95, -2.32) m, relative vector (0.50, 1.05, 0.12) m, distance 1.17 m.
- Depth validity fraction is 0.55. Global nearest obstacle distance is 0.85 m.
- Sector minimum distances [far_left, left, center, right, far_right] are [4.71, 4.71, 1.07, 1.07, 0.85] m.
- Nearest obstacle sector is far_right at 0.85 m and clearance status is blocked.
- Lateral planning hint: left side is clearer.","{""waypoints"":[{""x"":0.020703909090908912,""y"":0.42766754545454466},{""x"":0.02979481818181806,""y"":0.92312209090909},{""x"":0.0388857272727271,""y"":1.4185766363636356},{""x"":0.04797663636363625,""y"":1.9140311818181808},{""x"":0.05706754545454529,""y"":2.4094857272727266}],""reasoning"":""Selected waypoint 0 moves the reference anchor from 27.25 m to 26.76 m from goal immediately and to 24.78 m by the final waypoint, so progress is 0.50 m selected / 2.48 m final and passes with monotonic goal-distance reduction. Kinematics is evaluated on 5 unique label waypoint(s), excluding consecutive duplicate terminal holds, and checks only that the trajectory stays within the configured bounds speed <= 15.00 m/s and acceleration <= 8.00 m/s^2, so kinematics passes. Goal is not reached within this label waypoint window. Safety passes: minimum clearance 5.75 m against manifest obstacles with 0 violating segment(s).""}",0.020703909090908912,0.42766754545454466,-2.5,0.02979481818181806,0.92312209090909,-2.5,0.0388857272727271,1.4185766363636356,-2.5,0.04797663636363625,1.9140311818181808,-2.5,0.05706754545454529,2.4094857272727266,-2.5
1773814702.673077106,1773814702.673077106,0.000,offline_ground_truth_window,"Environment section (T(v)):
- Current position NED is (0.03, 0.18, -2.48) m.
- Current velocity is (-0.01, 0.07, -0.01) m/s (speed 0.07 m/s).
- Goal position NED is (0.51, 27.18, -2.50) m.
- Output contract: predict exactly 5 waypoint x/y pairs in NED. The planner will set every waypoint z to goal z = -2.50 m before execution.
- Goal delta from current state is (0.48, 27.00, -0.02) m with distance 27.00 m.
- Obstacle pipeline: depth_camera_to_body_to_ned_current_frame.
- Current depth frame obstacle points projected into NED: 8. Nearest depth obstacle in NED is at (0.53, 1.21, -2.50) m, relative vector (0.50, 1.03, -0.02) m, distance 1.14 m.
- Depth validity fraction is 0.54. Global nearest obstacle distance is 0.79 m.
- Sector minimum distances [far_left, left, center, right, far_right] are [4.77, 4.78, 4.78, 1.18, 0.79] m.
- Nearest obstacle sector is far_right at 0.79 m and clearance status is blocked.
- Lateral planning hint: left side is clearer.","{""waypoints"":[{""x"":0.02979481818181806,""y"":0.92312209090909},{""x"":0.0388857272727271,""y"":1.4185766363636356},{""x"":0.04797663636363625,""y"":1.9140311818181808},{""x"":0.05706754545454529,""y"":2.4094857272727266},{""x"":0.06615845454545444,""y"":2.9049402727272717}],""reasoning"":""Selected waypoint 0 moves the reference anchor from 26.76 m to 26.26 m from goal immediately and to 24.28 m by the final waypoint, so progress is 0.50 m selected / 2.48 m final and passes with monotonic goal-distance reduction. Kinematics is evaluated on 5 unique label waypoint(s), excluding consecutive duplicate terminal holds, and checks only that the trajectory stays within the configured bounds speed <= 15.00 m/s and acceleration <= 8.00 m/s^2, so kinematics passes. Goal is not reached within this label waypoint window. Safety passes: minimum clearance 5.64 m against manifest obstacles with 0 violating segment(s).""}",0.02979481818181806,0.92312209090909,-2.5,0.0388857272727271,1.4185766363636356,-2.5,0.04797663636363625,1.9140311818181808,-2.5,0.05706754545454529,2.4094857272727266,-2.5,0.06615845454545444,2.9049402727272717,-2.5
1773814709.711186171,1773814709.711186171,0.000,offline_ground_truth_window,"Environment section (T(v)):
- Current position NED is (0.05, 0.68, -2.51) m.
- Current velocity is (-0.00, 0.07, 0.01) m/s (speed 0.07 m/s).
- Goal position NED is (0.51, 27.18, -2.50) m.
- Output contract: predict exactly 5 waypoint x/y pairs in NED. The planner will set every waypoint z to goal z = -2.50 m before execution.
- Goal delta from current state is (0.47, 26.50, 0.01) m with distance 26.51 m.
- Obstacle pipeline: depth_camera_to_body_to_ned_current_frame.
- Current depth frame obstacle points projected into NED: 2. Nearest depth obstacle in NED is at (2.61, 9.28, -2.43) m, relative vector (2.56, 8.60, 0.08) m, distance 8.97 m.
- Depth validity fraction is 0.54. Global nearest obstacle distance is 4.86 m.
- Sector minimum distances [far_left, left, center, right, far_right] are [4.86, 4.86, 4.86, 4.86, 4.86] m.
- Nearest obstacle sector is far_right at 4.86 m and clearance status is clear.
- Lateral planning hint: prefer center progress.","{""waypoints"":[{""x"":0.0388857272727271,""y"":1.4185766363636356},{""x"":0.04797663636363625,""y"":1.9140311818181808},{""x"":0.05706754545454529,""y"":2.4094857272727266},{""x"":0.06615845454545444,""y"":2.9049402727272717},{""x"":0.07524936363636348,""y"":3.400394818181817}],""reasoning"":""Selected waypoint 0 moves the reference anchor from 26.26 m to 25.77 m from goal immediately and to 23.79 m by the final waypoint, so progress is 0.50 m selected / 2.48 m final and passes with monotonic goal-distance reduction. Kinematics is evaluated on 5 unique label waypoint(s), excluding consecutive duplicate terminal holds, and checks only that the trajectory stays within the configured bounds speed <= 15.00 m/s and acceleration <= 8.00 m/s^2, so kinematics passes. Goal is not reached within this label waypoint window. Safety passes: minimum clearance 5.21 m against manifest obstacles with 0 violating segment(s).""}",0.0388857272727271,1.4185766363636356,-2.5,0.04797663636363625,1.9140311818181808,-2.5,0.05706754545454529,2.4094857272727266,-2.5,0.06615845454545444,2.9049402727272717,-2.5,0.07524936363636348,3.400394818181817,-2.5
1773814716.317713261,1773814716.317713261,0.000,offline_ground_truth_window,"Environment section (T(v)):
- Current position NED is (0.02, 1.17, -2.50) m.
- Current velocity is (0.01, 0.06, 0.01) m/s (speed 0.06 m/s).
- Goal position NED is (0.51, 27.18, -2.50) m.
- Output contract: predict exactly 5 waypoint x/y pairs in NED. The planner will set every waypoint z to goal z = -2.50 m before execution.
- Goal delta from current state is (0.49, 26.01, 0.00) m with distance 26.01 m.
- Obstacle pipeline: depth_camera_to_body_to_ned_current_frame.
- Current depth frame obstacle points projected into NED: 10. Nearest depth obstacle in NED is at (2.49, 9.28, -2.47) m, relative vector (2.47, 8.11, 0.03) m, distance 8.48 m.
- Depth validity fraction is 0.53. Global nearest obstacle distance is 4.90 m.
- Sector minimum distances [far_left, left, center, right, far_right] are [4.91, 4.91, 4.90, 4.90, 4.90] m.
- Nearest obstacle sector is far_right at 4.90 m and clearance status is clear.
- Lateral planning hint: prefer center progress.","{""waypoints"":[{""x"":0.04797663636363625,""y"":1.9140311818181808},{""x"":0.05706754545454529,""y"":2.4094857272727266},{""x"":0.06615845454545444,""y"":2.9049402727272717},{""x"":0.07524936363636348,""y"":3.400394818181817},{""x"":0.08434027272727262,""y"":3.895849363636362}],""reasoning"":""Selected waypoint 0 moves the reference anchor from 25.77 m to 25.27 m from goal immediately and to 23.29 m by the final waypoint, so progress is 0.50 m selected / 2.48 m final and passes with monotonic goal-distance reduction. Kinematics is evaluated on 5 unique label waypoint(s), excluding consecutive duplicate terminal holds, and checks only that the trajectory stays within the configured bounds speed <= 15.00 m/s and acceleration <= 8.00 m/s^2, so kinematics passes. Goal is not reached within this label waypoint window. Safety passes: minimum clearance 4.79 m against manifest obstacles with 0 violating segment(s).""}",0.04797663636363625,1.9140311818181808,-2.5,0.05706754545454529,2.4094857272727266,-2.5,0.06615845454545444,2.9049402727272717,-2.5,0.07524936363636348,3.400394818181817,-2.5,0.08434027272727262,3.895849363636362,-2.5
1773814721.490653515,1773814721.490653515,0.000,offline_ground_truth_window,"Environment section (T(v)):
- Current position NED is (0.05, 1.67, -2.50) m.
- Current velocity is (-0.01, 0.08, 0.01) m/s (speed 0.08 m/s).
- Goal position NED is (0.51, 27.18, -2.50) m.
- Output contract: predict exactly 5 waypoint x/y pairs in NED. The planner will set every waypoint z to goal z = -2.50 m before execution.
- Goal delta from current state is (0.46, 25.51, 0.00) m with distance 25.52 m.
- Obstacle pipeline: depth_camera_to_body_to_ned_current_frame.
- Current depth frame obstacle points projected into NED: 4. Nearest depth obstacle in NED is at (2.94, 9.28, -2.41) m, relative vector (2.89, 7.61, 0.09) m, distance 8.14 m.
- Depth validity fraction is 0.53. Global nearest obstacle distance is 4.85 m.
- Sector minimum distances [far_left, left, center, right, far_right] are [4.85, 4.85, 4.85, 4.85, 4.85] m.
- Nearest obstacle sector is far_left at 4.85 m and clearance status is clear.
- Lateral planning hint: prefer center progress.","{""waypoints"":[{""x"":0.05706754545454529,""y"":2.4094857272727266},{""x"":0.06615845454545444,""y"":2.9049402727272717},{""x"":0.07524936363636348,""y"":3.400394818181817},{""x"":0.08434027272727262,""y"":3.895849363636362},{""x"":0.09343118181818166,""y"":4.391303909090908}],""reasoning"":""Selected waypoint 0 moves the reference anchor from 25.27 m to 24.78 m from goal immediately and to 22.79 m by the final waypoint, so progress is 0.50 m selected / 2.48 m final and passes with monotonic goal-distance reduction. Kinematics is evaluated on 5 unique label waypoint(s), excluding consecutive duplicate terminal holds, and checks only that the trajectory stays within the configured bounds speed <= 15.00 m/s and acceleration <= 8.00 m/s^2, so kinematics passes. Goal is not reached within this label waypoint window. Safety passes: minimum clearance 4.38 m against manifest obstacles with 0 violating segment(s).""}",0.05706754545454529,2.4094857272727266,-2.5,0.06615845454545444,2.9049402727272717,-2.5,0.07524936363636348,3.400394818181817,-2.5,0.08434027272727262,3.895849363636362,-2.5,0.09343118181818166,4.391303909090908,-2.5
1773814729.718276501,1773814729.718276501,0.000,offline_ground_truth_window,"Environment section (T(v)):
- Current position NED is (0.04, 2.16, -2.50) m.
- Current velocity is (0.00, 0.08, 0.01) m/s (speed 0.08 m/s).
- Goal position NED is (0.51, 27.18, -2.50) m.
- Output contract: predict exactly 5 waypoint x/y pairs in NED. The planner will set every waypoint z to goal z = -2.50 m before execution.
- Goal delta from current state is (0.47, 25.02, -0.00) m with distance 25.02 m.
- Obstacle pipeline: depth_camera_to_body_to_ned_current_frame.
- Current depth frame obstacle points projected into NED: 4. Nearest depth obstacle in NED is at (2.71, 9.28, -1.96) m, relative vector (2.66, 7.12, 0.54) m, distance 7.62 m.
- Depth validity fraction is 0.53. Global nearest obstacle distance is 4.88 m.
- Sector minimum distances [far_left, left, center, right, far_right] are [4.88, 4.88, 4.88, 4.89, 4.89] m.
- Nearest obstacle sector is far_left at 4.88 m and clearance status is clear.
- Lateral planning hint: prefer center progress.","{""waypoints"":[{""x"":0.06615845454545444,""y"":2.9049402727272717},{""x"":0.07524936363636348,""y"":3.400394818181817},{""x"":0.08434027272727262,""y"":3.895849363636362},{""x"":0.09343118181818166,""y"":4.391303909090908},{""x"":0.10252209090909081,""y"":4.886758454545454}],""reasoning"":""Selected waypoint 0 moves the reference anchor from 24.78 m to 24.28 m from goal immediately and to 22.30 m by the final waypoint, so progress is 0.50 m selected / 2.48 m final and passes with monotonic goal-distance reduction. Kinematics is evaluated on 5 unique label waypoint(s), excluding consecutive duplicate terminal holds, and checks only that the trajectory stays within the configured bounds speed <= 15.00 m/s and acceleration <= 8.00 m/s^2, so kinematics passes. Goal is not reached within this label waypoint window. Safety passes: minimum clearance 4.00 m against manifest obstacles with 0 violating segment(s).""}",0.06615845454545444,2.9049402727272717,-2.5,0.07524936363636348,3.400394818181817,-2.5,0.08434027272727262,3.895849363636362,-2.5,0.09343118181818166,4.391303909090908,-2.5,0.10252209090909081,4.886758454545454,-2.5
1773814736.838103056,1773814736.838103056,0.000,offline_ground_truth_window,"Environment section (T(v)):
- Current position NED is (0.07, 2.66, -2.49) m.
- Current velocity is (-0.01, 0.04, 0.01) m/s (speed 0.04 m/s).
- Goal position NED is (0.51, 27.18, -2.50) m.
- Output contract: predict exactly 5 waypoint x/y pairs in NED. The planner will set every waypoint z to goal z = -2.50 m before execution.
- Goal delta from current state is (0.45, 24.52, -0.01) m with distance 24.53 m.
- Obstacle pipeline: depth_camera_to_body_to_ned_current_frame.
- Current depth frame obstacle points projected into NED: 6. Nearest depth obstacle in NED is at (2.99, 9.24, -2.08) m, relative vector (2.93, 6.58, 0.41) m, distance 7.22 m.
- Depth validity fraction is 0.53. Global nearest obstacle distance is 4.92 m.
- Sector minimum distances [far_left, left, center, right, far_right] are [4.92, 4.92, 4.92, 4.92, 4.93] m.
- Nearest obstacle sector is far_left at 4.92 m and clearance status is clear.
- Lateral planning hint: prefer center progress.","{""waypoints"":[{""x"":0.07524936363636348,""y"":3.400394818181817},{""x"":0.08434027272727262,""y"":3.895849363636362},{""x"":0.09343118181818166,""y"":4.391303909090908},{""x"":0.10252209090909081,""y"":4.886758454545454},{""x"":0.11161299999999985,""y"":5.382212999999999}],""reasoning"":""Selected waypoint 0 moves the reference anchor from 24.28 m to 23.79 m from goal immediately and to 21.80 m by the final waypoint, so progress is 0.50 m selected / 2.48 m final and passes with monotonic goal-distance reduction. Kinematics is evaluated on 5 unique label waypoint(s), excluding consecutive duplicate terminal holds, and checks only that the trajectory stays within the configured bounds speed <= 15.00 m/s and acceleration <= 8.00 m/s^2, so kinematics passes. Goal is not reached within this label waypoint window. Safety passes: minimum clearance 3.64 m against manifest obstacles with 0 violating segment(s).""}",0.07524936363636348,3.400394818181817,-2.5,0.08434027272727262,3.895849363636362,-2.5,0.09343118181818166,4.391303909090908,-2.5,0.10252209090909081,4.886758454545454,-2.5,0.11161299999999985,5.382212999999999,-2.5
1773814746.434059858,1773814746.434059858,0.000,offline_ground_truth_window,"Environment section (T(v)):
- Current position NED is (0.04, 3.16, -2.50) m.
- Current velocity is (-0.00, 0.04, 0.00) m/s (speed 0.04 m/s).
- Goal position NED is (0.51, 27.18, -2.50) m.
- Output contract: predict exactly 5 waypoint x/y pairs in NED. The planner will set every waypoint z to goal z = -2.50 m before execution.
- Goal delta from current state is (0.47, 24.03, -0.00) m with distance 24.03 m.
- Obstacle pipeline: depth_camera_to_body_to_ned_current_frame.
- Current depth frame obstacle points projected into NED: 6. Nearest depth obstacle in NED is at (2.78, 9.25, -2.69) m, relative vector (2.74, 6.09, -0.19) m, distance 6.69 m.
- Depth validity fraction is 0.53. Global nearest obstacle distance is 4.92 m.
- Sector minimum distances [far_left, left, center, right, far_right] are [4.92, 4.92, 4.93, 4.94, 4.94] m.
- Nearest obstacle sector is far_left at 4.92 m and clearance status is clear.
- Lateral planning hint: prefer center progress.","{""waypoints"":[{""x"":0.08434027272727262,""y"":3.895849363636362},{""x"":0.09343118181818166,""y"":4.391303909090908},{""x"":0.10252209090909081,""y"":4.886758454545454},{""x"":0.11161299999999985,""y"":5.382212999999999},{""x"":0.120703909090909,""y"":5.877667545454544}],""reasoning"":""Selected waypoint 0 moves the reference anchor from 23.79 m to 23.29 m from goal immediately and to 21.31 m by the final waypoint, so progress is 0.50 m selected / 2.48 m final and passes with monotonic goal-distance reduction. Kinematics is evaluated on 5 unique label waypoint(s), excluding consecutive duplicate terminal holds, and checks only that the trajectory stays within the configured bounds speed <= 15.00 m/s and acceleration <= 8.00 m/s^2, so kinematics passes. Goal is not reached within this label waypoint window. Safety passes: minimum clearance 3.31 m against manifest obstacles with 0 violating segment(s).""}",0.08434027272727262,3.895849363636362,-2.5,0.09343118181818166,4.391303909090908,-2.5,0.10252209090909081,4.886758454545454,-2.5,0.11161299999999985,5.382212999999999,-2.5,0.120703909090909,5.877667545454544,-2.5
1773814753.146350622,1773814753.146350622,0.000,offline_ground_truth_window,"Environment section (T(v)):
- Current position NED is (0.03, 3.65, -2.53) m.
- Current velocity is (0.01, 0.08, 0.01) m/s (speed 0.08 m/s).
- Goal position NED is (0.51, 27.18, -2.50) m.
- Output contract: predict exactly 5 waypoint x/y pairs in NED. The planner will set every waypoint z to goal z = -2.50 m before execution.
- Goal delta from current state is (0.48, 23.53, 0.03) m with distance 23.54 m.
- Obstacle pipeline: depth_camera_to_body_to_ned_current_frame.
- Current depth frame obstacle points projected into NED: 7. Nearest depth obstacle in NED is at (2.74, 9.35, -2.20) m, relative vector (2.71, 5.71, 0.33) m, distance 6.32 m.
- Depth validity fraction is 0.53. Global nearest obstacle distance is 4.97 m.
- Sector minimum distances [far_left, left, center, right, far_right] are [4.97, 4.97, 4.97, 4.97, 4.97] m.
- Nearest obstacle sector is far_left at 4.97 m and clearance status is clear.
- Lateral planning hint: prefer center progress.","{""waypoints"":[{""x"":0.09343118181818166,""y"":4.391303909090908},{""x"":0.10252209090909081,""y"":4.886758454545454},{""x"":0.11161299999999985,""y"":5.382212999999999},{""x"":0.120703909090909,""y"":5.877667545454544},{""x"":0.12979481818181804,""y"":6.3731220909090895}],""reasoning"":""Selected waypoint 0 moves the reference anchor from 23.29 m to 22.79 m from goal immediately and to 20.81 m by the final waypoint, so progress is 0.50 m selected / 2.48 m final and passes with monotonic goal-distance reduction. Kinematics is evaluated on 5 unique label waypoint(s), excluding consecutive duplicate terminal holds, and checks only that the trajectory stays within the configured bounds speed <= 15.00 m/s and acceleration <= 8.00 m/s^2, so kinematics passes. Goal is not reached within this label waypoint window. Safety passes: minimum clearance 3.01 m against manifest obstacles with 0 violating segment(s).""}",0.09343118181818166,4.391303909090908,-2.5,0.10252209090909081,4.886758454545454,-2.5,0.11161299999999985,5.382212999999999,-2.5,0.120703909090909,5.877667545454544,-2.5,0.12979481818181804,6.3731220909090895,-2.5
1773814760.280296087,1773814760.280296087,0.000,offline_ground_truth_window,"Environment section (T(v)):
- Current position NED is (0.08, 4.14, -2.46) m.
- Current velocity is (0.01, 0.07, -0.00) m/s (speed 0.07 m/s).
- Goal position NED is (0.51, 27.18, -2.50) m.
- Output contract: predict exactly 5 waypoint x/y pairs in NED. The planner will set every waypoint z to goal z = -2.50 m before execution.
- Goal delta from current state is (0.43, 23.04, -0.04) m with distance 23.04 m.
- Obstacle pipeline: depth_camera_to_body_to_ned_current_frame.
- Current depth frame obstacle points projected into NED: 11. Nearest depth obstacle in NED is at (2.99, 9.27, -2.39) m, relative vector (2.90, 5.13, 0.07) m, distance 5.89 m.
- Depth validity fraction is 0.54. Global nearest obstacle distance is 4.68 m.
- Sector minimum distances [far_left, left, center, right, far_right] are [4.83, 4.83, 4.83, 4.82, 4.68] m.
- Nearest obstacle sector is far_right at 4.68 m and clearance status is clear.
- Lateral planning hint: prefer center progress.","{""waypoints"":[{""x"":0.10252209090909081,""y"":4.886758454545454},{""x"":0.11161299999999985,""y"":5.382212999999999},{""x"":0.120703909090909,""y"":5.877667545454544},{""x"":0.12979481818181804,""y"":6.3731220909090895},{""x"":0.13888572727272708,""y"":6.868576636363635}],""reasoning"":""Selected waypoint 0 moves the reference anchor from 22.79 m to 22.30 m from goal immediately and to 20.32 m by the final waypoint, so progress is 0.50 m selected / 2.48 m final and passes with monotonic goal-distance reduction. Kinematics is evaluated on 5 unique label waypoint(s), excluding consecutive duplicate terminal holds, and checks only that the trajectory stays within the configured bounds speed <= 15.00 m/s and acceleration <= 8.00 m/s^2, so kinematics passes. Goal is not reached within this label waypoint window. Safety passes: minimum clearance 2.78 m against manifest obstacles with 0 violating segment(s).""}",0.10252209090909081,4.886758454545454,-2.5,0.11161299999999985,5.382212999999999,-2.5,0.120703909090909,5.877667545454544,-2.5,0.12979481818181804,6.3731220909090895,-2.5,0.13888572727272708,6.868576636363635,-2.5
1773814767.184215546,1773814767.184215546,0.000,offline_ground_truth_window,"Environment section (T(v)):
- Current position NED is (0.10, 4.64, -2.49) m.
- Current velocity is (0.00, 0.06, 0.00) m/s (speed 0.06 m/s).
- Goal position NED is (0.51, 27.18, -2.50) m.
- Output contract: predict exactly 5 waypoint x/y pairs in NED. The planner will set every waypoint z to goal z = -2.50 m before execution.
- Goal delta from current state is (0.41, 22.54, -0.01) m with distance 22.55 m.
- Obstacle pipeline: depth_camera_to_body_to_ned_current_frame.
- Current depth frame obstacle points projected into NED: 3. Nearest depth obstacle in NED is at (2.89, 9.44, -2.69) m, relative vector (2.79, 4.80, -0.20) m, distance 5.56 m.
- Depth validity fraction is 0.53. Global nearest obstacle distance is 4.37 m.
- Sector minimum distances [far_left, left, center, right, far_right] are [4.89, 4.88, 4.88, 4.87, 4.37] m.
- Nearest obstacle sector is far_right at 4.37 m and clearance status is clear.
- Lateral planning hint: prefer center progress.","{""waypoints"":[{""x"":0.11161299999999985,""y"":5.382212999999999},{""x"":0.120703909090909,""y"":5.877667545454544},{""x"":0.12979481818181804,""y"":6.3731220909090895},{""x"":0.13888572727272708,""y"":6.868576636363635},{""x"":0.14797663636363623,""y"":7.364031181818181}],""reasoning"":""Selected waypoint 0 moves the reference anchor from 22.30 m to 21.80 m from goal immediately and to 19.82 m by the final waypoint, so progress is 0.50 m selected / 2.48 m final and passes with monotonic goal-distance reduction. Kinematics is evaluated on 5 unique label waypoint(s), excluding consecutive duplicate terminal holds, and checks only that the trajectory stays within the configured bounds speed <= 15.00 m/s and acceleration <= 8.00 m/s^2, so kinematics passes. Goal is not reached within this label waypoint window. Safety passes: minimum clearance 2.60 m against manifest obstacles with 0 violating segment(s).""}",0.11161299999999985,5.382212999999999,-2.5,0.120703909090909,5.877667545454544,-2.5,0.12979481818181804,6.3731220909090895,-2.5,0.13888572727272708,6.868576636363635,-2.5,0.14797663636363623,7.364031181818181,-2.5
1773814773.826009989,1773814773.826009989,0.000,offline_ground_truth_window,"Environment section (T(v)):
- Current position NED is (0.09, 5.14, -2.49) m.
- Current velocity is (0.00, 0.10, -0.00) m/s (speed 0.10 m/s).
- Goal position NED is (0.51, 27.18, -2.50) m.
- Output contract: predict exactly 5 waypoint x/y pairs in NED. The planner will set every waypoint z to goal z = -2.50 m before execution.
- Goal delta from current state is (0.42, 22.04, -0.01) m with distance 22.04 m.
- Obstacle pipeline: depth_camera_to_body_to_ned_current_frame.
- Current depth frame obstacle points projected into NED: 5. Nearest depth obstacle in NED is at (-4.24, 11.41, -2.16) m, relative vector (-4.33, 6.26, 0.33) m, distance 7.62 m.
- Depth validity fraction is 0.54. Global nearest obstacle distance is 4.86 m.
- Sector minimum distances [far_left, left, center, right, far_right] are [4.86, 4.86, 4.86, 4.86, 4.86] m.
- Nearest obstacle sector is far_left at 4.86 m and clearance status is clear.
- Lateral planning hint: prefer center progress.","{""waypoints"":[{""x"":0.120703909090909,""y"":5.877667545454544},{""x"":0.12979481818181804,""y"":6.3731220909090895},{""x"":0.13888572727272708,""y"":6.868576636363635},{""x"":0.14797663636363623,""y"":7.364031181818181},{""x"":0.15706754545454538,""y"":7.859485727272725}],""reasoning"":""Selected waypoint 0 moves the reference anchor from 21.80 m to 21.31 m from goal immediately and to 19.33 m by the final waypoint, so progress is 0.50 m selected / 2.48 m final and passes with monotonic goal-distance reduction. Kinematics is evaluated on 5 unique label waypoint(s), excluding consecutive duplicate terminal holds, and checks only that the trajectory stays within the configured bounds speed <= 15.00 m/s and acceleration <= 8.00 m/s^2, so kinematics passes. Goal is not reached within this label waypoint window. Safety passes: minimum clearance 2.50 m against manifest obstacles with 0 violating segment(s).""}",0.120703909090909,5.877667545454544,-2.5,0.12979481818181804,6.3731220909090895,-2.5,0.13888572727272708,6.868576636363635,-2.5,0.14797663636363623,7.364031181818181,-2.5,0.15706754545454538,7.859485727272725,-2.5
1773814780.078045368,1773814780.078045368,0.000,offline_ground_truth_window,"Environment section (T(v)):
- Current position NED is (0.11, 5.63, -2.49) m.
- Current velocity is (-0.00, 0.09, 0.00) m/s (speed 0.09 m/s).
- Goal position NED is (0.51, 27.18, -2.50) m.
- Output contract: predict exactly 5 waypoint x/y pairs in NED. The planner will set every waypoint z to goal z = -2.50 m before execution.
- Goal delta from current state is (0.40, 21.55, -0.01) m with distance 21.56 m.
- Obstacle pipeline: depth_camera_to_body_to_ned_current_frame.
- Current depth frame obstacle points projected into NED: 10. Nearest depth obstacle in NED is at (-4.12, 11.44, -2.20) m, relative vector (-4.23, 5.81, 0.29) m, distance 7.19 m.
- Depth validity fraction is 0.53. Global nearest obstacle distance is 4.91 m.
- Sector minimum distances [far_left, left, center, right, far_right] are [4.91, 4.91, 4.91, 4.92, 4.92] m.
- Nearest obstacle sector is far_left at 4.91 m and clearance status is clear.
- Lateral planning hint: prefer center progress.","{""waypoints"":[{""x"":0.12979481818181804,""y"":6.3731220909090895},{""x"":0.13888572727272708,""y"":6.868576636363635},{""x"":0.14797663636363623,""y"":7.364031181818181},{""x"":0.15706754545454538,""y"":7.859485727272725},{""x"":0.16615845454545441,""y"":8.354940272727271}],""reasoning"":""Selected waypoint 0 moves the reference anchor from 21.31 m to 20.81 m from goal immediately and to 18.83 m by the final waypoint, so progress is 0.50 m selected / 2.48 m final and passes with monotonic goal-distance reduction. Kinematics is evaluated on 5 unique label waypoint(s), excluding consecutive duplicate terminal holds, and checks only that the trajectory stays within the configured bounds speed <= 15.00 m/s and acceleration <= 8.00 m/s^2, so kinematics passes. Goal is not reached within this label waypoint window. Safety passes: minimum clearance 2.48 m against manifest obstacles with 0 violating segment(s).""}",0.12979481818181804,6.3731220909090895,-2.5,0.13888572727272708,6.868576636363635,-2.5,0.14797663636363623,7.364031181818181,-2.5,0.15706754545454538,7.859485727272725,-2.5,0.16615845454545441,8.354940272727271,-2.5
1773814786.611592531,1773814786.611592531,0.000,offline_ground_truth_window,"Environment section (T(v)):
- Current position NED is (0.12, 6.13, -2.49) m.
- Current velocity is (-0.00, 0.08, 0.00) m/s (speed 0.08 m/s).
- Goal position NED is (0.51, 27.18, -2.50) m.
- Output contract: predict exactly 5 waypoint x/y pairs in NED. The planner will set every waypoint z to goal z = -2.50 m before execution.
- Goal delta from current state is (0.39, 21.05, -0.01) m with distance 21.06 m.
- Obstacle pipeline: depth_camera_to_body_to_ned_current_frame.
- Current depth frame obstacle points projected into NED: 8. Nearest depth obstacle in NED is at (-4.08, 11.42, -2.61) m, relative vector (-4.20, 5.29, -0.12) m, distance 6.76 m.
- Depth validity fraction is 0.54. Global nearest obstacle distance is 4.86 m.
- Sector minimum distances [far_left, left, center, right, far_right] are [4.86, 4.86, 4.87, 4.87, 4.87] m.
- Nearest obstacle sector is far_left at 4.86 m and clearance status is clear.
- Lateral planning hint: prefer center progress.","{""waypoints"":[{""x"":0.13888572727272708,""y"":6.868576636363635},{""x"":0.14797663636363623,""y"":7.364031181818181},{""x"":0.15706754545454538,""y"":7.859485727272725},{""x"":0.16615845454545441,""y"":8.354940272727271},{""x"":0.17524936363636345,""y"":8.850394818181817}],""reasoning"":""Selected waypoint 0 moves the reference anchor from 20.81 m to 20.32 m from goal immediately and to 18.33 m by the final waypoint, so progress is 0.50 m selected / 2.48 m final and passes with monotonic goal-distance reduction. Kinematics is evaluated on 5 unique label waypoint(s), excluding consecutive duplicate terminal holds, and checks only that the trajectory stays within the configured bounds speed <= 15.00 m/s and acceleration <= 8.00 m/s^2, so kinematics passes. Goal is not reached within this label waypoint window. Safety passes: minimum clearance 2.48 m against manifest obstacles with 0 violating segment(s).""}",0.13888572727272708,6.868576636363635,-2.5,0.14797663636363623,7.364031181818181,-2.5,0.15706754545454538,7.859485727272725,-2.5,0.16615845454545441,8.354940272727271,-2.5,0.17524936363636345,8.850394818181817,-2.5
1773814792.649331570,1773814792.649331570,0.000,offline_ground_truth_window,"Environment section (T(v)):
- Current position NED is (0.10, 6.62, -2.51) m.
- Current velocity is (0.01, 0.07, 0.01) m/s (speed 0.07 m/s).
- Goal position NED is (0.51, 27.18, -2.50) m.
- Output contract: predict exactly 5 waypoint x/y pairs in NED. The planner will set every waypoint z to goal z = -2.50 m before execution.
- Goal delta from current state is (0.41, 20.56, 0.01) m with distance 20.56 m.
- Obstacle pipeline: depth_camera_to_body_to_ned_current_frame.
- Current depth frame obstacle points projected into NED: 8. Nearest depth obstacle in NED is at (-4.01, 11.48, -2.57) m, relative vector (-4.11, 4.86, -0.05) m, distance 6.36 m.
- Depth validity fraction is 0.54. Global nearest obstacle distance is 4.86 m.
- Sector minimum distances [far_left, left, center, right, far_right] are [4.86, 4.86, 4.86, 4.87, 4.87] m.
- Nearest obstacle sector is far_left at 4.86 m and clearance status is clear.
- Lateral planning hint: prefer center progress.","{""waypoints"":[{""x"":0.14797663636363623,""y"":7.364031181818181},{""x"":0.15706754545454538,""y"":7.859485727272725},{""x"":0.16615845454545441,""y"":8.354940272727271},{""x"":0.17524936363636345,""y"":8.850394818181817},{""x"":0.1843402727272726,""y"":9.345849363636363}],""reasoning"":""Selected waypoint 0 moves the reference anchor from 20.32 m to 19.82 m from goal immediately and to 17.84 m by the final waypoint, so progress is 0.50 m selected / 2.48 m final and passes with monotonic goal-distance reduction. Kinematics is evaluated on 5 unique label waypoint(s), excluding consecutive duplicate terminal holds, and checks only that the trajectory stays within the configured bounds speed <= 15.00 m/s and acceleration <= 8.00 m/s^2, so kinematics passes. Goal is not reached within this label waypoint window. Safety passes: minimum clearance 2.48 m against manifest obstacles with 0 violating segment(s).""}",0.14797663636363623,7.364031181818181,-2.5,0.15706754545454538,7.859485727272725,-2.5,0.16615845454545441,8.354940272727271,-2.5,0.17524936363636345,8.850394818181817,-2.5,0.1843402727272726,9.345849363636363,-2.5
1773814797.549257040,1773814797.549257040,0.000,offline_ground_truth_window,"Environment section (T(v)):
- Current position NED is (0.15, 7.12, -2.50) m.
- Current velocity is (0.00, 0.09, 0.01) m/s (speed 0.09 m/s).
- Goal position NED is (0.51, 27.18, -2.50) m.
- Output contract: predict exactly 5 waypoint x/y pairs in NED. The planner will set every waypoint z to goal z = -2.50 m before execution.
- Goal delta from current state is (0.36, 20.06, 0.00) m with distance 20.07 m.
- Obstacle pipeline: depth_camera_to_body_to_ned_current_frame.
- Current depth frame obstacle points projected into NED: 7. Nearest depth obstacle in NED is at (-3.76, 11.78, -2.18) m, relative vector (-3.91, 4.66, 0.32) m, distance 6.10 m.
- Depth validity fraction is 0.52. Global nearest obstacle distance is 4.77 m.
- Sector minimum distances [far_left, left, center, right, far_right] are [4.77, 4.97, 4.97, 4.96, 4.96] m.
- Nearest obstacle sector is far_left at 4.77 m and clearance status is clear.
- Lateral planning hint: prefer center progress.","{""waypoints"":[{""x"":0.15706754545454538,""y"":7.859485727272725},{""x"":0.16615845454545441,""y"":8.354940272727271},{""x"":0.17524936363636345,""y"":8.850394818181817},{""x"":0.1843402727272726,""y"":9.345849363636363},{""x"":0.19343118181818175,""y"":9.84130390909091}],""reasoning"":""Selected waypoint 0 moves the reference anchor from 19.82 m to 19.33 m from goal immediately and to 17.34 m by the final waypoint, so progress is 0.50 m selected / 2.48 m final and passes with monotonic goal-distance reduction. Kinematics is evaluated on 5 unique label waypoint(s), excluding consecutive duplicate terminal holds, and checks only that the trajectory stays within the configured bounds speed <= 15.00 m/s and acceleration <= 8.00 m/s^2, so kinematics passes. Goal is not reached within this label waypoint window. Safety passes: minimum clearance 2.48 m against manifest obstacles with 0 violating segment(s).""}",0.15706754545454538,7.859485727272725,-2.5,0.16615845454545441,8.354940272727271,-2.5,0.17524936363636345,8.850394818181817,-2.5,0.1843402727272726,9.345849363636363,-2.5,0.19343118181818175,9.84130390909091,-2.5
1773814803.165368080,1773814803.165368080,0.000,offline_ground_truth_window,"Environment section (T(v)):
- Current position NED is (0.14, 7.62, -2.51) m.
- Current velocity is (-0.01, 0.09, 0.01) m/s (speed 0.09 m/s).
- Goal position NED is (0.51, 27.18, -2.50) m.
- Output contract: predict exactly 5 waypoint x/y pairs in NED. The planner will set every waypoint z to goal z = -2.50 m before execution.
- Goal delta from current state is (0.37, 19.57, 0.01) m with distance 19.57 m.
- Obstacle pipeline: depth_camera_to_body_to_ned_current_frame.
- Current depth frame obstacle points projected into NED: 1. Nearest depth obstacle in NED is at (-4.10, 16.39, -2.28) m, relative vector (-4.25, 8.78, 0.23) m, distance 9.75 m.
- Depth validity fraction is 0.52. Global nearest obstacle distance is 4.98 m.
- Sector minimum distances [far_left, left, center, right, far_right] are [4.98, 4.98, 4.98, 4.98, 4.98] m.
- Nearest obstacle sector is far_left at 4.98 m and clearance status is clear.
- Lateral planning hint: prefer center progress.","{""waypoints"":[{""x"":0.16615845454545441,""y"":8.354940272727271},{""x"":0.17524936363636345,""y"":8.850394818181817},{""x"":0.1843402727272726,""y"":9.345849363636363},{""x"":0.19343118181818175,""y"":9.84130390909091},{""x"":0.2025220909090908,""y"":10.336758454545453}],""reasoning"":""Selected waypoint 0 moves the reference anchor from 19.33 m to 18.83 m from goal immediately and to 16.85 m by the final waypoint, so progress is 0.50 m selected / 2.48 m final and passes with monotonic goal-distance reduction. Kinematics is evaluated on 5 unique label waypoint(s), excluding consecutive duplicate terminal holds, and checks only that the trajectory stays within the configured bounds speed <= 15.00 m/s and acceleration <= 8.00 m/s^2, so kinematics passes. Goal is not reached within this label waypoint window. Safety passes: minimum clearance 2.48 m against manifest obstacles with 0 violating segment(s).""}",0.16615845454545441,8.354940272727271,-2.5,0.17524936363636345,8.850394818181817,-2.5,0.1843402727272726,9.345849363636363,-2.5,0.19343118181818175,9.84130390909091,-2.5,0.2025220909090908,10.336758454545453,-2.5
1773814811.099041224,1773814811.099041224,0.000,offline_ground_truth_window,"Environment section (T(v)):
- Current position NED is (0.15, 8.11, -2.50) m.
- Current velocity is (0.01, 0.07, 0.00) m/s (speed 0.07 m/s).
- Goal position NED is (0.51, 27.18, -2.50) m.
- Output contract: predict exactly 5 waypoint x/y pairs in NED. The planner will set every waypoint z to goal z = -2.50 m before execution.
- Goal delta from current state is (0.36, 19.07, 0.00) m with distance 19.08 m.
- Obstacle pipeline: depth_camera_to_body_to_ned_current_frame.
- Current depth frame obstacle points projected into NED: 2. Nearest depth obstacle in NED is at (-4.06, 16.39, -2.09) m, relative vector (-4.20, 8.28, 0.42) m, distance 9.29 m.
- Depth validity fraction is 0.54. Global nearest obstacle distance is 4.78 m.
- Sector minimum distances [far_left, left, center, right, far_right] are [4.78, 4.78, 4.78, 4.78, 4.78] m.
- Nearest obstacle sector is far_left at 4.78 m and clearance status is clear.
- Lateral planning hint: prefer center progress.","{""waypoints"":[{""x"":0.17524936363636345,""y"":8.850394818181817},{""x"":0.1843402727272726,""y"":9.345849363636363},{""x"":0.19343118181818175,""y"":9.84130390909091},{""x"":0.2025220909090908,""y"":10.336758454545453},{""x"":0.21161299999999983,""y"":10.832213}],""reasoning"":""Selected waypoint 0 moves the reference anchor from 18.83 m to 18.33 m from goal immediately and to 16.35 m by the final waypoint, so progress is 0.50 m selected / 2.48 m final and passes with monotonic goal-distance reduction. Kinematics is evaluated on 5 unique label waypoint(s), excluding consecutive duplicate terminal holds, and checks only that the trajectory stays within the configured bounds speed <= 15.00 m/s and acceleration <= 8.00 m/s^2, so kinematics passes. Goal is not reached within this label waypoint window. Safety passes: minimum clearance 2.48 m against manifest obstacles with 0 violating segment(s).""}",0.17524936363636345,8.850394818181817,-2.5,0.1843402727272726,9.345849363636363,-2.5,0.19343118181818175,9.84130390909091,-2.5,0.2025220909090908,10.336758454545453,-2.5,0.21161299999999983,10.832213,-2.5
1773814818.844558001,1773814818.844558001,0.000,offline_ground_truth_window,"Environment section (T(v)):
- Current position NED is (0.14, 8.60, -2.48) m.
- Current velocity is (-0.00, 0.07, -0.00) m/s (speed 0.07 m/s).
- Goal position NED is (0.51, 27.18, -2.50) m.
- Output contract: predict exactly 5 waypoint x/y pairs in NED. The planner will set every waypoint z to goal z = -2.50 m before execution.
- Goal delta from current state is (0.38, 18.58, -0.02) m with distance 18.58 m.
- Obstacle pipeline: depth_camera_to_body_to_ned_current_frame.
- Current depth frame obstacle points projected into NED: 6. Nearest depth obstacle in NED is at (-4.01, 16.38, -2.59) m, relative vector (-4.14, 7.78, -0.11) m, distance 8.81 m.
- Depth validity fraction is 0.53. Global nearest obstacle distance is 4.82 m.
- Sector minimum distances [far_left, left, center, right, far_right] are [4.82, 4.83, 4.83, 4.83, 4.84] m.
- Nearest obstacle sector is far_left at 4.82 m and clearance status is clear.
- Lateral planning hint: prefer center progress.","{""waypoints"":[{""x"":0.1843402727272726,""y"":9.345849363636363},{""x"":0.19343118181818175,""y"":9.84130390909091},{""x"":0.2025220909090908,""y"":10.336758454545453},{""x"":0.21161299999999983,""y"":10.832213},{""x"":0.22070390909090898,""y"":11.327667545454544}],""reasoning"":""Selected waypoint 0 moves the reference anchor from 18.33 m to 17.84 m from goal immediately and to 15.86 m by the final waypoint, so progress is 0.50 m selected / 2.48 m final and passes with monotonic goal-distance reduction. Kinematics is evaluated on 5 unique label waypoint(s), excluding consecutive duplicate terminal holds, and checks only that the trajectory stays within the configured bounds speed <= 15.00 m/s and acceleration <= 8.00 m/s^2, so kinematics passes. Goal is not reached within this label waypoint window. Safety passes: minimum clearance 2.55 m against manifest obstacles with 0 violating segment(s).""}",0.1843402727272726,9.345849363636363,-2.5,0.19343118181818175,9.84130390909091,-2.5,0.2025220909090908,10.336758454545453,-2.5,0.21161299999999983,10.832213,-2.5,0.22070390909090898,11.327667545454544,-2.5
1773814824.513145685,1773814824.513145685,0.000,offline_ground_truth_window,"Environment section (T(v)):
- Current position NED is (0.18, 9.10, -2.48) m.
- Current velocity is (0.00, 0.08, 0.00) m/s (speed 0.08 m/s).
- Goal position NED is (0.51, 27.18, -2.50) m.
- Output contract: predict exactly 5 waypoint x/y pairs in NED. The planner will set every waypoint z to goal z = -2.50 m before execution.
- Goal delta from current state is (0.33, 18.08, -0.02) m with distance 18.09 m.
- Obstacle pipeline: depth_camera_to_body_to_ned_current_frame.
- Current depth frame obstacle points projected into NED: 3. Nearest depth obstacle in NED is at (-4.00, 16.38, -1.92) m, relative vector (-4.18, 7.28, 0.56) m, distance 8.42 m.
- Depth validity fraction is 0.52. Global nearest obstacle distance is 4.85 m.
- Sector minimum distances [far_left, left, center, right, far_right] are [4.86, 4.86, 4.86, 4.85, 4.85] m.
- Nearest obstacle sector is far_right at 4.85 m and clearance status is clear.
- Lateral planning hint: prefer center progress.","{""waypoints"":[{""x"":0.19343118181818175,""y"":9.84130390909091},{""x"":0.2025220909090908,""y"":10.336758454545453},{""x"":0.21161299999999983,""y"":10.832213},{""x"":0.22070390909090898,""y"":11.327667545454544},{""x"":0.22979481818181802,""y"":11.82312209090909}],""reasoning"":""Selected waypoint 0 moves the reference anchor from 17.84 m to 17.34 m from goal immediately and to 15.36 m by the final waypoint, so progress is 0.50 m selected / 2.48 m final and passes with monotonic goal-distance reduction. Kinematics is evaluated on 5 unique label waypoint(s), excluding consecutive duplicate terminal holds, and checks only that the trajectory stays within the configured bounds speed <= 15.00 m/s and acceleration <= 8.00 m/s^2, so kinematics passes. Goal is not reached within this label waypoint window. Safety passes: minimum clearance 2.69 m against manifest obstacles with 0 violating segment(s).""}",0.19343118181818175,9.84130390909091,-2.5,0.2025220909090908,10.336758454545453,-2.5,0.21161299999999983,10.832213,-2.5,0.22070390909090898,11.327667545454544,-2.5,0.22979481818181802,11.82312209090909,-2.5
1773814831.890958548,1773814831.890958548,0.000,offline_ground_truth_window,"Environment section (T(v)):
- Current position NED is (0.16, 9.60, -2.49) m.
- Current velocity is (-0.00, 0.05, 0.01) m/s (speed 0.05 m/s).
- Goal position NED is (0.51, 27.18, -2.50) m.
- Output contract: predict exactly 5 waypoint x/y pairs in NED. The planner will set every waypoint z to goal z = -2.50 m before execution.
- Goal delta from current state is (0.35, 17.59, -0.01) m with distance 17.59 m.
- Obstacle pipeline: depth_camera_to_body_to_ned_current_frame.
- Current depth frame obstacle points projected into NED: 3. Nearest depth obstacle in NED is at (-3.85, 16.43, -1.74) m, relative vector (-4.02, 6.84, 0.75) m, distance 7.96 m.
- Depth validity fraction is 0.53. Global nearest obstacle distance is 4.82 m.
- Sector minimum distances [far_left, left, center, right, far_right] are [4.82, 4.83, 4.83, 4.83, 4.83] m.
- Nearest obstacle sector is far_left at 4.82 m and clearance status is clear.
- Lateral planning hint: prefer center progress.","{""waypoints"":[{""x"":0.2025220909090908,""y"":10.336758454545453},{""x"":0.21161299999999983,""y"":10.832213},{""x"":0.22070390909090898,""y"":11.327667545454544},{""x"":0.22979481818181802,""y"":11.82312209090909},{""x"":0.23888572727272717,""y"":12.318576636363636}],""reasoning"":""Selected waypoint 0 moves the reference anchor from 17.34 m to 16.85 m from goal immediately and to 14.87 m by the final waypoint, so progress is 0.50 m selected / 2.48 m final and passes with monotonic goal-distance reduction. Kinematics is evaluated on 5 unique label waypoint(s), excluding consecutive duplicate terminal holds, and checks only that the trajectory stays within the configured bounds speed <= 15.00 m/s and acceleration <= 8.00 m/s^2, so kinematics passes. Goal is not reached within this label waypoint window. Safety passes: minimum clearance 2.91 m against manifest obstacles with 0 violating segment(s).""}",0.2025220909090908,10.336758454545453,-2.5,0.21161299999999983,10.832213,-2.5,0.22070390909090898,11.327667545454544,-2.5,0.22979481818181802,11.82312209090909,-2.5,0.23888572727272717,12.318576636363636,-2.5
1773814838.158411264,1773814838.158411264,0.000,offline_ground_truth_window,"Environment section (T(v)):
- Current position NED is (0.19, 10.10, -2.50) m.
- Current velocity is (-0.00, 0.09, 0.01) m/s (speed 0.09 m/s).
- Goal position NED is (0.51, 27.18, -2.50) m.
- Output contract: predict exactly 5 waypoint x/y pairs in NED. The planner will set every waypoint z to goal z = -2.50 m before execution.
- Goal delta from current state is (0.32, 17.08, 0.00) m with distance 17.08 m.
- Obstacle pipeline: depth_camera_to_body_to_ned_current_frame.
- Current depth frame obstacle points projected into NED: 4. Nearest depth obstacle in NED is at (-3.68, 16.46, -2.61) m, relative vector (-3.87, 6.36, -0.11) m, distance 7.45 m.
- Depth validity fraction is 0.52. Global nearest obstacle distance is 4.91 m.
- Sector minimum distances [far_left, left, center, right, far_right] are [4.92, 4.91, 4.91, 4.91, 4.91] m.
- Nearest obstacle sector is far_right at 4.91 m and clearance status is clear.
- Lateral planning hint: prefer center progress.","{""waypoints"":[{""x"":0.21161299999999983,""y"":10.832213},{""x"":0.22070390909090898,""y"":11.327667545454544},{""x"":0.22979481818181802,""y"":11.82312209090909},{""x"":0.23888572727272717,""y"":12.318576636363636},{""x"":0.2479766363636362,""y"":12.81403118181818}],""reasoning"":""Selected waypoint 0 moves the reference anchor from 16.85 m to 16.35 m from goal immediately and to 14.37 m by the final waypoint, so progress is 0.50 m selected / 2.48 m final and passes with monotonic goal-distance reduction. Kinematics is evaluated on 5 unique label waypoint(s), excluding consecutive duplicate terminal holds, and checks only that the trajectory stays within the configured bounds speed <= 15.00 m/s and acceleration <= 8.00 m/s^2, so kinematics passes. Goal is not reached within this label waypoint window. Safety passes: minimum clearance 3.18 m against manifest obstacles with 0 violating segment(s).""}",0.21161299999999983,10.832213,-2.5,0.22070390909090898,11.327667545454544,-2.5,0.22979481818181802,11.82312209090909,-2.5,0.23888572727272717,12.318576636363636,-2.5,0.2479766363636362,12.81403118181818,-2.5
1773814845.748284340,1773814845.748284340,0.000,offline_ground_truth_window,"Environment section (T(v)):
- Current position NED is (0.19, 10.58, -2.48) m.
- Current velocity is (-0.00, 0.06, -0.00) m/s (speed 0.06 m/s).
- Goal position NED is (0.51, 27.18, -2.50) m.
- Output contract: predict exactly 5 waypoint x/y pairs in NED. The planner will set every waypoint z to goal z = -2.50 m before execution.
- Goal delta from current state is (0.32, 16.60, -0.02) m with distance 16.60 m.
- Obstacle pipeline: depth_camera_to_body_to_ned_current_frame.
- Current depth frame obstacle points projected into NED: 7. Nearest depth obstacle in NED is at (-3.69, 16.45, -2.35) m, relative vector (-3.88, 5.87, 0.13) m, distance 7.03 m.
- Depth validity fraction is 0.53. Global nearest obstacle distance is 4.80 m.
- Sector minimum distances [far_left, left, center, right, far_right] are [4.80, 4.80, 4.81, 4.81, 4.81] m.
- Nearest obstacle sector is far_left at 4.80 m and clearance status is clear.
- Lateral planning hint: prefer center progress.","{""waypoints"":[{""x"":0.22070390909090898,""y"":11.327667545454544},{""x"":0.22979481818181802,""y"":11.82312209090909},{""x"":0.23888572727272717,""y"":12.318576636363636},{""x"":0.2479766363636362,""y"":12.81403118181818},{""x"":0.25706754545454535,""y"":13.309485727272726}],""reasoning"":""Selected waypoint 0 moves the reference anchor from 16.35 m to 15.86 m from goal immediately and to 13.88 m by the final waypoint, so progress is 0.50 m selected / 2.48 m final and passes with monotonic goal-distance reduction. Kinematics is evaluated on 5 unique label waypoint(s), excluding consecutive duplicate terminal holds, and checks only that the trajectory stays within the configured bounds speed <= 15.00 m/s and acceleration <= 8.00 m/s^2, so kinematics passes. Goal is not reached within this label waypoint window. Safety passes: minimum clearance 3.49 m against manifest obstacles with 0 violating segment(s).""}",0.22070390909090898,11.327667545454544,-2.5,0.22979481818181802,11.82312209090909,-2.5,0.23888572727272717,12.318576636363636,-2.5,0.2479766363636362,12.81403118181818,-2.5,0.25706754545454535,13.309485727272726,-2.5
1773814851.323254824,1773814851.323254824,0.000,offline_ground_truth_window,"Environment section (T(v)):
- Current position NED is (0.23, 11.09, -2.49) m.
- Current velocity is (0.00, 0.11, 0.00) m/s (speed 0.11 m/s).
- Goal position NED is (0.51, 27.18, -2.50) m.
- Output contract: predict exactly 5 waypoint x/y pairs in NED. The planner will set every waypoint z to goal z = -2.50 m before execution.
- Goal delta from current state is (0.28, 16.10, -0.01) m with distance 16.10 m.
- Obstacle pipeline: depth_camera_to_body_to_ned_current_frame.
- Current depth frame obstacle points projected into NED: 3. Nearest depth obstacle in NED is at (-3.51, 16.50, -2.17) m, relative vector (-3.75, 5.41, 0.31) m, distance 6.59 m.
- Depth validity fraction is 0.53. Global nearest obstacle distance is 4.89 m.
- Sector minimum distances [far_left, left, center, right, far_right] are [4.91, 4.90, 4.90, 4.89, 4.89] m.
- Nearest obstacle sector is far_right at 4.89 m and clearance status is clear.
- Lateral planning hint: prefer center progress.","{""waypoints"":[{""x"":0.22979481818181802,""y"":11.82312209090909},{""x"":0.23888572727272717,""y"":12.318576636363636},{""x"":0.2479766363636362,""y"":12.81403118181818},{""x"":0.25706754545454535,""y"":13.309485727272726},{""x"":0.2661584545454544,""y"":13.80494027272727}],""reasoning"":""Selected waypoint 0 moves the reference anchor from 15.86 m to 15.36 m from goal immediately and to 13.38 m by the final waypoint, so progress is 0.50 m selected / 2.48 m final and passes with monotonic goal-distance reduction. Kinematics is evaluated on 5 unique label waypoint(s), excluding consecutive duplicate terminal holds, and checks only that the trajectory stays within the configured bounds speed <= 15.00 m/s and acceleration <= 8.00 m/s^2, so kinematics passes. Goal is not reached within this label waypoint window. Safety passes: minimum clearance 3.84 m against manifest obstacles with 0 violating segment(s).""}",0.22979481818181802,11.82312209090909,-2.5,0.23888572727272717,12.318576636363636,-2.5,0.2479766363636362,12.81403118181818,-2.5,0.25706754545454535,13.309485727272726,-2.5,0.2661584545454544,13.80494027272727,-2.5
1773814856.747112989,1773814856.747112989,0.000,offline_ground_truth_window,"Environment section (T(v)):
- Current position NED is (0.27, 11.58, -2.51) m.
- Current velocity is (0.01, 0.06, 0.01) m/s (speed 0.06 m/s).
- Goal position NED is (0.51, 27.18, -2.50) m.
- Output contract: predict exactly 5 waypoint x/y pairs in NED. The planner will set every waypoint z to goal z = -2.50 m before execution.
- Goal delta from current state is (0.25, 15.61, 0.01) m with distance 15.61 m.
- Obstacle pipeline: depth_camera_to_body_to_ned_current_frame.
- Current depth frame obstacle points projected into NED: 9. Nearest depth obstacle in NED is at (-3.42, 16.50, -2.62) m, relative vector (-3.69, 4.92, -0.11) m, distance 6.15 m.
- Depth validity fraction is 0.53. Global nearest obstacle distance is 4.85 m.
- Sector minimum distances [far_left, left, center, right, far_right] are [4.89, 4.88, 4.87, 4.86, 4.85] m.
- Nearest obstacle sector is far_right at 4.85 m and clearance status is clear.
- Lateral planning hint: prefer center progress.","{""waypoints"":[{""x"":0.23888572727272717,""y"":12.318576636363636},{""x"":0.2479766363636362,""y"":12.81403118181818},{""x"":0.25706754545454535,""y"":13.309485727272726},{""x"":0.2661584545454544,""y"":13.80494027272727},{""x"":0.27524936363636354,""y"":14.300394818181816}],""reasoning"":""Selected waypoint 0 moves the reference anchor from 15.36 m to 14.87 m from goal immediately and to 12.88 m by the final waypoint, so progress is 0.50 m selected / 2.48 m final and passes with monotonic goal-distance reduction. Kinematics is evaluated on 5 unique label waypoint(s), excluding consecutive duplicate terminal holds, and checks only that the trajectory stays within the configured bounds speed <= 15.00 m/s and acceleration <= 8.00 m/s^2, so kinematics passes. Goal is not reached within this label waypoint window. Safety passes: minimum clearance 4.20 m against manifest obstacles with 0 violating segment(s).""}",0.23888572727272717,12.318576636363636,-2.5,0.2479766363636362,12.81403118181818,-2.5,0.25706754545454535,13.309485727272726,-2.5,0.2661584545454544,13.80494027272727,-2.5,0.27524936363636354,14.300394818181816,-2.5
1773814864.228719950,1773814864.228719950,0.000,offline_ground_truth_window,"Environment section (T(v)):
- Current position NED is (0.24, 12.07, -2.49) m.
- Current velocity is (0.00, 0.05, -0.00) m/s (speed 0.05 m/s).
- Goal position NED is (0.51, 27.18, -2.50) m.
- Output contract: predict exactly 5 waypoint x/y pairs in NED. The planner will set every waypoint z to goal z = -2.50 m before execution.
- Goal delta from current state is (0.27, 15.11, -0.01) m with distance 15.11 m.
- Obstacle pipeline: depth_camera_to_body_to_ned_current_frame.
- Current depth frame obstacle points projected into NED: 4. Nearest depth obstacle in NED is at (-3.42, 16.49, -2.57) m, relative vector (-3.66, 4.42, -0.08) m, distance 5.74 m.
- Depth validity fraction is 0.54. Global nearest obstacle distance is 4.52 m.
- Sector minimum distances [far_left, left, center, right, far_right] are [4.52, 4.82, 4.82, 4.82, 4.81] m.
- Nearest obstacle sector is far_left at 4.52 m and clearance status is clear.
- Lateral planning hint: prefer center progress.","{""waypoints"":[{""x"":0.2479766363636362,""y"":12.81403118181818},{""x"":0.25706754545454535,""y"":13.309485727272726},{""x"":0.2661584545454544,""y"":13.80494027272727},{""x"":0.27524936363636354,""y"":14.300394818181816},{""x"":0.2843402727272726,""y"":14.795849363636362}],""reasoning"":""Selected waypoint 0 moves the reference anchor from 14.87 m to 14.37 m from goal immediately and to 12.39 m by the final waypoint, so progress is 0.50 m selected / 2.48 m final and passes with monotonic goal-distance reduction. Kinematics is evaluated on 5 unique label waypoint(s), excluding consecutive duplicate terminal holds, and checks only that the trajectory stays within the configured bounds speed <= 15.00 m/s and acceleration <= 8.00 m/s^2, so kinematics passes. Goal is not reached within this label waypoint window. Safety passes: minimum clearance 4.12 m against manifest obstacles with 0 violating segment(s).""}",0.2479766363636362,12.81403118181818,-2.5,0.25706754545454535,13.309485727272726,-2.5,0.2661584545454544,13.80494027272727,-2.5,0.27524936363636354,14.300394818181816,-2.5,0.2843402727272726,14.795849363636362,-2.5
1773814870.659452200,1773814870.659452200,0.000,offline_ground_truth_window,"Environment section (T(v)):
- Current position NED is (0.22, 12.57, -2.48) m.
- Current velocity is (0.01, 0.08, -0.01) m/s (speed 0.08 m/s).
- Goal position NED is (0.51, 27.18, -2.50) m.
- Output contract: predict exactly 5 waypoint x/y pairs in NED. The planner will set every waypoint z to goal z = -2.50 m before execution.
- Goal delta from current state is (0.29, 14.61, -0.02) m with distance 14.62 m.
- Obstacle pipeline: depth_camera_to_body_to_ned_current_frame.
- Current depth frame obstacle points projected into NED: 0. Nearest depth obstacle in NED is at (0.22, 12.57, -2.48) m, relative vector (20.00, 0.00, 0.00) m, distance 20.00 m.
- Depth validity fraction is 0.58. Global nearest obstacle distance is 4.40 m.
- Sector minimum distances [far_left, left, center, right, far_right] are [4.40, 4.73, 4.73, 4.74, 4.74] m.
- Nearest obstacle sector is far_left at 4.40 m and clearance status is clear.
- Lateral planning hint: prefer center progress.","{""waypoints"":[{""x"":0.25706754545454535,""y"":13.309485727272726},{""x"":0.2661584545454544,""y"":13.80494027272727},{""x"":0.27524936363636354,""y"":14.300394818181816},{""x"":0.2843402727272726,""y"":14.795849363636362},{""x"":0.2934311818181817,""y"":15.291303909090908}],""reasoning"":""Selected waypoint 0 moves the reference anchor from 14.37 m to 13.88 m from goal immediately and to 11.89 m by the final waypoint, so progress is 0.50 m selected / 2.48 m final and passes with monotonic goal-distance reduction. Kinematics is evaluated on 5 unique label waypoint(s), excluding consecutive duplicate terminal holds, and checks only that the trajectory stays within the configured bounds speed <= 15.00 m/s and acceleration <= 8.00 m/s^2, so kinematics passes. Goal is not reached within this label waypoint window. Safety passes: minimum clearance 4.01 m against manifest obstacles with 0 violating segment(s).""}",0.25706754545454535,13.309485727272726,-2.5,0.2661584545454544,13.80494027272727,-2.5,0.27524936363636354,14.300394818181816,-2.5,0.2843402727272726,14.795849363636362,-2.5,0.2934311818181817,15.291303909090908,-2.5
1773814877.886576414,1773814877.886576414,0.000,offline_ground_truth_window,"Environment section (T(v)):
- Current position NED is (0.22, 13.06, -2.49) m.
- Current velocity is (0.01, 0.06, -0.00) m/s (speed 0.06 m/s).
- Goal position NED is (0.51, 27.18, -2.50) m.
- Output contract: predict exactly 5 waypoint x/y pairs in NED. The planner will set every waypoint z to goal z = -2.50 m before execution.
- Goal delta from current state is (0.29, 14.12, -0.01) m with distance 14.12 m.
- Obstacle pipeline: depth_camera_to_body_to_ned_current_frame.
- Current depth frame obstacle points projected into NED: 0. Nearest depth obstacle in NED is at (0.22, 13.06, -2.49) m, relative vector (20.00, 0.00, 0.00) m, distance 20.00 m.
- Depth validity fraction is 0.57. Global nearest obstacle distance is 4.84 m.
- Sector minimum distances [far_left, left, center, right, far_right] are [4.84, 4.84, 4.84, 4.84, 4.84] m.
- Nearest obstacle sector is far_right at 4.84 m and clearance status is clear.
- Lateral planning hint: prefer center progress.","{""waypoints"":[{""x"":0.2661584545454544,""y"":13.80494027272727},{""x"":0.27524936363636354,""y"":14.300394818181816},{""x"":0.2843402727272726,""y"":14.795849363636362},{""x"":0.2934311818181817,""y"":15.291303909090908},{""x"":0.30252209090909077,""y"":15.786758454545451}],""reasoning"":""Selected waypoint 0 moves the reference anchor from 13.88 m to 13.38 m from goal immediately and to 11.40 m by the final waypoint, so progress is 0.50 m selected / 2.48 m final and passes with monotonic goal-distance reduction. Kinematics is evaluated on 5 unique label waypoint(s), excluding consecutive duplicate terminal holds, and checks only that the trajectory stays within the configured bounds speed <= 15.00 m/s and acceleration <= 8.00 m/s^2, so kinematics passes. Goal is not reached within this label waypoint window. Safety passes: minimum clearance 3.96 m against manifest obstacles with 0 violating segment(s).""}",0.2661584545454544,13.80494027272727,-2.5,0.27524936363636354,14.300394818181816,-2.5,0.2843402727272726,14.795849363636362,-2.5,0.2934311818181817,15.291303909090908,-2.5,0.30252209090909077,15.786758454545451,-2.5
1773814884.988459587,1773814884.988459587,0.000,offline_ground_truth_window,"Environment section (T(v)):
- Current position NED is (0.22, 13.56, -2.49) m.
- Current velocity is (0.01, 0.07, -0.00) m/s (speed 0.07 m/s).
- Goal position NED is (0.51, 27.18, -2.50) m.
- Output contract: predict exactly 5 waypoint x/y pairs in NED. The planner will set every waypoint z to goal z = -2.50 m before execution.
- Goal delta from current state is (0.29, 13.62, -0.01) m with distance 13.63 m.
- Obstacle pipeline: depth_camera_to_body_to_ned_current_frame.
- Current depth frame obstacle points projected into NED: 0. Nearest depth obstacle in NED is at (0.22, 13.56, -2.49) m, relative vector (20.00, 0.00, 0.00) m, distance 20.00 m.
- Depth validity fraction is 0.57. Global nearest obstacle distance is 4.79 m.
- Sector minimum distances [far_left, left, center, right, far_right] are [4.79, 4.80, 4.80, 4.81, 4.82] m.
- Nearest obstacle sector is far_left at 4.79 m and clearance status is clear.
- Lateral planning hint: prefer center progress.","{""waypoints"":[{""x"":0.27524936363636354,""y"":14.300394818181816},{""x"":0.2843402727272726,""y"":14.795849363636362},{""x"":0.2934311818181817,""y"":15.291303909090908},{""x"":0.30252209090909077,""y"":15.786758454545451},{""x"":0.31161299999999986,""y"":16.282213}],""reasoning"":""Selected waypoint 0 moves the reference anchor from 13.38 m to 12.88 m from goal immediately and to 10.90 m by the final waypoint, so progress is 0.50 m selected / 2.48 m final and passes with monotonic goal-distance reduction. Kinematics is evaluated on 5 unique label waypoint(s), excluding consecutive duplicate terminal holds, and checks only that the trajectory stays within the configured bounds speed <= 15.00 m/s and acceleration <= 8.00 m/s^2, so kinematics passes. Goal is not reached within this label waypoint window. Safety passes: minimum clearance 3.95 m against manifest obstacles with 0 violating segment(s).""}",0.27524936363636354,14.300394818181816,-2.5,0.2843402727272726,14.795849363636362,-2.5,0.2934311818181817,15.291303909090908,-2.5,0.30252209090909077,15.786758454545451,-2.5,0.31161299999999986,16.282213,-2.5
1773814890.858673096,1773814890.858673096,0.000,offline_ground_truth_window,"Environment section (T(v)):
- Current position NED is (0.29, 14.05, -2.49) m.
- Current velocity is (-0.00, 0.07, 0.01) m/s (speed 0.07 m/s).
- Goal position NED is (0.51, 27.18, -2.50) m.
- Output contract: predict exactly 5 waypoint x/y pairs in NED. The planner will set every waypoint z to goal z = -2.50 m before execution.
- Goal delta from current state is (0.23, 13.13, -0.01) m with distance 13.13 m.
- Obstacle pipeline: depth_camera_to_body_to_ned_current_frame.
- Current depth frame obstacle points projected into NED: 0. Nearest depth obstacle in NED is at (0.29, 14.05, -2.49) m, relative vector (20.00, 0.00, 0.00) m, distance 20.00 m.
- Depth validity fraction is 0.56. Global nearest obstacle distance is 4.93 m.
- Sector minimum distances [far_left, left, center, right, far_right] are [4.95, 4.94, 4.94, 4.94, 4.93] m.
- Nearest obstacle sector is far_right at 4.93 m and clearance status is clear.
- Lateral planning hint: prefer center progress.","{""waypoints"":[{""x"":0.2843402727272726,""y"":14.795849363636362},{""x"":0.2934311818181817,""y"":15.291303909090908},{""x"":0.30252209090909077,""y"":15.786758454545451},{""x"":0.31161299999999986,""y"":16.282213},{""x"":0.32070390909090896,""y"":16.777667545454545}],""reasoning"":""Selected waypoint 0 moves the reference anchor from 12.88 m to 12.39 m from goal immediately and to 10.41 m by the final waypoint, so progress is 0.50 m selected / 2.48 m final and passes with monotonic goal-distance reduction. Kinematics is evaluated on 5 unique label waypoint(s), excluding consecutive duplicate terminal holds, and checks only that the trajectory stays within the configured bounds speed <= 15.00 m/s and acceleration <= 8.00 m/s^2, so kinematics passes. Goal is not reached within this label waypoint window. Safety passes: minimum clearance 3.93 m against manifest obstacles with 0 violating segment(s).""}",0.2843402727272726,14.795849363636362,-2.5,0.2934311818181817,15.291303909090908,-2.5,0.30252209090909077,15.786758454545451,-2.5,0.31161299999999986,16.282213,-2.5,0.32070390909090896,16.777667545454545,-2.5
1773814898.212348223,1773814898.212348223,0.000,offline_ground_truth_window,"Environment section (T(v)):
- Current position NED is (0.28, 14.55, -2.50) m.
- Current velocity is (-0.00, 0.05, 0.00) m/s (speed 0.05 m/s).
- Goal position NED is (0.51, 27.18, -2.50) m.
- Output contract: predict exactly 5 waypoint x/y pairs in NED. The planner will set every waypoint z to goal z = -2.50 m before execution.
- Goal delta from current state is (0.24, 12.63, 0.00) m with distance 12.64 m.
- Obstacle pipeline: depth_camera_to_body_to_ned_current_frame.
- Current depth frame obstacle points projected into NED: 0. Nearest depth obstacle in NED is at (0.28, 14.55, -2.50) m, relative vector (20.00, 0.00, 0.00) m, distance 20.00 m.
- Depth validity fraction is 0.57. Global nearest obstacle distance is 4.87 m.
- Sector minimum distances [far_left, left, center, right, far_right] are [4.87, 4.87, 4.87, 4.87, 4.88] m.
- Nearest obstacle sector is far_left at 4.87 m and clearance status is clear.
- Lateral planning hint: prefer center progress.","{""waypoints"":[{""x"":0.2934311818181817,""y"":15.291303909090908},{""x"":0.30252209090909077,""y"":15.786758454545451},{""x"":0.31161299999999986,""y"":16.282213},{""x"":0.32070390909090896,""y"":16.777667545454545},{""x"":0.32979481818181805,""y"":17.27312209090909}],""reasoning"":""Selected waypoint 0 moves the reference anchor from 12.39 m to 11.89 m from goal immediately and to 9.91 m by the final waypoint, so progress is 0.50 m selected / 2.48 m final and passes with monotonic goal-distance reduction. Kinematics is evaluated on 5 unique label waypoint(s), excluding consecutive duplicate terminal holds, and checks only that the trajectory stays within the configured bounds speed <= 15.00 m/s and acceleration <= 8.00 m/s^2, so kinematics passes. Goal is not reached within this label waypoint window. Safety passes: minimum clearance 3.71 m against manifest obstacles with 0 violating segment(s).""}",0.2934311818181817,15.291303909090908,-2.5,0.30252209090909077,15.786758454545451,-2.5,0.31161299999999986,16.282213,-2.5,0.32070390909090896,16.777667545454545,-2.5,0.32979481818181805,17.27312209090909,-2.5
1773814903.890769720,1773814903.890769720,0.000,offline_ground_truth_window,"Environment section (T(v)):
- Current position NED is (0.30, 15.04, -2.49) m.
- Current velocity is (-0.00, 0.08, 0.01) m/s (speed 0.08 m/s).
- Goal position NED is (0.51, 27.18, -2.50) m.
- Output contract: predict exactly 5 waypoint x/y pairs in NED. The planner will set every waypoint z to goal z = -2.50 m before execution.
- Goal delta from current state is (0.21, 12.14, -0.01) m with distance 12.14 m.
- Obstacle pipeline: depth_camera_to_body_to_ned_current_frame.
- Current depth frame obstacle points projected into NED: 0. Nearest depth obstacle in NED is at (0.30, 15.04, -2.49) m, relative vector (20.00, 0.00, 0.00) m, distance 20.00 m.
- Depth validity fraction is 0.58. Global nearest obstacle distance is 4.82 m.
- Sector minimum distances [far_left, left, center, right, far_right] are [4.83, 4.83, 4.83, 4.83, 4.82] m.
- Nearest obstacle sector is far_right at 4.82 m and clearance status is clear.
- Lateral planning hint: prefer center progress.","{""waypoints"":[{""x"":0.30252209090909077,""y"":15.786758454545451},{""x"":0.31161299999999986,""y"":16.282213},{""x"":0.32070390909090896,""y"":16.777667545454545},{""x"":0.32979481818181805,""y"":17.27312209090909},{""x"":0.33888572727272714,""y"":17.768576636363637}],""reasoning"":""Selected waypoint 0 moves the reference anchor from 11.89 m to 11.40 m from goal immediately and to 9.42 m by the final waypoint, so progress is 0.50 m selected / 2.48 m final and passes with monotonic goal-distance reduction. Kinematics is evaluated on 5 unique label waypoint(s), excluding consecutive duplicate terminal holds, and checks only that the trajectory stays within the configured bounds speed <= 15.00 m/s and acceleration <= 8.00 m/s^2, so kinematics passes. Goal is not reached within this label waypoint window. Safety passes: minimum clearance 3.54 m against manifest obstacles with 0 violating segment(s).""}",0.30252209090909077,15.786758454545451,-2.5,0.31161299999999986,16.282213,-2.5,0.32070390909090896,16.777667545454545,-2.5,0.32979481818181805,17.27312209090909,-2.5,0.33888572727272714,17.768576636363637,-2.5
1773814910.034464836,1773814910.034464836,0.000,offline_ground_truth_window,"Environment section (T(v)):
- Current position NED is (0.26, 15.54, -2.47) m.
- Current velocity is (0.02, 0.08, -0.00) m/s (speed 0.09 m/s).
- Goal position NED is (0.51, 27.18, -2.50) m.
- Output contract: predict exactly 5 waypoint x/y pairs in NED. The planner will set every waypoint z to goal z = -2.50 m before execution.
- Goal delta from current state is (0.26, 11.64, -0.03) m with distance 11.64 m.
- Obstacle pipeline: depth_camera_to_body_to_ned_current_frame.
- Current depth frame obstacle points projected into NED: 0. Nearest depth obstacle in NED is at (0.26, 15.54, -2.47) m, relative vector (20.00, 0.00, 0.00) m, distance 20.00 m.
- Depth validity fraction is 0.58. Global nearest obstacle distance is 4.87 m.
- Sector minimum distances [far_left, left, center, right, far_right] are [4.87, 4.87, 4.87, 4.87, 4.87] m.
- Nearest obstacle sector is far_right at 4.87 m and clearance status is clear.
- Lateral planning hint: prefer center progress.","{""waypoints"":[{""x"":0.31161299999999986,""y"":16.282213},{""x"":0.32070390909090896,""y"":16.777667545454545},{""x"":0.32979481818181805,""y"":17.27312209090909},{""x"":0.33888572727272714,""y"":17.768576636363637},{""x"":0.34797663636363624,""y"":18.264031181818183}],""reasoning"":""Selected waypoint 0 moves the reference anchor from 11.40 m to 10.90 m from goal immediately and to 8.92 m by the final waypoint, so progress is 0.50 m selected / 2.48 m final and passes with monotonic goal-distance reduction. Kinematics is evaluated on 5 unique label waypoint(s), excluding consecutive duplicate terminal holds, and checks only that the trajectory stays within the configured bounds speed <= 15.00 m/s and acceleration <= 8.00 m/s^2, so kinematics passes. Goal is not reached within this label waypoint window. Safety passes: minimum clearance 3.43 m against manifest obstacles with 0 violating segment(s).""}",0.31161299999999986,16.282213,-2.5,0.32070390909090896,16.777667545454545,-2.5,0.32979481818181805,17.27312209090909,-2.5,0.33888572727272714,17.768576636363637,-2.5,0.34797663636363624,18.264031181818183,-2.5
1773814917.144360542,1773814917.144360542,0.000,offline_ground_truth_window,"Environment section (T(v)):
- Current position NED is (0.31, 16.04, -2.49) m.
- Current velocity is (0.01, 0.09, 0.00) m/s (speed 0.09 m/s).
- Goal position NED is (0.51, 27.18, -2.50) m.
- Output contract: predict exactly 5 waypoint x/y pairs in NED. The planner will set every waypoint z to goal z = -2.50 m before execution.
- Goal delta from current state is (0.20, 11.15, -0.01) m with distance 11.15 m.
- Obstacle pipeline: depth_camera_to_body_to_ned_current_frame.
- Current depth frame obstacle points projected into NED: 0. Nearest depth obstacle in NED is at (0.31, 16.04, -2.49) m, relative vector (20.00, 0.00, 0.00) m, distance 20.00 m.
- Depth validity fraction is 0.58. Global nearest obstacle distance is 4.82 m.
- Sector minimum distances [far_left, left, center, right, far_right] are [4.84, 4.83, 4.83, 4.82, 4.82] m.
- Nearest obstacle sector is far_right at 4.82 m and clearance status is clear.
- Lateral planning hint: prefer center progress.","{""waypoints"":[{""x"":0.32070390909090896,""y"":16.777667545454545},{""x"":0.32979481818181805,""y"":17.27312209090909},{""x"":0.33888572727272714,""y"":17.768576636363637},{""x"":0.34797663636363624,""y"":18.264031181818183},{""x"":0.35706754545454533,""y"":18.75948572727273}],""reasoning"":""Selected waypoint 0 moves the reference anchor from 10.90 m to 10.41 m from goal immediately and to 8.42 m by the final waypoint, so progress is 0.50 m selected / 2.48 m final and passes with monotonic goal-distance reduction. Kinematics is evaluated on 5 unique label waypoint(s), excluding consecutive duplicate terminal holds, and checks only that the trajectory stays within the configured bounds speed <= 15.00 m/s and acceleration <= 8.00 m/s^2, so kinematics passes. Goal is not reached within this label waypoint window. Safety passes: minimum clearance 3.38 m against manifest obstacles with 0 violating segment(s).""}",0.32070390909090896,16.777667545454545,-2.5,0.32979481818181805,17.27312209090909,-2.5,0.33888572727272714,17.768576636363637,-2.5,0.34797663636363624,18.264031181818183,-2.5,0.35706754545454533,18.75948572727273,-2.5
1773814923.897989750,1773814923.897989750,0.000,offline_ground_truth_window,"Environment section (T(v)):
- Current position NED is (0.30, 16.53, -2.49) m.
- Current velocity is (0.01, 0.08, 0.00) m/s (speed 0.08 m/s).
- Goal position NED is (0.51, 27.18, -2.50) m.
- Output contract: predict exactly 5 waypoint x/y pairs in NED. The planner will set every waypoint z to goal z = -2.50 m before execution.
- Goal delta from current state is (0.21, 10.65, -0.01) m with distance 10.65 m.
- Obstacle pipeline: depth_camera_to_body_to_ned_current_frame.
- Current depth frame obstacle points projected into NED: 0. Nearest depth obstacle in NED is at (0.30, 16.53, -2.49) m, relative vector (20.00, 0.00, 0.00) m, distance 20.00 m.
- Depth validity fraction is 0.58. Global nearest obstacle distance is 4.86 m.
- Sector minimum distances [far_left, left, center, right, far_right] are [4.87, 4.86, 4.86, 4.86, 4.86] m.
- Nearest obstacle sector is far_right at 4.86 m and clearance status is clear.
- Lateral planning hint: prefer center progress.","{""waypoints"":[{""x"":0.32979481818181805,""y"":17.27312209090909},{""x"":0.33888572727272714,""y"":17.768576636363637},{""x"":0.34797663636363624,""y"":18.264031181818183},{""x"":0.35706754545454533,""y"":18.75948572727273},{""x"":0.3661584545454544,""y"":19.254940272727275}],""reasoning"":""Selected waypoint 0 moves the reference anchor from 10.41 m to 9.91 m from goal immediately and to 7.93 m by the final waypoint, so progress is 0.50 m selected / 2.48 m final and passes with monotonic goal-distance reduction. Kinematics is evaluated on 5 unique label waypoint(s), excluding consecutive duplicate terminal holds, and checks only that the trajectory stays within the configured bounds speed <= 15.00 m/s and acceleration <= 8.00 m/s^2, so kinematics passes. Goal is not reached within this label waypoint window. Safety passes: minimum clearance 3.38 m against manifest obstacles with 0 violating segment(s).""}",0.32979481818181805,17.27312209090909,-2.5,0.33888572727272714,17.768576636363637,-2.5,0.34797663636363624,18.264031181818183,-2.5,0.35706754545454533,18.75948572727273,-2.5,0.3661584545454544,19.254940272727275,-2.5
1773814931.545166492,1773814931.545166492,0.000,offline_ground_truth_window,"Environment section (T(v)):
- Current position NED is (0.27, 17.03, -2.50) m.
- Current velocity is (0.01, 0.06, 0.00) m/s (speed 0.07 m/s).
- Goal position NED is (0.51, 27.18, -2.50) m.
- Output contract: predict exactly 5 waypoint x/y pairs in NED. The planner will set every waypoint z to goal z = -2.50 m before execution.
- Goal delta from current state is (0.24, 10.15, -0.00) m with distance 10.16 m.
- Obstacle pipeline: depth_camera_to_body_to_ned_current_frame.
- Current depth frame obstacle points projected into NED: 1. Nearest depth obstacle in NED is at (0.23, 28.14, -2.15) m, relative vector (-0.04, 11.11, 0.35) m, distance 11.12 m.
- Depth validity fraction is 0.58. Global nearest obstacle distance is 4.80 m.
- Sector minimum distances [far_left, left, center, right, far_right] are [4.80, 4.81, 4.82, 4.83, 4.84] m.
- Nearest obstacle sector is far_left at 4.80 m and clearance status is clear.
- Lateral planning hint: prefer center progress.","{""waypoints"":[{""x"":0.33888572727272714,""y"":17.768576636363637},{""x"":0.34797663636363624,""y"":18.264031181818183},{""x"":0.35706754545454533,""y"":18.75948572727273},{""x"":0.3661584545454544,""y"":19.254940272727275},{""x"":0.3752493636363635,""y"":19.75039481818182}],""reasoning"":""Selected waypoint 0 moves the reference anchor from 9.91 m to 9.42 m from goal immediately and to 7.43 m by the final waypoint, so progress is 0.50 m selected / 2.48 m final and passes with monotonic goal-distance reduction. Kinematics is evaluated on 5 unique label waypoint(s), excluding consecutive duplicate terminal holds, and checks only that the trajectory stays within the configured bounds speed <= 15.00 m/s and acceleration <= 8.00 m/s^2, so kinematics passes. Goal is not reached within this label waypoint window. Safety passes: minimum clearance 3.38 m against manifest obstacles with 0 violating segment(s).""}",0.33888572727272714,17.768576636363637,-2.5,0.34797663636363624,18.264031181818183,-2.5,0.35706754545454533,18.75948572727273,-2.5,0.3661584545454544,19.254940272727275,-2.5,0.3752493636363635,19.75039481818182,-2.5
1773814936.854310036,1773814936.854310036,0.000,offline_ground_truth_window,"Environment section (T(v)):
- Current position NED is (0.32, 17.53, -2.50) m.
- Current velocity is (0.00, 0.06, 0.00) m/s (speed 0.06 m/s).
- Goal position NED is (0.51, 27.18, -2.50) m.
- Output contract: predict exactly 5 waypoint x/y pairs in NED. The planner will set every waypoint z to goal z = -2.50 m before execution.
- Goal delta from current state is (0.19, 9.65, -0.00) m with distance 9.66 m.
- Obstacle pipeline: depth_camera_to_body_to_ned_current_frame.
- Current depth frame obstacle points projected into NED: 1. Nearest depth obstacle in NED is at (-3.56, 28.54, -1.81) m, relative vector (-3.88, 11.01, 0.69) m, distance 11.69 m.
- Depth validity fraction is 0.57. Global nearest obstacle distance is 4.87 m.
- Sector minimum distances [far_left, left, center, right, far_right] are [4.87, 4.87, 4.87, 4.87, 4.87] m.
- Nearest obstacle sector is far_left at 4.87 m and clearance status is clear.
- Lateral planning hint: prefer center progress.","{""waypoints"":[{""x"":0.34797663636363624,""y"":18.264031181818183},{""x"":0.35706754545454533,""y"":18.75948572727273},{""x"":0.3661584545454544,""y"":19.254940272727275},{""x"":0.3752493636363635,""y"":19.75039481818182},{""x"":0.3843402727272726,""y"":20.245849363636363}],""reasoning"":""Selected waypoint 0 moves the reference anchor from 9.42 m to 8.92 m from goal immediately and to 6.94 m by the final waypoint, so progress is 0.50 m selected / 2.48 m final and passes with monotonic goal-distance reduction. Kinematics is evaluated on 5 unique label waypoint(s), excluding consecutive duplicate terminal holds, and checks only that the trajectory stays within the configured bounds speed <= 15.00 m/s and acceleration <= 8.00 m/s^2, so kinematics passes. Goal is not reached within this label waypoint window. Safety passes: minimum clearance 3.38 m against manifest obstacles with 0 violating segment(s).""}",0.34797663636363624,18.264031181818183,-2.5,0.35706754545454533,18.75948572727273,-2.5,0.3661584545454544,19.254940272727275,-2.5,0.3752493636363635,19.75039481818182,-2.5,0.3843402727272726,20.245849363636363,-2.5
1773814943.512291193,1773814943.512291193,0.000,offline_ground_truth_window,"Environment section (T(v)):
- Current position NED is (0.35, 18.02, -2.49) m.
- Current velocity is (0.00, 0.07, 0.00) m/s (speed 0.07 m/s).
- Goal position NED is (0.51, 27.18, -2.50) m.
- Output contract: predict exactly 5 waypoint x/y pairs in NED. The planner will set every waypoint z to goal z = -2.50 m before execution.
- Goal delta from current state is (0.16, 9.16, -0.01) m with distance 9.16 m.
- Obstacle pipeline: depth_camera_to_body_to_ned_current_frame.
- Current depth frame obstacle points projected into NED: 3. Nearest depth obstacle in NED is at (-3.61, 28.50, -2.26) m, relative vector (-3.96, 10.48, 0.24) m, distance 11.21 m.
- Depth validity fraction is 0.58. Global nearest obstacle distance is 4.80 m.
- Sector minimum distances [far_left, left, center, right, far_right] are [4.80, 4.80, 4.80, 4.80, 4.80] m.
- Nearest obstacle sector is far_right at 4.80 m and clearance status is clear.
- Lateral planning hint: prefer center progress.","{""waypoints"":[{""x"":0.35706754545454533,""y"":18.75948572727273},{""x"":0.3661584545454544,""y"":19.254940272727275},{""x"":0.3752493636363635,""y"":19.75039481818182},{""x"":0.3843402727272726,""y"":20.245849363636363},{""x"":0.3934311818181817,""y"":20.74130390909091}],""reasoning"":""Selected waypoint 0 moves the reference anchor from 8.92 m to 8.42 m from goal immediately and to 6.44 m by the final waypoint, so progress is 0.50 m selected / 2.48 m final and passes with monotonic goal-distance reduction. Kinematics is evaluated on 5 unique label waypoint(s), excluding consecutive duplicate terminal holds, and checks only that the trajectory stays within the configured bounds speed <= 15.00 m/s and acceleration <= 8.00 m/s^2, so kinematics passes. Goal is not reached within this label waypoint window. Safety passes: minimum clearance 3.38 m against manifest obstacles with 0 violating segment(s).""}",0.35706754545454533,18.75948572727273,-2.5,0.3661584545454544,19.254940272727275,-2.5,0.3752493636363635,19.75039481818182,-2.5,0.3843402727272726,20.245849363636363,-2.5,0.3934311818181817,20.74130390909091,-2.5
1773814949.767994165,1773814949.767994165,0.000,offline_ground_truth_window,"Environment section (T(v)):
- Current position NED is (0.33, 18.51, -2.47) m.
- Current velocity is (0.01, 0.08, -0.01) m/s (speed 0.09 m/s).
- Goal position NED is (0.51, 27.18, -2.50) m.
- Output contract: predict exactly 5 waypoint x/y pairs in NED. The planner will set every waypoint z to goal z = -2.50 m before execution.
- Goal delta from current state is (0.18, 8.67, -0.03) m with distance 8.67 m.
- Obstacle pipeline: depth_camera_to_body_to_ned_current_frame.
- Current depth frame obstacle points projected into NED: 1. Nearest depth obstacle in NED is at (-3.57, 28.51, -2.50) m, relative vector (-3.90, 10.00, -0.03) m, distance 10.73 m.
- Depth validity fraction is 0.58. Global nearest obstacle distance is 4.71 m.
- Sector minimum distances [far_left, left, center, right, far_right] are [4.71, 4.71, 4.71, 4.72, 4.72] m.
- Nearest obstacle sector is far_left at 4.71 m and clearance status is clear.
- Lateral planning hint: prefer center progress.","{""waypoints"":[{""x"":0.3661584545454544,""y"":19.254940272727275},{""x"":0.3752493636363635,""y"":19.75039481818182},{""x"":0.3843402727272726,""y"":20.245849363636363},{""x"":0.3934311818181817,""y"":20.74130390909091},{""x"":0.4025220909090908,""y"":21.236758454545456}],""reasoning"":""Selected waypoint 0 moves the reference anchor from 8.42 m to 7.93 m from goal immediately and to 5.95 m by the final waypoint, so progress is 0.50 m selected / 2.48 m final and passes with monotonic goal-distance reduction. Kinematics is evaluated on 5 unique label waypoint(s), excluding consecutive duplicate terminal holds, and checks only that the trajectory stays within the configured bounds speed <= 15.00 m/s and acceleration <= 8.00 m/s^2, so kinematics passes. Goal is not reached within this label waypoint window. Safety passes: minimum clearance 3.38 m against manifest obstacles with 0 violating segment(s).""}",0.3661584545454544,19.254940272727275,-2.5,0.3752493636363635,19.75039481818182,-2.5,0.3843402727272726,20.245849363636363,-2.5,0.3934311818181817,20.74130390909091,-2.5,0.4025220909090908,21.236758454545456,-2.5
1773814955.325042725,1773814955.325042725,0.000,offline_ground_truth_window,"Environment section (T(v)):
- Current position NED is (0.36, 19.01, -2.47) m.
- Current velocity is (-0.01, 0.11, -0.01) m/s (speed 0.11 m/s).
- Goal position NED is (0.51, 27.18, -2.50) m.
- Output contract: predict exactly 5 waypoint x/y pairs in NED. The planner will set every waypoint z to goal z = -2.50 m before execution.
- Goal delta from current state is (0.15, 8.17, -0.03) m with distance 8.17 m.
- Obstacle pipeline: depth_camera_to_body_to_ned_current_frame.
- Current depth frame obstacle points projected into NED: 3. Nearest depth obstacle in NED is at (-3.35, 28.58, -2.41) m, relative vector (-3.71, 9.57, 0.06) m, distance 10.26 m.
- Depth validity fraction is 0.57. Global nearest obstacle distance is 4.83 m.
- Sector minimum distances [far_left, left, center, right, far_right] are [4.83, 4.84, 4.84, 4.84, 4.84] m.
- Nearest obstacle sector is far_left at 4.83 m and clearance status is clear.
- Lateral planning hint: prefer center progress.","{""waypoints"":[{""x"":0.3752493636363635,""y"":19.75039481818182},{""x"":0.3843402727272726,""y"":20.245849363636363},{""x"":0.3934311818181817,""y"":20.74130390909091},{""x"":0.4025220909090908,""y"":21.236758454545456},{""x"":0.4116129999999999,""y"":21.732213}],""reasoning"":""Selected waypoint 0 moves the reference anchor from 7.93 m to 7.43 m from goal immediately and to 5.45 m by the final waypoint, so progress is 0.50 m selected / 2.48 m final and passes with monotonic goal-distance reduction. Kinematics is evaluated on 5 unique label waypoint(s), excluding consecutive duplicate terminal holds, and checks only that the trajectory stays within the configured bounds speed <= 15.00 m/s and acceleration <= 8.00 m/s^2, so kinematics passes. Goal is not reached within this label waypoint window. Safety passes: minimum clearance 3.40 m against manifest obstacles with 0 violating segment(s).""}",0.3752493636363635,19.75039481818182,-2.5,0.3843402727272726,20.245849363636363,-2.5,0.3934311818181817,20.74130390909091,-2.5,0.4025220909090908,21.236758454545456,-2.5,0.4116129999999999,21.732213,-2.5
1773814961.555497169,1773814961.555497169,0.000,offline_ground_truth_window,"Environment section (T(v)):
- Current position NED is (0.36, 19.51, -2.51) m.
- Current velocity is (0.01, 0.08, 0.01) m/s (speed 0.08 m/s).
- Goal position NED is (0.51, 27.18, -2.50) m.
- Output contract: predict exactly 5 waypoint x/y pairs in NED. The planner will set every waypoint z to goal z = -2.50 m before execution.
- Goal delta from current state is (0.15, 7.67, 0.01) m with distance 7.68 m.
- Obstacle pipeline: depth_camera_to_body_to_ned_current_frame.
- Current depth frame obstacle points projected into NED: 23. Nearest depth obstacle in NED is at (-3.14, 28.74, -2.29) m, relative vector (-3.51, 9.24, 0.21) m, distance 9.88 m.
- Depth validity fraction is 0.57. Global nearest obstacle distance is 4.93 m.
- Sector minimum distances [far_left, left, center, right, far_right] are [4.94, 4.94, 4.93, 4.93, 4.93] m.
- Nearest obstacle sector is far_right at 4.93 m and clearance status is clear.
- Lateral planning hint: prefer center progress.","{""waypoints"":[{""x"":0.3843402727272726,""y"":20.245849363636363},{""x"":0.3934311818181817,""y"":20.74130390909091},{""x"":0.4025220909090908,""y"":21.236758454545456},{""x"":0.4116129999999999,""y"":21.732213},{""x"":0.420703909090909,""y"":22.227667545454548}],""reasoning"":""Selected waypoint 0 moves the reference anchor from 7.43 m to 6.94 m from goal immediately and to 4.96 m by the final waypoint, so progress is 0.50 m selected / 2.48 m final and passes with monotonic goal-distance reduction. Kinematics is evaluated on 5 unique label waypoint(s), excluding consecutive duplicate terminal holds, and checks only that the trajectory stays within the configured bounds speed <= 15.00 m/s and acceleration <= 8.00 m/s^2, so kinematics passes. Goal is not reached within this label waypoint window. Safety passes: minimum clearance 3.49 m against manifest obstacles with 0 violating segment(s).""}",0.3843402727272726,20.245849363636363,-2.5,0.3934311818181817,20.74130390909091,-2.5,0.4025220909090908,21.236758454545456,-2.5,0.4116129999999999,21.732213,-2.5,0.420703909090909,22.227667545454548,-2.5
1773814967.765666008,1773814967.765666008,0.000,offline_ground_truth_window,"Environment section (T(v)):
- Current position NED is (0.42, 20.00, -2.51) m.
- Current velocity is (-0.01, 0.07, 0.01) m/s (speed 0.07 m/s).
- Goal position NED is (0.51, 27.18, -2.50) m.
- Output contract: predict exactly 5 waypoint x/y pairs in NED. The planner will set every waypoint z to goal z = -2.50 m before execution.
- Goal delta from current state is (0.09, 7.18, 0.01) m with distance 7.18 m.
- Obstacle pipeline: depth_camera_to_body_to_ned_current_frame.
- Current depth frame obstacle points projected into NED: 27. Nearest depth obstacle in NED is at (-1.03, 31.07, -2.33) m, relative vector (-1.45, 11.07, 0.18) m, distance 11.17 m.
- Depth validity fraction is 0.57. Global nearest obstacle distance is 4.83 m.
- Sector minimum distances [far_left, left, center, right, far_right] are [4.85, 4.85, 4.84, 4.84, 4.83] m.
- Nearest obstacle sector is far_right at 4.83 m and clearance status is clear.
- Lateral planning hint: prefer center progress.","{""waypoints"":[{""x"":0.3934311818181817,""y"":20.74130390909091},{""x"":0.4025220909090908,""y"":21.236758454545456},{""x"":0.4116129999999999,""y"":21.732213},{""x"":0.420703909090909,""y"":22.227667545454548},{""x"":0.42979481818181803,""y"":22.72312209090909}],""reasoning"":""Selected waypoint 0 moves the reference anchor from 6.94 m to 6.44 m from goal immediately and to 4.46 m by the final waypoint, so progress is 0.50 m selected / 2.48 m final and passes with monotonic goal-distance reduction. Kinematics is evaluated on 5 unique label waypoint(s), excluding consecutive duplicate terminal holds, and checks only that the trajectory stays within the configured bounds speed <= 15.00 m/s and acceleration <= 8.00 m/s^2, so kinematics passes. Goal is not reached within this label waypoint window. Safety passes: minimum clearance 3.63 m against manifest obstacles with 0 violating segment(s).""}",0.3934311818181817,20.74130390909091,-2.5,0.4025220909090908,21.236758454545456,-2.5,0.4116129999999999,21.732213,-2.5,0.420703909090909,22.227667545454548,-2.5,0.42979481818181803,22.72312209090909,-2.5
1773814974.672275066,1773814974.672275066,0.000,offline_ground_truth_window,"Environment section (T(v)):
- Current position NED is (0.38, 20.50, -2.50) m.
- Current velocity is (0.01, 0.06, -0.00) m/s (speed 0.06 m/s).
- Goal position NED is (0.51, 27.18, -2.50) m.
- Output contract: predict exactly 5 waypoint x/y pairs in NED. The planner will set every waypoint z to goal z = -2.50 m before execution.
- Goal delta from current state is (0.13, 6.68, -0.00) m with distance 6.69 m.
- Obstacle pipeline: depth_camera_to_body_to_ned_current_frame.
- Current depth frame obstacle points projected into NED: 31. Nearest depth obstacle in NED is at (0.99, 28.22, -2.02) m, relative vector (0.61, 7.72, 0.48) m, distance 7.76 m.
- Depth validity fraction is 0.58. Global nearest obstacle distance is 4.78 m.
- Sector minimum distances [far_left, left, center, right, far_right] are [4.78, 4.79, 4.79, 4.79, 4.79] m.
- Nearest obstacle sector is far_left at 4.78 m and clearance status is clear.
- Lateral planning hint: prefer center progress.","{""waypoints"":[{""x"":0.4025220909090908,""y"":21.236758454545456},{""x"":0.4116129999999999,""y"":21.732213},{""x"":0.420703909090909,""y"":22.227667545454548},{""x"":0.42979481818181803,""y"":22.72312209090909},{""x"":0.4388857272727271,""y"":23.218576636363636}],""reasoning"":""Selected waypoint 0 moves the reference anchor from 6.44 m to 5.95 m from goal immediately and to 3.96 m by the final waypoint, so progress is 0.50 m selected / 2.48 m final and passes with monotonic goal-distance reduction. Kinematics is evaluated on 5 unique label waypoint(s), excluding consecutive duplicate terminal holds, and checks only that the trajectory stays within the configured bounds speed <= 15.00 m/s and acceleration <= 8.00 m/s^2, so kinematics passes. Goal is not reached within this label waypoint window. Safety passes: minimum clearance 3.84 m against manifest obstacles with 0 violating segment(s).""}",0.4025220909090908,21.236758454545456,-2.5,0.4116129999999999,21.732213,-2.5,0.420703909090909,22.227667545454548,-2.5,0.42979481818181803,22.72312209090909,-2.5,0.4388857272727271,23.218576636363636,-2.5
1773814980.532024384,1773814980.532024384,0.000,offline_ground_truth_window,"Environment section (T(v)):
- Current position NED is (0.37, 20.99, -2.50) m.
- Current velocity is (-0.00, 0.08, 0.00) m/s (speed 0.08 m/s).
- Goal position NED is (0.51, 27.18, -2.50) m.
- Output contract: predict exactly 5 waypoint x/y pairs in NED. The planner will set every waypoint z to goal z = -2.50 m before execution.
- Goal delta from current state is (0.14, 6.19, 0.00) m with distance 6.19 m.
- Obstacle pipeline: depth_camera_to_body_to_ned_current_frame.
- Current depth frame obstacle points projected into NED: 33. Nearest depth obstacle in NED is at (-3.13, 28.67, -2.43) m, relative vector (-3.50, 7.68, 0.07) m, distance 8.44 m.
- Depth validity fraction is 0.57. Global nearest obstacle distance is 4.81 m.
- Sector minimum distances [far_left, left, center, right, far_right] are [4.81, 4.82, 4.83, 4.83, 4.84] m.
- Nearest obstacle sector is far_left at 4.81 m and clearance status is clear.
- Lateral planning hint: prefer center progress.","{""waypoints"":[{""x"":0.4116129999999999,""y"":21.732213},{""x"":0.420703909090909,""y"":22.227667545454548},{""x"":0.42979481818181803,""y"":22.72312209090909},{""x"":0.4388857272727271,""y"":23.218576636363636},{""x"":0.4479766363636362,""y"":23.714031181818182}],""reasoning"":""Selected waypoint 0 moves the reference anchor from 5.95 m to 5.45 m from goal immediately and to 3.47 m by the final waypoint, so progress is 0.50 m selected / 2.48 m final and passes with monotonic goal-distance reduction. Kinematics is evaluated on 5 unique label waypoint(s), excluding consecutive duplicate terminal holds, and checks only that the trajectory stays within the configured bounds speed <= 15.00 m/s and acceleration <= 8.00 m/s^2, so kinematics passes. Goal is not reached within this label waypoint window. Safety passes: minimum clearance 4.08 m against manifest obstacles with 0 violating segment(s).""}",0.4116129999999999,21.732213,-2.5,0.420703909090909,22.227667545454548,-2.5,0.42979481818181803,22.72312209090909,-2.5,0.4388857272727271,23.218576636363636,-2.5,0.4479766363636362,23.714031181818182,-2.5
1773814986.496356487,1773814986.496356487,0.000,offline_ground_truth_window,"Environment section (T(v)):
- Current position NED is (0.42, 21.49, -2.50) m.
- Current velocity is (-0.01, 0.09, 0.01) m/s (speed 0.09 m/s).
- Goal position NED is (0.51, 27.18, -2.50) m.
- Output contract: predict exactly 5 waypoint x/y pairs in NED. The planner will set every waypoint z to goal z = -2.50 m before execution.
- Goal delta from current state is (0.09, 5.69, 0.00) m with distance 5.69 m.
- Obstacle pipeline: depth_camera_to_body_to_ned_current_frame.
- Current depth frame obstacle points projected into NED: 37. Nearest depth obstacle in NED is at (0.44, 27.79, -2.54) m, relative vector (0.02, 6.30, -0.04) m, distance 6.30 m.
- Depth validity fraction is 0.57. Global nearest obstacle distance is 4.84 m.
- Sector minimum distances [far_left, left, center, right, far_right] are [4.84, 4.84, 4.84, 4.84, 4.84] m.
- Nearest obstacle sector is far_right at 4.84 m and clearance status is clear.
- Lateral planning hint: prefer center progress.","{""waypoints"":[{""x"":0.420703909090909,""y"":22.227667545454548},{""x"":0.42979481818181803,""y"":22.72312209090909},{""x"":0.4388857272727271,""y"":23.218576636363636},{""x"":0.4479766363636362,""y"":23.714031181818182},{""x"":0.4570675454545453,""y"":24.209485727272728}],""reasoning"":""Selected waypoint 0 moves the reference anchor from 5.45 m to 4.96 m from goal immediately and to 2.97 m by the final waypoint, so progress is 0.50 m selected / 2.48 m final and passes with monotonic goal-distance reduction. Kinematics is evaluated on 5 unique label waypoint(s), excluding consecutive duplicate terminal holds, and checks only that the trajectory stays within the configured bounds speed <= 15.00 m/s and acceleration <= 8.00 m/s^2, so kinematics passes. Goal is not reached within this label waypoint window. Safety passes: minimum clearance 4.37 m against manifest obstacles with 0 violating segment(s).""}",0.420703909090909,22.227667545454548,-2.5,0.42979481818181803,22.72312209090909,-2.5,0.4388857272727271,23.218576636363636,-2.5,0.4479766363636362,23.714031181818182,-2.5,0.4570675454545453,24.209485727272728,-2.5
1773814993.605856895,1773814993.605856895,0.000,offline_ground_truth_window,"Environment section (T(v)):
- Current position NED is (0.41, 21.98, -2.50) m.
- Current velocity is (0.00, 0.10, -0.00) m/s (speed 0.10 m/s).
- Goal position NED is (0.51, 27.18, -2.50) m.
- Output contract: predict exactly 5 waypoint x/y pairs in NED. The planner will set every waypoint z to goal z = -2.50 m before execution.
- Goal delta from current state is (0.10, 5.20, -0.00) m with distance 5.20 m.
- Obstacle pipeline: depth_camera_to_body_to_ned_current_frame.
- Current depth frame obstacle points projected into NED: 40. Nearest depth obstacle in NED is at (0.97, 28.08, -2.09) m, relative vector (0.55, 6.10, 0.41) m, distance 6.14 m.
- Depth validity fraction is 0.58. Global nearest obstacle distance is 4.84 m.
- Sector minimum distances [far_left, left, center, right, far_right] are [4.84, 4.84, 4.84, 4.84, 4.84] m.
- Nearest obstacle sector is far_left at 4.84 m and clearance status is clear.
- Lateral planning hint: prefer center progress.","{""waypoints"":[{""x"":0.42979481818181803,""y"":22.72312209090909},{""x"":0.4388857272727271,""y"":23.218576636363636},{""x"":0.4479766363636362,""y"":23.714031181818182},{""x"":0.4570675454545453,""y"":24.209485727272728},{""x"":0.4661584545454544,""y"":24.704940272727274}],""reasoning"":""Selected waypoint 0 moves the reference anchor from 4.96 m to 4.46 m from goal immediately and to 2.48 m by the final waypoint, so progress is 0.50 m selected / 2.48 m final and passes with monotonic goal-distance reduction. Kinematics is evaluated on 5 unique label waypoint(s), excluding consecutive duplicate terminal holds, and checks only that the trajectory stays within the configured bounds speed <= 15.00 m/s and acceleration <= 8.00 m/s^2, so kinematics passes. Goal is not reached within this label waypoint window. Safety passes: minimum clearance 4.69 m against manifest obstacles with 0 violating segment(s).""}",0.42979481818181803,22.72312209090909,-2.5,0.4388857272727271,23.218576636363636,-2.5,0.4479766363636362,23.714031181818182,-2.5,0.4570675454545453,24.209485727272728,-2.5,0.4661584545454544,24.704940272727274,-2.5
1773814999.187706947,1773814999.187706947,0.000,offline_ground_truth_window,"Environment section (T(v)):
- Current position NED is (0.39, 22.48, -2.50) m.
- Current velocity is (0.00, 0.10, 0.01) m/s (speed 0.10 m/s).
- Goal position NED is (0.51, 27.18, -2.50) m.
- Output contract: predict exactly 5 waypoint x/y pairs in NED. The planner will set every waypoint z to goal z = -2.50 m before execution.
- Goal delta from current state is (0.12, 4.70, 0.00) m with distance 4.70 m.
- Obstacle pipeline: depth_camera_to_body_to_ned_current_frame.
- Current depth frame obstacle points projected into NED: 58. Nearest depth obstacle in NED is at (0.85, 28.09, -2.01) m, relative vector (0.46, 5.61, 0.50) m, distance 5.65 m.
- Depth validity fraction is 0.57. Global nearest obstacle distance is 4.82 m.
- Sector minimum distances [far_left, left, center, right, far_right] are [4.82, 4.83, 4.83, 4.84, 4.84] m.
- Nearest obstacle sector is far_left at 4.82 m and clearance status is clear.
- Lateral planning hint: prefer center progress.","{""waypoints"":[{""x"":0.4388857272727271,""y"":23.218576636363636},{""x"":0.4479766363636362,""y"":23.714031181818182},{""x"":0.4570675454545453,""y"":24.209485727272728},{""x"":0.4661584545454544,""y"":24.704940272727274},{""x"":0.4752493636363635,""y"":25.200394818181817}],""reasoning"":""Selected waypoint 0 moves the reference anchor from 4.46 m to 3.96 m from goal immediately and to 1.98 m by the final waypoint, so progress is 0.50 m selected / 2.48 m final and passes with monotonic goal-distance reduction. Kinematics is evaluated on 5 unique label waypoint(s), excluding consecutive duplicate terminal holds, and checks only that the trajectory stays within the configured bounds speed <= 15.00 m/s and acceleration <= 8.00 m/s^2, so kinematics passes. Goal is not reached within this label waypoint window. Safety passes: minimum clearance 4.63 m against manifest obstacles with 0 violating segment(s).""}",0.4388857272727271,23.218576636363636,-2.5,0.4479766363636362,23.714031181818182,-2.5,0.4570675454545453,24.209485727272728,-2.5,0.4661584545454544,24.704940272727274,-2.5,0.4752493636363635,25.200394818181817,-2.5
1773815005.433983564,1773815005.433983564,0.000,offline_ground_truth_window,"Environment section (T(v)):
- Current position NED is (0.44, 22.97, -2.49) m.
- Current velocity is (0.01, 0.06, -0.00) m/s (speed 0.06 m/s).
- Goal position NED is (0.51, 27.18, -2.50) m.
- Output contract: predict exactly 5 waypoint x/y pairs in NED. The planner will set every waypoint z to goal z = -2.50 m before execution.
- Goal delta from current state is (0.07, 4.21, -0.01) m with distance 4.21 m.
- Obstacle pipeline: depth_camera_to_body_to_ned_current_frame.
- Current depth frame obstacle points projected into NED: 50. Nearest depth obstacle in NED is at (0.84, 27.66, -2.50) m, relative vector (0.40, 4.69, -0.00) m, distance 4.71 m.
- Depth validity fraction is 0.57. Global nearest obstacle distance is 4.45 m.
- Sector minimum distances [far_left, left, center, right, far_right] are [4.84, 4.84, 4.49, 4.45, 4.83] m.
- Nearest obstacle sector is right at 4.45 m and clearance status is clear.
- Lateral planning hint: prefer center progress.","{""waypoints"":[{""x"":0.4479766363636362,""y"":23.714031181818182},{""x"":0.4570675454545453,""y"":24.209485727272728},{""x"":0.4661584545454544,""y"":24.704940272727274},{""x"":0.4752493636363635,""y"":25.200394818181817},{""x"":0.4843402727272726,""y"":25.695849363636363}],""reasoning"":""Selected waypoint 0 moves the reference anchor from 3.96 m to 3.47 m from goal immediately and to 1.49 m by the final waypoint, so progress is 0.50 m selected / 2.48 m final and passes with monotonic goal-distance reduction. Kinematics is evaluated on 5 unique label waypoint(s), excluding consecutive duplicate terminal holds, and checks only that the trajectory stays within the configured bounds speed <= 15.00 m/s and acceleration <= 8.00 m/s^2, so kinematics passes. Goal is not reached within this label waypoint window. Safety passes: minimum clearance 4.36 m against manifest obstacles with 0 violating segment(s).""}",0.4479766363636362,23.714031181818182,-2.5,0.4570675454545453,24.209485727272728,-2.5,0.4661584545454544,24.704940272727274,-2.5,0.4752493636363635,25.200394818181817,-2.5,0.4843402727272726,25.695849363636363,-2.5
1773815010.329358339,1773815010.329358339,0.000,offline_ground_truth_window,"Environment section (T(v)):
- Current position NED is (0.44, 23.47, -2.49) m.
- Current velocity is (0.02, 0.12, 0.01) m/s (speed 0.12 m/s).
- Goal position NED is (0.51, 27.18, -2.50) m.
- Output contract: predict exactly 5 waypoint x/y pairs in NED. The planner will set every waypoint z to goal z = -2.50 m before execution.
- Goal delta from current state is (0.08, 3.71, -0.01) m with distance 3.71 m.
- Obstacle pipeline: depth_camera_to_body_to_ned_current_frame.
- Current depth frame obstacle points projected into NED: 63. Nearest depth obstacle in NED is at (0.57, 27.79, -2.59) m, relative vector (0.13, 4.32, -0.09) m, distance 4.33 m.
- Depth validity fraction is 0.57. Global nearest obstacle distance is 3.94 m.
- Sector minimum distances [far_left, left, center, right, far_right] are [4.90, 4.89, 4.01, 3.94, 4.88] m.
- Nearest obstacle sector is right at 3.94 m and clearance status is clear.
- Lateral planning hint: left side is clearer.","{""waypoints"":[{""x"":0.4570675454545453,""y"":24.209485727272728},{""x"":0.4661584545454544,""y"":24.704940272727274},{""x"":0.4752493636363635,""y"":25.200394818181817},{""x"":0.4843402727272726,""y"":25.695849363636363},{""x"":0.4934311818181817,""y"":26.19130390909091}],""reasoning"":""Selected waypoint 0 moves the reference anchor from 3.47 m to 2.97 m from goal immediately and to 0.99 m by the final waypoint, so progress is 0.50 m selected / 2.48 m final and passes with monotonic goal-distance reduction. Kinematics is evaluated on 5 unique label waypoint(s), excluding consecutive duplicate terminal holds, and checks only that the trajectory stays within the configured bounds speed <= 15.00 m/s and acceleration <= 8.00 m/s^2, so kinematics passes. Goal is not reached within this label waypoint window. Safety passes: minimum clearance 4.14 m against manifest obstacles with 0 violating segment(s).""}",0.4570675454545453,24.209485727272728,-2.5,0.4661584545454544,24.704940272727274,-2.5,0.4752493636363635,25.200394818181817,-2.5,0.4843402727272726,25.695849363636363,-2.5,0.4934311818181817,26.19130390909091,-2.5
1773815015.242230415,1773815015.242230415,0.000,offline_ground_truth_window,"Environment section (T(v)):
- Current position NED is (0.45, 23.97, -2.50) m.
- Current velocity is (-0.01, 0.08, 0.01) m/s (speed 0.09 m/s).
- Goal position NED is (0.51, 27.18, -2.50) m.
- Output contract: predict exactly 5 waypoint x/y pairs in NED. The planner will set every waypoint z to goal z = -2.50 m before execution.
- Goal delta from current state is (0.06, 3.22, -0.00) m with distance 3.22 m.
- Obstacle pipeline: depth_camera_to_body_to_ned_current_frame.
- Current depth frame obstacle points projected into NED: 78. Nearest depth obstacle in NED is at (1.41, 27.68, -2.57) m, relative vector (0.95, 3.71, -0.07) m, distance 3.84 m.
- Depth validity fraction is 0.59. Global nearest obstacle distance is 3.47 m.
- Sector minimum distances [far_left, left, center, right, far_right] are [4.64, 4.87, 3.59, 3.47, 4.88] m.
- Nearest obstacle sector is right at 3.47 m and clearance status is clear.
- Lateral planning hint: left side is clearer.","{""waypoints"":[{""x"":0.4661584545454544,""y"":24.704940272727274},{""x"":0.4752493636363635,""y"":25.200394818181817},{""x"":0.4843402727272726,""y"":25.695849363636363},{""x"":0.4934311818181817,""y"":26.19130390909091},{""x"":0.5025220909090908,""y"":26.686758454545455}],""reasoning"":""Selected waypoint 0 moves the reference anchor from 2.97 m to 2.48 m from goal immediately and to 0.50 m by the final waypoint, so progress is 0.50 m selected / 2.48 m final and passes with monotonic goal-distance reduction. Kinematics is evaluated on 5 unique label waypoint(s), excluding consecutive duplicate terminal holds, and checks only that the trajectory stays within the configured bounds speed <= 15.00 m/s and acceleration <= 8.00 m/s^2, so kinematics passes. Goal is not reached within this label waypoint window. Safety passes: minimum clearance 3.80 m against manifest obstacles with 0 violating segment(s).""}",0.4661584545454544,24.704940272727274,-2.5,0.4752493636363635,25.200394818181817,-2.5,0.4843402727272726,25.695849363636363,-2.5,0.4934311818181817,26.19130390909091,-2.5,0.5025220909090908,26.686758454545455,-2.5
1773815021.822215557,1773815021.822215557,0.000,offline_ground_truth_window,"Environment section (T(v)):
- Current position NED is (0.49, 24.46, -2.48) m.
- Current velocity is (-0.00, 0.09, -0.00) m/s (speed 0.09 m/s).
- Goal position NED is (0.51, 27.18, -2.50) m.
- Output contract: predict exactly 5 waypoint x/y pairs in NED. The planner will set every waypoint z to goal z = -2.50 m before execution.
- Goal delta from current state is (0.02, 2.72, -0.02) m with distance 2.72 m.
- Obstacle pipeline: depth_camera_to_body_to_ned_current_frame.
- Current depth frame obstacle points projected into NED: 88. Nearest depth obstacle in NED is at (1.11, 27.62, -2.55) m, relative vector (0.62, 3.16, -0.06) m, distance 3.22 m.
- Depth validity fraction is 0.60. Global nearest obstacle distance is 2.97 m.
- Sector minimum distances [far_left, left, center, right, far_right] are [4.17, 4.86, 3.15, 2.97, 3.18] m.
- Nearest obstacle sector is right at 2.97 m and clearance status is caution.
- Lateral planning hint: left side is clearer.","{""waypoints"":[{""x"":0.4752493636363635,""y"":25.200394818181817},{""x"":0.4843402727272726,""y"":25.695849363636363},{""x"":0.4934311818181817,""y"":26.19130390909091},{""x"":0.5025220909090908,""y"":26.686758454545455},{""x"":0.5116129999999999,""y"":27.182213}],""reasoning"":""Selected waypoint 0 moves the reference anchor from 2.48 m to 1.98 m from goal immediately and to 0.00 m by the final waypoint, so progress is 0.50 m selected / 2.48 m final and passes with monotonic goal-distance reduction. Kinematics is evaluated on 5 unique label waypoint(s), excluding consecutive duplicate terminal holds, and checks only that the trajectory stays within the configured bounds speed <= 15.00 m/s and acceleration <= 8.00 m/s^2, so kinematics passes. Goal will be reached in 5 waypoint(s) within 0.35 m tolerance. Safety passes: minimum clearance 3.35 m against manifest obstacles with 0 violating segment(s).""}",0.4752493636363635,25.200394818181817,-2.5,0.4843402727272726,25.695849363636363,-2.5,0.4934311818181817,26.19130390909091,-2.5,0.5025220909090908,26.686758454545455,-2.5,0.5116129999999999,27.182213,-2.5
1773815028.932905912,1773815028.932905912,0.000,offline_ground_truth_window,"Environment section (T(v)):
- Current position NED is (0.44, 24.96, -2.49) m.
- Current velocity is (-0.01, 0.05, -0.00) m/s (speed 0.05 m/s).
- Goal position NED is (0.51, 27.18, -2.50) m.
- Output contract: predict exactly 5 waypoint x/y pairs in NED. The planner will set every waypoint z to goal z = -2.50 m before execution.
- Goal delta from current state is (0.07, 2.22, -0.01) m with distance 2.23 m.
- Obstacle pipeline: depth_camera_to_body_to_ned_current_frame.
- Current depth frame obstacle points projected into NED: 102. Nearest depth obstacle in NED is at (1.08, 27.61, -2.51) m, relative vector (0.64, 2.65, -0.03) m, distance 2.73 m.
- Depth validity fraction is 0.61. Global nearest obstacle distance is 2.48 m.
- Sector minimum distances [far_left, left, center, right, far_right] are [4.83, 4.84, 2.64, 2.48, 2.56] m.
- Nearest obstacle sector is right at 2.48 m and clearance status is caution.
- Lateral planning hint: left side is clearer.","{""waypoints"":[{""x"":0.5116129999999999,""y"":27.182213},{""x"":0.5116129999999999,""y"":27.182213},{""x"":0.5116129999999999,""y"":27.182213},{""x"":0.5116129999999999,""y"":27.182213},{""x"":0.5116129999999999,""y"":27.182213}],""reasoning"":""Selected waypoint 0 moves the reference anchor from 1.98 m to 0.00 m from goal immediately and to 0.00 m by the final waypoint, so progress is 1.98 m selected / 1.98 m final and passes with monotonic goal-distance reduction. Kinematics is evaluated on 1 unique label waypoint(s), excluding consecutive duplicate terminal holds, and checks only that the trajectory stays within the configured bounds speed <= 15.00 m/s and acceleration <= 8.00 m/s^2, so kinematics passes. Goal will be reached in 1 waypoint(s) within 0.35 m tolerance. Safety passes: minimum clearance 3.35 m against manifest obstacles with 0 violating segment(s).""}",0.5116129999999999,27.182213,-2.5,0.5116129999999999,27.182213,-2.5,0.5116129999999999,27.182213,-2.5,0.5116129999999999,27.182213,-2.5,0.5116129999999999,27.182213,-2.5
1773815037.834667683,1773815037.834667683,0.000,offline_ground_truth_window,"Environment section (T(v)):
- Current position NED is (0.50, 25.45, -2.49) m.
- Current velocity is (0.01, 0.07, 0.01) m/s (speed 0.07 m/s).
- Goal position NED is (0.51, 27.18, -2.50) m.
- Output contract: predict exactly 5 waypoint x/y pairs in NED. The planner will set every waypoint z to goal z = -2.50 m before execution.
- Goal delta from current state is (0.02, 1.73, -0.01) m with distance 1.73 m.
- Obstacle pipeline: depth_camera_to_body_to_ned_current_frame.
- Current depth frame obstacle points projected into NED: 124. Nearest depth obstacle in NED is at (1.08, 27.63, -2.52) m, relative vector (0.58, 2.17, -0.03) m, distance 2.25 m.
- Depth validity fraction is 0.62. Global nearest obstacle distance is 1.97 m.
- Sector minimum distances [far_left, left, center, right, far_right] are [4.82, 4.82, 2.29, 1.97, 1.97] m.
- Nearest obstacle sector is far_right at 1.97 m and clearance status is caution.
- Lateral planning hint: left side is clearer.","{""waypoints"":[{""x"":0.5116129999999999,""y"":27.182213},{""x"":0.5116129999999999,""y"":27.182213},{""x"":0.5116129999999999,""y"":27.182213},{""x"":0.5116129999999999,""y"":27.182213},{""x"":0.5116129999999999,""y"":27.182213}],""reasoning"":""Selected waypoint 0 moves the reference anchor from 1.49 m to 0.00 m from goal immediately and to 0.00 m by the final waypoint, so progress is 1.49 m selected / 1.49 m final and passes with monotonic goal-distance reduction. Kinematics is evaluated on 1 unique label waypoint(s), excluding consecutive duplicate terminal holds, and checks only that the trajectory stays within the configured bounds speed <= 15.00 m/s and acceleration <= 8.00 m/s^2, so kinematics passes. Goal will be reached in 1 waypoint(s) within 0.35 m tolerance. Safety passes: minimum clearance 3.35 m against manifest obstacles with 0 violating segment(s).""}",0.5116129999999999,27.182213,-2.5,0.5116129999999999,27.182213,-2.5,0.5116129999999999,27.182213,-2.5,0.5116129999999999,27.182213,-2.5,0.5116129999999999,27.182213,-2.5
1773815043.480342150,1773815043.480342150,0.000,offline_ground_truth_window,"Environment section (T(v)):
- Current position NED is (0.54, 25.94, -2.50) m.
- Current velocity is (-0.02, 0.08, 0.00) m/s (speed 0.08 m/s).
- Goal position NED is (0.51, 27.18, -2.50) m.
- Output contract: predict exactly 5 waypoint x/y pairs in NED. The planner will set every waypoint z to goal z = -2.50 m before execution.
- Goal delta from current state is (-0.03, 1.24, -0.00) m with distance 1.24 m.
- Obstacle pipeline: depth_camera_to_body_to_ned_current_frame.
- Current depth frame obstacle points projected into NED: 151. Nearest depth obstacle in NED is at (1.13, 27.65, -2.54) m, relative vector (0.59, 1.70, -0.04) m, distance 1.80 m.
- Depth validity fraction is 0.63. Global nearest obstacle distance is 1.48 m.
- Sector minimum distances [far_left, left, center, right, far_right] are [4.84, 4.83, 1.94, 1.53, 1.48] m.
- Nearest obstacle sector is far_right at 1.48 m and clearance status is blocked.
- Lateral planning hint: left side is clearer.","{""waypoints"":[{""x"":0.5116129999999999,""y"":27.182213},{""x"":0.5116129999999999,""y"":27.182213},{""x"":0.5116129999999999,""y"":27.182213},{""x"":0.5116129999999999,""y"":27.182213},{""x"":0.5116129999999999,""y"":27.182213}],""reasoning"":""Selected waypoint 0 moves the reference anchor from 0.99 m to 0.00 m from goal immediately and to 0.00 m by the final waypoint, so progress is 0.99 m selected / 0.99 m final and passes with monotonic goal-distance reduction. Kinematics is evaluated on 1 unique label waypoint(s), excluding consecutive duplicate terminal holds, and checks only that the trajectory stays within the configured bounds speed <= 15.00 m/s and acceleration <= 8.00 m/s^2, so kinematics passes. Goal will be reached in 1 waypoint(s) within 0.35 m tolerance. Safety passes: minimum clearance 3.35 m against manifest obstacles with 0 violating segment(s).""}",0.5116129999999999,27.182213,-2.5,0.5116129999999999,27.182213,-2.5,0.5116129999999999,27.182213,-2.5,0.5116129999999999,27.182213,-2.5,0.5116129999999999,27.182213,-2.5
1773815050.253541708,1773815050.253541708,0.000,offline_ground_truth_window,"Environment section (T(v)):
- Current position NED is (0.51, 26.44, -2.49) m.
- Current velocity is (-0.01, 0.07, 0.00) m/s (speed 0.07 m/s).
- Goal position NED is (0.51, 27.18, -2.50) m.
- Output contract: predict exactly 5 waypoint x/y pairs in NED. The planner will set every waypoint z to goal z = -2.50 m before execution.
- Goal delta from current state is (0.00, 0.74, -0.01) m with distance 0.74 m.
- Obstacle pipeline: depth_camera_to_body_to_ned_current_frame.
- Current depth frame obstacle points projected into NED: 168. Nearest depth obstacle in NED is at (0.96, 27.66, -2.54) m, relative vector (0.45, 1.22, -0.05) m, distance 1.30 m.
- Depth validity fraction is 0.65. Global nearest obstacle distance is 0.98 m.
- Sector minimum distances [far_left, left, center, right, far_right] are [4.58, 4.55, 1.43, 1.08, 0.98] m.
- Nearest obstacle sector is far_right at 0.98 m and clearance status is blocked.
- Lateral planning hint: left side is clearer.","{""waypoints"":[{""x"":0.5116129999999999,""y"":27.182213},{""x"":0.5116129999999999,""y"":27.182213},{""x"":0.5116129999999999,""y"":27.182213},{""x"":0.5116129999999999,""y"":27.182213},{""x"":0.5116129999999999,""y"":27.182213}],""reasoning"":""Selected waypoint 0 moves the reference anchor from 0.50 m to 0.00 m from goal immediately and to 0.00 m by the final waypoint, so progress is 0.50 m selected / 0.50 m final and passes with monotonic goal-distance reduction. Kinematics is evaluated on 1 unique label waypoint(s), excluding consecutive duplicate terminal holds, and checks only that the trajectory stays within the configured bounds speed <= 15.00 m/s and acceleration <= 8.00 m/s^2, so kinematics passes. Goal will be reached in 1 waypoint(s) within 0.35 m tolerance. Safety passes: minimum clearance 3.35 m against manifest obstacles with 0 violating segment(s).""}",0.5116129999999999,27.182213,-2.5,0.5116129999999999,27.182213,-2.5,0.5116129999999999,27.182213,-2.5,0.5116129999999999,27.182213,-2.5,0.5116129999999999,27.182213,-2.5
1773815054.957869053,1773815054.957869053,0.000,offline_ground_truth_window,"Environment section (T(v)):
- Current position NED is (0.52, 26.94, -2.51) m.
- Current velocity is (-0.00, 0.12, 0.01) m/s (speed 0.12 m/s).
- Goal position NED is (0.51, 27.18, -2.50) m.
- Output contract: predict exactly 5 waypoint x/y pairs in NED. The planner will set every waypoint z to goal z = -2.50 m before execution.
- Goal delta from current state is (-0.01, 0.24, 0.01) m with distance 0.25 m.
- Obstacle pipeline: depth_camera_to_body_to_ned_current_frame.
- Current depth frame obstacle points projected into NED: 192. Nearest depth obstacle in NED is at (0.85, 27.73, -2.57) m, relative vector (0.33, 0.80, -0.06) m, distance 0.86 m.
- Depth validity fraction is 0.65. Global nearest obstacle distance is 0.59 m.
- Sector minimum distances [far_left, left, center, right, far_right] are [4.09, 4.06, 1.02, 0.71, 0.59] m.
- Nearest obstacle sector is far_right at 0.59 m and clearance status is blocked.
- Lateral planning hint: left side is clearer.","{""waypoints"":[{""x"":0.5116129999999999,""y"":27.182213},{""x"":0.5116129999999999,""y"":27.182213},{""x"":0.5116129999999999,""y"":27.182213},{""x"":0.5116129999999999,""y"":27.182213},{""x"":0.5116129999999999,""y"":27.182213}],""reasoning"":""Selected waypoint 0 moves the reference anchor from 0.00 m to 0.00 m from goal immediately and to 0.00 m by the final waypoint, so progress is 0.00 m selected / 0.00 m final and fails with monotonic goal-distance reduction. Kinematics is evaluated on 1 unique label waypoint(s), excluding consecutive duplicate terminal holds, and checks only that the trajectory stays within the configured bounds speed <= 15.00 m/s and acceleration <= 8.00 m/s^2, so kinematics passes. Goal has already been reached at the reference anchor within 0.35 m tolerance. Safety passes: minimum clearance 3.35 m against manifest obstacles with 0 violating segment(s).""}",0.5116129999999999,27.182213,-2.5,0.5116129999999999,27.182213,-2.5,0.5116129999999999,27.182213,-2.5,0.5116129999999999,27.182213,-2.5,0.5116129999999999,27.182213,-2.5
