anchor_stamp_s,scene_stamp_s,sync_dt_ms,label_mode,prompt,label_waypoints_json,wp0_x,wp0_y,wp0_z,wp1_x,wp1_y,wp1_z,wp2_x,wp2_y,wp2_z,wp3_x,wp3_y,wp3_z,wp4_x,wp4_y,wp4_z
1773828457.077356815,1773828457.077356815,0.000,offline_ground_truth_window,"Environment section (T(v)):
- Current position NED is (0.00, -0.09, -2.39) m.
- Current velocity is (0.01, -0.00, 0.00) m/s (speed 0.01 m/s).
- Goal position NED is (-1.49, 28.00, -2.50) m.
- Output contract: predict exactly 5 waypoint x/y pairs in NED. The planner will set every waypoint z to goal z = -2.50 m before execution.
- Goal delta from current state is (-1.49, 28.09, -0.11) m with distance 28.13 m.
- Obstacle pipeline: depth_camera_to_body_to_ned_current_frame.
- Current depth frame obstacle points projected into NED: 21. Nearest depth obstacle in NED is at (-4.06, 6.36, -2.33) m, relative vector (-4.06, 6.45, 0.06) m, distance 7.62 m.
- Depth validity fraction is 0.59. Global nearest obstacle distance is 4.74 m.
- Sector minimum distances [far_left, left, center, right, far_right] are [4.76, 4.76, 4.75, 4.74, 4.74] m.
- Nearest obstacle sector is far_right at 4.74 m and clearance status is clear.
- Lateral planning hint: prefer center progress.","{""waypoints"":[{""x"":0.07298952941176529,""y"":0.48529411764705743},{""x"":0.13181305882353,""y"":0.9705882352941163},{""x"":0.19063658823529472,""y"":1.4558823529411753},{""x"":0.24946011764705944,""y"":1.9411764705882342},{""x"":0.30828364705882416,""y"":2.426470588235293}],""reasoning"":""Selected waypoint 0 moves the reference anchor from 28.04 m to 27.56 m from goal immediately and to 25.64 m by the final waypoint, so progress is 0.48 m selected / 2.40 m final and passes with monotonic goal-distance reduction. Kinematics is evaluated on 5 unique label waypoint(s), excluding consecutive duplicate terminal holds, and checks only that the trajectory stays within the configured bounds speed <= 15.00 m/s and acceleration <= 8.00 m/s^2, so kinematics passes. Goal is not reached within this label waypoint window. Safety passes: minimum clearance 4.51 m against manifest obstacles with 0 violating segment(s).""}",0.07298952941176529,0.48529411764705743,-2.5,0.13181305882353,0.9705882352941163,-2.5,0.19063658823529472,1.4558823529411753,-2.5,0.24946011764705944,1.9411764705882342,-2.5,0.30828364705882416,2.426470588235293,-2.5
1773828464.373204231,1773828464.373204231,0.000,offline_ground_truth_window,"Environment section (T(v)):
- Current position NED is (-0.01, 0.25, -2.46) m.
- Current velocity is (0.01, 0.03, -0.00) m/s (speed 0.03 m/s).
- Goal position NED is (-1.49, 28.00, -2.50) m.
- Output contract: predict exactly 5 waypoint x/y pairs in NED. The planner will set every waypoint z to goal z = -2.50 m before execution.
- Goal delta from current state is (-1.47, 27.75, -0.04) m with distance 27.79 m.
- Obstacle pipeline: depth_camera_to_body_to_ned_current_frame.
- Current depth frame obstacle points projected into NED: 14. Nearest depth obstacle in NED is at (-4.08, 6.35, -2.70) m, relative vector (-4.07, 6.10, -0.25) m, distance 7.33 m.
- Depth validity fraction is 0.59. Global nearest obstacle distance is 4.79 m.
- Sector minimum distances [far_left, left, center, right, far_right] are [4.79, 4.79, 4.80, 4.80, 4.81] m.
- Nearest obstacle sector is far_left at 4.79 m and clearance status is clear.
- Lateral planning hint: prefer center progress.","{""waypoints"":[{""x"":0.13181305882353,""y"":0.9705882352941163},{""x"":0.19063658823529472,""y"":1.4558823529411753},{""x"":0.24946011764705944,""y"":1.9411764705882342},{""x"":0.30828364705882416,""y"":2.426470588235293},{""x"":0.3671071764705889,""y"":2.911764705882352}],""reasoning"":""Selected waypoint 0 moves the reference anchor from 27.56 m to 27.08 m from goal immediately and to 25.16 m by the final waypoint, so progress is 0.48 m selected / 2.40 m final and passes with monotonic goal-distance reduction. Kinematics is evaluated on 5 unique label waypoint(s), excluding consecutive duplicate terminal holds, and checks only that the trajectory stays within the configured bounds speed <= 15.00 m/s and acceleration <= 8.00 m/s^2, so kinematics passes. Goal is not reached within this label waypoint window. Safety passes: minimum clearance 4.07 m against manifest obstacles with 0 violating segment(s).""}",0.13181305882353,0.9705882352941163,-2.5,0.19063658823529472,1.4558823529411753,-2.5,0.24946011764705944,1.9411764705882342,-2.5,0.30828364705882416,2.426470588235293,-2.5,0.3671071764705889,2.911764705882352,-2.5
1773828471.526025772,1773828471.526025772,0.000,offline_ground_truth_window,"Environment section (T(v)):
- Current position NED is (0.08, 0.73, -2.46) m.
- Current velocity is (0.01, 0.08, -0.00) m/s (speed 0.08 m/s).
- Goal position NED is (-1.49, 28.00, -2.50) m.
- Output contract: predict exactly 5 waypoint x/y pairs in NED. The planner will set every waypoint z to goal z = -2.50 m before execution.
- Goal delta from current state is (-1.57, 27.27, -0.04) m with distance 27.31 m.
- Obstacle pipeline: depth_camera_to_body_to_ned_current_frame.
- Current depth frame obstacle points projected into NED: 21. Nearest depth obstacle in NED is at (-3.81, 6.41, -2.53) m, relative vector (-3.89, 5.68, -0.07) m, distance 6.88 m.
- Depth validity fraction is 0.58. Global nearest obstacle distance is 4.97 m.
- Sector minimum distances [far_left, left, center, right, far_right] are [5.00, 5.00, 4.99, 4.98, 4.97] m.
- Nearest obstacle sector is far_right at 4.97 m and clearance status is clear.
- Lateral planning hint: prefer center progress.","{""waypoints"":[{""x"":0.19063658823529472,""y"":1.4558823529411753},{""x"":0.24946011764705944,""y"":1.9411764705882342},{""x"":0.30828364705882416,""y"":2.426470588235293},{""x"":0.3671071764705889,""y"":2.911764705882352},{""x"":0.4259307058823534,""y"":3.3970588235294104}],""reasoning"":""Selected waypoint 0 moves the reference anchor from 27.08 m to 26.60 m from goal immediately and to 24.68 m by the final waypoint, so progress is 0.48 m selected / 2.40 m final and passes with monotonic goal-distance reduction. Kinematics is evaluated on 5 unique label waypoint(s), excluding consecutive duplicate terminal holds, and checks only that the trajectory stays within the configured bounds speed <= 15.00 m/s and acceleration <= 8.00 m/s^2, so kinematics passes. Goal is not reached within this label waypoint window. Safety passes: minimum clearance 3.64 m against manifest obstacles with 0 violating segment(s).""}",0.19063658823529472,1.4558823529411753,-2.5,0.24946011764705944,1.9411764705882342,-2.5,0.30828364705882416,2.426470588235293,-2.5,0.3671071764705889,2.911764705882352,-2.5,0.4259307058823534,3.3970588235294104,-2.5
1773828480.586649656,1773828480.586649656,0.000,offline_ground_truth_window,"Environment section (T(v)):
- Current position NED is (0.13, 1.22, -2.49) m.
- Current velocity is (0.02, 0.07, 0.00) m/s (speed 0.08 m/s).
- Goal position NED is (-1.49, 28.00, -2.50) m.
- Output contract: predict exactly 5 waypoint x/y pairs in NED. The planner will set every waypoint z to goal z = -2.50 m before execution.
- Goal delta from current state is (-1.62, 26.78, -0.01) m with distance 26.83 m.
- Obstacle pipeline: depth_camera_to_body_to_ned_current_frame.
- Current depth frame obstacle points projected into NED: 23. Nearest depth obstacle in NED is at (-3.50, 6.53, -2.65) m, relative vector (-3.63, 5.31, -0.16) m, distance 6.44 m.
- Depth validity fraction is 0.58. Global nearest obstacle distance is 4.98 m.
- Sector minimum distances [far_left, left, center, right, far_right] are [5.00, 4.99, 4.99, 4.99, 4.98] m.
- Nearest obstacle sector is far_right at 4.98 m and clearance status is clear.
- Lateral planning hint: prefer center progress.","{""waypoints"":[{""x"":0.24946011764705944,""y"":1.9411764705882342},{""x"":0.30828364705882416,""y"":2.426470588235293},{""x"":0.3671071764705889,""y"":2.911764705882352},{""x"":0.4259307058823534,""y"":3.3970588235294104},{""x"":0.4847542352941183,""y"":3.8823529411764697}],""reasoning"":""Selected waypoint 0 moves the reference anchor from 26.60 m to 26.12 m from goal immediately and to 24.20 m by the final waypoint, so progress is 0.48 m selected / 2.40 m final and passes with monotonic goal-distance reduction. Kinematics is evaluated on 5 unique label waypoint(s), excluding consecutive duplicate terminal holds, and checks only that the trajectory stays within the configured bounds speed <= 15.00 m/s and acceleration <= 8.00 m/s^2, so kinematics passes. Goal is not reached within this label waypoint window. Safety passes: minimum clearance 3.23 m against manifest obstacles with 0 violating segment(s).""}",0.24946011764705944,1.9411764705882342,-2.5,0.30828364705882416,2.426470588235293,-2.5,0.3671071764705889,2.911764705882352,-2.5,0.4259307058823534,3.3970588235294104,-2.5,0.4847542352941183,3.8823529411764697,-2.5
1773828487.701822519,1773828487.701822519,0.000,offline_ground_truth_window,"Environment section (T(v)):
- Current position NED is (0.22, 1.70, -2.48) m.
- Current velocity is (0.00, 0.05, -0.00) m/s (speed 0.05 m/s).
- Goal position NED is (-1.49, 28.00, -2.50) m.
- Output contract: predict exactly 5 waypoint x/y pairs in NED. The planner will set every waypoint z to goal z = -2.50 m before execution.
- Goal delta from current state is (-1.70, 26.30, -0.02) m with distance 26.36 m.
- Obstacle pipeline: depth_camera_to_body_to_ned_current_frame.
- Current depth frame obstacle points projected into NED: 18. Nearest depth obstacle in NED is at (-3.36, 6.45, -2.30) m, relative vector (-3.58, 4.75, 0.18) m, distance 5.96 m.
- Depth validity fraction is 0.59. Global nearest obstacle distance is 4.79 m.
- Sector minimum distances [far_left, left, center, right, far_right] are [4.79, 4.99, 4.99, 4.99, 4.99] m.
- Nearest obstacle sector is far_left at 4.79 m and clearance status is clear.
- Lateral planning hint: prefer center progress.","{""waypoints"":[{""x"":0.30828364705882416,""y"":2.426470588235293},{""x"":0.3671071764705889,""y"":2.911764705882352},{""x"":0.4259307058823534,""y"":3.3970588235294104},{""x"":0.4847542352941183,""y"":3.8823529411764697},{""x"":0.5435777647058828,""y"":4.367647058823528}],""reasoning"":""Selected waypoint 0 moves the reference anchor from 26.12 m to 25.64 m from goal immediately and to 23.72 m by the final waypoint, so progress is 0.48 m selected / 2.40 m final and passes with monotonic goal-distance reduction. Kinematics is evaluated on 5 unique label waypoint(s), excluding consecutive duplicate terminal holds, and checks only that the trajectory stays within the configured bounds speed <= 15.00 m/s and acceleration <= 8.00 m/s^2, so kinematics passes. Goal is not reached within this label waypoint window. Safety passes: minimum clearance 2.83 m against manifest obstacles with 0 violating segment(s).""}",0.30828364705882416,2.426470588235293,-2.5,0.3671071764705889,2.911764705882352,-2.5,0.4259307058823534,3.3970588235294104,-2.5,0.4847542352941183,3.8823529411764697,-2.5,0.5435777647058828,4.367647058823528,-2.5
1773828494.849469185,1773828494.849469185,0.000,offline_ground_truth_window,"Environment section (T(v)):
- Current position NED is (0.28, 2.19, -2.48) m.
- Current velocity is (0.01, 0.06, -0.00) m/s (speed 0.06 m/s).
- Goal position NED is (-1.49, 28.00, -2.50) m.
- Output contract: predict exactly 5 waypoint x/y pairs in NED. The planner will set every waypoint z to goal z = -2.50 m before execution.
- Goal delta from current state is (-1.76, 25.81, -0.02) m with distance 25.88 m.
- Obstacle pipeline: depth_camera_to_body_to_ned_current_frame.
- Current depth frame obstacle points projected into NED: 21. Nearest depth obstacle in NED is at (-3.19, 6.47, -2.63) m, relative vector (-3.47, 4.28, -0.15) m, distance 5.51 m.
- Depth validity fraction is 0.58. Global nearest obstacle distance is 4.35 m.
- Sector minimum distances [far_left, left, center, right, far_right] are [4.35, 5.02, 5.02, 5.02, 5.02] m.
- Nearest obstacle sector is far_left at 4.35 m and clearance status is clear.
- Lateral planning hint: prefer center progress.","{""waypoints"":[{""x"":0.3671071764705889,""y"":2.911764705882352},{""x"":0.4259307058823534,""y"":3.3970588235294104},{""x"":0.4847542352941183,""y"":3.8823529411764697},{""x"":0.5435777647058828,""y"":4.367647058823528},{""x"":0.6024012941176478,""y"":4.852941176470587}],""reasoning"":""Selected waypoint 0 moves the reference anchor from 25.64 m to 25.16 m from goal immediately and to 23.24 m by the final waypoint, so progress is 0.48 m selected / 2.40 m final and passes with monotonic goal-distance reduction. Kinematics is evaluated on 5 unique label waypoint(s), excluding consecutive duplicate terminal holds, and checks only that the trajectory stays within the configured bounds speed <= 15.00 m/s and acceleration <= 8.00 m/s^2, so kinematics passes. Goal is not reached within this label waypoint window. Safety passes: minimum clearance 2.47 m against manifest obstacles with 0 violating segment(s).""}",0.3671071764705889,2.911764705882352,-2.5,0.4259307058823534,3.3970588235294104,-2.5,0.4847542352941183,3.8823529411764697,-2.5,0.5435777647058828,4.367647058823528,-2.5,0.6024012941176478,4.852941176470587,-2.5
1773828502.732396603,1773828502.732396603,0.000,offline_ground_truth_window,"Environment section (T(v)):
- Current position NED is (0.34, 2.67, -2.50) m.
- Current velocity is (0.01, 0.05, 0.01) m/s (speed 0.05 m/s).
- Goal position NED is (-1.49, 28.00, -2.50) m.
- Output contract: predict exactly 5 waypoint x/y pairs in NED. The planner will set every waypoint z to goal z = -2.50 m before execution.
- Goal delta from current state is (-1.83, 25.33, -0.00) m with distance 25.39 m.
- Obstacle pipeline: depth_camera_to_body_to_ned_current_frame.
- Current depth frame obstacle points projected into NED: 30. Nearest depth obstacle in NED is at (-2.93, 6.60, -2.37) m, relative vector (-3.27, 3.93, 0.12) m, distance 5.11 m.
- Depth validity fraction is 0.58. Global nearest obstacle distance is 4.00 m.
- Sector minimum distances [far_left, left, center, right, far_right] are [4.00, 5.09, 5.08, 5.08, 5.07] m.
- Nearest obstacle sector is far_left at 4.00 m and clearance status is clear.
- Lateral planning hint: right side is clearer.","{""waypoints"":[{""x"":0.4259307058823534,""y"":3.3970588235294104},{""x"":0.4847542352941183,""y"":3.8823529411764697},{""x"":0.5435777647058828,""y"":4.367647058823528},{""x"":0.6024012941176478,""y"":4.852941176470587},{""x"":0.6612248235294123,""y"":5.338235294117646}],""reasoning"":""Selected waypoint 0 moves the reference anchor from 25.16 m to 24.68 m from goal immediately and to 22.76 m by the final waypoint, so progress is 0.48 m selected / 2.39 m final and passes with monotonic goal-distance reduction. Kinematics is evaluated on 5 unique label waypoint(s), excluding consecutive duplicate terminal holds, and checks only that the trajectory stays within the configured bounds speed <= 15.00 m/s and acceleration <= 8.00 m/s^2, so kinematics passes. Goal is not reached within this label waypoint window. Safety passes: minimum clearance 2.14 m against manifest obstacles with 0 violating segment(s).""}",0.4259307058823534,3.3970588235294104,-2.5,0.4847542352941183,3.8823529411764697,-2.5,0.5435777647058828,4.367647058823528,-2.5,0.6024012941176478,4.852941176470587,-2.5,0.6612248235294123,5.338235294117646,-2.5
1773828512.047986269,1773828512.047986269,0.000,offline_ground_truth_window,"Environment section (T(v)):
- Current position NED is (0.38, 3.16, -2.49) m.
- Current velocity is (0.02, 0.07, 0.00) m/s (speed 0.08 m/s).
- Goal position NED is (-1.49, 28.00, -2.50) m.
- Output contract: predict exactly 5 waypoint x/y pairs in NED. The planner will set every waypoint z to goal z = -2.50 m before execution.
- Goal delta from current state is (-1.86, 24.84, -0.01) m with distance 24.91 m.
- Obstacle pipeline: depth_camera_to_body_to_ned_current_frame.
- Current depth frame obstacle points projected into NED: 26. Nearest depth obstacle in NED is at (-2.72, 6.88, -2.09) m, relative vector (-3.09, 3.72, 0.40) m, distance 4.85 m.
- Depth validity fraction is 0.58. Global nearest obstacle distance is 3.78 m.
- Sector minimum distances [far_left, left, center, right, far_right] are [3.78, 5.05, 5.04, 5.04, 5.04] m.
- Nearest obstacle sector is far_left at 3.78 m and clearance status is clear.
- Lateral planning hint: right side is clearer.","{""waypoints"":[{""x"":0.4847542352941183,""y"":3.8823529411764697},{""x"":0.5435777647058828,""y"":4.367647058823528},{""x"":0.6024012941176478,""y"":4.852941176470587},{""x"":0.6612248235294123,""y"":5.338235294117646},{""x"":0.7200483529411772,""y"":5.823529411764705}],""reasoning"":""Selected waypoint 0 moves the reference anchor from 24.68 m to 24.20 m from goal immediately and to 22.29 m by the final waypoint, so progress is 0.48 m selected / 2.39 m final and passes with monotonic goal-distance reduction. Kinematics is evaluated on 5 unique label waypoint(s), excluding consecutive duplicate terminal holds, and checks only that the trajectory stays within the configured bounds speed <= 15.00 m/s and acceleration <= 8.00 m/s^2, so kinematics passes. Goal is not reached within this label waypoint window. Safety passes: minimum clearance 1.86 m against manifest obstacles with 0 violating segment(s).""}",0.4847542352941183,3.8823529411764697,-2.5,0.5435777647058828,4.367647058823528,-2.5,0.6024012941176478,4.852941176470587,-2.5,0.6612248235294123,5.338235294117646,-2.5,0.7200483529411772,5.823529411764705,-2.5
1773828520.421207666,1773828520.421207666,0.000,offline_ground_truth_window,"Environment section (T(v)):
- Current position NED is (0.44, 3.65, -2.50) m.
- Current velocity is (0.02, 0.06, 0.00) m/s (speed 0.06 m/s).
- Goal position NED is (-1.49, 28.00, -2.50) m.
- Output contract: predict exactly 5 waypoint x/y pairs in NED. The planner will set every waypoint z to goal z = -2.50 m before execution.
- Goal delta from current state is (-1.92, 24.35, -0.00) m with distance 24.43 m.
- Obstacle pipeline: depth_camera_to_body_to_ned_current_frame.
- Current depth frame obstacle points projected into NED: 25. Nearest depth obstacle in NED is at (2.21, 8.91, -2.25) m, relative vector (1.78, 5.27, 0.24) m, distance 5.56 m.
- Depth validity fraction is 0.59. Global nearest obstacle distance is 4.89 m.
- Sector minimum distances [far_left, left, center, right, far_right] are [4.99, 4.99, 4.99, 4.97, 4.89] m.
- Nearest obstacle sector is far_right at 4.89 m and clearance status is clear.
- Lateral planning hint: prefer center progress.","{""waypoints"":[{""x"":0.5435777647058828,""y"":4.367647058823528},{""x"":0.6024012941176478,""y"":4.852941176470587},{""x"":0.6612248235294123,""y"":5.338235294117646},{""x"":0.7200483529411772,""y"":5.823529411764705},{""x"":0.7788718823529417,""y"":6.308823529411763}],""reasoning"":""Selected waypoint 0 moves the reference anchor from 24.20 m to 23.72 m from goal immediately and to 21.81 m by the final waypoint, so progress is 0.48 m selected / 2.39 m final and passes with monotonic goal-distance reduction. Kinematics is evaluated on 5 unique label waypoint(s), excluding consecutive duplicate terminal holds, and checks only that the trajectory stays within the configured bounds speed <= 15.00 m/s and acceleration <= 8.00 m/s^2, so kinematics passes. Goal is not reached within this label waypoint window. Safety passes: minimum clearance 1.66 m against manifest obstacles with 0 violating segment(s).""}",0.5435777647058828,4.367647058823528,-2.5,0.6024012941176478,4.852941176470587,-2.5,0.6612248235294123,5.338235294117646,-2.5,0.7200483529411772,5.823529411764705,-2.5,0.7788718823529417,6.308823529411763,-2.5
1773828528.798292160,1773828528.798292160,0.000,offline_ground_truth_window,"Environment section (T(v)):
- Current position NED is (0.51, 4.13, -2.50) m.
- Current velocity is (0.00, 0.06, 0.00) m/s (speed 0.06 m/s).
- Goal position NED is (-1.49, 28.00, -2.50) m.
- Output contract: predict exactly 5 waypoint x/y pairs in NED. The planner will set every waypoint z to goal z = -2.50 m before execution.
- Goal delta from current state is (-2.00, 23.87, 0.00) m with distance 23.95 m.
- Obstacle pipeline: depth_camera_to_body_to_ned_current_frame.
- Current depth frame obstacle points projected into NED: 26. Nearest depth obstacle in NED is at (2.42, 8.92, -2.26) m, relative vector (1.91, 4.79, 0.24) m, distance 5.16 m.
- Depth validity fraction is 0.59. Global nearest obstacle distance is 4.42 m.
- Sector minimum distances [far_left, left, center, right, far_right] are [5.00, 5.00, 5.00, 4.69, 4.42] m.
- Nearest obstacle sector is far_right at 4.42 m and clearance status is clear.
- Lateral planning hint: left side is clearer.","{""waypoints"":[{""x"":0.6024012941176478,""y"":4.852941176470587},{""x"":0.6612248235294123,""y"":5.338235294117646},{""x"":0.7200483529411772,""y"":5.823529411764705},{""x"":0.7788718823529417,""y"":6.308823529411763},{""x"":0.8376954117647064,""y"":6.794117647058822}],""reasoning"":""Selected waypoint 0 moves the reference anchor from 23.72 m to 23.24 m from goal immediately and to 21.33 m by the final waypoint, so progress is 0.48 m selected / 2.39 m final and passes with monotonic goal-distance reduction. Kinematics is evaluated on 5 unique label waypoint(s), excluding consecutive duplicate terminal holds, and checks only that the trajectory stays within the configured bounds speed <= 15.00 m/s and acceleration <= 8.00 m/s^2, so kinematics passes. Goal is not reached within this label waypoint window. Safety passes: minimum clearance 1.55 m against manifest obstacles with 0 violating segment(s).""}",0.6024012941176478,4.852941176470587,-2.5,0.6612248235294123,5.338235294117646,-2.5,0.7200483529411772,5.823529411764705,-2.5,0.7788718823529417,6.308823529411763,-2.5,0.8376954117647064,6.794117647058822,-2.5
1773828537.666261196,1773828537.666261196,0.000,offline_ground_truth_window,"Environment section (T(v)):
- Current position NED is (0.52, 4.62, -2.52) m.
- Current velocity is (0.01, 0.04, 0.01) m/s (speed 0.04 m/s).
- Goal position NED is (-1.49, 28.00, -2.50) m.
- Output contract: predict exactly 5 waypoint x/y pairs in NED. The planner will set every waypoint z to goal z = -2.50 m before execution.
- Goal delta from current state is (-2.01, 23.38, 0.02) m with distance 23.47 m.
- Obstacle pipeline: depth_camera_to_body_to_ned_current_frame.
- Current depth frame obstacle points projected into NED: 34. Nearest depth obstacle in NED is at (2.44, 8.98, -2.35) m, relative vector (1.92, 4.36, 0.17) m, distance 4.77 m.
- Depth validity fraction is 0.59. Global nearest obstacle distance is 3.92 m.
- Sector minimum distances [far_left, left, center, right, far_right] are [5.05, 5.05, 4.72, 5.06, 3.92] m.
- Nearest obstacle sector is far_right at 3.92 m and clearance status is clear.
- Lateral planning hint: left side is clearer.","{""waypoints"":[{""x"":0.6612248235294123,""y"":5.338235294117646},{""x"":0.7200483529411772,""y"":5.823529411764705},{""x"":0.7788718823529417,""y"":6.308823529411763},{""x"":0.8376954117647064,""y"":6.794117647058822},{""x"":0.8965189411764711,""y"":7.2794117647058805}],""reasoning"":""Selected waypoint 0 moves the reference anchor from 23.24 m to 22.76 m from goal immediately and to 20.86 m by the final waypoint, so progress is 0.48 m selected / 2.38 m final and passes with monotonic goal-distance reduction. Kinematics is evaluated on 5 unique label waypoint(s), excluding consecutive duplicate terminal holds, and checks only that the trajectory stays within the configured bounds speed <= 15.00 m/s and acceleration <= 8.00 m/s^2, so kinematics passes. Goal is not reached within this label waypoint window. Safety passes: minimum clearance 1.54 m against manifest obstacles with 0 violating segment(s).""}",0.6612248235294123,5.338235294117646,-2.5,0.7200483529411772,5.823529411764705,-2.5,0.7788718823529417,6.308823529411763,-2.5,0.8376954117647064,6.794117647058822,-2.5,0.8965189411764711,7.2794117647058805,-2.5
1773828546.069840670,1773828546.069840670,0.000,offline_ground_truth_window,"Environment section (T(v)):
- Current position NED is (0.62, 5.10, -2.49) m.
- Current velocity is (0.01, 0.06, 0.00) m/s (speed 0.06 m/s).
- Goal position NED is (-1.49, 28.00, -2.50) m.
- Output contract: predict exactly 5 waypoint x/y pairs in NED. The planner will set every waypoint z to goal z = -2.50 m before execution.
- Goal delta from current state is (-2.11, 22.90, -0.01) m with distance 23.00 m.
- Obstacle pipeline: depth_camera_to_body_to_ned_current_frame.
- Current depth frame obstacle points projected into NED: 32. Nearest depth obstacle in NED is at (2.70, 8.91, -2.30) m, relative vector (2.07, 3.82, 0.20) m, distance 4.35 m.
- Depth validity fraction is 0.60. Global nearest obstacle distance is 3.43 m.
- Sector minimum distances [far_left, left, center, right, far_right] are [5.00, 5.00, 4.21, 4.29, 3.43] m.
- Nearest obstacle sector is far_right at 3.43 m and clearance status is clear.
- Lateral planning hint: left side is clearer.","{""waypoints"":[{""x"":0.7200483529411772,""y"":5.823529411764705},{""x"":0.7788718823529417,""y"":6.308823529411763},{""x"":0.8376954117647064,""y"":6.794117647058822},{""x"":0.8965189411764711,""y"":7.2794117647058805},{""x"":0.9553424705882358,""y"":7.7647058823529385}],""reasoning"":""Selected waypoint 0 moves the reference anchor from 22.76 m to 22.29 m from goal immediately and to 20.38 m by the final waypoint, so progress is 0.48 m selected / 2.38 m final and passes with monotonic goal-distance reduction. Kinematics is evaluated on 5 unique label waypoint(s), excluding consecutive duplicate terminal holds, and checks only that the trajectory stays within the configured bounds speed <= 15.00 m/s and acceleration <= 8.00 m/s^2, so kinematics passes. Goal is not reached within this label waypoint window. Safety passes: minimum clearance 1.54 m against manifest obstacles with 0 violating segment(s).""}",0.7200483529411772,5.823529411764705,-2.5,0.7788718823529417,6.308823529411763,-2.5,0.8376954117647064,6.794117647058822,-2.5,0.8965189411764711,7.2794117647058805,-2.5,0.9553424705882358,7.7647058823529385,-2.5
1773828553.804834127,1773828553.804834127,0.000,offline_ground_truth_window,"Environment section (T(v)):
- Current position NED is (0.69, 5.58, -2.51) m.
- Current velocity is (0.00, 0.07, 0.01) m/s (speed 0.07 m/s).
- Goal position NED is (-1.49, 28.00, -2.50) m.
- Output contract: predict exactly 5 waypoint x/y pairs in NED. The planner will set every waypoint z to goal z = -2.50 m before execution.
- Goal delta from current state is (-2.18, 22.42, 0.01) m with distance 22.52 m.
- Obstacle pipeline: depth_camera_to_body_to_ned_current_frame.
- Current depth frame obstacle points projected into NED: 44. Nearest depth obstacle in NED is at (0.89, 9.46, -2.51) m, relative vector (0.20, 3.88, 0.01) m, distance 3.88 m.
- Depth validity fraction is 0.59. Global nearest obstacle distance is 3.12 m.
- Sector minimum distances [far_left, left, center, right, far_right] are [5.15, 5.14, 3.71, 3.71, 3.12] m.
- Nearest obstacle sector is far_right at 3.12 m and clearance status is clear.
- Lateral planning hint: left side is clearer.","{""waypoints"":[{""x"":0.7788718823529417,""y"":6.308823529411763},{""x"":0.8376954117647064,""y"":6.794117647058822},{""x"":0.8965189411764711,""y"":7.2794117647058805},{""x"":0.9553424705882358,""y"":7.7647058823529385},{""x"":1.0141660000000006,""y"":8.249999999999998}],""reasoning"":""Selected waypoint 0 moves the reference anchor from 22.29 m to 21.81 m from goal immediately and to 19.91 m by the final waypoint, so progress is 0.48 m selected / 2.38 m final and passes with monotonic goal-distance reduction. Kinematics is evaluated on 5 unique label waypoint(s), excluding consecutive duplicate terminal holds, and checks only that the trajectory stays within the configured bounds speed <= 15.00 m/s and acceleration <= 8.00 m/s^2, so kinematics passes. Goal is not reached within this label waypoint window. Safety passes: minimum clearance 1.54 m against manifest obstacles with 0 violating segment(s).""}",0.7788718823529417,6.308823529411763,-2.5,0.8376954117647064,6.794117647058822,-2.5,0.8965189411764711,7.2794117647058805,-2.5,0.9553424705882358,7.7647058823529385,-2.5,1.0141660000000006,8.249999999999998,-2.5
1773828562.116963625,1773828562.116963625,0.000,offline_ground_truth_window,"Environment section (T(v)):
- Current position NED is (0.75, 6.07, -2.49) m.
- Current velocity is (0.01, 0.05, -0.00) m/s (speed 0.05 m/s).
- Goal position NED is (-1.49, 28.00, -2.50) m.
- Output contract: predict exactly 5 waypoint x/y pairs in NED. The planner will set every waypoint z to goal z = -2.50 m before execution.
- Goal delta from current state is (-2.24, 21.93, -0.01) m with distance 22.05 m.
- Obstacle pipeline: depth_camera_to_body_to_ned_current_frame.
- Current depth frame obstacle points projected into NED: 37. Nearest depth obstacle in NED is at (0.98, 9.52, -2.41) m, relative vector (0.23, 3.45, 0.08) m, distance 3.46 m.
- Depth validity fraction is 0.61. Global nearest obstacle distance is 3.08 m.
- Sector minimum distances [far_left, left, center, right, far_right] are [5.01, 5.01, 3.29, 3.28, 3.08] m.
- Nearest obstacle sector is far_right at 3.08 m and clearance status is clear.
- Lateral planning hint: left side is clearer.","{""waypoints"":[{""x"":0.8376954117647064,""y"":6.794117647058822},{""x"":0.8965189411764711,""y"":7.2794117647058805},{""x"":0.9553424705882358,""y"":7.7647058823529385},{""x"":1.0141660000000006,""y"":8.249999999999998},{""x"":1.1808326666666673,""y"":8.666666666666664}],""reasoning"":""Selected waypoint 0 moves the reference anchor from 21.81 m to 21.33 m from goal immediately and to 19.52 m by the final waypoint, so progress is 0.48 m selected / 2.29 m final and passes with monotonic goal-distance reduction. Kinematics is evaluated on 5 unique label waypoint(s), excluding consecutive duplicate terminal holds, and checks only that the trajectory stays within the configured bounds speed <= 15.00 m/s and acceleration <= 8.00 m/s^2, so kinematics passes. Goal is not reached within this label waypoint window. Safety passes: minimum clearance 1.52 m against manifest obstacles with 0 violating segment(s).""}",0.8376954117647064,6.794117647058822,-2.5,0.8965189411764711,7.2794117647058805,-2.5,0.9553424705882358,7.7647058823529385,-2.5,1.0141660000000006,8.249999999999998,-2.5,1.1808326666666673,8.666666666666664,-2.5
1773828570.092542648,1773828570.092542648,0.000,offline_ground_truth_window,"Environment section (T(v)):
- Current position NED is (0.81, 6.55, -2.50) m.
- Current velocity is (0.00, 0.08, 0.00) m/s (speed 0.08 m/s).
- Goal position NED is (-1.49, 28.00, -2.50) m.
- Output contract: predict exactly 5 waypoint x/y pairs in NED. The planner will set every waypoint z to goal z = -2.50 m before execution.
- Goal delta from current state is (-2.29, 21.45, 0.00) m with distance 21.57 m.
- Obstacle pipeline: depth_camera_to_body_to_ned_current_frame.
- Current depth frame obstacle points projected into NED: 38. Nearest depth obstacle in NED is at (1.18, 9.50, -2.69) m, relative vector (0.37, 2.94, -0.18) m, distance 2.97 m.
- Depth validity fraction is 0.62. Global nearest obstacle distance is 2.78 m.
- Sector minimum distances [far_left, left, center, right, far_right] are [5.02, 5.02, 2.83, 2.78, 5.03] m.
- Nearest obstacle sector is right at 2.78 m and clearance status is caution.
- Lateral planning hint: left side is clearer.","{""waypoints"":[{""x"":0.8965189411764711,""y"":7.2794117647058805},{""x"":0.9553424705882358,""y"":7.7647058823529385},{""x"":1.0141660000000006,""y"":8.249999999999998},{""x"":1.1808326666666673,""y"":8.666666666666664},{""x"":1.347499333333334,""y"":9.083333333333332}],""reasoning"":""Selected waypoint 0 moves the reference anchor from 21.33 m to 20.86 m from goal immediately and to 19.13 m by the final waypoint, so progress is 0.48 m selected / 2.21 m final and passes with monotonic goal-distance reduction. Kinematics is evaluated on 5 unique label waypoint(s), excluding consecutive duplicate terminal holds, and checks only that the trajectory stays within the configured bounds speed <= 15.00 m/s and acceleration <= 8.00 m/s^2, so kinematics passes. Goal is not reached within this label waypoint window. Safety passes: minimum clearance 1.52 m against manifest obstacles with 0 violating segment(s).""}",0.8965189411764711,7.2794117647058805,-2.5,0.9553424705882358,7.7647058823529385,-2.5,1.0141660000000006,8.249999999999998,-2.5,1.1808326666666673,8.666666666666664,-2.5,1.347499333333334,9.083333333333332,-2.5
1773828577.832260609,1773828577.832260609,0.000,offline_ground_truth_window,"Environment section (T(v)):
- Current position NED is (0.86, 7.04, -2.50) m.
- Current velocity is (0.00, 0.06, 0.00) m/s (speed 0.06 m/s).
- Goal position NED is (-1.49, 28.00, -2.50) m.
- Output contract: predict exactly 5 waypoint x/y pairs in NED. The planner will set every waypoint z to goal z = -2.50 m before execution.
- Goal delta from current state is (-2.35, 20.96, -0.00) m with distance 21.09 m.
- Obstacle pipeline: depth_camera_to_body_to_ned_current_frame.
- Current depth frame obstacle points projected into NED: 52. Nearest depth obstacle in NED is at (1.26, 9.52, -2.61) m, relative vector (0.40, 2.48, -0.11) m, distance 2.51 m.
- Depth validity fraction is 0.64. Global nearest obstacle distance is 2.30 m.
- Sector minimum distances [far_left, left, center, right, far_right] are [4.58, 5.04, 2.49, 2.30, 5.03] m.
- Nearest obstacle sector is right at 2.30 m and clearance status is caution.
- Lateral planning hint: left side is clearer.","{""waypoints"":[{""x"":0.9553424705882358,""y"":7.7647058823529385},{""x"":1.0141660000000006,""y"":8.249999999999998},{""x"":1.1808326666666673,""y"":8.666666666666664},{""x"":1.347499333333334,""y"":9.083333333333332},{""x"":1.5141660000000006,""y"":9.499999999999998}],""reasoning"":""Selected waypoint 0 moves the reference anchor from 20.86 m to 20.38 m from goal immediately and to 18.74 m by the final waypoint, so progress is 0.48 m selected / 2.12 m final and passes with monotonic goal-distance reduction. Kinematics is evaluated on 5 unique label waypoint(s), excluding consecutive duplicate terminal holds, and checks only that the trajectory stays within the configured bounds speed <= 15.00 m/s and acceleration <= 8.00 m/s^2, so kinematics passes. Goal is not reached within this label waypoint window. Safety passes: minimum clearance 1.52 m against manifest obstacles with 0 violating segment(s).""}",0.9553424705882358,7.7647058823529385,-2.5,1.0141660000000006,8.249999999999998,-2.5,1.1808326666666673,8.666666666666664,-2.5,1.347499333333334,9.083333333333332,-2.5,1.5141660000000006,9.499999999999998,-2.5
1773828586.366616011,1773828586.366616011,0.000,offline_ground_truth_window,"Environment section (T(v)):
- Current position NED is (0.93, 7.52, -2.49) m.
- Current velocity is (-0.00, 0.05, 0.00) m/s (speed 0.05 m/s).
- Goal position NED is (-1.49, 28.00, -2.50) m.
- Output contract: predict exactly 5 waypoint x/y pairs in NED. The planner will set every waypoint z to goal z = -2.50 m before execution.
- Goal delta from current state is (-2.42, 20.48, -0.01) m with distance 20.62 m.
- Obstacle pipeline: depth_camera_to_body_to_ned_current_frame.
- Current depth frame obstacle points projected into NED: 65. Nearest depth obstacle in NED is at (1.39, 9.51, -2.37) m, relative vector (0.46, 1.99, 0.12) m, distance 2.05 m.
- Depth validity fraction is 0.65. Global nearest obstacle distance is 1.80 m.
- Sector minimum distances [far_left, left, center, right, far_right] are [4.08, 4.98, 4.98, 1.80, 1.81] m.
- Nearest obstacle sector is right at 1.80 m and clearance status is caution.
- Lateral planning hint: left side is clearer.","{""waypoints"":[{""x"":1.0141660000000006,""y"":8.249999999999998},{""x"":1.1808326666666673,""y"":8.666666666666664},{""x"":1.347499333333334,""y"":9.083333333333332},{""x"":1.5141660000000006,""y"":9.499999999999998},{""x"":1.347499333333334,""y"":9.833333333333332}],""reasoning"":""Selected waypoint 0 moves the reference anchor from 20.38 m to 19.91 m from goal immediately and to 18.39 m by the final waypoint, so progress is 0.47 m selected / 2.00 m final and passes with monotonic goal-distance reduction. Kinematics is evaluated on 5 unique label waypoint(s), excluding consecutive duplicate terminal holds, and checks only that the trajectory stays within the configured bounds speed <= 15.00 m/s and acceleration <= 8.00 m/s^2, so kinematics passes. Goal is not reached within this label waypoint window. Safety passes: minimum clearance 1.52 m against manifest obstacles with 0 violating segment(s).""}",1.0141660000000006,8.249999999999998,-2.5,1.1808326666666673,8.666666666666664,-2.5,1.347499333333334,9.083333333333332,-2.5,1.5141660000000006,9.499999999999998,-2.5,1.347499333333334,9.833333333333332,-2.5
1773828596.400999546,1773828596.400999546,0.000,offline_ground_truth_window,"Environment section (T(v)):
- Current position NED is (0.98, 8.01, -2.50) m.
- Current velocity is (0.00, 0.04, 0.00) m/s (speed 0.04 m/s).
- Goal position NED is (-1.49, 28.00, -2.50) m.
- Output contract: predict exactly 5 waypoint x/y pairs in NED. The planner will set every waypoint z to goal z = -2.50 m before execution.
- Goal delta from current state is (-2.46, 19.99, -0.00) m with distance 20.14 m.
- Obstacle pipeline: depth_camera_to_body_to_ned_current_frame.
- Current depth frame obstacle points projected into NED: 125. Nearest depth obstacle in NED is at (1.49, 9.53, -2.42) m, relative vector (0.51, 1.52, 0.07) m, distance 1.61 m.
- Depth validity fraction is 0.67. Global nearest obstacle distance is 1.32 m.
- Sector minimum distances [far_left, left, center, right, far_right] are [3.69, 4.98, 4.99, 1.36, 1.32] m.
- Nearest obstacle sector is far_right at 1.32 m and clearance status is blocked.
- Lateral planning hint: left side is clearer.","{""waypoints"":[{""x"":1.1808326666666673,""y"":8.666666666666664},{""x"":1.347499333333334,""y"":9.083333333333332},{""x"":1.5141660000000006,""y"":9.499999999999998},{""x"":1.347499333333334,""y"":9.833333333333332},{""x"":1.1808326666666673,""y"":10.166666666666664}],""reasoning"":""Selected waypoint 0 moves the reference anchor from 19.91 m to 19.52 m from goal immediately and to 18.03 m by the final waypoint, so progress is 0.39 m selected / 1.88 m final and passes with monotonic goal-distance reduction. Kinematics is evaluated on 5 unique label waypoint(s), excluding consecutive duplicate terminal holds, and checks only that the trajectory stays within the configured bounds speed <= 15.00 m/s and acceleration <= 8.00 m/s^2, so kinematics passes. Goal is not reached within this label waypoint window. Safety passes: minimum clearance 1.52 m against manifest obstacles with 0 violating segment(s).""}",1.1808326666666673,8.666666666666664,-2.5,1.347499333333334,9.083333333333332,-2.5,1.5141660000000006,9.499999999999998,-2.5,1.347499333333334,9.833333333333332,-2.5,1.1808326666666673,10.166666666666664,-2.5
1773828604.905815125,1773828604.905815125,0.000,offline_ground_truth_window,"Environment section (T(v)):
- Current position NED is (1.12, 8.45, -2.51) m.
- Current velocity is (0.01, 0.05, 0.01) m/s (speed 0.05 m/s).
- Goal position NED is (-1.49, 28.00, -2.50) m.
- Output contract: predict exactly 5 waypoint x/y pairs in NED. The planner will set every waypoint z to goal z = -2.50 m before execution.
- Goal delta from current state is (-2.61, 19.55, 0.01) m with distance 19.72 m.
- Obstacle pipeline: depth_camera_to_body_to_ned_current_frame.
- Current depth frame obstacle points projected into NED: 84. Nearest depth obstacle in NED is at (1.72, 9.58, -2.59) m, relative vector (0.59, 1.13, -0.08) m, distance 1.28 m.
- Depth validity fraction is 0.63. Global nearest obstacle distance is 0.93 m.
- Sector minimum distances [far_left, left, center, right, far_right] are [3.36, 5.08, 4.60, 4.94, 0.93] m.
- Nearest obstacle sector is far_right at 0.93 m and clearance status is blocked.
- Lateral planning hint: left side is clearer.","{""waypoints"":[{""x"":1.347499333333334,""y"":9.083333333333332},{""x"":1.5141660000000006,""y"":9.499999999999998},{""x"":1.347499333333334,""y"":9.833333333333332},{""x"":1.1808326666666673,""y"":10.166666666666664},{""x"":1.0141660000000006,""y"":10.499999999999998}],""reasoning"":""Selected waypoint 0 moves the reference anchor from 19.52 m to 19.13 m from goal immediately and to 17.68 m by the final waypoint, so progress is 0.39 m selected / 1.84 m final and passes with monotonic goal-distance reduction. Kinematics is evaluated on 5 unique label waypoint(s), excluding consecutive duplicate terminal holds, and checks only that the trajectory stays within the configured bounds speed <= 15.00 m/s and acceleration <= 8.00 m/s^2, so kinematics passes. Goal is not reached within this label waypoint window. Safety passes: minimum clearance 1.52 m against manifest obstacles with 0 violating segment(s).""}",1.347499333333334,9.083333333333332,-2.5,1.5141660000000006,9.499999999999998,-2.5,1.347499333333334,9.833333333333332,-2.5,1.1808326666666673,10.166666666666664,-2.5,1.0141660000000006,10.499999999999998,-2.5
1773828612.977450132,1773828612.977450132,0.000,offline_ground_truth_window,"Environment section (T(v)):
- Current position NED is (1.23, 8.89, -2.51) m.
- Current velocity is (0.02, 0.04, 0.01) m/s (speed 0.04 m/s).
- Goal position NED is (-1.49, 28.00, -2.50) m.
- Output contract: predict exactly 5 waypoint x/y pairs in NED. The planner will set every waypoint z to goal z = -2.50 m before execution.
- Goal delta from current state is (-2.72, 19.11, 0.01) m with distance 19.31 m.
- Obstacle pipeline: depth_camera_to_body_to_ned_current_frame.
- Current depth frame obstacle points projected into NED: 18. Nearest depth obstacle in NED is at (1.40, 13.19, -2.47) m, relative vector (0.16, 4.31, 0.04) m, distance 4.31 m.
- Depth validity fraction is 0.60. Global nearest obstacle distance is 4.15 m.
- Sector minimum distances [far_left, left, center, right, far_right] are [5.08, 5.07, 4.15, 4.21, 5.06] m.
- Nearest obstacle sector is center at 4.15 m and clearance status is clear.
- Lateral planning hint: left side is clearer.","{""waypoints"":[{""x"":1.5141660000000006,""y"":9.499999999999998},{""x"":1.347499333333334,""y"":9.833333333333332},{""x"":1.1808326666666673,""y"":10.166666666666664},{""x"":1.0141660000000006,""y"":10.499999999999998},{""x"":0.7641660000000006,""y"":10.749999999999998}],""reasoning"":""Selected waypoint 0 moves the reference anchor from 19.13 m to 18.74 m from goal immediately and to 17.40 m by the final waypoint, so progress is 0.39 m selected / 1.73 m final and passes with monotonic goal-distance reduction. Kinematics is evaluated on 5 unique label waypoint(s), excluding consecutive duplicate terminal holds, and checks only that the trajectory stays within the configured bounds speed <= 15.00 m/s and acceleration <= 8.00 m/s^2, so kinematics passes. Goal is not reached within this label waypoint window. Safety passes: minimum clearance 1.54 m against manifest obstacles with 0 violating segment(s).""}",1.5141660000000006,9.499999999999998,-2.5,1.347499333333334,9.833333333333332,-2.5,1.1808326666666673,10.166666666666664,-2.5,1.0141660000000006,10.499999999999998,-2.5,0.7641660000000006,10.749999999999998,-2.5
1773828621.686130047,1773828621.686130047,0.000,offline_ground_truth_window,"Environment section (T(v)):
- Current position NED is (1.46, 9.28, -2.52) m.
- Current velocity is (0.01, 0.05, 0.01) m/s (speed 0.06 m/s).
- Goal position NED is (-1.49, 28.00, -2.50) m.
- Output contract: predict exactly 5 waypoint x/y pairs in NED. The planner will set every waypoint z to goal z = -2.50 m before execution.
- Goal delta from current state is (-2.94, 18.72, 0.02) m with distance 18.95 m.
- Obstacle pipeline: depth_camera_to_body_to_ned_current_frame.
- Current depth frame obstacle points projected into NED: 32. Nearest depth obstacle in NED is at (1.76, 13.19, -2.56) m, relative vector (0.30, 3.91, -0.03) m, distance 3.92 m.
- Depth validity fraction is 0.60. Global nearest obstacle distance is 3.74 m.
- Sector minimum distances [far_left, left, center, right, far_right] are [5.20, 5.19, 3.75, 3.74, 5.17] m.
- Nearest obstacle sector is right at 3.74 m and clearance status is clear.
- Lateral planning hint: left side is clearer.","{""waypoints"":[{""x"":1.347499333333334,""y"":9.833333333333332},{""x"":1.1808326666666673,""y"":10.166666666666664},{""x"":1.0141660000000006,""y"":10.499999999999998},{""x"":0.7641660000000006,""y"":10.749999999999998},{""x"":0.5141660000000006,""y"":10.999999999999998}],""reasoning"":""Selected waypoint 0 moves the reference anchor from 18.74 m to 18.39 m from goal immediately and to 17.12 m by the final waypoint, so progress is 0.36 m selected / 1.62 m final and passes with monotonic goal-distance reduction. Kinematics is evaluated on 5 unique label waypoint(s), excluding consecutive duplicate terminal holds, and checks only that the trajectory stays within the configured bounds speed <= 15.00 m/s and acceleration <= 8.00 m/s^2, so kinematics passes. Goal is not reached within this label waypoint window. Safety passes: minimum clearance 1.54 m against manifest obstacles with 0 violating segment(s).""}",1.347499333333334,9.833333333333332,-2.5,1.1808326666666673,10.166666666666664,-2.5,1.0141660000000006,10.499999999999998,-2.5,0.7641660000000006,10.749999999999998,-2.5,0.5141660000000006,10.999999999999998,-2.5
1773828629.345474720,1773828629.345474720,0.000,offline_ground_truth_window,"Environment section (T(v)):
- Current position NED is (1.42, 9.66, -2.51) m.
- Current velocity is (-0.02, 0.04, 0.01) m/s (speed 0.05 m/s).
- Goal position NED is (-1.49, 28.00, -2.50) m.
- Output contract: predict exactly 5 waypoint x/y pairs in NED. The planner will set every waypoint z to goal z = -2.50 m before execution.
- Goal delta from current state is (-2.90, 18.34, 0.01) m with distance 18.57 m.
- Obstacle pipeline: depth_camera_to_body_to_ned_current_frame.
- Current depth frame obstacle points projected into NED: 18. Nearest depth obstacle in NED is at (1.62, 13.22, -2.32) m, relative vector (0.21, 3.56, 0.18) m, distance 3.57 m.
- Depth validity fraction is 0.61. Global nearest obstacle distance is 3.40 m.
- Sector minimum distances [far_left, left, center, right, far_right] are [5.10, 5.10, 3.40, 3.40, 5.10] m.
- Nearest obstacle sector is center at 3.40 m and clearance status is clear.
- Lateral planning hint: left side is clearer.","{""waypoints"":[{""x"":1.1808326666666673,""y"":10.166666666666664},{""x"":1.0141660000000006,""y"":10.499999999999998},{""x"":0.7641660000000006,""y"":10.749999999999998},{""x"":0.5141660000000006,""y"":10.999999999999998},{""x"":0.26416600000000057,""y"":11.249999999999998}],""reasoning"":""Selected waypoint 0 moves the reference anchor from 18.39 m to 18.03 m from goal immediately and to 16.84 m by the final waypoint, so progress is 0.35 m selected / 1.55 m final and passes with monotonic goal-distance reduction. Kinematics is evaluated on 5 unique label waypoint(s), excluding consecutive duplicate terminal holds, and checks only that the trajectory stays within the configured bounds speed <= 15.00 m/s and acceleration <= 8.00 m/s^2, so kinematics passes. Goal is not reached within this label waypoint window. Safety passes: minimum clearance 1.54 m against manifest obstacles with 0 violating segment(s).""}",1.1808326666666673,10.166666666666664,-2.5,1.0141660000000006,10.499999999999998,-2.5,0.7641660000000006,10.749999999999998,-2.5,0.5141660000000006,10.999999999999998,-2.5,0.26416600000000057,11.249999999999998,-2.5
1773828638.832891464,1773828638.832891464,0.000,offline_ground_truth_window,"Environment section (T(v)):
- Current position NED is (1.21, 9.97, -2.53) m.
- Current velocity is (-0.03, 0.03, 0.01) m/s (speed 0.04 m/s).
- Goal position NED is (-1.49, 28.00, -2.50) m.
- Output contract: predict exactly 5 waypoint x/y pairs in NED. The planner will set every waypoint z to goal z = -2.50 m before execution.
- Goal delta from current state is (-2.70, 18.03, 0.03) m with distance 18.23 m.
- Obstacle pipeline: depth_camera_to_body_to_ned_current_frame.
- Current depth frame obstacle points projected into NED: 27. Nearest depth obstacle in NED is at (1.19, 13.21, -2.54) m, relative vector (-0.02, 3.24, -0.01) m, distance 3.24 m.
- Depth validity fraction is 0.62. Global nearest obstacle distance is 3.09 m.
- Sector minimum distances [far_left, left, center, right, far_right] are [5.05, 5.06, 3.09, 3.14, 5.09] m.
- Nearest obstacle sector is center at 3.09 m and clearance status is clear.
- Lateral planning hint: left side is clearer.","{""waypoints"":[{""x"":1.0141660000000006,""y"":10.499999999999998},{""x"":0.7641660000000006,""y"":10.749999999999998},{""x"":0.5141660000000006,""y"":10.999999999999998},{""x"":0.26416600000000057,""y"":11.249999999999998},{""x"":-0.15250066666666606,""y"":11.333333333333332}],""reasoning"":""Selected waypoint 0 moves the reference anchor from 18.03 m to 17.68 m from goal immediately and to 16.72 m by the final waypoint, so progress is 0.35 m selected / 1.31 m final and passes with monotonic goal-distance reduction. Kinematics is evaluated on 5 unique label waypoint(s), excluding consecutive duplicate terminal holds, and checks only that the trajectory stays within the configured bounds speed <= 15.00 m/s and acceleration <= 8.00 m/s^2, so kinematics passes. Goal is not reached within this label waypoint window. Safety passes: minimum clearance 1.50 m against manifest obstacles with 0 violating segment(s).""}",1.0141660000000006,10.499999999999998,-2.5,0.7641660000000006,10.749999999999998,-2.5,0.5141660000000006,10.999999999999998,-2.5,0.26416600000000057,11.249999999999998,-2.5,-0.15250066666666606,11.333333333333332,-2.5
1773828647.607640266,1773828647.607640266,0.000,offline_ground_truth_window,"Environment section (T(v)):
- Current position NED is (1.09, 10.33, -2.51) m.
- Current velocity is (-0.01, 0.04, 0.00) m/s (speed 0.04 m/s).
- Goal position NED is (-1.49, 28.00, -2.50) m.
- Output contract: predict exactly 5 waypoint x/y pairs in NED. The planner will set every waypoint z to goal z = -2.50 m before execution.
- Goal delta from current state is (-2.58, 17.67, 0.01) m with distance 17.86 m.
- Obstacle pipeline: depth_camera_to_body_to_ned_current_frame.
- Current depth frame obstacle points projected into NED: 28. Nearest depth obstacle in NED is at (1.02, 13.20, -2.71) m, relative vector (-0.07, 2.87, -0.21) m, distance 2.88 m.
- Depth validity fraction is 0.62. Global nearest obstacle distance is 2.73 m.
- Sector minimum distances [far_left, left, center, right, far_right] are [5.09, 5.09, 2.73, 2.81, 5.09] m.
- Nearest obstacle sector is center at 2.73 m and clearance status is caution.
- Lateral planning hint: left side is clearer.","{""waypoints"":[{""x"":0.7641660000000006,""y"":10.749999999999998},{""x"":0.5141660000000006,""y"":10.999999999999998},{""x"":0.26416600000000057,""y"":11.249999999999998},{""x"":-0.15250066666666606,""y"":11.333333333333332},{""x"":-0.5691673333333327,""y"":11.416666666666664}],""reasoning"":""Selected waypoint 0 moves the reference anchor from 17.68 m to 17.40 m from goal immediately and to 16.61 m by the final waypoint, so progress is 0.28 m selected / 1.07 m final and passes with monotonic goal-distance reduction. Kinematics is evaluated on 5 unique label waypoint(s), excluding consecutive duplicate terminal holds, and checks only that the trajectory stays within the configured bounds speed <= 15.00 m/s and acceleration <= 8.00 m/s^2, so kinematics passes. Goal is not reached within this label waypoint window. Safety passes: minimum clearance 1.50 m against manifest obstacles with 0 violating segment(s).""}",0.7641660000000006,10.749999999999998,-2.5,0.5141660000000006,10.999999999999998,-2.5,0.26416600000000057,11.249999999999998,-2.5,-0.15250066666666606,11.333333333333332,-2.5,-0.5691673333333327,11.416666666666664,-2.5
1773828656.205524683,1773828656.205524683,0.000,offline_ground_truth_window,"Environment section (T(v)):
- Current position NED is (0.89, 10.63, -2.50) m.
- Current velocity is (-0.03, 0.03, 0.00) m/s (speed 0.04 m/s).
- Goal position NED is (-1.49, 28.00, -2.50) m.
- Output contract: predict exactly 5 waypoint x/y pairs in NED. The planner will set every waypoint z to goal z = -2.50 m before execution.
- Goal delta from current state is (-2.38, 17.37, 0.00) m with distance 17.54 m.
- Obstacle pipeline: depth_camera_to_body_to_ned_current_frame.
- Current depth frame obstacle points projected into NED: 39. Nearest depth obstacle in NED is at (0.70, 13.20, -2.52) m, relative vector (-0.19, 2.58, -0.02) m, distance 2.58 m.
- Depth validity fraction is 0.63. Global nearest obstacle distance is 2.44 m.
- Sector minimum distances [far_left, left, center, right, far_right] are [5.04, 2.56, 2.44, 5.05, 5.05] m.
- Nearest obstacle sector is center at 2.44 m and clearance status is caution.
- Lateral planning hint: right side is clearer.","{""waypoints"":[{""x"":0.5141660000000006,""y"":10.999999999999998},{""x"":0.26416600000000057,""y"":11.249999999999998},{""x"":-0.15250066666666606,""y"":11.333333333333332},{""x"":-0.5691673333333327,""y"":11.416666666666664},{""x"":-0.9858339999999994,""y"":11.499999999999998}],""reasoning"":""Selected waypoint 0 moves the reference anchor from 17.40 m to 17.12 m from goal immediately and to 16.51 m by the final waypoint, so progress is 0.28 m selected / 0.89 m final and passes with monotonic goal-distance reduction. Kinematics is evaluated on 5 unique label waypoint(s), excluding consecutive duplicate terminal holds, and checks only that the trajectory stays within the configured bounds speed <= 15.00 m/s and acceleration <= 8.00 m/s^2, so kinematics passes. Goal is not reached within this label waypoint window. Safety passes: minimum clearance 1.50 m against manifest obstacles with 0 violating segment(s).""}",0.5141660000000006,10.999999999999998,-2.5,0.26416600000000057,11.249999999999998,-2.5,-0.15250066666666606,11.333333333333332,-2.5,-0.5691673333333327,11.416666666666664,-2.5,-0.9858339999999994,11.499999999999998,-2.5
1773828663.057829380,1773828663.057829380,0.000,offline_ground_truth_window,"Environment section (T(v)):
- Current position NED is (0.63, 10.87, -2.50) m.
- Current velocity is (-0.03, 0.03, 0.00) m/s (speed 0.04 m/s).
- Goal position NED is (-1.49, 28.00, -2.50) m.
- Output contract: predict exactly 5 waypoint x/y pairs in NED. The planner will set every waypoint z to goal z = -2.50 m before execution.
- Goal delta from current state is (-2.12, 17.13, 0.00) m with distance 17.26 m.
- Obstacle pipeline: depth_camera_to_body_to_ned_current_frame.
- Current depth frame obstacle points projected into NED: 46. Nearest depth obstacle in NED is at (0.10, 13.15, -2.36) m, relative vector (-0.53, 2.28, 0.14) m, distance 2.35 m.
- Depth validity fraction is 0.63. Global nearest obstacle distance is 2.18 m.
- Sector minimum distances [far_left, left, center, right, far_right] are [5.06, 2.18, 2.18, 5.08, 4.48] m.
- Nearest obstacle sector is left at 2.18 m and clearance status is caution.
- Lateral planning hint: right side is clearer.","{""waypoints"":[{""x"":0.26416600000000057,""y"":11.249999999999998},{""x"":-0.15250066666666606,""y"":11.333333333333332},{""x"":-0.5691673333333327,""y"":11.416666666666664},{""x"":-0.9858339999999994,""y"":11.499999999999998},{""x"":-1.2358339999999994,""y"":11.874999999999998}],""reasoning"":""Selected waypoint 0 moves the reference anchor from 17.12 m to 16.84 m from goal immediately and to 16.13 m by the final waypoint, so progress is 0.28 m selected / 0.99 m final and passes with monotonic goal-distance reduction. Kinematics is evaluated on 5 unique label waypoint(s), excluding consecutive duplicate terminal holds, and checks only that the trajectory stays within the configured bounds speed <= 15.00 m/s and acceleration <= 8.00 m/s^2, so kinematics passes. Goal is not reached within this label waypoint window. Safety passes: minimum clearance 1.50 m against manifest obstacles with 0 violating segment(s).""}",0.26416600000000057,11.249999999999998,-2.5,-0.15250066666666606,11.333333333333332,-2.5,-0.5691673333333327,11.416666666666664,-2.5,-0.9858339999999994,11.499999999999998,-2.5,-1.2358339999999994,11.874999999999998,-2.5
1773828669.987815380,1773828669.987815380,0.000,offline_ground_truth_window,"Environment section (T(v)):
- Current position NED is (0.37, 11.11, -2.50) m.
- Current velocity is (-0.02, 0.02, 0.00) m/s (speed 0.03 m/s).
- Goal position NED is (-1.49, 28.00, -2.50) m.
- Output contract: predict exactly 5 waypoint x/y pairs in NED. The planner will set every waypoint z to goal z = -2.50 m before execution.
- Goal delta from current state is (-1.86, 16.89, 0.00) m with distance 16.99 m.
- Obstacle pipeline: depth_camera_to_body_to_ned_current_frame.
- Current depth frame obstacle points projected into NED: 73. Nearest depth obstacle in NED is at (-0.29, 13.14, -2.51) m, relative vector (-0.66, 2.03, -0.00) m, distance 2.13 m.
- Depth validity fraction is 0.62. Global nearest obstacle distance is 1.93 m.
- Sector minimum distances [far_left, left, center, right, far_right] are [2.04, 1.93, 2.04, 5.07, 4.19] m.
- Nearest obstacle sector is left at 1.93 m and clearance status is caution.
- Lateral planning hint: right side is clearer.","{""waypoints"":[{""x"":-0.15250066666666606,""y"":11.333333333333332},{""x"":-0.5691673333333327,""y"":11.416666666666664},{""x"":-0.9858339999999994,""y"":11.499999999999998},{""x"":-1.2358339999999994,""y"":11.874999999999998},{""x"":-1.4858339999999994,""y"":12.249999999999998}],""reasoning"":""Selected waypoint 0 moves the reference anchor from 16.84 m to 16.72 m from goal immediately and to 15.75 m by the final waypoint, so progress is 0.12 m selected / 1.09 m final and passes with monotonic goal-distance reduction. Kinematics is evaluated on 5 unique label waypoint(s), excluding consecutive duplicate terminal holds, and checks only that the trajectory stays within the configured bounds speed <= 15.00 m/s and acceleration <= 8.00 m/s^2, so kinematics passes. Goal is not reached within this label waypoint window. Safety passes: minimum clearance 1.50 m against manifest obstacles with 0 violating segment(s).""}",-0.15250066666666606,11.333333333333332,-2.5,-0.5691673333333327,11.416666666666664,-2.5,-0.9858339999999994,11.499999999999998,-2.5,-1.2358339999999994,11.874999999999998,-2.5,-1.4858339999999994,12.249999999999998,-2.5
1773828678.170120239,1773828678.170120239,0.000,offline_ground_truth_window,"Environment section (T(v)):
- Current position NED is (0.05, 11.26, -2.50) m.
- Current velocity is (-0.05, 0.00, 0.00) m/s (speed 0.05 m/s).
- Goal position NED is (-1.49, 28.00, -2.50) m.
- Output contract: predict exactly 5 waypoint x/y pairs in NED. The planner will set every waypoint z to goal z = -2.50 m before execution.
- Goal delta from current state is (-1.53, 16.74, -0.00) m with distance 16.81 m.
- Obstacle pipeline: depth_camera_to_body_to_ned_current_frame.
- Current depth frame obstacle points projected into NED: 84. Nearest depth obstacle in NED is at (-0.85, 13.16, -2.61) m, relative vector (-0.89, 1.90, -0.11) m, distance 2.10 m.
- Depth validity fraction is 0.61. Global nearest obstacle distance is 1.80 m.
- Sector minimum distances [far_left, left, center, right, far_right] are [1.80, 1.81, 5.00, 5.00, 3.91] m.
- Nearest obstacle sector is far_left at 1.80 m and clearance status is caution.
- Lateral planning hint: right side is clearer.","{""waypoints"":[{""x"":-0.5691673333333327,""y"":11.416666666666664},{""x"":-0.9858339999999994,""y"":11.499999999999998},{""x"":-1.2358339999999994,""y"":11.874999999999998},{""x"":-1.4858339999999994,""y"":12.249999999999998},{""x"":-1.7358339999999994,""y"":12.624999999999998}],""reasoning"":""Selected waypoint 0 moves the reference anchor from 16.72 m to 16.61 m from goal immediately and to 15.38 m by the final waypoint, so progress is 0.11 m selected / 1.34 m final and passes with monotonic goal-distance reduction. Kinematics is evaluated on 5 unique label waypoint(s), excluding consecutive duplicate terminal holds, and checks only that the trajectory stays within the configured bounds speed <= 15.00 m/s and acceleration <= 8.00 m/s^2, so kinematics passes. Goal is not reached within this label waypoint window. Safety passes: minimum clearance 1.50 m against manifest obstacles with 0 violating segment(s).""}",-0.5691673333333327,11.416666666666664,-2.5,-0.9858339999999994,11.499999999999998,-2.5,-1.2358339999999994,11.874999999999998,-2.5,-1.4858339999999994,12.249999999999998,-2.5,-1.7358339999999994,12.624999999999998,-2.5
1773828685.366933107,1773828685.366933107,0.000,offline_ground_truth_window,"Environment section (T(v)):
- Current position NED is (-0.37, 11.34, -2.50) m.
- Current velocity is (-0.04, 0.00, 0.00) m/s (speed 0.04 m/s).
- Goal position NED is (-1.49, 28.00, -2.50) m.
- Output contract: predict exactly 5 waypoint x/y pairs in NED. The planner will set every waypoint z to goal z = -2.50 m before execution.
- Goal delta from current state is (-1.12, 16.66, 0.00) m with distance 16.69 m.
- Obstacle pipeline: depth_camera_to_body_to_ned_current_frame.
- Current depth frame obstacle points projected into NED: 82. Nearest depth obstacle in NED is at (-1.60, 13.18, -2.47) m, relative vector (-1.23, 1.84, 0.03) m, distance 2.21 m.
- Depth validity fraction is 0.59. Global nearest obstacle distance is 1.72 m.
- Sector minimum distances [far_left, left, center, right, far_right] are [1.72, 2.03, 4.99, 5.00, 3.76] m.
- Nearest obstacle sector is far_left at 1.72 m and clearance status is caution.
- Lateral planning hint: right side is clearer.","{""waypoints"":[{""x"":-0.9858339999999994,""y"":11.499999999999998},{""x"":-1.2358339999999994,""y"":11.874999999999998},{""x"":-1.4858339999999994,""y"":12.249999999999998},{""x"":-1.7358339999999994,""y"":12.624999999999998},{""x"":-1.9858339999999994,""y"":12.999999999999998}],""reasoning"":""Selected waypoint 0 moves the reference anchor from 16.61 m to 16.51 m from goal immediately and to 15.01 m by the final waypoint, so progress is 0.10 m selected / 1.60 m final and passes with monotonic goal-distance reduction. Kinematics is evaluated on 5 unique label waypoint(s), excluding consecutive duplicate terminal holds, and checks only that the trajectory stays within the configured bounds speed <= 15.00 m/s and acceleration <= 8.00 m/s^2, so kinematics passes. Goal is not reached within this label waypoint window. Safety passes: minimum clearance 1.51 m against manifest obstacles with 0 violating segment(s).""}",-0.9858339999999994,11.499999999999998,-2.5,-1.2358339999999994,11.874999999999998,-2.5,-1.4858339999999994,12.249999999999998,-2.5,-1.7358339999999994,12.624999999999998,-2.5,-1.9858339999999994,12.999999999999998,-2.5
1773828695.344072819,1773828695.344072819,0.000,offline_ground_truth_window,"Environment section (T(v)):
- Current position NED is (-0.78, 11.45, -2.49) m.
- Current velocity is (-0.04, 0.01, 0.00) m/s (speed 0.04 m/s).
- Goal position NED is (-1.49, 28.00, -2.50) m.
- Output contract: predict exactly 5 waypoint x/y pairs in NED. The planner will set every waypoint z to goal z = -2.50 m before execution.
- Goal delta from current state is (-0.71, 16.55, -0.01) m with distance 16.57 m.
- Obstacle pipeline: depth_camera_to_body_to_ned_current_frame.
- Current depth frame obstacle points projected into NED: 51. Nearest depth obstacle in NED is at (-2.28, 13.31, -2.50) m, relative vector (-1.50, 1.87, -0.01) m, distance 2.40 m.
- Depth validity fraction is 0.58. Global nearest obstacle distance is 1.84 m.
- Sector minimum distances [far_left, left, center, right, far_right] are [1.84, 4.94, 4.94, 4.94, 3.64] m.
- Nearest obstacle sector is far_left at 1.84 m and clearance status is caution.
- Lateral planning hint: right side is clearer.","{""waypoints"":[{""x"":-1.2358339999999994,""y"":11.874999999999998},{""x"":-1.4858339999999994,""y"":12.249999999999998},{""x"":-1.7358339999999994,""y"":12.624999999999998},{""x"":-1.9858339999999994,""y"":12.999999999999998},{""x"":-1.8358339999999995,""y"":13.424999999999997}],""reasoning"":""Selected waypoint 0 moves the reference anchor from 16.51 m to 16.13 m from goal immediately and to 14.58 m by the final waypoint, so progress is 0.38 m selected / 1.93 m final and passes with monotonic goal-distance reduction. Kinematics is evaluated on 5 unique label waypoint(s), excluding consecutive duplicate terminal holds, and checks only that the trajectory stays within the configured bounds speed <= 15.00 m/s and acceleration <= 8.00 m/s^2, so kinematics passes. Goal is not reached within this label waypoint window. Safety passes: minimum clearance 1.51 m against manifest obstacles with 0 violating segment(s).""}",-1.2358339999999994,11.874999999999998,-2.5,-1.4858339999999994,12.249999999999998,-2.5,-1.7358339999999994,12.624999999999998,-2.5,-1.9858339999999994,12.999999999999998,-2.5,-1.8358339999999995,13.424999999999997,-2.5
1773828703.083827257,1773828703.083827257,0.000,offline_ground_truth_window,"Environment section (T(v)):
- Current position NED is (-1.08, 11.71, -2.49) m.
- Current velocity is (-0.02, 0.03, -0.00) m/s (speed 0.04 m/s).
- Goal position NED is (-1.49, 28.00, -2.50) m.
- Output contract: predict exactly 5 waypoint x/y pairs in NED. The planner will set every waypoint z to goal z = -2.50 m before execution.
- Goal delta from current state is (-0.40, 16.29, -0.01) m with distance 16.30 m.
- Obstacle pipeline: depth_camera_to_body_to_ned_current_frame.
- Current depth frame obstacle points projected into NED: 29. Nearest depth obstacle in NED is at (0.48, 15.38, -2.32) m, relative vector (1.56, 3.67, 0.17) m, distance 4.00 m.
- Depth validity fraction is 0.59. Global nearest obstacle distance is 3.40 m.
- Sector minimum distances [far_left, left, center, right, far_right] are [4.92, 4.92, 4.93, 3.64, 3.40] m.
- Nearest obstacle sector is far_right at 3.40 m and clearance status is clear.
- Lateral planning hint: left side is clearer.","{""waypoints"":[{""x"":-1.4858339999999994,""y"":12.249999999999998},{""x"":-1.7358339999999994,""y"":12.624999999999998},{""x"":-1.9858339999999994,""y"":12.999999999999998},{""x"":-1.8358339999999995,""y"":13.424999999999997},{""x"":-1.6858339999999994,""y"":13.849999999999998}],""reasoning"":""Selected waypoint 0 moves the reference anchor from 16.13 m to 15.75 m from goal immediately and to 14.15 m by the final waypoint, so progress is 0.38 m selected / 1.98 m final and passes with monotonic goal-distance reduction. Kinematics is evaluated on 5 unique label waypoint(s), excluding consecutive duplicate terminal holds, and checks only that the trajectory stays within the configured bounds speed <= 15.00 m/s and acceleration <= 8.00 m/s^2, so kinematics passes. Goal is not reached within this label waypoint window. Safety passes: minimum clearance 1.51 m against manifest obstacles with 0 violating segment(s).""}",-1.4858339999999994,12.249999999999998,-2.5,-1.7358339999999994,12.624999999999998,-2.5,-1.9858339999999994,12.999999999999998,-2.5,-1.8358339999999995,13.424999999999997,-2.5,-1.6858339999999994,13.849999999999998,-2.5
1773828710.036001444,1773828710.036001444,0.000,offline_ground_truth_window,"Environment section (T(v)):
- Current position NED is (-1.34, 12.08, -2.49) m.
- Current velocity is (-0.06, 0.06, 0.00) m/s (speed 0.09 m/s).
- Goal position NED is (-1.49, 28.00, -2.50) m.
- Output contract: predict exactly 5 waypoint x/y pairs in NED. The planner will set every waypoint z to goal z = -2.50 m before execution.
- Goal delta from current state is (-0.15, 15.92, -0.01) m with distance 15.92 m.
- Obstacle pipeline: depth_camera_to_body_to_ned_current_frame.
- Current depth frame obstacle points projected into NED: 30. Nearest depth obstacle in NED is at (-0.13, 15.41, -2.37) m, relative vector (1.21, 3.33, 0.12) m, distance 3.55 m.
- Depth validity fraction is 0.59. Global nearest obstacle distance is 3.04 m.
- Sector minimum distances [far_left, left, center, right, far_right] are [4.96, 4.97, 4.98, 3.15, 3.04] m.
- Nearest obstacle sector is far_right at 3.04 m and clearance status is clear.
- Lateral planning hint: left side is clearer.","{""waypoints"":[{""x"":-1.7358339999999994,""y"":12.624999999999998},{""x"":-1.9858339999999994,""y"":12.999999999999998},{""x"":-1.8358339999999995,""y"":13.424999999999997},{""x"":-1.6858339999999994,""y"":13.849999999999998},{""x"":-1.5358339999999995,""y"":14.274999999999999}],""reasoning"":""Selected waypoint 0 moves the reference anchor from 15.75 m to 15.38 m from goal immediately and to 13.73 m by the final waypoint, so progress is 0.37 m selected / 2.02 m final and passes with monotonic goal-distance reduction. Kinematics is evaluated on 5 unique label waypoint(s), excluding consecutive duplicate terminal holds, and checks only that the trajectory stays within the configured bounds speed <= 15.00 m/s and acceleration <= 8.00 m/s^2, so kinematics passes. Goal is not reached within this label waypoint window. Safety passes: minimum clearance 1.51 m against manifest obstacles with 0 violating segment(s).""}",-1.7358339999999994,12.624999999999998,-2.5,-1.9858339999999994,12.999999999999998,-2.5,-1.8358339999999995,13.424999999999997,-2.5,-1.6858339999999994,13.849999999999998,-2.5,-1.5358339999999995,14.274999999999999,-2.5
1773828717.326200008,1773828717.326200008,0.000,offline_ground_truth_window,"Environment section (T(v)):
- Current position NED is (-1.61, 12.44, -2.48) m.
- Current velocity is (-0.04, 0.05, -0.00) m/s (speed 0.06 m/s).
- Goal position NED is (-1.49, 28.00, -2.50) m.
- Output contract: predict exactly 5 waypoint x/y pairs in NED. The planner will set every waypoint z to goal z = -2.50 m before execution.
- Goal delta from current state is (0.13, 15.56, -0.02) m with distance 15.56 m.
- Obstacle pipeline: depth_camera_to_body_to_ned_current_frame.
- Current depth frame obstacle points projected into NED: 36. Nearest depth obstacle in NED is at (-0.62, 15.37, -2.54) m, relative vector (1.00, 2.93, -0.06) m, distance 3.10 m.
- Depth validity fraction is 0.61. Global nearest obstacle distance is 2.68 m.
- Sector minimum distances [far_left, left, center, right, far_right] are [4.99, 5.00, 5.01, 2.72, 2.68] m.
- Nearest obstacle sector is far_right at 2.68 m and clearance status is caution.
- Lateral planning hint: left side is clearer.","{""waypoints"":[{""x"":-1.9858339999999994,""y"":12.999999999999998},{""x"":-1.8358339999999995,""y"":13.424999999999997},{""x"":-1.6858339999999994,""y"":13.849999999999998},{""x"":-1.5358339999999995,""y"":14.274999999999999},{""x"":-1.3858339999999993,""y"":14.699999999999998}],""reasoning"":""Selected waypoint 0 moves the reference anchor from 15.38 m to 15.01 m from goal immediately and to 13.30 m by the final waypoint, so progress is 0.37 m selected / 2.08 m final and passes with monotonic goal-distance reduction. Kinematics is evaluated on 5 unique label waypoint(s), excluding consecutive duplicate terminal holds, and checks only that the trajectory stays within the configured bounds speed <= 15.00 m/s and acceleration <= 8.00 m/s^2, so kinematics passes. Goal is not reached within this label waypoint window. Safety passes: minimum clearance 1.51 m against manifest obstacles with 0 violating segment(s).""}",-1.9858339999999994,12.999999999999998,-2.5,-1.8358339999999995,13.424999999999997,-2.5,-1.6858339999999994,13.849999999999998,-2.5,-1.5358339999999995,14.274999999999999,-2.5,-1.3858339999999993,14.699999999999998,-2.5
1773828724.550958872,1773828724.550958872,0.000,offline_ground_truth_window,"Environment section (T(v)):
- Current position NED is (-1.87, 12.81, -2.49) m.
- Current velocity is (-0.04, 0.06, 0.01) m/s (speed 0.07 m/s).
- Goal position NED is (-1.49, 28.00, -2.50) m.
- Output contract: predict exactly 5 waypoint x/y pairs in NED. The planner will set every waypoint z to goal z = -2.50 m before execution.
- Goal delta from current state is (0.39, 15.19, -0.01) m with distance 15.20 m.
- Obstacle pipeline: depth_camera_to_body_to_ned_current_frame.
- Current depth frame obstacle points projected into NED: 72. Nearest depth obstacle in NED is at (-1.11, 15.32, -2.68) m, relative vector (0.77, 2.52, -0.19) m, distance 2.64 m.
- Depth validity fraction is 0.61. Global nearest obstacle distance is 2.28 m.
- Sector minimum distances [far_left, left, center, right, far_right] are [5.03, 5.04, 5.05, 2.30, 2.28] m.
- Nearest obstacle sector is far_right at 2.28 m and clearance status is caution.
- Lateral planning hint: left side is clearer.","{""waypoints"":[{""x"":-1.8358339999999995,""y"":13.424999999999997},{""x"":-1.6858339999999994,""y"":13.849999999999998},{""x"":-1.5358339999999995,""y"":14.274999999999999},{""x"":-1.3858339999999993,""y"":14.699999999999998},{""x"":-1.2358339999999994,""y"":15.124999999999996}],""reasoning"":""Selected waypoint 0 moves the reference anchor from 15.01 m to 14.58 m from goal immediately and to 12.88 m by the final waypoint, so progress is 0.43 m selected / 2.13 m final and passes with monotonic goal-distance reduction. Kinematics is evaluated on 5 unique label waypoint(s), excluding consecutive duplicate terminal holds, and checks only that the trajectory stays within the configured bounds speed <= 15.00 m/s and acceleration <= 8.00 m/s^2, so kinematics passes. Goal is not reached within this label waypoint window. Safety passes: minimum clearance 1.51 m against manifest obstacles with 0 violating segment(s).""}",-1.8358339999999995,13.424999999999997,-2.5,-1.6858339999999994,13.849999999999998,-2.5,-1.5358339999999995,14.274999999999999,-2.5,-1.3858339999999993,14.699999999999998,-2.5,-1.2358339999999994,15.124999999999996,-2.5
1773828730.288359880,1773828730.288359880,0.000,offline_ground_truth_window,"Environment section (T(v)):
- Current position NED is (-1.86, 13.19, -2.51) m.
- Current velocity is (-0.01, 0.05, 0.00) m/s (speed 0.05 m/s).
- Goal position NED is (-1.49, 28.00, -2.50) m.
- Output contract: predict exactly 5 waypoint x/y pairs in NED. The planner will set every waypoint z to goal z = -2.50 m before execution.
- Goal delta from current state is (0.37, 14.81, 0.01) m with distance 14.81 m.
- Obstacle pipeline: depth_camera_to_body_to_ned_current_frame.
- Current depth frame obstacle points projected into NED: 77. Nearest depth obstacle in NED is at (-1.03, 15.35, -2.58) m, relative vector (0.83, 2.16, -0.08) m, distance 2.31 m.
- Depth validity fraction is 0.62. Global nearest obstacle distance is 1.91 m.
- Sector minimum distances [far_left, left, center, right, far_right] are [5.04, 5.05, 5.05, 2.03, 1.91] m.
- Nearest obstacle sector is far_right at 1.91 m and clearance status is caution.
- Lateral planning hint: left side is clearer.","{""waypoints"":[{""x"":-1.6858339999999994,""y"":13.849999999999998},{""x"":-1.5358339999999995,""y"":14.274999999999999},{""x"":-1.3858339999999993,""y"":14.699999999999998},{""x"":-1.2358339999999994,""y"":15.124999999999996},{""x"":-1.0858339999999995,""y"":15.549999999999997}],""reasoning"":""Selected waypoint 0 moves the reference anchor from 14.58 m to 14.15 m from goal immediately and to 12.46 m by the final waypoint, so progress is 0.43 m selected / 2.12 m final and passes with monotonic goal-distance reduction. Kinematics is evaluated on 5 unique label waypoint(s), excluding consecutive duplicate terminal holds, and checks only that the trajectory stays within the configured bounds speed <= 15.00 m/s and acceleration <= 8.00 m/s^2, so kinematics passes. Goal is not reached within this label waypoint window. Safety passes: minimum clearance 1.51 m against manifest obstacles with 0 violating segment(s).""}",-1.6858339999999994,13.849999999999998,-2.5,-1.5358339999999995,14.274999999999999,-2.5,-1.3858339999999993,14.699999999999998,-2.5,-1.2358339999999994,15.124999999999996,-2.5,-1.0858339999999995,15.549999999999997,-2.5
1773828736.710342407,1773828736.710342407,0.000,offline_ground_truth_window,"Environment section (T(v)):
- Current position NED is (-1.71, 13.63, -2.50) m.
- Current velocity is (0.01, 0.09, 0.01) m/s (speed 0.09 m/s).
- Goal position NED is (-1.49, 28.00, -2.50) m.
- Output contract: predict exactly 5 waypoint x/y pairs in NED. The planner will set every waypoint z to goal z = -2.50 m before execution.
- Goal delta from current state is (0.23, 14.37, 0.00) m with distance 14.37 m.
- Obstacle pipeline: depth_camera_to_body_to_ned_current_frame.
- Current depth frame obstacle points projected into NED: 84. Nearest depth obstacle in NED is at (-0.73, 15.38, -2.52) m, relative vector (0.98, 1.75, -0.02) m, distance 2.01 m.
- Depth validity fraction is 0.62. Global nearest obstacle distance is 1.53 m.
- Sector minimum distances [far_left, left, center, right, far_right] are [5.06, 5.06, 5.06, 5.05, 1.53] m.
- Nearest obstacle sector is far_right at 1.53 m and clearance status is caution.
- Lateral planning hint: left side is clearer.","{""waypoints"":[{""x"":-1.5358339999999995,""y"":14.274999999999999},{""x"":-1.3858339999999993,""y"":14.699999999999998},{""x"":-1.2358339999999994,""y"":15.124999999999996},{""x"":-1.0858339999999995,""y"":15.549999999999997},{""x"":-0.9358339999999996,""y"":15.974999999999998}],""reasoning"":""Selected waypoint 0 moves the reference anchor from 14.15 m to 13.73 m from goal immediately and to 12.04 m by the final waypoint, so progress is 0.43 m selected / 2.11 m final and passes with monotonic goal-distance reduction. Kinematics is evaluated on 5 unique label waypoint(s), excluding consecutive duplicate terminal holds, and checks only that the trajectory stays within the configured bounds speed <= 15.00 m/s and acceleration <= 8.00 m/s^2, so kinematics passes. Goal is not reached within this label waypoint window. Safety passes: minimum clearance 1.51 m against manifest obstacles with 0 violating segment(s).""}",-1.5358339999999995,14.274999999999999,-2.5,-1.3858339999999993,14.699999999999998,-2.5,-1.2358339999999994,15.124999999999996,-2.5,-1.0858339999999995,15.549999999999997,-2.5,-0.9358339999999996,15.974999999999998,-2.5
1773828743.844912767,1773828743.844912767,0.000,offline_ground_truth_window,"Environment section (T(v)):
- Current position NED is (-1.62, 14.07, -2.50) m.
- Current velocity is (0.02, 0.08, 0.01) m/s (speed 0.08 m/s).
- Goal position NED is (-1.49, 28.00, -2.50) m.
- Output contract: predict exactly 5 waypoint x/y pairs in NED. The planner will set every waypoint z to goal z = -2.50 m before execution.
- Goal delta from current state is (0.14, 13.93, -0.00) m with distance 13.93 m.
- Obstacle pipeline: depth_camera_to_body_to_ned_current_frame.
- Current depth frame obstacle points projected into NED: 29. Nearest depth obstacle in NED is at (-0.69, 15.68, -2.30) m, relative vector (0.94, 1.61, 0.20) m, distance 1.87 m.
- Depth validity fraction is 0.62. Global nearest obstacle distance is 1.41 m.
- Sector minimum distances [far_left, left, center, right, far_right] are [5.01, 5.02, 5.02, 5.02, 1.41] m.
- Nearest obstacle sector is far_right at 1.41 m and clearance status is blocked.
- Lateral planning hint: left side is clearer.","{""waypoints"":[{""x"":-1.3858339999999993,""y"":14.699999999999998},{""x"":-1.2358339999999994,""y"":15.124999999999996},{""x"":-1.0858339999999995,""y"":15.549999999999997},{""x"":-0.9358339999999996,""y"":15.974999999999998},{""x"":-0.7858339999999993,""y"":16.399999999999995}],""reasoning"":""Selected waypoint 0 moves the reference anchor from 13.73 m to 13.30 m from goal immediately and to 11.62 m by the final waypoint, so progress is 0.42 m selected / 2.10 m final and passes with monotonic goal-distance reduction. Kinematics is evaluated on 5 unique label waypoint(s), excluding consecutive duplicate terminal holds, and checks only that the trajectory stays within the configured bounds speed <= 15.00 m/s and acceleration <= 8.00 m/s^2, so kinematics passes. Goal is not reached within this label waypoint window. Safety passes: minimum clearance 1.53 m against manifest obstacles with 0 violating segment(s).""}",-1.3858339999999993,14.699999999999998,-2.5,-1.2358339999999994,15.124999999999996,-2.5,-1.0858339999999995,15.549999999999997,-2.5,-0.9358339999999996,15.974999999999998,-2.5,-0.7858339999999993,16.399999999999995,-2.5
1773828750.720771790,1773828750.720771790,0.000,offline_ground_truth_window,"Environment section (T(v)):
- Current position NED is (-1.48, 14.50, -2.50) m.
- Current velocity is (0.03, 0.07, 0.00) m/s (speed 0.08 m/s).
- Goal position NED is (-1.49, 28.00, -2.50) m.
- Output contract: predict exactly 5 waypoint x/y pairs in NED. The planner will set every waypoint z to goal z = -2.50 m before execution.
- Goal delta from current state is (-0.01, 13.50, 0.00) m with distance 13.50 m.
- Obstacle pipeline: depth_camera_to_body_to_ned_current_frame.
- Current depth frame obstacle points projected into NED: 36. Nearest depth obstacle in NED is at (-2.55, 19.22, -2.72) m, relative vector (-1.07, 4.73, -0.22) m, distance 4.85 m.
- Depth validity fraction is 0.62. Global nearest obstacle distance is 4.62 m.
- Sector minimum distances [far_left, left, center, right, far_right] are [5.03, 4.62, 4.67, 5.00, 4.96] m.
- Nearest obstacle sector is left at 4.62 m and clearance status is clear.
- Lateral planning hint: prefer center progress.","{""waypoints"":[{""x"":-1.2358339999999994,""y"":15.124999999999996},{""x"":-1.0858339999999995,""y"":15.549999999999997},{""x"":-0.9358339999999996,""y"":15.974999999999998},{""x"":-0.7858339999999993,""y"":16.399999999999995},{""x"":-0.6358339999999993,""y"":16.824999999999996}],""reasoning"":""Selected waypoint 0 moves the reference anchor from 13.30 m to 12.88 m from goal immediately and to 11.21 m by the final waypoint, so progress is 0.42 m selected / 2.09 m final and passes with monotonic goal-distance reduction. Kinematics is evaluated on 5 unique label waypoint(s), excluding consecutive duplicate terminal holds, and checks only that the trajectory stays within the configured bounds speed <= 15.00 m/s and acceleration <= 8.00 m/s^2, so kinematics passes. Goal is not reached within this label waypoint window. Safety passes: minimum clearance 1.66 m against manifest obstacles with 0 violating segment(s).""}",-1.2358339999999994,15.124999999999996,-2.5,-1.0858339999999995,15.549999999999997,-2.5,-0.9358339999999996,15.974999999999998,-2.5,-0.7858339999999993,16.399999999999995,-2.5,-0.6358339999999993,16.824999999999996,-2.5
1773828759.445208073,1773828759.445208073,0.000,offline_ground_truth_window,"Environment section (T(v)):
- Current position NED is (-1.31, 14.92, -2.47) m.
- Current velocity is (0.02, 0.04, 0.00) m/s (speed 0.05 m/s).
- Goal position NED is (-1.49, 28.00, -2.50) m.
- Output contract: predict exactly 5 waypoint x/y pairs in NED. The planner will set every waypoint z to goal z = -2.50 m before execution.
- Goal delta from current state is (-0.17, 13.08, -0.03) m with distance 13.08 m.
- Obstacle pipeline: depth_camera_to_body_to_ned_current_frame.
- Current depth frame obstacle points projected into NED: 38. Nearest depth obstacle in NED is at (-2.22, 19.22, -2.49) m, relative vector (-0.91, 4.30, -0.02) m, distance 4.39 m.
- Depth validity fraction is 0.63. Global nearest obstacle distance is 4.20 m.
- Sector minimum distances [far_left, left, center, right, far_right] are [4.95, 4.20, 4.21, 4.94, 4.54] m.
- Nearest obstacle sector is left at 4.20 m and clearance status is clear.
- Lateral planning hint: prefer center progress.","{""waypoints"":[{""x"":-1.0858339999999995,""y"":15.549999999999997},{""x"":-0.9358339999999996,""y"":15.974999999999998},{""x"":-0.7858339999999993,""y"":16.399999999999995},{""x"":-0.6358339999999993,""y"":16.824999999999996},{""x"":-0.48583399999999943,""y"":17.249999999999996}],""reasoning"":""Selected waypoint 0 moves the reference anchor from 12.88 m to 12.46 m from goal immediately and to 10.80 m by the final waypoint, so progress is 0.42 m selected / 2.08 m final and passes with monotonic goal-distance reduction. Kinematics is evaluated on 5 unique label waypoint(s), excluding consecutive duplicate terminal holds, and checks only that the trajectory stays within the configured bounds speed <= 15.00 m/s and acceleration <= 8.00 m/s^2, so kinematics passes. Goal is not reached within this label waypoint window. Safety passes: minimum clearance 1.78 m against manifest obstacles with 0 violating segment(s).""}",-1.0858339999999995,15.549999999999997,-2.5,-0.9358339999999996,15.974999999999998,-2.5,-0.7858339999999993,16.399999999999995,-2.5,-0.6358339999999993,16.824999999999996,-2.5,-0.48583399999999943,17.249999999999996,-2.5
1773828767.875179291,1773828767.875179291,0.000,offline_ground_truth_window,"Environment section (T(v)):
- Current position NED is (-1.14, 15.33, -2.48) m.
- Current velocity is (0.02, 0.04, -0.01) m/s (speed 0.05 m/s).
- Goal position NED is (-1.49, 28.00, -2.50) m.
- Output contract: predict exactly 5 waypoint x/y pairs in NED. The planner will set every waypoint z to goal z = -2.50 m before execution.
- Goal delta from current state is (-0.34, 12.67, -0.02) m with distance 12.67 m.
- Obstacle pipeline: depth_camera_to_body_to_ned_current_frame.
- Current depth frame obstacle points projected into NED: 42. Nearest depth obstacle in NED is at (-1.91, 19.24, -2.63) m, relative vector (-0.77, 3.91, -0.14) m, distance 3.99 m.
- Depth validity fraction is 0.63. Global nearest obstacle distance is 3.81 m.
- Sector minimum distances [far_left, left, center, right, far_right] are [4.95, 3.81, 3.81, 4.95, 4.14] m.
- Nearest obstacle sector is left at 3.81 m and clearance status is clear.
- Lateral planning hint: prefer center progress.","{""waypoints"":[{""x"":-0.9358339999999996,""y"":15.974999999999998},{""x"":-0.7858339999999993,""y"":16.399999999999995},{""x"":-0.6358339999999993,""y"":16.824999999999996},{""x"":-0.48583399999999943,""y"":17.249999999999996},{""x"":-0.17333399999999943,""y"":17.562499999999996}],""reasoning"":""Selected waypoint 0 moves the reference anchor from 12.46 m to 12.04 m from goal immediately and to 10.52 m by the final waypoint, so progress is 0.42 m selected / 1.94 m final and passes with monotonic goal-distance reduction. Kinematics is evaluated on 5 unique label waypoint(s), excluding consecutive duplicate terminal holds, and checks only that the trajectory stays within the configured bounds speed <= 15.00 m/s and acceleration <= 8.00 m/s^2, so kinematics passes. Goal is not reached within this label waypoint window. Safety passes: minimum clearance 1.62 m against manifest obstacles with 0 violating segment(s).""}",-0.9358339999999996,15.974999999999998,-2.5,-0.7858339999999993,16.399999999999995,-2.5,-0.6358339999999993,16.824999999999996,-2.5,-0.48583399999999943,17.249999999999996,-2.5,-0.17333399999999943,17.562499999999996,-2.5
1773828777.525646210,1773828777.525646210,0.000,offline_ground_truth_window,"Environment section (T(v)):
- Current position NED is (-1.06, 15.78, -2.49) m.
- Current velocity is (0.02, 0.04, -0.00) m/s (speed 0.05 m/s).
- Goal position NED is (-1.49, 28.00, -2.50) m.
- Output contract: predict exactly 5 waypoint x/y pairs in NED. The planner will set every waypoint z to goal z = -2.50 m before execution.
- Goal delta from current state is (-0.42, 12.22, -0.01) m with distance 12.23 m.
- Obstacle pipeline: depth_camera_to_body_to_ned_current_frame.
- Current depth frame obstacle points projected into NED: 24. Nearest depth obstacle in NED is at (-1.54, 19.28, -2.51) m, relative vector (-0.47, 3.50, -0.02) m, distance 3.53 m.
- Depth validity fraction is 0.64. Global nearest obstacle distance is 3.35 m.
- Sector minimum distances [far_left, left, center, right, far_right] are [4.91, 3.35, 3.35, 4.95, 3.84] m.
- Nearest obstacle sector is center at 3.35 m and clearance status is clear.
- Lateral planning hint: prefer center progress.","{""waypoints"":[{""x"":-0.7858339999999993,""y"":16.399999999999995},{""x"":-0.6358339999999993,""y"":16.824999999999996},{""x"":-0.48583399999999943,""y"":17.249999999999996},{""x"":-0.17333399999999943,""y"":17.562499999999996},{""x"":0.13916600000000057,""y"":17.874999999999996}],""reasoning"":""Selected waypoint 0 moves the reference anchor from 12.04 m to 11.62 m from goal immediately and to 10.25 m by the final waypoint, so progress is 0.42 m selected / 1.78 m final and passes with monotonic goal-distance reduction. Kinematics is evaluated on 5 unique label waypoint(s), excluding consecutive duplicate terminal holds, and checks only that the trajectory stays within the configured bounds speed <= 15.00 m/s and acceleration <= 8.00 m/s^2, so kinematics passes. Goal is not reached within this label waypoint window. Safety passes: minimum clearance 1.55 m against manifest obstacles with 0 violating segment(s).""}",-0.7858339999999993,16.399999999999995,-2.5,-0.6358339999999993,16.824999999999996,-2.5,-0.48583399999999943,17.249999999999996,-2.5,-0.17333399999999943,17.562499999999996,-2.5,0.13916600000000057,17.874999999999996,-2.5
1773828785.594793558,1773828785.594793558,0.000,offline_ground_truth_window,"Environment section (T(v)):
- Current position NED is (-0.83, 16.18, -2.48) m.
- Current velocity is (0.02, 0.05, 0.00) m/s (speed 0.05 m/s).
- Goal position NED is (-1.49, 28.00, -2.50) m.
- Output contract: predict exactly 5 waypoint x/y pairs in NED. The planner will set every waypoint z to goal z = -2.50 m before execution.
- Goal delta from current state is (-0.66, 11.82, -0.02) m with distance 11.84 m.
- Obstacle pipeline: depth_camera_to_body_to_ned_current_frame.
- Current depth frame obstacle points projected into NED: 42. Nearest depth obstacle in NED is at (-1.21, 19.27, -2.59) m, relative vector (-0.38, 3.09, -0.11) m, distance 3.11 m.
- Depth validity fraction is 0.63. Global nearest obstacle distance is 2.96 m.
- Sector minimum distances [far_left, left, center, right, far_right] are [5.07, 2.99, 2.96, 5.04, 5.03] m.
- Nearest obstacle sector is center at 2.96 m and clearance status is caution.
- Lateral planning hint: right side is clearer.","{""waypoints"":[{""x"":-0.6358339999999993,""y"":16.824999999999996},{""x"":-0.48583399999999943,""y"":17.249999999999996},{""x"":-0.17333399999999943,""y"":17.562499999999996},{""x"":0.13916600000000057,""y"":17.874999999999996},{""x"":0.45166600000000057,""y"":18.187499999999996}],""reasoning"":""Selected waypoint 0 moves the reference anchor from 11.62 m to 11.21 m from goal immediately and to 10.00 m by the final waypoint, so progress is 0.41 m selected / 1.62 m final and passes with monotonic goal-distance reduction. Kinematics is evaluated on 5 unique label waypoint(s), excluding consecutive duplicate terminal holds, and checks only that the trajectory stays within the configured bounds speed <= 15.00 m/s and acceleration <= 8.00 m/s^2, so kinematics passes. Goal is not reached within this label waypoint window. Safety passes: minimum clearance 1.55 m against manifest obstacles with 0 violating segment(s).""}",-0.6358339999999993,16.824999999999996,-2.5,-0.48583399999999943,17.249999999999996,-2.5,-0.17333399999999943,17.562499999999996,-2.5,0.13916600000000057,17.874999999999996,-2.5,0.45166600000000057,18.187499999999996,-2.5
1773828793.585392237,1773828793.585392237,0.000,offline_ground_truth_window,"Environment section (T(v)):
- Current position NED is (-0.72, 16.62, -2.49) m.
- Current velocity is (0.02, 0.06, 0.00) m/s (speed 0.06 m/s).
- Goal position NED is (-1.49, 28.00, -2.50) m.
- Output contract: predict exactly 5 waypoint x/y pairs in NED. The planner will set every waypoint z to goal z = -2.50 m before execution.
- Goal delta from current state is (-0.77, 11.38, -0.01) m with distance 11.41 m.
- Obstacle pipeline: depth_camera_to_body_to_ned_current_frame.
- Current depth frame obstacle points projected into NED: 49. Nearest depth obstacle in NED is at (-0.92, 19.29, -2.57) m, relative vector (-0.20, 2.67, -0.08) m, distance 2.68 m.
- Depth validity fraction is 0.64. Global nearest obstacle distance is 2.53 m.
- Sector minimum distances [far_left, left, center, right, far_right] are [5.00, 2.58, 2.53, 5.00, 5.00] m.
- Nearest obstacle sector is center at 2.53 m and clearance status is caution.
- Lateral planning hint: right side is clearer.","{""waypoints"":[{""x"":-0.48583399999999943,""y"":17.249999999999996},{""x"":-0.17333399999999943,""y"":17.562499999999996},{""x"":0.13916600000000057,""y"":17.874999999999996},{""x"":0.45166600000000057,""y"":18.187499999999996},{""x"":0.7641660000000006,""y"":18.499999999999996}],""reasoning"":""Selected waypoint 0 moves the reference anchor from 11.21 m to 10.80 m from goal immediately and to 9.76 m by the final waypoint, so progress is 0.41 m selected / 1.44 m final and passes with monotonic goal-distance reduction. Kinematics is evaluated on 5 unique label waypoint(s), excluding consecutive duplicate terminal holds, and checks only that the trajectory stays within the configured bounds speed <= 15.00 m/s and acceleration <= 8.00 m/s^2, so kinematics passes. Goal is not reached within this label waypoint window. Safety passes: minimum clearance 1.55 m against manifest obstacles with 0 violating segment(s).""}",-0.48583399999999943,17.249999999999996,-2.5,-0.17333399999999943,17.562499999999996,-2.5,0.13916600000000057,17.874999999999996,-2.5,0.45166600000000057,18.187499999999996,-2.5,0.7641660000000006,18.499999999999996,-2.5
1773828801.332606316,1773828801.332606316,0.000,offline_ground_truth_window,"Environment section (T(v)):
- Current position NED is (-0.55, 17.04, -2.48) m.
- Current velocity is (0.02, 0.04, 0.00) m/s (speed 0.05 m/s).
- Goal position NED is (-1.49, 28.00, -2.50) m.
- Output contract: predict exactly 5 waypoint x/y pairs in NED. The planner will set every waypoint z to goal z = -2.50 m before execution.
- Goal delta from current state is (-0.94, 10.96, -0.02) m with distance 11.00 m.
- Obstacle pipeline: depth_camera_to_body_to_ned_current_frame.
- Current depth frame obstacle points projected into NED: 75. Nearest depth obstacle in NED is at (-0.67, 19.26, -2.34) m, relative vector (-0.12, 2.22, 0.14) m, distance 2.23 m.
- Depth validity fraction is 0.65. Global nearest obstacle distance is 2.09 m.
- Sector minimum distances [far_left, left, center, right, far_right] are [4.98, 2.19, 2.09, 2.18, 4.96] m.
- Nearest obstacle sector is center at 2.09 m and clearance status is caution.
- Lateral planning hint: prefer center progress.","{""waypoints"":[{""x"":-0.17333399999999943,""y"":17.562499999999996},{""x"":0.13916600000000057,""y"":17.874999999999996},{""x"":0.45166600000000057,""y"":18.187499999999996},{""x"":0.7641660000000006,""y"":18.499999999999996},{""x"":0.7919437777777782,""y"":18.94444444444444}],""reasoning"":""Selected waypoint 0 moves the reference anchor from 10.80 m to 10.52 m from goal immediately and to 9.34 m by the final waypoint, so progress is 0.28 m selected / 1.46 m final and passes with monotonic goal-distance reduction. Kinematics is evaluated on 5 unique label waypoint(s), excluding consecutive duplicate terminal holds, and checks only that the trajectory stays within the configured bounds speed <= 15.00 m/s and acceleration <= 8.00 m/s^2, so kinematics passes. Goal is not reached within this label waypoint window. Safety passes: minimum clearance 1.54 m against manifest obstacles with 0 violating segment(s).""}",-0.17333399999999943,17.562499999999996,-2.5,0.13916600000000057,17.874999999999996,-2.5,0.45166600000000057,18.187499999999996,-2.5,0.7641660000000006,18.499999999999996,-2.5,0.7919437777777782,18.94444444444444,-2.5
1773828809.624496222,1773828809.624496222,0.000,offline_ground_truth_window,"Environment section (T(v)):
- Current position NED is (-0.32, 17.40, -2.49) m.
- Current velocity is (0.04, 0.04, -0.00) m/s (speed 0.06 m/s).
- Goal position NED is (-1.49, 28.00, -2.50) m.
- Output contract: predict exactly 5 waypoint x/y pairs in NED. The planner will set every waypoint z to goal z = -2.50 m before execution.
- Goal delta from current state is (-1.17, 10.60, -0.01) m with distance 10.67 m.
- Obstacle pipeline: depth_camera_to_body_to_ned_current_frame.
- Current depth frame obstacle points projected into NED: 93. Nearest depth obstacle in NED is at (-0.20, 19.29, -2.45) m, relative vector (0.12, 1.89, 0.03) m, distance 1.89 m.
- Depth validity fraction is 0.67. Global nearest obstacle distance is 1.74 m.
- Sector minimum distances [far_left, left, center, right, far_right] are [4.95, 4.96, 1.74, 1.74, 4.97] m.
- Nearest obstacle sector is center at 1.74 m and clearance status is caution.
- Lateral planning hint: left side is clearer.","{""waypoints"":[{""x"":0.13916600000000057,""y"":17.874999999999996},{""x"":0.45166600000000057,""y"":18.187499999999996},{""x"":0.7641660000000006,""y"":18.499999999999996},{""x"":0.7919437777777782,""y"":18.94444444444444},{""x"":0.8197215555555561,""y"":19.388888888888886}],""reasoning"":""Selected waypoint 0 moves the reference anchor from 10.52 m to 10.25 m from goal immediately and to 8.91 m by the final waypoint, so progress is 0.27 m selected / 1.61 m final and passes with monotonic goal-distance reduction. Kinematics is evaluated on 5 unique label waypoint(s), excluding consecutive duplicate terminal holds, and checks only that the trajectory stays within the configured bounds speed <= 15.00 m/s and acceleration <= 8.00 m/s^2, so kinematics passes. Goal is not reached within this label waypoint window. Safety fails: minimum clearance 1.50 m against manifest obstacles with 1 violating segment(s).""}",0.13916600000000057,17.874999999999996,-2.5,0.45166600000000057,18.187499999999996,-2.5,0.7641660000000006,18.499999999999996,-2.5,0.7919437777777782,18.94444444444444,-2.5,0.8197215555555561,19.388888888888886,-2.5
1773828818.073780537,1773828818.073780537,0.000,offline_ground_truth_window,"Environment section (T(v)):
- Current position NED is (0.00, 17.70, -2.49) m.
- Current velocity is (0.03, 0.04, 0.00) m/s (speed 0.05 m/s).
- Goal position NED is (-1.49, 28.00, -2.50) m.
- Output contract: predict exactly 5 waypoint x/y pairs in NED. The planner will set every waypoint z to goal z = -2.50 m before execution.
- Goal delta from current state is (-1.49, 10.30, -0.01) m with distance 10.41 m.
- Obstacle pipeline: depth_camera_to_body_to_ned_current_frame.
- Current depth frame obstacle points projected into NED: 135. Nearest depth obstacle in NED is at (0.31, 19.30, -2.50) m, relative vector (0.31, 1.59, -0.01) m, distance 1.62 m.
- Depth validity fraction is 0.69. Global nearest obstacle distance is 1.41 m.
- Sector minimum distances [far_left, left, center, right, far_right] are [4.81, 5.01, 1.52, 1.41, 1.42] m.
- Nearest obstacle sector is right at 1.41 m and clearance status is blocked.
- Lateral planning hint: left side is clearer.","{""waypoints"":[{""x"":0.45166600000000057,""y"":18.187499999999996},{""x"":0.7641660000000006,""y"":18.499999999999996},{""x"":0.7919437777777782,""y"":18.94444444444444},{""x"":0.8197215555555561,""y"":19.388888888888886},{""x"":0.8474993333333338,""y"":19.83333333333333}],""reasoning"":""Selected waypoint 0 moves the reference anchor from 10.25 m to 10.00 m from goal immediately and to 8.49 m by the final waypoint, so progress is 0.25 m selected / 1.76 m final and passes with monotonic goal-distance reduction. Kinematics is evaluated on 5 unique label waypoint(s), excluding consecutive duplicate terminal holds, and checks only that the trajectory stays within the configured bounds speed <= 15.00 m/s and acceleration <= 8.00 m/s^2, so kinematics passes. Goal is not reached within this label waypoint window. Safety fails: minimum clearance 1.50 m against manifest obstacles with 2 violating segment(s).""}",0.45166600000000057,18.187499999999996,-2.5,0.7641660000000006,18.499999999999996,-2.5,0.7919437777777782,18.94444444444444,-2.5,0.8197215555555561,19.388888888888886,-2.5,0.8474993333333338,19.83333333333333,-2.5
1773828825.225015879,1773828825.225015879,0.000,offline_ground_truth_window,"Environment section (T(v)):
- Current position NED is (0.31, 18.03, -2.48) m.
- Current velocity is (0.03, 0.05, 0.00) m/s (speed 0.06 m/s).
- Goal position NED is (-1.49, 28.00, -2.50) m.
- Output contract: predict exactly 5 waypoint x/y pairs in NED. The planner will set every waypoint z to goal z = -2.50 m before execution.
- Goal delta from current state is (-1.79, 9.97, -0.02) m with distance 10.13 m.
- Obstacle pipeline: depth_camera_to_body_to_ned_current_frame.
- Current depth frame obstacle points projected into NED: 145. Nearest depth obstacle in NED is at (0.86, 19.29, -2.45) m, relative vector (0.56, 1.27, 0.03) m, distance 1.38 m.
- Depth validity fraction is 0.68. Global nearest obstacle distance is 1.06 m.
- Sector minimum distances [far_left, left, center, right, far_right] are [4.45, 5.01, 5.01, 1.16, 1.06] m.
- Nearest obstacle sector is far_right at 1.06 m and clearance status is blocked.
- Lateral planning hint: left side is clearer.","{""waypoints"":[{""x"":0.7641660000000006,""y"":18.499999999999996},{""x"":0.7919437777777782,""y"":18.94444444444444},{""x"":0.8197215555555561,""y"":19.388888888888886},{""x"":0.8474993333333338,""y"":19.83333333333333},{""x"":0.8752771111111117,""y"":20.277777777777775}],""reasoning"":""Selected waypoint 0 moves the reference anchor from 10.00 m to 9.76 m from goal immediately and to 8.08 m by the final waypoint, so progress is 0.24 m selected / 1.93 m final and passes with monotonic goal-distance reduction. Kinematics is evaluated on 5 unique label waypoint(s), excluding consecutive duplicate terminal holds, and checks only that the trajectory stays within the configured bounds speed <= 15.00 m/s and acceleration <= 8.00 m/s^2, so kinematics passes. Goal is not reached within this label waypoint window. Safety fails: minimum clearance 1.50 m against manifest obstacles with 2 violating segment(s).""}",0.7641660000000006,18.499999999999996,-2.5,0.7919437777777782,18.94444444444444,-2.5,0.8197215555555561,19.388888888888886,-2.5,0.8474993333333338,19.83333333333333,-2.5,0.8752771111111117,20.277777777777775,-2.5
1773828832.219269991,1773828832.219269991,0.000,offline_ground_truth_window,"Environment section (T(v)):
- Current position NED is (0.61, 18.35, -2.50) m.
- Current velocity is (0.04, 0.04, 0.00) m/s (speed 0.05 m/s).
- Goal position NED is (-1.49, 28.00, -2.50) m.
- Output contract: predict exactly 5 waypoint x/y pairs in NED. The planner will set every waypoint z to goal z = -2.50 m before execution.
- Goal delta from current state is (-2.10, 9.65, -0.00) m with distance 9.88 m.
- Obstacle pipeline: depth_camera_to_body_to_ned_current_frame.
- Current depth frame obstacle points projected into NED: 107. Nearest depth obstacle in NED is at (1.29, 19.47, -2.61) m, relative vector (0.68, 1.13, -0.12) m, distance 1.32 m.
- Depth validity fraction is 0.64. Global nearest obstacle distance is 0.97 m.
- Sector minimum distances [far_left, left, center, right, far_right] are [4.12, 5.06, 5.06, 1.32, 0.97] m.
- Nearest obstacle sector is far_right at 0.97 m and clearance status is blocked.
- Lateral planning hint: left side is clearer.","{""waypoints"":[{""x"":0.7919437777777782,""y"":18.94444444444444},{""x"":0.8197215555555561,""y"":19.388888888888886},{""x"":0.8474993333333338,""y"":19.83333333333333},{""x"":0.8752771111111117,""y"":20.277777777777775},{""x"":0.9030548888888894,""y"":20.722222222222218}],""reasoning"":""Selected waypoint 0 moves the reference anchor from 9.76 m to 9.34 m from goal immediately and to 7.66 m by the final waypoint, so progress is 0.43 m selected / 2.10 m final and passes with monotonic goal-distance reduction. Kinematics is evaluated on 5 unique label waypoint(s), excluding consecutive duplicate terminal holds, and checks only that the trajectory stays within the configured bounds speed <= 15.00 m/s and acceleration <= 8.00 m/s^2, so kinematics passes. Goal is not reached within this label waypoint window. Safety fails: minimum clearance 1.50 m against manifest obstacles with 2 violating segment(s).""}",0.7919437777777782,18.94444444444444,-2.5,0.8197215555555561,19.388888888888886,-2.5,0.8474993333333338,19.83333333333333,-2.5,0.8752771111111117,20.277777777777775,-2.5,0.9030548888888894,20.722222222222218,-2.5
1773828840.610563993,1773828840.610563993,0.000,offline_ground_truth_window,"Environment section (T(v)):
- Current position NED is (0.79, 18.72, -2.51) m.
- Current velocity is (0.00, 0.04, 0.01) m/s (speed 0.04 m/s).
- Goal position NED is (-1.49, 28.00, -2.50) m.
- Output contract: predict exactly 5 waypoint x/y pairs in NED. The planner will set every waypoint z to goal z = -2.50 m before execution.
- Goal delta from current state is (-2.28, 9.28, 0.01) m with distance 9.55 m.
- Obstacle pipeline: depth_camera_to_body_to_ned_current_frame.
- Current depth frame obstacle points projected into NED: 60. Nearest depth obstacle in NED is at (1.45, 19.83, -2.44) m, relative vector (0.66, 1.10, 0.07) m, distance 1.29 m.
- Depth validity fraction is 0.62. Global nearest obstacle distance is 0.95 m.
- Sector minimum distances [far_left, left, center, right, far_right] are [3.76, 5.00, 4.99, 4.99, 0.95] m.
- Nearest obstacle sector is far_right at 0.95 m and clearance status is blocked.
- Lateral planning hint: left side is clearer.","{""waypoints"":[{""x"":0.8197215555555561,""y"":19.388888888888886},{""x"":0.8474993333333338,""y"":19.83333333333333},{""x"":0.8752771111111117,""y"":20.277777777777775},{""x"":0.9030548888888894,""y"":20.722222222222218},{""x"":0.9308326666666673,""y"":21.166666666666664}],""reasoning"":""Selected waypoint 0 moves the reference anchor from 9.34 m to 8.91 m from goal immediately and to 7.25 m by the final waypoint, so progress is 0.42 m selected / 2.09 m final and passes with monotonic goal-distance reduction. Kinematics is evaluated on 5 unique label waypoint(s), excluding consecutive duplicate terminal holds, and checks only that the trajectory stays within the configured bounds speed <= 15.00 m/s and acceleration <= 8.00 m/s^2, so kinematics passes. Goal is not reached within this label waypoint window. Safety fails: minimum clearance 1.50 m against manifest obstacles with 2 violating segment(s).""}",0.8197215555555561,19.388888888888886,-2.5,0.8474993333333338,19.83333333333333,-2.5,0.8752771111111117,20.277777777777775,-2.5,0.9030548888888894,20.722222222222218,-2.5,0.9308326666666673,21.166666666666664,-2.5
1773828848.966649771,1773828848.966649771,0.000,offline_ground_truth_window,"Environment section (T(v)):
- Current position NED is (0.79, 19.17, -2.48) m.
- Current velocity is (0.01, 0.04, 0.01) m/s (speed 0.04 m/s).
- Goal position NED is (-1.49, 28.00, -2.50) m.
- Output contract: predict exactly 5 waypoint x/y pairs in NED. The planner will set every waypoint z to goal z = -2.50 m before execution.
- Goal delta from current state is (-2.27, 8.83, -0.02) m with distance 9.12 m.
- Obstacle pipeline: depth_camera_to_body_to_ned_current_frame.
- Current depth frame obstacle points projected into NED: 37. Nearest depth obstacle in NED is at (-1.90, 22.73, -2.67) m, relative vector (-2.69, 3.56, -0.19) m, distance 4.47 m.
- Depth validity fraction is 0.60. Global nearest obstacle distance is 3.48 m.
- Sector minimum distances [far_left, left, center, right, far_right] are [3.48, 5.00, 5.00, 4.99, 4.21] m.
- Nearest obstacle sector is far_left at 3.48 m and clearance status is clear.
- Lateral planning hint: prefer center progress.","{""waypoints"":[{""x"":0.8474993333333338,""y"":19.83333333333333},{""x"":0.8752771111111117,""y"":20.277777777777775},{""x"":0.9030548888888894,""y"":20.722222222222218},{""x"":0.9308326666666673,""y"":21.166666666666664},{""x"":0.958610444444445,""y"":21.611111111111107}],""reasoning"":""Selected waypoint 0 moves the reference anchor from 8.91 m to 8.49 m from goal immediately and to 6.84 m by the final waypoint, so progress is 0.42 m selected / 2.07 m final and passes with monotonic goal-distance reduction. Kinematics is evaluated on 5 unique label waypoint(s), excluding consecutive duplicate terminal holds, and checks only that the trajectory stays within the configured bounds speed <= 15.00 m/s and acceleration <= 8.00 m/s^2, so kinematics passes. Goal is not reached within this label waypoint window. Safety fails: minimum clearance 1.50 m against manifest obstacles with 1 violating segment(s).""}",0.8474993333333338,19.83333333333333,-2.5,0.8752771111111117,20.277777777777775,-2.5,0.9030548888888894,20.722222222222218,-2.5,0.9308326666666673,21.166666666666664,-2.5,0.958610444444445,21.611111111111107,-2.5
1773828855.091556787,1773828855.091556787,0.000,offline_ground_truth_window,"Environment section (T(v)):
- Current position NED is (0.86, 19.61, -2.49) m.
- Current velocity is (-0.01, 0.05, 0.01) m/s (speed 0.05 m/s).
- Goal position NED is (-1.49, 28.00, -2.50) m.
- Output contract: predict exactly 5 waypoint x/y pairs in NED. The planner will set every waypoint z to goal z = -2.50 m before execution.
- Goal delta from current state is (-2.35, 8.39, -0.01) m with distance 8.71 m.
- Obstacle pipeline: depth_camera_to_body_to_ned_current_frame.
- Current depth frame obstacle points projected into NED: 33. Nearest depth obstacle in NED is at (-1.71, 22.98, -2.47) m, relative vector (-2.57, 3.37, 0.03) m, distance 4.24 m.
- Depth validity fraction is 0.60. Global nearest obstacle distance is 3.31 m.
- Sector minimum distances [far_left, left, center, right, far_right] are [3.31, 5.00, 5.00, 5.01, 3.81] m.
- Nearest obstacle sector is far_left at 3.31 m and clearance status is clear.
- Lateral planning hint: prefer center progress.","{""waypoints"":[{""x"":0.8752771111111117,""y"":20.277777777777775},{""x"":0.9030548888888894,""y"":20.722222222222218},{""x"":0.9308326666666673,""y"":21.166666666666664},{""x"":0.958610444444445,""y"":21.611111111111107},{""x"":0.9863882222222229,""y"":22.055555555555554}],""reasoning"":""Selected waypoint 0 moves the reference anchor from 8.49 m to 8.08 m from goal immediately and to 6.44 m by the final waypoint, so progress is 0.42 m selected / 2.06 m final and passes with monotonic goal-distance reduction. Kinematics is evaluated on 5 unique label waypoint(s), excluding consecutive duplicate terminal holds, and checks only that the trajectory stays within the configured bounds speed <= 15.00 m/s and acceleration <= 8.00 m/s^2, so kinematics passes. Goal is not reached within this label waypoint window. Safety passes: minimum clearance 1.55 m against manifest obstacles with 0 violating segment(s).""}",0.8752771111111117,20.277777777777775,-2.5,0.9030548888888894,20.722222222222218,-2.5,0.9308326666666673,21.166666666666664,-2.5,0.958610444444445,21.611111111111107,-2.5,0.9863882222222229,22.055555555555554,-2.5
1773828863.433676004,1773828863.433676004,0.000,offline_ground_truth_window,"Environment section (T(v)):
- Current position NED is (0.89, 20.06, -2.50) m.
- Current velocity is (-0.00, 0.06, 0.00) m/s (speed 0.06 m/s).
- Goal position NED is (-1.49, 28.00, -2.50) m.
- Output contract: predict exactly 5 waypoint x/y pairs in NED. The planner will set every waypoint z to goal z = -2.50 m before execution.
- Goal delta from current state is (-2.37, 7.94, 0.00) m with distance 8.29 m.
- Obstacle pipeline: depth_camera_to_body_to_ned_current_frame.
- Current depth frame obstacle points projected into NED: 29. Nearest depth obstacle in NED is at (3.35, 23.83, -2.12) m, relative vector (2.46, 3.77, 0.38) m, distance 4.52 m.
- Depth validity fraction is 0.60. Global nearest obstacle distance is 3.54 m.
- Sector minimum distances [far_left, left, center, right, far_right] are [4.93, 4.93, 4.93, 4.93, 3.54] m.
- Nearest obstacle sector is far_right at 3.54 m and clearance status is clear.
- Lateral planning hint: left side is clearer.","{""waypoints"":[{""x"":0.9030548888888894,""y"":20.722222222222218},{""x"":0.9308326666666673,""y"":21.166666666666664},{""x"":0.958610444444445,""y"":21.611111111111107},{""x"":0.9863882222222229,""y"":22.055555555555554},{""x"":1.0141660000000006,""y"":22.499999999999996}],""reasoning"":""Selected waypoint 0 moves the reference anchor from 8.08 m to 7.66 m from goal immediately and to 6.04 m by the final waypoint, so progress is 0.42 m selected / 2.03 m final and passes with monotonic goal-distance reduction. Kinematics is evaluated on 5 unique label waypoint(s), excluding consecutive duplicate terminal holds, and checks only that the trajectory stays within the configured bounds speed <= 15.00 m/s and acceleration <= 8.00 m/s^2, so kinematics passes. Goal is not reached within this label waypoint window. Safety passes: minimum clearance 1.64 m against manifest obstacles with 0 violating segment(s).""}",0.9030548888888894,20.722222222222218,-2.5,0.9308326666666673,21.166666666666664,-2.5,0.958610444444445,21.611111111111107,-2.5,0.9863882222222229,22.055555555555554,-2.5,1.0141660000000006,22.499999999999996,-2.5
1773828870.693670988,1773828870.693670988,0.000,offline_ground_truth_window,"Environment section (T(v)):
- Current position NED is (0.88, 20.50, -2.48) m.
- Current velocity is (0.01, 0.06, -0.00) m/s (speed 0.06 m/s).
- Goal position NED is (-1.49, 28.00, -2.50) m.
- Output contract: predict exactly 5 waypoint x/y pairs in NED. The planner will set every waypoint z to goal z = -2.50 m before execution.
- Goal delta from current state is (-2.37, 7.50, -0.02) m with distance 7.86 m.
- Obstacle pipeline: depth_camera_to_body_to_ned_current_frame.
- Current depth frame obstacle points projected into NED: 44. Nearest depth obstacle in NED is at (3.28, 24.14, -2.73) m, relative vector (2.39, 3.64, -0.25) m, distance 4.36 m.
- Depth validity fraction is 0.60. Global nearest obstacle distance is 3.42 m.
- Sector minimum distances [far_left, left, center, right, far_right] are [5.02, 5.01, 5.01, 5.01, 3.42] m.
- Nearest obstacle sector is far_right at 3.42 m and clearance status is clear.
- Lateral planning hint: left side is clearer.","{""waypoints"":[{""x"":0.9308326666666673,""y"":21.166666666666664},{""x"":0.958610444444445,""y"":21.611111111111107},{""x"":0.9863882222222229,""y"":22.055555555555554},{""x"":1.0141660000000006,""y"":22.499999999999996},{""x"":0.8218583076923083,""y"":22.92307692307692}],""reasoning"":""Selected waypoint 0 moves the reference anchor from 7.66 m to 7.25 m from goal immediately and to 5.58 m by the final waypoint, so progress is 0.41 m selected / 2.08 m final and passes with monotonic goal-distance reduction. Kinematics is evaluated on 5 unique label waypoint(s), excluding consecutive duplicate terminal holds, and checks only that the trajectory stays within the configured bounds speed <= 15.00 m/s and acceleration <= 8.00 m/s^2, so kinematics passes. Goal is not reached within this label waypoint window. Safety passes: minimum clearance 1.64 m against manifest obstacles with 0 violating segment(s).""}",0.9308326666666673,21.166666666666664,-2.5,0.958610444444445,21.611111111111107,-2.5,0.9863882222222229,22.055555555555554,-2.5,1.0141660000000006,22.499999999999996,-2.5,0.8218583076923083,22.92307692307692,-2.5
1773828879.167271852,1773828879.167271852,0.000,offline_ground_truth_window,"Environment section (T(v)):
- Current position NED is (0.88, 20.95, -2.50) m.
- Current velocity is (0.00, 0.04, 0.00) m/s (speed 0.04 m/s).
- Goal position NED is (-1.49, 28.00, -2.50) m.
- Output contract: predict exactly 5 waypoint x/y pairs in NED. The planner will set every waypoint z to goal z = -2.50 m before execution.
- Goal delta from current state is (-2.36, 7.05, 0.00) m with distance 7.44 m.
- Obstacle pipeline: depth_camera_to_body_to_ned_current_frame.
- Current depth frame obstacle points projected into NED: 32. Nearest depth obstacle in NED is at (2.45, 28.33, -1.94) m, relative vector (1.57, 7.38, 0.56) m, distance 7.56 m.
- Depth validity fraction is 0.60. Global nearest obstacle distance is 5.00 m.
- Sector minimum distances [far_left, left, center, right, far_right] are [5.00, 5.00, 5.00, 5.01, 5.01] m.
- Nearest obstacle sector is far_left at 5.00 m and clearance status is clear.
- Lateral planning hint: prefer center progress.","{""waypoints"":[{""x"":0.958610444444445,""y"":21.611111111111107},{""x"":0.9863882222222229,""y"":22.055555555555554},{""x"":1.0141660000000006,""y"":22.499999999999996},{""x"":0.8218583076923083,""y"":22.92307692307692},{""x"":0.629550615384616,""y"":23.346153846153843}],""reasoning"":""Selected waypoint 0 moves the reference anchor from 7.25 m to 6.84 m from goal immediately and to 5.11 m by the final waypoint, so progress is 0.41 m selected / 2.14 m final and passes with monotonic goal-distance reduction. Kinematics is evaluated on 5 unique label waypoint(s), excluding consecutive duplicate terminal holds, and checks only that the trajectory stays within the configured bounds speed <= 15.00 m/s and acceleration <= 8.00 m/s^2, so kinematics passes. Goal is not reached within this label waypoint window. Safety passes: minimum clearance 1.64 m against manifest obstacles with 0 violating segment(s).""}",0.958610444444445,21.611111111111107,-2.5,0.9863882222222229,22.055555555555554,-2.5,1.0141660000000006,22.499999999999996,-2.5,0.8218583076923083,22.92307692307692,-2.5,0.629550615384616,23.346153846153843,-2.5
1773828886.808211803,1773828886.808211803,0.000,offline_ground_truth_window,"Environment section (T(v)):
- Current position NED is (0.94, 21.39, -2.51) m.
- Current velocity is (0.01, 0.05, 0.00) m/s (speed 0.05 m/s).
- Goal position NED is (-1.49, 28.00, -2.50) m.
- Output contract: predict exactly 5 waypoint x/y pairs in NED. The planner will set every waypoint z to goal z = -2.50 m before execution.
- Goal delta from current state is (-2.43, 6.61, 0.01) m with distance 7.04 m.
- Obstacle pipeline: depth_camera_to_body_to_ned_current_frame.
- Current depth frame obstacle points projected into NED: 23. Nearest depth obstacle in NED is at (2.41, 28.30, -2.30) m, relative vector (1.47, 6.91, 0.21) m, distance 7.07 m.
- Depth validity fraction is 0.60. Global nearest obstacle distance is 5.04 m.
- Sector minimum distances [far_left, left, center, right, far_right] are [5.04, 5.04, 5.04, 5.04, 5.04] m.
- Nearest obstacle sector is far_right at 5.04 m and clearance status is clear.
- Lateral planning hint: prefer center progress.","{""waypoints"":[{""x"":0.9863882222222229,""y"":22.055555555555554},{""x"":1.0141660000000006,""y"":22.499999999999996},{""x"":0.8218583076923083,""y"":22.92307692307692},{""x"":0.629550615384616,""y"":23.346153846153843},{""x"":0.4372429230769235,""y"":23.769230769230766}],""reasoning"":""Selected waypoint 0 moves the reference anchor from 6.84 m to 6.44 m from goal immediately and to 4.65 m by the final waypoint, so progress is 0.40 m selected / 2.19 m final and passes with monotonic goal-distance reduction. Kinematics is evaluated on 5 unique label waypoint(s), excluding consecutive duplicate terminal holds, and checks only that the trajectory stays within the configured bounds speed <= 15.00 m/s and acceleration <= 8.00 m/s^2, so kinematics passes. Goal is not reached within this label waypoint window. Safety passes: minimum clearance 1.64 m against manifest obstacles with 0 violating segment(s).""}",0.9863882222222229,22.055555555555554,-2.5,1.0141660000000006,22.499999999999996,-2.5,0.8218583076923083,22.92307692307692,-2.5,0.629550615384616,23.346153846153843,-2.5,0.4372429230769235,23.769230769230766,-2.5
1773828893.916612148,1773828893.916612148,0.000,offline_ground_truth_window,"Environment section (T(v)):
- Current position NED is (0.95, 21.83, -2.51) m.
- Current velocity is (0.01, 0.10, 0.01) m/s (speed 0.10 m/s).
- Goal position NED is (-1.49, 28.00, -2.50) m.
- Output contract: predict exactly 5 waypoint x/y pairs in NED. The planner will set every waypoint z to goal z = -2.50 m before execution.
- Goal delta from current state is (-2.44, 6.17, 0.01) m with distance 6.63 m.
- Obstacle pipeline: depth_camera_to_body_to_ned_current_frame.
- Current depth frame obstacle points projected into NED: 33. Nearest depth obstacle in NED is at (2.32, 27.74, -2.67) m, relative vector (1.37, 5.91, -0.16) m, distance 6.07 m.
- Depth validity fraction is 0.60. Global nearest obstacle distance is 5.05 m.
- Sector minimum distances [far_left, left, center, right, far_right] are [5.05, 5.06, 5.06, 5.06, 5.07] m.
- Nearest obstacle sector is far_left at 5.05 m and clearance status is clear.
- Lateral planning hint: prefer center progress.","{""waypoints"":[{""x"":1.0141660000000006,""y"":22.499999999999996},{""x"":0.8218583076923083,""y"":22.92307692307692},{""x"":0.629550615384616,""y"":23.346153846153843},{""x"":0.4372429230769235,""y"":23.769230769230766},{""x"":0.2449352307692314,""y"":24.19230769230769}],""reasoning"":""Selected waypoint 0 moves the reference anchor from 6.44 m to 6.04 m from goal immediately and to 4.18 m by the final waypoint, so progress is 0.40 m selected / 2.26 m final and passes with monotonic goal-distance reduction. Kinematics is evaluated on 5 unique label waypoint(s), excluding consecutive duplicate terminal holds, and checks only that the trajectory stays within the configured bounds speed <= 15.00 m/s and acceleration <= 8.00 m/s^2, so kinematics passes. Goal is not reached within this label waypoint window. Safety passes: minimum clearance 1.64 m against manifest obstacles with 0 violating segment(s).""}",1.0141660000000006,22.499999999999996,-2.5,0.8218583076923083,22.92307692307692,-2.5,0.629550615384616,23.346153846153843,-2.5,0.4372429230769235,23.769230769230766,-2.5,0.2449352307692314,24.19230769230769,-2.5
1773828902.956411839,1773828902.956411839,0.000,offline_ground_truth_window,"Environment section (T(v)):
- Current position NED is (0.95, 22.28, -2.49) m.
- Current velocity is (0.01, 0.06, 0.00) m/s (speed 0.06 m/s).
- Goal position NED is (-1.49, 28.00, -2.50) m.
- Output contract: predict exactly 5 waypoint x/y pairs in NED. The planner will set every waypoint z to goal z = -2.50 m before execution.
- Goal delta from current state is (-2.44, 5.72, -0.01) m with distance 6.22 m.
- Obstacle pipeline: depth_camera_to_body_to_ned_current_frame.
- Current depth frame obstacle points projected into NED: 28. Nearest depth obstacle in NED is at (2.53, 28.31, -1.99) m, relative vector (1.58, 6.02, 0.50) m, distance 6.25 m.
- Depth validity fraction is 0.60. Global nearest obstacle distance is 5.00 m.
- Sector minimum distances [far_left, left, center, right, far_right] are [5.00, 5.00, 5.00, 5.01, 5.01] m.
- Nearest obstacle sector is far_left at 5.00 m and clearance status is clear.
- Lateral planning hint: prefer center progress.","{""waypoints"":[{""x"":0.8218583076923083,""y"":22.92307692307692},{""x"":0.629550615384616,""y"":23.346153846153843},{""x"":0.4372429230769235,""y"":23.769230769230766},{""x"":0.2449352307692314,""y"":24.19230769230769},{""x"":0.052627538461539,""y"":24.615384615384613}],""reasoning"":""Selected waypoint 0 moves the reference anchor from 6.04 m to 5.58 m from goal immediately and to 3.72 m by the final waypoint, so progress is 0.46 m selected / 2.32 m final and passes with monotonic goal-distance reduction. Kinematics is evaluated on 5 unique label waypoint(s), excluding consecutive duplicate terminal holds, and checks only that the trajectory stays within the configured bounds speed <= 15.00 m/s and acceleration <= 8.00 m/s^2, so kinematics passes. Goal is not reached within this label waypoint window. Safety passes: minimum clearance 1.64 m against manifest obstacles with 0 violating segment(s).""}",0.8218583076923083,22.92307692307692,-2.5,0.629550615384616,23.346153846153843,-2.5,0.4372429230769235,23.769230769230766,-2.5,0.2449352307692314,24.19230769230769,-2.5,0.052627538461539,24.615384615384613,-2.5
1773828910.169514894,1773828910.169514894,0.000,offline_ground_truth_window,"Environment section (T(v)):
- Current position NED is (0.90, 22.71, -2.49) m.
- Current velocity is (-0.02, 0.06, -0.00) m/s (speed 0.06 m/s).
- Goal position NED is (-1.49, 28.00, -2.50) m.
- Output contract: predict exactly 5 waypoint x/y pairs in NED. The planner will set every waypoint z to goal z = -2.50 m before execution.
- Goal delta from current state is (-2.39, 5.29, -0.01) m with distance 5.81 m.
- Obstacle pipeline: depth_camera_to_body_to_ned_current_frame.
- Current depth frame obstacle points projected into NED: 37. Nearest depth obstacle in NED is at (2.40, 28.22, -2.30) m, relative vector (1.50, 5.52, 0.20) m, distance 5.72 m.
- Depth validity fraction is 0.60. Global nearest obstacle distance is 4.77 m.
- Sector minimum distances [far_left, left, center, right, far_right] are [5.02, 5.01, 5.01, 4.77, 4.89] m.
- Nearest obstacle sector is right at 4.77 m and clearance status is clear.
- Lateral planning hint: prefer center progress.","{""waypoints"":[{""x"":0.629550615384616,""y"":23.346153846153843},{""x"":0.4372429230769235,""y"":23.769230769230766},{""x"":0.2449352307692314,""y"":24.19230769230769},{""x"":0.052627538461539,""y"":24.615384615384613},{""x"":-0.1396801538461534,""y"":25.038461538461537}],""reasoning"":""Selected waypoint 0 moves the reference anchor from 5.58 m to 5.11 m from goal immediately and to 3.25 m by the final waypoint, so progress is 0.46 m selected / 2.32 m final and passes with monotonic goal-distance reduction. Kinematics is evaluated on 5 unique label waypoint(s), excluding consecutive duplicate terminal holds, and checks only that the trajectory stays within the configured bounds speed <= 15.00 m/s and acceleration <= 8.00 m/s^2, so kinematics passes. Goal is not reached within this label waypoint window. Safety passes: minimum clearance 1.85 m against manifest obstacles with 0 violating segment(s).""}",0.629550615384616,23.346153846153843,-2.5,0.4372429230769235,23.769230769230766,-2.5,0.2449352307692314,24.19230769230769,-2.5,0.052627538461539,24.615384615384613,-2.5,-0.1396801538461534,25.038461538461537,-2.5
1773828916.465924263,1773828916.465924263,0.000,offline_ground_truth_window,"Environment section (T(v)):
- Current position NED is (0.73, 23.14, -2.51) m.
- Current velocity is (-0.03, 0.06, 0.01) m/s (speed 0.07 m/s).
- Goal position NED is (-1.49, 28.00, -2.50) m.
- Output contract: predict exactly 5 waypoint x/y pairs in NED. The planner will set every waypoint z to goal z = -2.50 m before execution.
- Goal delta from current state is (-2.22, 4.86, 0.01) m with distance 5.34 m.
- Obstacle pipeline: depth_camera_to_body_to_ned_current_frame.
- Current depth frame obstacle points projected into NED: 42. Nearest depth obstacle in NED is at (1.98, 27.69, -2.71) m, relative vector (1.25, 4.55, -0.20) m, distance 4.72 m.
- Depth validity fraction is 0.59. Global nearest obstacle distance is 4.34 m.
- Sector minimum distances [far_left, left, center, right, far_right] are [5.06, 5.06, 5.07, 4.34, 4.52] m.
- Nearest obstacle sector is right at 4.34 m and clearance status is clear.
- Lateral planning hint: left side is clearer.","{""waypoints"":[{""x"":0.4372429230769235,""y"":23.769230769230766},{""x"":0.2449352307692314,""y"":24.19230769230769},{""x"":0.052627538461539,""y"":24.615384615384613},{""x"":-0.1396801538461534,""y"":25.038461538461537},{""x"":-0.33198784615384547,""y"":25.461538461538456}],""reasoning"":""Selected waypoint 0 moves the reference anchor from 5.11 m to 4.65 m from goal immediately and to 2.79 m by the final waypoint, so progress is 0.46 m selected / 2.32 m final and passes with monotonic goal-distance reduction. Kinematics is evaluated on 5 unique label waypoint(s), excluding consecutive duplicate terminal holds, and checks only that the trajectory stays within the configured bounds speed <= 15.00 m/s and acceleration <= 8.00 m/s^2, so kinematics passes. Goal is not reached within this label waypoint window. Safety passes: minimum clearance 2.12 m against manifest obstacles with 0 violating segment(s).""}",0.4372429230769235,23.769230769230766,-2.5,0.2449352307692314,24.19230769230769,-2.5,0.052627538461539,24.615384615384613,-2.5,-0.1396801538461534,25.038461538461537,-2.5,-0.33198784615384547,25.461538461538456,-2.5
1773828926.203512907,1773828926.203512907,0.000,offline_ground_truth_window,"Environment section (T(v)):
- Current position NED is (0.50, 23.54, -2.49) m.
- Current velocity is (-0.01, 0.06, -0.00) m/s (speed 0.06 m/s).
- Goal position NED is (-1.49, 28.00, -2.50) m.
- Output contract: predict exactly 5 waypoint x/y pairs in NED. The planner will set every waypoint z to goal z = -2.50 m before execution.
- Goal delta from current state is (-1.98, 4.46, -0.01) m with distance 4.88 m.
- Obstacle pipeline: depth_camera_to_body_to_ned_current_frame.
- Current depth frame obstacle points projected into NED: 78. Nearest depth obstacle in NED is at (1.46, 27.70, -2.58) m, relative vector (0.96, 4.16, -0.09) m, distance 4.27 m.
- Depth validity fraction is 0.59. Global nearest obstacle distance is 3.95 m.
- Sector minimum distances [far_left, left, center, right, far_right] are [4.94, 4.93, 4.52, 3.95, 4.16] m.
- Nearest obstacle sector is right at 3.95 m and clearance status is clear.
- Lateral planning hint: left side is clearer.","{""waypoints"":[{""x"":0.2449352307692314,""y"":24.19230769230769},{""x"":0.052627538461539,""y"":24.615384615384613},{""x"":-0.1396801538461534,""y"":25.038461538461537},{""x"":-0.33198784615384547,""y"":25.461538461538456},{""x"":-0.524295538461538,""y"":25.884615384615383}],""reasoning"":""Selected waypoint 0 moves the reference anchor from 4.65 m to 4.18 m from goal immediately and to 2.32 m by the final waypoint, so progress is 0.46 m selected / 2.32 m final and passes with monotonic goal-distance reduction. Kinematics is evaluated on 5 unique label waypoint(s), excluding consecutive duplicate terminal holds, and checks only that the trajectory stays within the configured bounds speed <= 15.00 m/s and acceleration <= 8.00 m/s^2, so kinematics passes. Goal is not reached within this label waypoint window. Safety passes: minimum clearance 2.44 m against manifest obstacles with 0 violating segment(s).""}",0.2449352307692314,24.19230769230769,-2.5,0.052627538461539,24.615384615384613,-2.5,-0.1396801538461534,25.038461538461537,-2.5,-0.33198784615384547,25.461538461538456,-2.5,-0.524295538461538,25.884615384615383,-2.5
1773828933.456451893,1773828933.456451893,0.000,offline_ground_truth_window,"Environment section (T(v)):
- Current position NED is (0.33, 23.98, -2.48) m.
- Current velocity is (-0.02, 0.06, -0.00) m/s (speed 0.06 m/s).
- Goal position NED is (-1.49, 28.00, -2.50) m.
- Output contract: predict exactly 5 waypoint x/y pairs in NED. The planner will set every waypoint z to goal z = -2.50 m before execution.
- Goal delta from current state is (-1.82, 4.02, -0.02) m with distance 4.41 m.
- Obstacle pipeline: depth_camera_to_body_to_ned_current_frame.
- Current depth frame obstacle points projected into NED: 71. Nearest depth obstacle in NED is at (0.91, 27.79, -2.57) m, relative vector (0.58, 3.81, -0.09) m, distance 3.86 m.
- Depth validity fraction is 0.59. Global nearest obstacle distance is 3.54 m.
- Sector minimum distances [far_left, left, center, right, far_right] are [4.58, 4.97, 3.82, 3.54, 4.97] m.
- Nearest obstacle sector is right at 3.54 m and clearance status is clear.
- Lateral planning hint: left side is clearer.","{""waypoints"":[{""x"":0.052627538461539,""y"":24.615384615384613},{""x"":-0.1396801538461534,""y"":25.038461538461537},{""x"":-0.33198784615384547,""y"":25.461538461538456},{""x"":-0.524295538461538,""y"":25.884615384615383},{""x"":-0.7166032307692303,""y"":26.307692307692303}],""reasoning"":""Selected waypoint 0 moves the reference anchor from 4.18 m to 3.72 m from goal immediately and to 1.86 m by the final waypoint, so progress is 0.46 m selected / 2.32 m final and passes with monotonic goal-distance reduction. Kinematics is evaluated on 5 unique label waypoint(s), excluding consecutive duplicate terminal holds, and checks only that the trajectory stays within the configured bounds speed <= 15.00 m/s and acceleration <= 8.00 m/s^2, so kinematics passes. Goal is not reached within this label waypoint window. Safety passes: minimum clearance 2.49 m against manifest obstacles with 0 violating segment(s).""}",0.052627538461539,24.615384615384613,-2.5,-0.1396801538461534,25.038461538461537,-2.5,-0.33198784615384547,25.461538461538456,-2.5,-0.524295538461538,25.884615384615383,-2.5,-0.7166032307692303,26.307692307692303,-2.5
1773828941.401195288,1773828941.401195288,0.000,offline_ground_truth_window,"Environment section (T(v)):
- Current position NED is (0.16, 24.41, -2.48) m.
- Current velocity is (-0.01, 0.04, -0.00) m/s (speed 0.04 m/s).
- Goal position NED is (-1.49, 28.00, -2.50) m.
- Output contract: predict exactly 5 waypoint x/y pairs in NED. The planner will set every waypoint z to goal z = -2.50 m before execution.
- Goal delta from current state is (-1.64, 3.59, -0.02) m with distance 3.95 m.
- Obstacle pipeline: depth_camera_to_body_to_ned_current_frame.
- Current depth frame obstacle points projected into NED: 70. Nearest depth obstacle in NED is at (1.00, 27.69, -2.57) m, relative vector (0.84, 3.28, -0.09) m, distance 3.39 m.
- Depth validity fraction is 0.60. Global nearest obstacle distance is 3.09 m.
- Sector minimum distances [far_left, left, center, right, far_right] are [4.41, 4.96, 3.27, 3.09, 3.39] m.
- Nearest obstacle sector is right at 3.09 m and clearance status is clear.
- Lateral planning hint: left side is clearer.","{""waypoints"":[{""x"":-0.1396801538461534,""y"":25.038461538461537},{""x"":-0.33198784615384547,""y"":25.461538461538456},{""x"":-0.524295538461538,""y"":25.884615384615383},{""x"":-0.7166032307692303,""y"":26.307692307692303},{""x"":-0.9089109230769226,""y"":26.730769230769226}],""reasoning"":""Selected waypoint 0 moves the reference anchor from 3.72 m to 3.25 m from goal immediately and to 1.39 m by the final waypoint, so progress is 0.46 m selected / 2.32 m final and passes with monotonic goal-distance reduction. Kinematics is evaluated on 5 unique label waypoint(s), excluding consecutive duplicate terminal holds, and checks only that the trajectory stays within the configured bounds speed <= 15.00 m/s and acceleration <= 8.00 m/s^2, so kinematics passes. Goal is not reached within this label waypoint window. Safety passes: minimum clearance 2.49 m against manifest obstacles with 0 violating segment(s).""}",-0.1396801538461534,25.038461538461537,-2.5,-0.33198784615384547,25.461538461538456,-2.5,-0.524295538461538,25.884615384615383,-2.5,-0.7166032307692303,26.307692307692303,-2.5,-0.9089109230769226,26.730769230769226,-2.5
1773828951.453734875,1773828951.453734875,0.000,offline_ground_truth_window,"Environment section (T(v)):
- Current position NED is (-0.06, 24.82, -2.48) m.
- Current velocity is (-0.02, 0.05, -0.01) m/s (speed 0.05 m/s).
- Goal position NED is (-1.49, 28.00, -2.50) m.
- Output contract: predict exactly 5 waypoint x/y pairs in NED. The planner will set every waypoint z to goal z = -2.50 m before execution.
- Goal delta from current state is (-1.42, 3.18, -0.02) m with distance 3.49 m.
- Obstacle pipeline: depth_camera_to_body_to_ned_current_frame.
- Current depth frame obstacle points projected into NED: 95. Nearest depth obstacle in NED is at (0.50, 27.70, -2.59) m, relative vector (0.56, 2.88, -0.11) m, distance 2.94 m.
- Depth validity fraction is 0.61. Global nearest obstacle distance is 2.71 m.
- Sector minimum distances [far_left, left, center, right, far_right] are [4.95, 4.95, 2.77, 2.71, 4.92] m.
- Nearest obstacle sector is right at 2.71 m and clearance status is caution.
- Lateral planning hint: left side is clearer.","{""waypoints"":[{""x"":-0.33198784615384547,""y"":25.461538461538456},{""x"":-0.524295538461538,""y"":25.884615384615383},{""x"":-0.7166032307692303,""y"":26.307692307692303},{""x"":-0.9089109230769226,""y"":26.730769230769226},{""x"":-1.1012186153846149,""y"":27.15384615384615}],""reasoning"":""Selected waypoint 0 moves the reference anchor from 3.25 m to 2.79 m from goal immediately and to 0.93 m by the final waypoint, so progress is 0.46 m selected / 2.32 m final and passes with monotonic goal-distance reduction. Kinematics is evaluated on 5 unique label waypoint(s), excluding consecutive duplicate terminal holds, and checks only that the trajectory stays within the configured bounds speed <= 15.00 m/s and acceleration <= 8.00 m/s^2, so kinematics passes. Goal is not reached within this label waypoint window. Safety passes: minimum clearance 2.49 m against manifest obstacles with 0 violating segment(s).""}",-0.33198784615384547,25.461538461538456,-2.5,-0.524295538461538,25.884615384615383,-2.5,-0.7166032307692303,26.307692307692303,-2.5,-0.9089109230769226,26.730769230769226,-2.5,-1.1012186153846149,27.15384615384615,-2.5
1773828958.361129284,1773828958.361129284,0.000,offline_ground_truth_window,"Environment section (T(v)):
- Current position NED is (-0.25, 25.25, -2.51) m.
- Current velocity is (-0.02, 0.07, 0.01) m/s (speed 0.07 m/s).
- Goal position NED is (-1.49, 28.00, -2.50) m.
- Output contract: predict exactly 5 waypoint x/y pairs in NED. The planner will set every waypoint z to goal z = -2.50 m before execution.
- Goal delta from current state is (-1.24, 2.75, 0.01) m with distance 3.02 m.
- Obstacle pipeline: depth_camera_to_body_to_ned_current_frame.
- Current depth frame obstacle points projected into NED: 117. Nearest depth obstacle in NED is at (-0.03, 27.70, -2.64) m, relative vector (0.22, 2.45, -0.14) m, distance 2.47 m.
- Depth validity fraction is 0.61. Global nearest obstacle distance is 2.29 m.
- Sector minimum distances [far_left, left, center, right, far_right] are [5.04, 5.04, 2.31, 2.29, 5.04] m.
- Nearest obstacle sector is right at 2.29 m and clearance status is caution.
- Lateral planning hint: left side is clearer.","{""waypoints"":[{""x"":-0.524295538461538,""y"":25.884615384615383},{""x"":-0.7166032307692303,""y"":26.307692307692303},{""x"":-0.9089109230769226,""y"":26.730769230769226},{""x"":-1.1012186153846149,""y"":27.15384615384615},{""x"":-1.2935263076923074,""y"":27.576923076923073}],""reasoning"":""Selected waypoint 0 moves the reference anchor from 2.79 m to 2.32 m from goal immediately and to 0.46 m by the final waypoint, so progress is 0.46 m selected / 2.32 m final and passes with monotonic goal-distance reduction. Kinematics is evaluated on 5 unique label waypoint(s), excluding consecutive duplicate terminal holds, and checks only that the trajectory stays within the configured bounds speed <= 15.00 m/s and acceleration <= 8.00 m/s^2, so kinematics passes. Goal is not reached within this label waypoint window. Safety passes: minimum clearance 2.54 m against manifest obstacles with 0 violating segment(s).""}",-0.524295538461538,25.884615384615383,-2.5,-0.7166032307692303,26.307692307692303,-2.5,-0.9089109230769226,26.730769230769226,-2.5,-1.1012186153846149,27.15384615384615,-2.5,-1.2935263076923074,27.576923076923073,-2.5
1773828965.933455229,1773828965.933455229,0.000,offline_ground_truth_window,"Environment section (T(v)):
- Current position NED is (-0.42, 25.68, -2.47) m.
- Current velocity is (-0.01, 0.02, -0.00) m/s (speed 0.02 m/s).
- Goal position NED is (-1.49, 28.00, -2.50) m.
- Output contract: predict exactly 5 waypoint x/y pairs in NED. The planner will set every waypoint z to goal z = -2.50 m before execution.
- Goal delta from current state is (-1.06, 2.32, -0.03) m with distance 2.56 m.
- Obstacle pipeline: depth_camera_to_body_to_ned_current_frame.
- Current depth frame obstacle points projected into NED: 135. Nearest depth obstacle in NED is at (-0.34, 27.67, -2.56) m, relative vector (0.08, 1.99, -0.10) m, distance 2.00 m.
- Depth validity fraction is 0.66. Global nearest obstacle distance is 1.84 m.
- Sector minimum distances [far_left, left, center, right, far_right] are [4.96, 4.96, 1.84, 1.84, 4.94] m.
- Nearest obstacle sector is right at 1.84 m and clearance status is caution.
- Lateral planning hint: left side is clearer.","{""waypoints"":[{""x"":-0.7166032307692303,""y"":26.307692307692303},{""x"":-0.9089109230769226,""y"":26.730769230769226},{""x"":-1.1012186153846149,""y"":27.15384615384615},{""x"":-1.2935263076923074,""y"":27.576923076923073},{""x"":-1.4858339999999994,""y"":27.999999999999996}],""reasoning"":""Selected waypoint 0 moves the reference anchor from 2.32 m to 1.86 m from goal immediately and to 0.00 m by the final waypoint, so progress is 0.46 m selected / 2.32 m final and passes with monotonic goal-distance reduction. Kinematics is evaluated on 5 unique label waypoint(s), excluding consecutive duplicate terminal holds, and checks only that the trajectory stays within the configured bounds speed <= 15.00 m/s and acceleration <= 8.00 m/s^2, so kinematics passes. Goal will be reached in 5 waypoint(s) within 0.35 m tolerance. Safety passes: minimum clearance 2.67 m against manifest obstacles with 0 violating segment(s).""}",-0.7166032307692303,26.307692307692303,-2.5,-0.9089109230769226,26.730769230769226,-2.5,-1.1012186153846149,27.15384615384615,-2.5,-1.2935263076923074,27.576923076923073,-2.5,-1.4858339999999994,27.999999999999996,-2.5
1773828972.876909971,1773828972.876909971,0.000,offline_ground_truth_window,"Environment section (T(v)):
- Current position NED is (-0.64, 26.09, -2.50) m.
- Current velocity is (-0.03, 0.06, 0.00) m/s (speed 0.06 m/s).
- Goal position NED is (-1.49, 28.00, -2.50) m.
- Output contract: predict exactly 5 waypoint x/y pairs in NED. The planner will set every waypoint z to goal z = -2.50 m before execution.
- Goal delta from current state is (-0.85, 1.91, -0.00) m with distance 2.09 m.
- Obstacle pipeline: depth_camera_to_body_to_ned_current_frame.
- Current depth frame obstacle points projected into NED: 178. Nearest depth obstacle in NED is at (-0.60, 27.68, -2.62) m, relative vector (0.04, 1.59, -0.13) m, distance 1.60 m.
- Depth validity fraction is 0.70. Global nearest obstacle distance is 1.45 m.
- Sector minimum distances [far_left, left, center, right, far_right] are [4.99, 1.54, 1.45, 1.46, 4.99] m.
- Nearest obstacle sector is center at 1.45 m and clearance status is blocked.
- Lateral planning hint: prefer center progress.","{""waypoints"":[{""x"":-1.4858339999999994,""y"":27.999999999999996},{""x"":-1.4858339999999994,""y"":27.999999999999996},{""x"":-1.4858339999999994,""y"":27.999999999999996},{""x"":-1.4858339999999994,""y"":27.999999999999996},{""x"":-1.4858339999999994,""y"":27.999999999999996}],""reasoning"":""Selected waypoint 0 moves the reference anchor from 1.86 m to 0.00 m from goal immediately and to 0.00 m by the final waypoint, so progress is 1.86 m selected / 1.86 m final and passes with monotonic goal-distance reduction. Kinematics is evaluated on 1 unique label waypoint(s), excluding consecutive duplicate terminal holds, and checks only that the trajectory stays within the configured bounds speed <= 15.00 m/s and acceleration <= 8.00 m/s^2, so kinematics passes. Goal will be reached in 1 waypoint(s) within 0.35 m tolerance. Safety passes: minimum clearance 2.85 m against manifest obstacles with 0 violating segment(s).""}",-1.4858339999999994,27.999999999999996,-2.5,-1.4858339999999994,27.999999999999996,-2.5,-1.4858339999999994,27.999999999999996,-2.5,-1.4858339999999994,27.999999999999996,-2.5,-1.4858339999999994,27.999999999999996,-2.5
1773828982.643701077,1773828982.643701077,0.000,offline_ground_truth_window,"Environment section (T(v)):
- Current position NED is (-0.84, 26.51, -2.50) m.
- Current velocity is (-0.03, 0.06, 0.01) m/s (speed 0.07 m/s).
- Goal position NED is (-1.49, 28.00, -2.50) m.
- Output contract: predict exactly 5 waypoint x/y pairs in NED. The planner will set every waypoint z to goal z = -2.50 m before execution.
- Goal delta from current state is (-0.65, 1.49, -0.00) m with distance 1.62 m.
- Obstacle pipeline: depth_camera_to_body_to_ned_current_frame.
- Current depth frame obstacle points projected into NED: 241. Nearest depth obstacle in NED is at (-0.90, 27.65, -2.62) m, relative vector (-0.06, 1.14, -0.12) m, distance 1.15 m.
- Depth validity fraction is 0.74. Global nearest obstacle distance is 1.00 m.
- Sector minimum distances [far_left, left, center, right, far_right] are [1.11, 1.00, 1.00, 1.05, 4.54] m.
- Nearest obstacle sector is center at 1.00 m and clearance status is blocked.
- Lateral planning hint: right side is clearer.","{""waypoints"":[{""x"":-1.4858339999999994,""y"":27.999999999999996},{""x"":-1.4858339999999994,""y"":27.999999999999996},{""x"":-1.4858339999999994,""y"":27.999999999999996},{""x"":-1.4858339999999994,""y"":27.999999999999996},{""x"":-1.4858339999999994,""y"":27.999999999999996}],""reasoning"":""Selected waypoint 0 moves the reference anchor from 1.39 m to 0.00 m from goal immediately and to 0.00 m by the final waypoint, so progress is 1.39 m selected / 1.39 m final and passes with monotonic goal-distance reduction. Kinematics is evaluated on 1 unique label waypoint(s), excluding consecutive duplicate terminal holds, and checks only that the trajectory stays within the configured bounds speed <= 15.00 m/s and acceleration <= 8.00 m/s^2, so kinematics passes. Goal will be reached in 1 waypoint(s) within 0.35 m tolerance. Safety passes: minimum clearance 3.09 m against manifest obstacles with 0 violating segment(s).""}",-1.4858339999999994,27.999999999999996,-2.5,-1.4858339999999994,27.999999999999996,-2.5,-1.4858339999999994,27.999999999999996,-2.5,-1.4858339999999994,27.999999999999996,-2.5,-1.4858339999999994,27.999999999999996,-2.5
1773828991.490038395,1773828991.490038395,0.000,offline_ground_truth_window,"Environment section (T(v)):
- Current position NED is (-1.00, 26.95, -2.49) m.
- Current velocity is (-0.03, 0.04, 0.00) m/s (speed 0.05 m/s).
- Goal position NED is (-1.49, 28.00, -2.50) m.
- Output contract: predict exactly 5 waypoint x/y pairs in NED. The planner will set every waypoint z to goal z = -2.50 m before execution.
- Goal delta from current state is (-0.49, 1.05, -0.01) m with distance 1.16 m.
- Obstacle pipeline: depth_camera_to_body_to_ned_current_frame.
- Current depth frame obstacle points projected into NED: 297. Nearest depth obstacle in NED is at (-1.14, 27.68, -2.56) m, relative vector (-0.14, 0.74, -0.07) m, distance 0.75 m.
- Depth validity fraction is 0.78. Global nearest obstacle distance is 0.59 m.
- Sector minimum distances [far_left, left, center, right, far_right] are [0.59, 0.59, 0.61, 0.70, 4.13] m.
- Nearest obstacle sector is far_left at 0.59 m and clearance status is blocked.
- Lateral planning hint: right side is clearer.","{""waypoints"":[{""x"":-1.4858339999999994,""y"":27.999999999999996},{""x"":-1.4858339999999994,""y"":27.999999999999996},{""x"":-1.4858339999999994,""y"":27.999999999999996},{""x"":-1.4858339999999994,""y"":27.999999999999996},{""x"":-1.4858339999999994,""y"":27.999999999999996}],""reasoning"":""Selected waypoint 0 moves the reference anchor from 0.93 m to 0.00 m from goal immediately and to 0.00 m by the final waypoint, so progress is 0.93 m selected / 0.93 m final and passes with monotonic goal-distance reduction. Kinematics is evaluated on 1 unique label waypoint(s), excluding consecutive duplicate terminal holds, and checks only that the trajectory stays within the configured bounds speed <= 15.00 m/s and acceleration <= 8.00 m/s^2, so kinematics passes. Goal will be reached in 1 waypoint(s) within 0.35 m tolerance. Safety passes: minimum clearance 3.22 m against manifest obstacles with 0 violating segment(s).""}",-1.4858339999999994,27.999999999999996,-2.5,-1.4858339999999994,27.999999999999996,-2.5,-1.4858339999999994,27.999999999999996,-2.5,-1.4858339999999994,27.999999999999996,-2.5,-1.4858339999999994,27.999999999999996,-2.5
1773828999.601394176,1773828999.601394176,0.000,offline_ground_truth_window,"Environment section (T(v)):
- Current position NED is (-1.21, 27.36, -2.47) m.
- Current velocity is (-0.03, 0.08, -0.00) m/s (speed 0.09 m/s).
- Goal position NED is (-1.49, 28.00, -2.50) m.
- Output contract: predict exactly 5 waypoint x/y pairs in NED. The planner will set every waypoint z to goal z = -2.50 m before execution.
- Goal delta from current state is (-0.28, 0.64, -0.03) m with distance 0.70 m.
- Obstacle pipeline: depth_camera_to_body_to_ned_current_frame.
- Current depth frame obstacle points projected into NED: 273. Nearest depth obstacle in NED is at (-1.25, 28.17, -2.58) m, relative vector (-0.04, 0.81, -0.11) m, distance 0.82 m.
- Depth validity fraction is 0.73. Global nearest obstacle distance is 0.62 m.
- Sector minimum distances [far_left, left, center, right, far_right] are [0.62, 0.67, 0.67, 0.67, 3.70] m.
- Nearest obstacle sector is far_left at 0.62 m and clearance status is blocked.
- Lateral planning hint: right side is clearer.","{""waypoints"":[{""x"":-1.4858339999999994,""y"":27.999999999999996},{""x"":-1.4858339999999994,""y"":27.999999999999996},{""x"":-1.4858339999999994,""y"":27.999999999999996},{""x"":-1.4858339999999994,""y"":27.999999999999996},{""x"":-1.4858339999999994,""y"":27.999999999999996}],""reasoning"":""Selected waypoint 0 moves the reference anchor from 0.46 m to 0.00 m from goal immediately and to 0.00 m by the final waypoint, so progress is 0.46 m selected / 0.46 m final and passes with monotonic goal-distance reduction. Kinematics is evaluated on 1 unique label waypoint(s), excluding consecutive duplicate terminal holds, and checks only that the trajectory stays within the configured bounds speed <= 15.00 m/s and acceleration <= 8.00 m/s^2, so kinematics passes. Goal will be reached in 1 waypoint(s) within 0.35 m tolerance. Safety passes: minimum clearance 3.22 m against manifest obstacles with 0 violating segment(s).""}",-1.4858339999999994,27.999999999999996,-2.5,-1.4858339999999994,27.999999999999996,-2.5,-1.4858339999999994,27.999999999999996,-2.5,-1.4858339999999994,27.999999999999996,-2.5,-1.4858339999999994,27.999999999999996,-2.5
1773829007.271490335,1773829007.271490335,0.000,offline_ground_truth_window,"Environment section (T(v)):
- Current position NED is (-1.40, 27.78, -2.52) m.
- Current velocity is (-0.02, 0.04, 0.01) m/s (speed 0.05 m/s).
- Goal position NED is (-1.49, 28.00, -2.50) m.
- Output contract: predict exactly 5 waypoint x/y pairs in NED. The planner will set every waypoint z to goal z = -2.50 m before execution.
- Goal delta from current state is (-0.08, 0.22, 0.02) m with distance 0.23 m.
- Obstacle pipeline: depth_camera_to_body_to_ned_current_frame.
- Current depth frame obstacle points projected into NED: 189. Nearest depth obstacle in NED is at (-1.65, 28.64, -2.67) m, relative vector (-0.25, 0.86, -0.15) m, distance 0.90 m.
- Depth validity fraction is 0.66. Global nearest obstacle distance is 0.73 m.
- Sector minimum distances [far_left, left, center, right, far_right] are [0.73, 0.73, 0.73, 3.28, 3.29] m.
- Nearest obstacle sector is far_left at 0.73 m and clearance status is blocked.
- Lateral planning hint: right side is clearer.","{""waypoints"":[{""x"":-1.4858339999999994,""y"":27.999999999999996},{""x"":-1.4858339999999994,""y"":27.999999999999996},{""x"":-1.4858339999999994,""y"":27.999999999999996},{""x"":-1.4858339999999994,""y"":27.999999999999996},{""x"":-1.4858339999999994,""y"":27.999999999999996}],""reasoning"":""Selected waypoint 0 moves the reference anchor from 0.00 m to 0.00 m from goal immediately and to 0.00 m by the final waypoint, so progress is 0.00 m selected / 0.00 m final and fails with monotonic goal-distance reduction. Kinematics is evaluated on 1 unique label waypoint(s), excluding consecutive duplicate terminal holds, and checks only that the trajectory stays within the configured bounds speed <= 15.00 m/s and acceleration <= 8.00 m/s^2, so kinematics passes. Goal has already been reached at the reference anchor within 0.35 m tolerance. Safety passes: minimum clearance 3.22 m against manifest obstacles with 0 violating segment(s).""}",-1.4858339999999994,27.999999999999996,-2.5,-1.4858339999999994,27.999999999999996,-2.5,-1.4858339999999994,27.999999999999996,-2.5,-1.4858339999999994,27.999999999999996,-2.5,-1.4858339999999994,27.999999999999996,-2.5
