anchor_stamp_s,scene_stamp_s,sync_dt_ms,label_mode,prompt,label_waypoints_json,wp0_x,wp0_y,wp0_z,wp1_x,wp1_y,wp1_z,wp2_x,wp2_y,wp2_z,wp3_x,wp3_y,wp3_z,wp4_x,wp4_y,wp4_z
1773774285.144754887,1773774285.144754887,0.000,offline_ground_truth_window,"Environment section (T(v)):
- Current position NED is (-0.02, -0.04, -2.40) m.
- Current velocity is (-0.00, -0.00, 0.00) m/s (speed 0.00 m/s).
- Goal position NED is (0.00, 32.00, -2.50) m.
- Output contract: predict exactly 5 waypoint x/y pairs in NED. The planner will set every waypoint z to goal z = -2.50 m before execution.
- Goal delta from current state is (0.02, 32.04, -0.10) m with distance 32.04 m.
- Obstacle pipeline: depth_camera_to_body_to_ned_current_frame.
- Current depth frame obstacle points projected into NED: 7. Nearest depth obstacle in NED is at (-2.54, 4.43, -2.28) m, relative vector (-2.51, 4.46, 0.13) m, distance 5.13 m.
- Depth validity fraction is 0.57. Global nearest obstacle distance is 4.54 m.
- Sector minimum distances [far_left, left, center, right, far_right] are [4.54, 4.57, 4.87, 4.87, 4.87] m.
- Nearest obstacle sector is far_left at 4.54 m and clearance status is clear.
- Lateral planning hint: prefer center progress.","{""waypoints"":[{""x"":0.026785714285714284,""y"":0.4821428571428572},{""x"":0.05357142857142857,""y"":0.9642857142857144},{""x"":0.08035714285714285,""y"":1.4464285714285712},{""x"":0.10714285714285714,""y"":1.9285714285714284},{""x"":0.13392857142857142,""y"":2.4107142857142856}],""reasoning"":""Selected waypoint 0 moves the reference anchor from 32.00 m to 31.52 m from goal immediately and to 29.59 m by the final waypoint, so progress is 0.48 m selected / 2.41 m final and passes with monotonic goal-distance reduction. Kinematics is evaluated on 5 unique label waypoint(s), excluding consecutive duplicate terminal holds, and checks only that the trajectory stays within the configured bounds speed <= 15.00 m/s and acceleration <= 8.00 m/s^2, so kinematics passes. Goal is not reached within this label waypoint window. Safety passes: minimum clearance 2.95 m against manifest obstacles with 0 violating segment(s).""}",0.026785714285714284,0.4821428571428572,-2.5,0.05357142857142857,0.9642857142857144,-2.5,0.08035714285714285,1.4464285714285712,-2.5,0.10714285714285714,1.9285714285714284,-2.5,0.13392857142857142,2.4107142857142856,-2.5
1773774290.193324566,1773774290.193324566,0.000,offline_ground_truth_window,"Environment section (T(v)):
- Current position NED is (0.01, 0.24, -2.47) m.
- Current velocity is (-0.01, 0.05, -0.01) m/s (speed 0.05 m/s).
- Goal position NED is (0.00, 32.00, -2.50) m.
- Output contract: predict exactly 5 waypoint x/y pairs in NED. The planner will set every waypoint z to goal z = -2.50 m before execution.
- Goal delta from current state is (-0.01, 31.76, -0.03) m with distance 31.76 m.
- Obstacle pipeline: depth_camera_to_body_to_ned_current_frame.
- Current depth frame obstacle points projected into NED: 11. Nearest depth obstacle in NED is at (-2.41, 4.47, -2.63) m, relative vector (-2.42, 4.23, -0.17) m, distance 4.88 m.
- Depth validity fraction is 0.57. Global nearest obstacle distance is 4.28 m.
- Sector minimum distances [far_left, left, center, right, far_right] are [4.28, 4.36, 4.96, 4.97, 4.97] m.
- Nearest obstacle sector is far_left at 4.28 m and clearance status is clear.
- Lateral planning hint: right side is clearer.","{""waypoints"":[{""x"":0.05357142857142857,""y"":0.9642857142857144},{""x"":0.08035714285714285,""y"":1.4464285714285712},{""x"":0.10714285714285714,""y"":1.9285714285714284},{""x"":0.13392857142857142,""y"":2.4107142857142856},{""x"":0.1607142857142857,""y"":2.8928571428571423}],""reasoning"":""Selected waypoint 0 moves the reference anchor from 31.52 m to 31.04 m from goal immediately and to 29.11 m by the final waypoint, so progress is 0.48 m selected / 2.41 m final and passes with monotonic goal-distance reduction. Kinematics is evaluated on 5 unique label waypoint(s), excluding consecutive duplicate terminal holds, and checks only that the trajectory stays within the configured bounds speed <= 15.00 m/s and acceleration <= 8.00 m/s^2, so kinematics passes. Goal is not reached within this label waypoint window. Safety passes: minimum clearance 2.56 m against manifest obstacles with 0 violating segment(s).""}",0.05357142857142857,0.9642857142857144,-2.5,0.08035714285714285,1.4464285714285712,-2.5,0.10714285714285714,1.9285714285714284,-2.5,0.13392857142857142,2.4107142857142856,-2.5,0.1607142857142857,2.8928571428571423,-2.5
1773774297.150382996,1773774297.150382996,0.000,offline_ground_truth_window,"Environment section (T(v)):
- Current position NED is (0.04, 0.72, -2.48) m.
- Current velocity is (0.00, 0.07, 0.00) m/s (speed 0.07 m/s).
- Goal position NED is (0.00, 32.00, -2.50) m.
- Output contract: predict exactly 5 waypoint x/y pairs in NED. The planner will set every waypoint z to goal z = -2.50 m before execution.
- Goal delta from current state is (-0.04, 31.28, -0.02) m with distance 31.28 m.
- Obstacle pipeline: depth_camera_to_body_to_ned_current_frame.
- Current depth frame obstacle points projected into NED: 19. Nearest depth obstacle in NED is at (-2.27, 4.48, -2.36) m, relative vector (-2.31, 3.75, 0.13) m, distance 4.41 m.
- Depth validity fraction is 0.57. Global nearest obstacle distance is 3.78 m.
- Sector minimum distances [far_left, left, center, right, far_right] are [3.78, 4.02, 5.10, 5.10, 5.10] m.
- Nearest obstacle sector is far_left at 3.78 m and clearance status is clear.
- Lateral planning hint: right side is clearer.","{""waypoints"":[{""x"":0.08035714285714285,""y"":1.4464285714285712},{""x"":0.10714285714285714,""y"":1.9285714285714284},{""x"":0.13392857142857142,""y"":2.4107142857142856},{""x"":0.1607142857142857,""y"":2.8928571428571423},{""x"":0.1875,""y"":3.375}],""reasoning"":""Selected waypoint 0 moves the reference anchor from 31.04 m to 30.55 m from goal immediately and to 28.63 m by the final waypoint, so progress is 0.48 m selected / 2.41 m final and passes with monotonic goal-distance reduction. Kinematics is evaluated on 5 unique label waypoint(s), excluding consecutive duplicate terminal holds, and checks only that the trajectory stays within the configured bounds speed <= 15.00 m/s and acceleration <= 8.00 m/s^2, so kinematics passes. Goal is not reached within this label waypoint window. Safety passes: minimum clearance 2.21 m against manifest obstacles with 0 violating segment(s).""}",0.08035714285714285,1.4464285714285712,-2.5,0.10714285714285714,1.9285714285714284,-2.5,0.13392857142857142,2.4107142857142856,-2.5,0.1607142857142857,2.8928571428571423,-2.5,0.1875,3.375,-2.5
1773774304.662169933,1773774304.662169933,0.000,offline_ground_truth_window,"Environment section (T(v)):
- Current position NED is (0.07, 1.21, -2.50) m.
- Current velocity is (0.01, 0.05, 0.01) m/s (speed 0.05 m/s).
- Goal position NED is (0.00, 32.00, -2.50) m.
- Output contract: predict exactly 5 waypoint x/y pairs in NED. The planner will set every waypoint z to goal z = -2.50 m before execution.
- Goal delta from current state is (-0.07, 30.79, 0.00) m with distance 30.79 m.
- Obstacle pipeline: depth_camera_to_body_to_ned_current_frame.
- Current depth frame obstacle points projected into NED: 19. Nearest depth obstacle in NED is at (-2.10, 4.51, -2.51) m, relative vector (-2.17, 3.30, -0.00) m, distance 3.95 m.
- Depth validity fraction is 0.57. Global nearest obstacle distance is 3.30 m.
- Sector minimum distances [far_left, left, center, right, far_right] are [3.30, 5.03, 5.03, 5.03, 5.03] m.
- Nearest obstacle sector is far_left at 3.30 m and clearance status is clear.
- Lateral planning hint: right side is clearer.","{""waypoints"":[{""x"":0.10714285714285714,""y"":1.9285714285714284},{""x"":0.13392857142857142,""y"":2.4107142857142856},{""x"":0.1607142857142857,""y"":2.8928571428571423},{""x"":0.1875,""y"":3.375},{""x"":0.21428571428571427,""y"":3.8571428571428568}],""reasoning"":""Selected waypoint 0 moves the reference anchor from 30.55 m to 30.07 m from goal immediately and to 28.14 m by the final waypoint, so progress is 0.48 m selected / 2.41 m final and passes with monotonic goal-distance reduction. Kinematics is evaluated on 5 unique label waypoint(s), excluding consecutive duplicate terminal holds, and checks only that the trajectory stays within the configured bounds speed <= 15.00 m/s and acceleration <= 8.00 m/s^2, so kinematics passes. Goal is not reached within this label waypoint window. Safety passes: minimum clearance 1.91 m against manifest obstacles with 0 violating segment(s).""}",0.10714285714285714,1.9285714285714284,-2.5,0.13392857142857142,2.4107142857142856,-2.5,0.1607142857142857,2.8928571428571423,-2.5,0.1875,3.375,-2.5,0.21428571428571427,3.8571428571428568,-2.5
1773774312.213790894,1773774312.213790894,0.000,offline_ground_truth_window,"Environment section (T(v)):
- Current position NED is (0.16, 1.68, -2.49) m.
- Current velocity is (-0.00, 0.05, 0.00) m/s (speed 0.05 m/s).
- Goal position NED is (0.00, 32.00, -2.50) m.
- Output contract: predict exactly 5 waypoint x/y pairs in NED. The planner will set every waypoint z to goal z = -2.50 m before execution.
- Goal delta from current state is (-0.16, 30.32, -0.01) m with distance 30.32 m.
- Obstacle pipeline: depth_camera_to_body_to_ned_current_frame.
- Current depth frame obstacle points projected into NED: 30. Nearest depth obstacle in NED is at (-1.90, 4.54, -2.45) m, relative vector (-2.06, 2.85, 0.04) m, distance 3.52 m.
- Depth validity fraction is 0.57. Global nearest obstacle distance is 2.85 m.
- Sector minimum distances [far_left, left, center, right, far_right] are [2.85, 5.02, 5.01, 5.00, 5.00] m.
- Nearest obstacle sector is far_left at 2.85 m and clearance status is caution.
- Lateral planning hint: right side is clearer.","{""waypoints"":[{""x"":0.13392857142857142,""y"":2.4107142857142856},{""x"":0.1607142857142857,""y"":2.8928571428571423},{""x"":0.1875,""y"":3.375},{""x"":0.21428571428571427,""y"":3.8571428571428568},{""x"":0.2410714285714286,""y"":4.339285714285714}],""reasoning"":""Selected waypoint 0 moves the reference anchor from 30.07 m to 29.59 m from goal immediately and to 27.66 m by the final waypoint, so progress is 0.48 m selected / 2.41 m final and passes with monotonic goal-distance reduction. Kinematics is evaluated on 5 unique label waypoint(s), excluding consecutive duplicate terminal holds, and checks only that the trajectory stays within the configured bounds speed <= 15.00 m/s and acceleration <= 8.00 m/s^2, so kinematics passes. Goal is not reached within this label waypoint window. Safety passes: minimum clearance 1.67 m against manifest obstacles with 0 violating segment(s).""}",0.13392857142857142,2.4107142857142856,-2.5,0.1607142857142857,2.8928571428571423,-2.5,0.1875,3.375,-2.5,0.21428571428571427,3.8571428571428568,-2.5,0.2410714285714286,4.339285714285714,-2.5
1773774319.513730526,1773774319.513730526,0.000,offline_ground_truth_window,"Environment section (T(v)):
- Current position NED is (0.11, 2.17, -2.46) m.
- Current velocity is (-0.00, 0.06, -0.00) m/s (speed 0.06 m/s).
- Goal position NED is (0.00, 32.00, -2.50) m.
- Output contract: predict exactly 5 waypoint x/y pairs in NED. The planner will set every waypoint z to goal z = -2.50 m before execution.
- Goal delta from current state is (-0.11, 29.83, -0.04) m with distance 29.83 m.
- Obstacle pipeline: depth_camera_to_body_to_ned_current_frame.
- Current depth frame obstacle points projected into NED: 18. Nearest depth obstacle in NED is at (-1.89, 4.55, -1.91) m, relative vector (-2.00, 2.38, 0.55) m, distance 3.16 m.
- Depth validity fraction is 0.56. Global nearest obstacle distance is 2.41 m.
- Sector minimum distances [far_left, left, center, right, far_right] are [2.41, 5.01, 5.01, 5.01, 5.02] m.
- Nearest obstacle sector is far_left at 2.41 m and clearance status is caution.
- Lateral planning hint: right side is clearer.","{""waypoints"":[{""x"":0.1607142857142857,""y"":2.8928571428571423},{""x"":0.1875,""y"":3.375},{""x"":0.21428571428571427,""y"":3.8571428571428568},{""x"":0.2410714285714286,""y"":4.339285714285714},{""x"":0.26785714285714285,""y"":4.821428571428571}],""reasoning"":""Selected waypoint 0 moves the reference anchor from 29.59 m to 29.11 m from goal immediately and to 27.18 m by the final waypoint, so progress is 0.48 m selected / 2.41 m final and passes with monotonic goal-distance reduction. Kinematics is evaluated on 5 unique label waypoint(s), excluding consecutive duplicate terminal holds, and checks only that the trajectory stays within the configured bounds speed <= 15.00 m/s and acceleration <= 8.00 m/s^2, so kinematics passes. Goal is not reached within this label waypoint window. Safety passes: minimum clearance 1.54 m against manifest obstacles with 0 violating segment(s).""}",0.1607142857142857,2.8928571428571423,-2.5,0.1875,3.375,-2.5,0.21428571428571427,3.8571428571428568,-2.5,0.2410714285714286,4.339285714285714,-2.5,0.26785714285714285,4.821428571428571,-2.5
1773774326.619339228,1773774326.619339228,0.000,offline_ground_truth_window,"Environment section (T(v)):
- Current position NED is (0.15, 2.66, -2.50) m.
- Current velocity is (0.00, 0.06, 0.01) m/s (speed 0.07 m/s).
- Goal position NED is (0.00, 32.00, -2.50) m.
- Output contract: predict exactly 5 waypoint x/y pairs in NED. The planner will set every waypoint z to goal z = -2.50 m before execution.
- Goal delta from current state is (-0.15, 29.34, 0.00) m with distance 29.35 m.
- Obstacle pipeline: depth_camera_to_body_to_ned_current_frame.
- Current depth frame obstacle points projected into NED: 12. Nearest depth obstacle in NED is at (-1.74, 4.89, -2.72) m, relative vector (-1.89, 2.24, -0.22) m, distance 2.94 m.
- Depth validity fraction is 0.56. Global nearest obstacle distance is 2.25 m.
- Sector minimum distances [far_left, left, center, right, far_right] are [2.25, 5.12, 5.12, 4.88, 4.88] m.
- Nearest obstacle sector is far_left at 2.25 m and clearance status is caution.
- Lateral planning hint: right side is clearer.","{""waypoints"":[{""x"":0.1875,""y"":3.375},{""x"":0.21428571428571427,""y"":3.8571428571428568},{""x"":0.2410714285714286,""y"":4.339285714285714},{""x"":0.26785714285714285,""y"":4.821428571428571},{""x"":0.29464285714285715,""y"":5.303571428571429}],""reasoning"":""Selected waypoint 0 moves the reference anchor from 29.11 m to 28.63 m from goal immediately and to 26.70 m by the final waypoint, so progress is 0.48 m selected / 2.41 m final and passes with monotonic goal-distance reduction. Kinematics is evaluated on 5 unique label waypoint(s), excluding consecutive duplicate terminal holds, and checks only that the trajectory stays within the configured bounds speed <= 15.00 m/s and acceleration <= 8.00 m/s^2, so kinematics passes. Goal is not reached within this label waypoint window. Safety passes: minimum clearance 1.52 m against manifest obstacles with 0 violating segment(s).""}",0.1875,3.375,-2.5,0.21428571428571427,3.8571428571428568,-2.5,0.2410714285714286,4.339285714285714,-2.5,0.26785714285714285,4.821428571428571,-2.5,0.29464285714285715,5.303571428571429,-2.5
1773774333.219153881,1773774333.219153881,0.000,offline_ground_truth_window,"Environment section (T(v)):
- Current position NED is (0.16, 3.14, -2.50) m.
- Current velocity is (-0.00, 0.06, 0.01) m/s (speed 0.06 m/s).
- Goal position NED is (0.00, 32.00, -2.50) m.
- Output contract: predict exactly 5 waypoint x/y pairs in NED. The planner will set every waypoint z to goal z = -2.50 m before execution.
- Goal delta from current state is (-0.16, 28.86, 0.00) m with distance 28.87 m.
- Obstacle pipeline: depth_camera_to_body_to_ned_current_frame.
- Current depth frame obstacle points projected into NED: 8. Nearest depth obstacle in NED is at (1.73, 7.90, -2.70) m, relative vector (1.58, 4.76, -0.20) m, distance 5.02 m.
- Depth validity fraction is 0.56. Global nearest obstacle distance is 4.40 m.
- Sector minimum distances [far_left, left, center, right, far_right] are [5.12, 5.12, 5.12, 4.48, 4.40] m.
- Nearest obstacle sector is far_right at 4.40 m and clearance status is clear.
- Lateral planning hint: left side is clearer.","{""waypoints"":[{""x"":0.21428571428571427,""y"":3.8571428571428568},{""x"":0.2410714285714286,""y"":4.339285714285714},{""x"":0.26785714285714285,""y"":4.821428571428571},{""x"":0.29464285714285715,""y"":5.303571428571429},{""x"":0.3214285714285714,""y"":5.785714285714286}],""reasoning"":""Selected waypoint 0 moves the reference anchor from 28.63 m to 28.14 m from goal immediately and to 26.22 m by the final waypoint, so progress is 0.48 m selected / 2.41 m final and passes with monotonic goal-distance reduction. Kinematics is evaluated on 5 unique label waypoint(s), excluding consecutive duplicate terminal holds, and checks only that the trajectory stays within the configured bounds speed <= 15.00 m/s and acceleration <= 8.00 m/s^2, so kinematics passes. Goal is not reached within this label waypoint window. Safety passes: minimum clearance 1.52 m against manifest obstacles with 0 violating segment(s).""}",0.21428571428571427,3.8571428571428568,-2.5,0.2410714285714286,4.339285714285714,-2.5,0.26785714285714285,4.821428571428571,-2.5,0.29464285714285715,5.303571428571429,-2.5,0.3214285714285714,5.785714285714286,-2.5
1773774341.887037754,1773774341.887037754,0.000,offline_ground_truth_window,"Environment section (T(v)):
- Current position NED is (0.21, 3.62, -2.50) m.
- Current velocity is (-0.01, 0.04, 0.00) m/s (speed 0.04 m/s).
- Goal position NED is (0.00, 32.00, -2.50) m.
- Output contract: predict exactly 5 waypoint x/y pairs in NED. The planner will set every waypoint z to goal z = -2.50 m before execution.
- Goal delta from current state is (-0.21, 28.38, -0.00) m with distance 28.39 m.
- Obstacle pipeline: depth_camera_to_body_to_ned_current_frame.
- Current depth frame obstacle points projected into NED: 26. Nearest depth obstacle in NED is at (1.88, 7.89, -2.65) m, relative vector (1.67, 4.27, -0.15) m, distance 4.59 m.
- Depth validity fraction is 0.57. Global nearest obstacle distance is 3.91 m.
- Sector minimum distances [far_left, left, center, right, far_right] are [5.03, 5.03, 5.04, 5.04, 3.91] m.
- Nearest obstacle sector is far_right at 3.91 m and clearance status is clear.
- Lateral planning hint: left side is clearer.","{""waypoints"":[{""x"":0.2410714285714286,""y"":4.339285714285714},{""x"":0.26785714285714285,""y"":4.821428571428571},{""x"":0.29464285714285715,""y"":5.303571428571429},{""x"":0.3214285714285714,""y"":5.785714285714286},{""x"":0.3482142857142857,""y"":6.267857142857142}],""reasoning"":""Selected waypoint 0 moves the reference anchor from 28.14 m to 27.66 m from goal immediately and to 25.73 m by the final waypoint, so progress is 0.48 m selected / 2.41 m final and passes with monotonic goal-distance reduction. Kinematics is evaluated on 5 unique label waypoint(s), excluding consecutive duplicate terminal holds, and checks only that the trajectory stays within the configured bounds speed <= 15.00 m/s and acceleration <= 8.00 m/s^2, so kinematics passes. Goal is not reached within this label waypoint window. Safety passes: minimum clearance 1.52 m against manifest obstacles with 0 violating segment(s).""}",0.2410714285714286,4.339285714285714,-2.5,0.26785714285714285,4.821428571428571,-2.5,0.29464285714285715,5.303571428571429,-2.5,0.3214285714285714,5.785714285714286,-2.5,0.3482142857142857,6.267857142857142,-2.5
1773774348.853960991,1773774348.853960991,0.000,offline_ground_truth_window,"Environment section (T(v)):
- Current position NED is (0.27, 4.10, -2.48) m.
- Current velocity is (-0.00, 0.05, 0.00) m/s (speed 0.05 m/s).
- Goal position NED is (0.00, 32.00, -2.50) m.
- Output contract: predict exactly 5 waypoint x/y pairs in NED. The planner will set every waypoint z to goal z = -2.50 m before execution.
- Goal delta from current state is (-0.27, 27.90, -0.02) m with distance 27.90 m.
- Obstacle pipeline: depth_camera_to_body_to_ned_current_frame.
- Current depth frame obstacle points projected into NED: 22. Nearest depth obstacle in NED is at (2.00, 7.92, -2.48) m, relative vector (1.74, 3.82, 0.00) m, distance 4.20 m.
- Depth validity fraction is 0.56. Global nearest obstacle distance is 3.45 m.
- Sector minimum distances [far_left, left, center, right, far_right] are [5.05, 5.05, 5.04, 5.04, 3.45] m.
- Nearest obstacle sector is far_right at 3.45 m and clearance status is clear.
- Lateral planning hint: left side is clearer.","{""waypoints"":[{""x"":0.26785714285714285,""y"":4.821428571428571},{""x"":0.29464285714285715,""y"":5.303571428571429},{""x"":0.3214285714285714,""y"":5.785714285714286},{""x"":0.3482142857142857,""y"":6.267857142857142},{""x"":0.375,""y"":6.75}],""reasoning"":""Selected waypoint 0 moves the reference anchor from 27.66 m to 27.18 m from goal immediately and to 25.25 m by the final waypoint, so progress is 0.48 m selected / 2.41 m final and passes with monotonic goal-distance reduction. Kinematics is evaluated on 5 unique label waypoint(s), excluding consecutive duplicate terminal holds, and checks only that the trajectory stays within the configured bounds speed <= 15.00 m/s and acceleration <= 8.00 m/s^2, so kinematics passes. Goal is not reached within this label waypoint window. Safety passes: minimum clearance 1.52 m against manifest obstacles with 0 violating segment(s).""}",0.26785714285714285,4.821428571428571,-2.5,0.29464285714285715,5.303571428571429,-2.5,0.3214285714285714,5.785714285714286,-2.5,0.3482142857142857,6.267857142857142,-2.5,0.375,6.75,-2.5
1773774355.679392576,1773774355.679392576,0.000,offline_ground_truth_window,"Environment section (T(v)):
- Current position NED is (0.24, 4.58, -2.51) m.
- Current velocity is (0.01, 0.08, 0.01) m/s (speed 0.08 m/s).
- Goal position NED is (0.00, 32.00, -2.50) m.
- Output contract: predict exactly 5 waypoint x/y pairs in NED. The planner will set every waypoint z to goal z = -2.50 m before execution.
- Goal delta from current state is (-0.24, 27.42, 0.01) m with distance 27.42 m.
- Obstacle pipeline: depth_camera_to_body_to_ned_current_frame.
- Current depth frame obstacle points projected into NED: 23. Nearest depth obstacle in NED is at (1.98, 7.92, -2.73) m, relative vector (1.74, 3.34, -0.22) m, distance 3.77 m.
- Depth validity fraction is 0.56. Global nearest obstacle distance is 2.95 m.
- Sector minimum distances [far_left, left, center, right, far_right] are [4.95, 5.11, 5.11, 5.12, 2.95] m.
- Nearest obstacle sector is far_right at 2.95 m and clearance status is caution.
- Lateral planning hint: left side is clearer.","{""waypoints"":[{""x"":0.29464285714285715,""y"":5.303571428571429},{""x"":0.3214285714285714,""y"":5.785714285714286},{""x"":0.3482142857142857,""y"":6.267857142857142},{""x"":0.375,""y"":6.75},{""x"":0.4017857142857143,""y"":7.232142857142858}],""reasoning"":""Selected waypoint 0 moves the reference anchor from 27.18 m to 26.70 m from goal immediately and to 24.77 m by the final waypoint, so progress is 0.48 m selected / 2.41 m final and passes with monotonic goal-distance reduction. Kinematics is evaluated on 5 unique label waypoint(s), excluding consecutive duplicate terminal holds, and checks only that the trajectory stays within the configured bounds speed <= 15.00 m/s and acceleration <= 8.00 m/s^2, so kinematics passes. Goal is not reached within this label waypoint window. Safety passes: minimum clearance 1.52 m against manifest obstacles with 0 violating segment(s).""}",0.29464285714285715,5.303571428571429,-2.5,0.3214285714285714,5.785714285714286,-2.5,0.3482142857142857,6.267857142857142,-2.5,0.375,6.75,-2.5,0.4017857142857143,7.232142857142858,-2.5
1773774364.456704617,1773774364.456704617,0.000,offline_ground_truth_window,"Environment section (T(v)):
- Current position NED is (0.25, 5.06, -2.52) m.
- Current velocity is (0.01, 0.06, 0.01) m/s (speed 0.06 m/s).
- Goal position NED is (0.00, 32.00, -2.50) m.
- Output contract: predict exactly 5 waypoint x/y pairs in NED. The planner will set every waypoint z to goal z = -2.50 m before execution.
- Goal delta from current state is (-0.25, 26.94, 0.02) m with distance 26.94 m.
- Obstacle pipeline: depth_camera_to_body_to_ned_current_frame.
- Current depth frame obstacle points projected into NED: 13. Nearest depth obstacle in NED is at (1.96, 8.12, -2.43) m, relative vector (1.71, 3.05, 0.09) m, distance 3.50 m.
- Depth validity fraction is 0.57. Global nearest obstacle distance is 2.69 m.
- Sector minimum distances [far_left, left, center, right, far_right] are [4.65, 5.09, 5.09, 5.09, 2.69] m.
- Nearest obstacle sector is far_right at 2.69 m and clearance status is caution.
- Lateral planning hint: left side is clearer.","{""waypoints"":[{""x"":0.3214285714285714,""y"":5.785714285714286},{""x"":0.3482142857142857,""y"":6.267857142857142},{""x"":0.375,""y"":6.75},{""x"":0.4017857142857143,""y"":7.232142857142858},{""x"":0.42857142857142855,""y"":7.7142857142857135}],""reasoning"":""Selected waypoint 0 moves the reference anchor from 26.70 m to 26.22 m from goal immediately and to 24.29 m by the final waypoint, so progress is 0.48 m selected / 2.41 m final and passes with monotonic goal-distance reduction. Kinematics is evaluated on 5 unique label waypoint(s), excluding consecutive duplicate terminal holds, and checks only that the trajectory stays within the configured bounds speed <= 15.00 m/s and acceleration <= 8.00 m/s^2, so kinematics passes. Goal is not reached within this label waypoint window. Safety passes: minimum clearance 1.53 m against manifest obstacles with 0 violating segment(s).""}",0.3214285714285714,5.785714285714286,-2.5,0.3482142857142857,6.267857142857142,-2.5,0.375,6.75,-2.5,0.4017857142857143,7.232142857142858,-2.5,0.42857142857142855,7.7142857142857135,-2.5
1773774371.868737459,1773774371.868737459,0.000,offline_ground_truth_window,"Environment section (T(v)):
- Current position NED is (0.31, 5.55, -2.48) m.
- Current velocity is (-0.00, 0.05, 0.00) m/s (speed 0.05 m/s).
- Goal position NED is (0.00, 32.00, -2.50) m.
- Output contract: predict exactly 5 waypoint x/y pairs in NED. The planner will set every waypoint z to goal z = -2.50 m before execution.
- Goal delta from current state is (-0.31, 26.45, -0.02) m with distance 26.46 m.
- Obstacle pipeline: depth_camera_to_body_to_ned_current_frame.
- Current depth frame obstacle points projected into NED: 6. Nearest depth obstacle in NED is at (-0.41, 15.24, -2.22) m, relative vector (-0.72, 9.70, 0.26) m, distance 9.73 m.
- Depth validity fraction is 0.57. Global nearest obstacle distance is 4.99 m.
- Sector minimum distances [far_left, left, center, right, far_right] are [4.99, 4.99, 4.99, 4.99, 4.99] m.
- Nearest obstacle sector is far_left at 4.99 m and clearance status is clear.
- Lateral planning hint: prefer center progress.","{""waypoints"":[{""x"":0.3482142857142857,""y"":6.267857142857142},{""x"":0.375,""y"":6.75},{""x"":0.4017857142857143,""y"":7.232142857142858},{""x"":0.42857142857142855,""y"":7.7142857142857135},{""x"":0.4553571428571428,""y"":8.196428571428571}],""reasoning"":""Selected waypoint 0 moves the reference anchor from 26.22 m to 25.73 m from goal immediately and to 23.81 m by the final waypoint, so progress is 0.48 m selected / 2.41 m final and passes with monotonic goal-distance reduction. Kinematics is evaluated on 5 unique label waypoint(s), excluding consecutive duplicate terminal holds, and checks only that the trajectory stays within the configured bounds speed <= 15.00 m/s and acceleration <= 8.00 m/s^2, so kinematics passes. Goal is not reached within this label waypoint window. Safety passes: minimum clearance 1.64 m against manifest obstacles with 0 violating segment(s).""}",0.3482142857142857,6.267857142857142,-2.5,0.375,6.75,-2.5,0.4017857142857143,7.232142857142858,-2.5,0.42857142857142855,7.7142857142857135,-2.5,0.4553571428571428,8.196428571428571,-2.5
1773774379.945897579,1773774379.945897579,0.000,offline_ground_truth_window,"Environment section (T(v)):
- Current position NED is (0.33, 6.03, -2.50) m.
- Current velocity is (-0.00, 0.05, -0.00) m/s (speed 0.05 m/s).
- Goal position NED is (0.00, 32.00, -2.50) m.
- Output contract: predict exactly 5 waypoint x/y pairs in NED. The planner will set every waypoint z to goal z = -2.50 m before execution.
- Goal delta from current state is (-0.33, 25.97, 0.00) m with distance 25.97 m.
- Obstacle pipeline: depth_camera_to_body_to_ned_current_frame.
- Current depth frame obstacle points projected into NED: 0. Nearest depth obstacle in NED is at (0.33, 6.03, -2.50) m, relative vector (20.00, 0.00, 0.00) m, distance 20.00 m.
- Depth validity fraction is 0.57. Global nearest obstacle distance is 5.07 m.
- Sector minimum distances [far_left, left, center, right, far_right] are [5.07, 5.08, 5.08, 5.08, 5.08] m.
- Nearest obstacle sector is far_left at 5.07 m and clearance status is clear.
- Lateral planning hint: prefer center progress.","{""waypoints"":[{""x"":0.375,""y"":6.75},{""x"":0.4017857142857143,""y"":7.232142857142858},{""x"":0.42857142857142855,""y"":7.7142857142857135},{""x"":0.4553571428571428,""y"":8.196428571428571},{""x"":0.4821428571428572,""y"":8.678571428571429}],""reasoning"":""Selected waypoint 0 moves the reference anchor from 25.73 m to 25.25 m from goal immediately and to 23.33 m by the final waypoint, so progress is 0.48 m selected / 2.41 m final and passes with monotonic goal-distance reduction. Kinematics is evaluated on 5 unique label waypoint(s), excluding consecutive duplicate terminal holds, and checks only that the trajectory stays within the configured bounds speed <= 15.00 m/s and acceleration <= 8.00 m/s^2, so kinematics passes. Goal is not reached within this label waypoint window. Safety passes: minimum clearance 1.86 m against manifest obstacles with 0 violating segment(s).""}",0.375,6.75,-2.5,0.4017857142857143,7.232142857142858,-2.5,0.42857142857142855,7.7142857142857135,-2.5,0.4553571428571428,8.196428571428571,-2.5,0.4821428571428572,8.678571428571429,-2.5
1773774389.169096470,1773774389.169096470,0.000,offline_ground_truth_window,"Environment section (T(v)):
- Current position NED is (0.37, 6.51, -2.49) m.
- Current velocity is (0.01, 0.07, 0.00) m/s (speed 0.07 m/s).
- Goal position NED is (0.00, 32.00, -2.50) m.
- Output contract: predict exactly 5 waypoint x/y pairs in NED. The planner will set every waypoint z to goal z = -2.50 m before execution.
- Goal delta from current state is (-0.37, 25.49, -0.01) m with distance 25.49 m.
- Obstacle pipeline: depth_camera_to_body_to_ned_current_frame.
- Current depth frame obstacle points projected into NED: 5. Nearest depth obstacle in NED is at (-0.17, 15.20, -2.53) m, relative vector (-0.54, 8.69, -0.04) m, distance 8.71 m.
- Depth validity fraction is 0.57. Global nearest obstacle distance is 5.06 m.
- Sector minimum distances [far_left, left, center, right, far_right] are [5.08, 5.07, 5.07, 5.06, 5.06] m.
- Nearest obstacle sector is far_right at 5.06 m and clearance status is clear.
- Lateral planning hint: prefer center progress.","{""waypoints"":[{""x"":0.4017857142857143,""y"":7.232142857142858},{""x"":0.42857142857142855,""y"":7.7142857142857135},{""x"":0.4553571428571428,""y"":8.196428571428571},{""x"":0.4821428571428572,""y"":8.678571428571429},{""x"":0.5089285714285714,""y"":9.160714285714286}],""reasoning"":""Selected waypoint 0 moves the reference anchor from 25.25 m to 24.77 m from goal immediately and to 22.84 m by the final waypoint, so progress is 0.48 m selected / 2.41 m final and passes with monotonic goal-distance reduction. Kinematics is evaluated on 5 unique label waypoint(s), excluding consecutive duplicate terminal holds, and checks only that the trajectory stays within the configured bounds speed <= 15.00 m/s and acceleration <= 8.00 m/s^2, so kinematics passes. Goal is not reached within this label waypoint window. Safety passes: minimum clearance 2.14 m against manifest obstacles with 0 violating segment(s).""}",0.4017857142857143,7.232142857142858,-2.5,0.42857142857142855,7.7142857142857135,-2.5,0.4553571428571428,8.196428571428571,-2.5,0.4821428571428572,8.678571428571429,-2.5,0.5089285714285714,9.160714285714286,-2.5
1773774396.705622911,1773774396.705622911,0.000,offline_ground_truth_window,"Environment section (T(v)):
- Current position NED is (0.38, 6.99, -2.51) m.
- Current velocity is (0.01, 0.05, 0.01) m/s (speed 0.05 m/s).
- Goal position NED is (0.00, 32.00, -2.50) m.
- Output contract: predict exactly 5 waypoint x/y pairs in NED. The planner will set every waypoint z to goal z = -2.50 m before execution.
- Goal delta from current state is (-0.38, 25.01, 0.01) m with distance 25.01 m.
- Obstacle pipeline: depth_camera_to_body_to_ned_current_frame.
- Current depth frame obstacle points projected into NED: 4. Nearest depth obstacle in NED is at (0.02, 15.13, -2.35) m, relative vector (-0.35, 8.14, 0.16) m, distance 8.15 m.
- Depth validity fraction is 0.57. Global nearest obstacle distance is 5.08 m.
- Sector minimum distances [far_left, left, center, right, far_right] are [5.10, 5.09, 5.09, 5.08, 5.08] m.
- Nearest obstacle sector is far_right at 5.08 m and clearance status is clear.
- Lateral planning hint: prefer center progress.","{""waypoints"":[{""x"":0.42857142857142855,""y"":7.7142857142857135},{""x"":0.4553571428571428,""y"":8.196428571428571},{""x"":0.4821428571428572,""y"":8.678571428571429},{""x"":0.5089285714285714,""y"":9.160714285714286},{""x"":0.5357142857142857,""y"":9.642857142857142}],""reasoning"":""Selected waypoint 0 moves the reference anchor from 24.77 m to 24.29 m from goal immediately and to 22.36 m by the final waypoint, so progress is 0.48 m selected / 2.41 m final and passes with monotonic goal-distance reduction. Kinematics is evaluated on 5 unique label waypoint(s), excluding consecutive duplicate terminal holds, and checks only that the trajectory stays within the configured bounds speed <= 15.00 m/s and acceleration <= 8.00 m/s^2, so kinematics passes. Goal is not reached within this label waypoint window. Safety passes: minimum clearance 2.14 m against manifest obstacles with 0 violating segment(s).""}",0.42857142857142855,7.7142857142857135,-2.5,0.4553571428571428,8.196428571428571,-2.5,0.4821428571428572,8.678571428571429,-2.5,0.5089285714285714,9.160714285714286,-2.5,0.5357142857142857,9.642857142857142,-2.5
1773774403.820378542,1773774403.820378542,0.000,offline_ground_truth_window,"Environment section (T(v)):
- Current position NED is (0.39, 7.48, -2.48) m.
- Current velocity is (0.01, 0.07, 0.00) m/s (speed 0.07 m/s).
- Goal position NED is (0.00, 32.00, -2.50) m.
- Output contract: predict exactly 5 waypoint x/y pairs in NED. The planner will set every waypoint z to goal z = -2.50 m before execution.
- Goal delta from current state is (-0.39, 24.52, -0.02) m with distance 24.53 m.
- Obstacle pipeline: depth_camera_to_body_to_ned_current_frame.
- Current depth frame obstacle points projected into NED: 6. Nearest depth obstacle in NED is at (0.37, 15.20, -2.41) m, relative vector (-0.02, 7.72, 0.07) m, distance 7.73 m.
- Depth validity fraction is 0.57. Global nearest obstacle distance is 5.03 m.
- Sector minimum distances [far_left, left, center, right, far_right] are [5.03, 5.03, 5.03, 5.04, 5.04] m.
- Nearest obstacle sector is far_left at 5.03 m and clearance status is clear.
- Lateral planning hint: prefer center progress.","{""waypoints"":[{""x"":0.4553571428571428,""y"":8.196428571428571},{""x"":0.4821428571428572,""y"":8.678571428571429},{""x"":0.5089285714285714,""y"":9.160714285714286},{""x"":0.5357142857142857,""y"":9.642857142857142},{""x"":0.5625,""y"":10.125}],""reasoning"":""Selected waypoint 0 moves the reference anchor from 24.29 m to 23.81 m from goal immediately and to 21.88 m by the final waypoint, so progress is 0.48 m selected / 2.41 m final and passes with monotonic goal-distance reduction. Kinematics is evaluated on 5 unique label waypoint(s), excluding consecutive duplicate terminal holds, and checks only that the trajectory stays within the configured bounds speed <= 15.00 m/s and acceleration <= 8.00 m/s^2, so kinematics passes. Goal is not reached within this label waypoint window. Safety passes: minimum clearance 2.14 m against manifest obstacles with 0 violating segment(s).""}",0.4553571428571428,8.196428571428571,-2.5,0.4821428571428572,8.678571428571429,-2.5,0.5089285714285714,9.160714285714286,-2.5,0.5357142857142857,9.642857142857142,-2.5,0.5625,10.125,-2.5
1773774410.622966051,1773774410.622966051,0.000,offline_ground_truth_window,"Environment section (T(v)):
- Current position NED is (0.51, 7.95, -2.50) m.
- Current velocity is (-0.00, 0.07, 0.01) m/s (speed 0.07 m/s).
- Goal position NED is (0.00, 32.00, -2.50) m.
- Output contract: predict exactly 5 waypoint x/y pairs in NED. The planner will set every waypoint z to goal z = -2.50 m before execution.
- Goal delta from current state is (-0.51, 24.05, -0.00) m with distance 24.05 m.
- Obstacle pipeline: depth_camera_to_body_to_ned_current_frame.
- Current depth frame obstacle points projected into NED: 8. Nearest depth obstacle in NED is at (0.47, 15.16, -2.46) m, relative vector (-0.03, 7.20, 0.04) m, distance 7.20 m.
- Depth validity fraction is 0.56. Global nearest obstacle distance is 5.08 m.
- Sector minimum distances [far_left, left, center, right, far_right] are [5.09, 5.09, 5.09, 5.08, 5.08] m.
- Nearest obstacle sector is far_right at 5.08 m and clearance status is clear.
- Lateral planning hint: prefer center progress.","{""waypoints"":[{""x"":0.4821428571428572,""y"":8.678571428571429},{""x"":0.5089285714285714,""y"":9.160714285714286},{""x"":0.5357142857142857,""y"":9.642857142857142},{""x"":0.5625,""y"":10.125},{""x"":0.5892857142857143,""y"":10.607142857142858}],""reasoning"":""Selected waypoint 0 moves the reference anchor from 23.81 m to 23.33 m from goal immediately and to 21.40 m by the final waypoint, so progress is 0.48 m selected / 2.41 m final and passes with monotonic goal-distance reduction. Kinematics is evaluated on 5 unique label waypoint(s), excluding consecutive duplicate terminal holds, and checks only that the trajectory stays within the configured bounds speed <= 15.00 m/s and acceleration <= 8.00 m/s^2, so kinematics passes. Goal is not reached within this label waypoint window. Safety passes: minimum clearance 2.16 m against manifest obstacles with 0 violating segment(s).""}",0.4821428571428572,8.678571428571429,-2.5,0.5089285714285714,9.160714285714286,-2.5,0.5357142857142857,9.642857142857142,-2.5,0.5625,10.125,-2.5,0.5892857142857143,10.607142857142858,-2.5
1773774418.779324293,1773774418.779324293,0.000,offline_ground_truth_window,"Environment section (T(v)):
- Current position NED is (0.50, 8.44, -2.51) m.
- Current velocity is (-0.01, 0.06, 0.00) m/s (speed 0.06 m/s).
- Goal position NED is (0.00, 32.00, -2.50) m.
- Output contract: predict exactly 5 waypoint x/y pairs in NED. The planner will set every waypoint z to goal z = -2.50 m before execution.
- Goal delta from current state is (-0.50, 23.56, 0.01) m with distance 23.57 m.
- Obstacle pipeline: depth_camera_to_body_to_ned_current_frame.
- Current depth frame obstacle points projected into NED: 4. Nearest depth obstacle in NED is at (0.37, 15.17, -2.30) m, relative vector (-0.13, 6.74, 0.20) m, distance 6.74 m.
- Depth validity fraction is 0.57. Global nearest obstacle distance is 5.03 m.
- Sector minimum distances [far_left, left, center, right, far_right] are [5.03, 5.03, 5.03, 5.03, 5.03] m.
- Nearest obstacle sector is far_left at 5.03 m and clearance status is clear.
- Lateral planning hint: prefer center progress.","{""waypoints"":[{""x"":0.5089285714285714,""y"":9.160714285714286},{""x"":0.5357142857142857,""y"":9.642857142857142},{""x"":0.5625,""y"":10.125},{""x"":0.5892857142857143,""y"":10.607142857142858},{""x"":0.6160714285714286,""y"":11.089285714285714}],""reasoning"":""Selected waypoint 0 moves the reference anchor from 23.33 m to 22.84 m from goal immediately and to 20.92 m by the final waypoint, so progress is 0.48 m selected / 2.41 m final and passes with monotonic goal-distance reduction. Kinematics is evaluated on 5 unique label waypoint(s), excluding consecutive duplicate terminal holds, and checks only that the trajectory stays within the configured bounds speed <= 15.00 m/s and acceleration <= 8.00 m/s^2, so kinematics passes. Goal is not reached within this label waypoint window. Safety passes: minimum clearance 2.27 m against manifest obstacles with 0 violating segment(s).""}",0.5089285714285714,9.160714285714286,-2.5,0.5357142857142857,9.642857142857142,-2.5,0.5625,10.125,-2.5,0.5892857142857143,10.607142857142858,-2.5,0.6160714285714286,11.089285714285714,-2.5
1773774425.543490648,1773774425.543490648,0.000,offline_ground_truth_window,"Environment section (T(v)):
- Current position NED is (0.49, 8.92, -2.49) m.
- Current velocity is (-0.00, 0.07, 0.00) m/s (speed 0.07 m/s).
- Goal position NED is (0.00, 32.00, -2.50) m.
- Output contract: predict exactly 5 waypoint x/y pairs in NED. The planner will set every waypoint z to goal z = -2.50 m before execution.
- Goal delta from current state is (-0.49, 23.08, -0.01) m with distance 23.08 m.
- Obstacle pipeline: depth_camera_to_body_to_ned_current_frame.
- Current depth frame obstacle points projected into NED: 12. Nearest depth obstacle in NED is at (0.65, 15.18, -2.21) m, relative vector (0.16, 6.26, 0.28) m, distance 6.26 m.
- Depth validity fraction is 0.58. Global nearest obstacle distance is 4.98 m.
- Sector minimum distances [far_left, left, center, right, far_right] are [4.98, 4.98, 4.99, 4.99, 4.99] m.
- Nearest obstacle sector is far_left at 4.98 m and clearance status is clear.
- Lateral planning hint: prefer center progress.","{""waypoints"":[{""x"":0.5357142857142857,""y"":9.642857142857142},{""x"":0.5625,""y"":10.125},{""x"":0.5892857142857143,""y"":10.607142857142858},{""x"":0.6160714285714286,""y"":11.089285714285714},{""x"":0.6428571428571428,""y"":11.571428571428571}],""reasoning"":""Selected waypoint 0 moves the reference anchor from 22.84 m to 22.36 m from goal immediately and to 20.44 m by the final waypoint, so progress is 0.48 m selected / 2.41 m final and passes with monotonic goal-distance reduction. Kinematics is evaluated on 5 unique label waypoint(s), excluding consecutive duplicate terminal holds, and checks only that the trajectory stays within the configured bounds speed <= 15.00 m/s and acceleration <= 8.00 m/s^2, so kinematics passes. Goal is not reached within this label waypoint window. Safety passes: minimum clearance 2.46 m against manifest obstacles with 0 violating segment(s).""}",0.5357142857142857,9.642857142857142,-2.5,0.5625,10.125,-2.5,0.5892857142857143,10.607142857142858,-2.5,0.6160714285714286,11.089285714285714,-2.5,0.6428571428571428,11.571428571428571,-2.5
1773774434.160270214,1773774434.160270214,0.000,offline_ground_truth_window,"Environment section (T(v)):
- Current position NED is (0.51, 9.40, -2.49) m.
- Current velocity is (0.01, 0.06, 0.00) m/s (speed 0.06 m/s).
- Goal position NED is (0.00, 32.00, -2.50) m.
- Output contract: predict exactly 5 waypoint x/y pairs in NED. The planner will set every waypoint z to goal z = -2.50 m before execution.
- Goal delta from current state is (-0.51, 22.60, -0.01) m with distance 22.60 m.
- Obstacle pipeline: depth_camera_to_body_to_ned_current_frame.
- Current depth frame obstacle points projected into NED: 14. Nearest depth obstacle in NED is at (0.54, 15.16, -2.29) m, relative vector (0.03, 5.75, 0.20) m, distance 5.76 m.
- Depth validity fraction is 0.57. Global nearest obstacle distance is 5.07 m.
- Sector minimum distances [far_left, left, center, right, far_right] are [5.08, 5.08, 5.08, 5.07, 5.07] m.
- Nearest obstacle sector is far_right at 5.07 m and clearance status is clear.
- Lateral planning hint: prefer center progress.","{""waypoints"":[{""x"":0.5625,""y"":10.125},{""x"":0.5892857142857143,""y"":10.607142857142858},{""x"":0.6160714285714286,""y"":11.089285714285714},{""x"":0.6428571428571428,""y"":11.571428571428571},{""x"":0.6696428571428572,""y"":12.053571428571429}],""reasoning"":""Selected waypoint 0 moves the reference anchor from 22.36 m to 21.88 m from goal immediately and to 19.96 m by the final waypoint, so progress is 0.48 m selected / 2.41 m final and passes with monotonic goal-distance reduction. Kinematics is evaluated on 5 unique label waypoint(s), excluding consecutive duplicate terminal holds, and checks only that the trajectory stays within the configured bounds speed <= 15.00 m/s and acceleration <= 8.00 m/s^2, so kinematics passes. Goal is not reached within this label waypoint window. Safety passes: minimum clearance 2.72 m against manifest obstacles with 0 violating segment(s).""}",0.5625,10.125,-2.5,0.5892857142857143,10.607142857142858,-2.5,0.6160714285714286,11.089285714285714,-2.5,0.6428571428571428,11.571428571428571,-2.5,0.6696428571428572,12.053571428571429,-2.5
1773774440.977182150,1773774440.977182150,0.000,offline_ground_truth_window,"Environment section (T(v)):
- Current position NED is (0.54, 9.89, -2.50) m.
- Current velocity is (0.00, 0.06, 0.01) m/s (speed 0.06 m/s).
- Goal position NED is (0.00, 32.00, -2.50) m.
- Output contract: predict exactly 5 waypoint x/y pairs in NED. The planner will set every waypoint z to goal z = -2.50 m before execution.
- Goal delta from current state is (-0.54, 22.11, 0.00) m with distance 22.12 m.
- Obstacle pipeline: depth_camera_to_body_to_ned_current_frame.
- Current depth frame obstacle points projected into NED: 8. Nearest depth obstacle in NED is at (0.73, 15.14, -2.71) m, relative vector (0.19, 5.25, -0.20) m, distance 5.26 m.
- Depth validity fraction is 0.57. Global nearest obstacle distance is 5.09 m.
- Sector minimum distances [far_left, left, center, right, far_right] are [5.09, 5.09, 5.09, 5.09, 5.10] m.
- Nearest obstacle sector is far_left at 5.09 m and clearance status is clear.
- Lateral planning hint: prefer center progress.","{""waypoints"":[{""x"":0.5892857142857143,""y"":10.607142857142858},{""x"":0.6160714285714286,""y"":11.089285714285714},{""x"":0.6428571428571428,""y"":11.571428571428571},{""x"":0.6696428571428572,""y"":12.053571428571429},{""x"":0.6964285714285714,""y"":12.535714285714286}],""reasoning"":""Selected waypoint 0 moves the reference anchor from 21.88 m to 21.40 m from goal immediately and to 19.48 m by the final waypoint, so progress is 0.48 m selected / 2.41 m final and passes with monotonic goal-distance reduction. Kinematics is evaluated on 5 unique label waypoint(s), excluding consecutive duplicate terminal holds, and checks only that the trajectory stays within the configured bounds speed <= 15.00 m/s and acceleration <= 8.00 m/s^2, so kinematics passes. Goal is not reached within this label waypoint window. Safety passes: minimum clearance 2.71 m against manifest obstacles with 0 violating segment(s).""}",0.5892857142857143,10.607142857142858,-2.5,0.6160714285714286,11.089285714285714,-2.5,0.6428571428571428,11.571428571428571,-2.5,0.6696428571428572,12.053571428571429,-2.5,0.6964285714285714,12.535714285714286,-2.5
1773774450.146969080,1773774450.146969080,0.000,offline_ground_truth_window,"Environment section (T(v)):
- Current position NED is (0.58, 10.37, -2.50) m.
- Current velocity is (0.01, 0.04, 0.00) m/s (speed 0.05 m/s).
- Goal position NED is (0.00, 32.00, -2.50) m.
- Output contract: predict exactly 5 waypoint x/y pairs in NED. The planner will set every waypoint z to goal z = -2.50 m before execution.
- Goal delta from current state is (-0.58, 21.63, 0.00) m with distance 21.64 m.
- Obstacle pipeline: depth_camera_to_body_to_ned_current_frame.
- Current depth frame obstacle points projected into NED: 15. Nearest depth obstacle in NED is at (0.78, 15.15, -2.66) m, relative vector (0.19, 4.78, -0.16) m, distance 4.79 m.
- Depth validity fraction is 0.58. Global nearest obstacle distance is 4.60 m.
- Sector minimum distances [far_left, left, center, right, far_right] are [5.01, 5.01, 4.60, 4.60, 5.00] m.
- Nearest obstacle sector is center at 4.60 m and clearance status is clear.
- Lateral planning hint: prefer center progress.","{""waypoints"":[{""x"":0.6160714285714286,""y"":11.089285714285714},{""x"":0.6428571428571428,""y"":11.571428571428571},{""x"":0.6696428571428572,""y"":12.053571428571429},{""x"":0.6964285714285714,""y"":12.535714285714286},{""x"":0.7232142857142857,""y"":13.017857142857142}],""reasoning"":""Selected waypoint 0 moves the reference anchor from 21.40 m to 20.92 m from goal immediately and to 19.00 m by the final waypoint, so progress is 0.48 m selected / 2.41 m final and passes with monotonic goal-distance reduction. Kinematics is evaluated on 5 unique label waypoint(s), excluding consecutive duplicate terminal holds, and checks only that the trajectory stays within the configured bounds speed <= 15.00 m/s and acceleration <= 8.00 m/s^2, so kinematics passes. Goal is not reached within this label waypoint window. Safety passes: minimum clearance 2.25 m against manifest obstacles with 0 violating segment(s).""}",0.6160714285714286,11.089285714285714,-2.5,0.6428571428571428,11.571428571428571,-2.5,0.6696428571428572,12.053571428571429,-2.5,0.6964285714285714,12.535714285714286,-2.5,0.7232142857142857,13.017857142857142,-2.5
1773774456.815695047,1773774456.815695047,0.000,offline_ground_truth_window,"Environment section (T(v)):
- Current position NED is (0.62, 10.85, -2.49) m.
- Current velocity is (-0.01, 0.08, 0.00) m/s (speed 0.08 m/s).
- Goal position NED is (0.00, 32.00, -2.50) m.
- Output contract: predict exactly 5 waypoint x/y pairs in NED. The planner will set every waypoint z to goal z = -2.50 m before execution.
- Goal delta from current state is (-0.62, 21.15, -0.01) m with distance 21.16 m.
- Obstacle pipeline: depth_camera_to_body_to_ned_current_frame.
- Current depth frame obstacle points projected into NED: 27. Nearest depth obstacle in NED is at (0.95, 15.14, -2.19) m, relative vector (0.33, 4.29, 0.30) m, distance 4.31 m.
- Depth validity fraction is 0.58. Global nearest obstacle distance is 4.12 m.
- Sector minimum distances [far_left, left, center, right, far_right] are [5.01, 5.01, 4.12, 4.12, 4.61] m.
- Nearest obstacle sector is right at 4.12 m and clearance status is clear.
- Lateral planning hint: left side is clearer.","{""waypoints"":[{""x"":0.6428571428571428,""y"":11.571428571428571},{""x"":0.6696428571428572,""y"":12.053571428571429},{""x"":0.6964285714285714,""y"":12.535714285714286},{""x"":0.7232142857142857,""y"":13.017857142857142},{""x"":0.75,""y"":13.5}],""reasoning"":""Selected waypoint 0 moves the reference anchor from 20.92 m to 20.44 m from goal immediately and to 18.52 m by the final waypoint, so progress is 0.48 m selected / 2.40 m final and passes with monotonic goal-distance reduction. Kinematics is evaluated on 5 unique label waypoint(s), excluding consecutive duplicate terminal holds, and checks only that the trajectory stays within the configured bounds speed <= 15.00 m/s and acceleration <= 8.00 m/s^2, so kinematics passes. Goal is not reached within this label waypoint window. Safety passes: minimum clearance 1.80 m against manifest obstacles with 0 violating segment(s).""}",0.6428571428571428,11.571428571428571,-2.5,0.6696428571428572,12.053571428571429,-2.5,0.6964285714285714,12.535714285714286,-2.5,0.7232142857142857,13.017857142857142,-2.5,0.75,13.5,-2.5
1773774463.109449863,1773774463.109449863,0.000,offline_ground_truth_window,"Environment section (T(v)):
- Current position NED is (0.63, 11.33, -2.48) m.
- Current velocity is (0.01, 0.06, -0.01) m/s (speed 0.06 m/s).
- Goal position NED is (0.00, 32.00, -2.50) m.
- Output contract: predict exactly 5 waypoint x/y pairs in NED. The planner will set every waypoint z to goal z = -2.50 m before execution.
- Goal delta from current state is (-0.63, 20.67, -0.02) m with distance 20.68 m.
- Obstacle pipeline: depth_camera_to_body_to_ned_current_frame.
- Current depth frame obstacle points projected into NED: 27. Nearest depth obstacle in NED is at (1.05, 15.16, -2.35) m, relative vector (0.42, 3.82, 0.13) m, distance 3.85 m.
- Depth validity fraction is 0.59. Global nearest obstacle distance is 3.65 m.
- Sector minimum distances [far_left, left, center, right, far_right] are [4.95, 4.95, 3.67, 3.65, 4.16] m.
- Nearest obstacle sector is right at 3.65 m and clearance status is clear.
- Lateral planning hint: left side is clearer.","{""waypoints"":[{""x"":0.6696428571428572,""y"":12.053571428571429},{""x"":0.6964285714285714,""y"":12.535714285714286},{""x"":0.7232142857142857,""y"":13.017857142857142},{""x"":0.75,""y"":13.5},{""x"":1.0625,""y"":13.875}],""reasoning"":""Selected waypoint 0 moves the reference anchor from 20.44 m to 19.96 m from goal immediately and to 18.16 m by the final waypoint, so progress is 0.48 m selected / 2.28 m final and passes with monotonic goal-distance reduction. Kinematics is evaluated on 5 unique label waypoint(s), excluding consecutive duplicate terminal holds, and checks only that the trajectory stays within the configured bounds speed <= 15.00 m/s and acceleration <= 8.00 m/s^2, so kinematics passes. Goal is not reached within this label waypoint window. Safety passes: minimum clearance 1.61 m against manifest obstacles with 0 violating segment(s).""}",0.6696428571428572,12.053571428571429,-2.5,0.6964285714285714,12.535714285714286,-2.5,0.7232142857142857,13.017857142857142,-2.5,0.75,13.5,-2.5,1.0625,13.875,-2.5
1773774471.631479979,1773774471.631479979,0.000,offline_ground_truth_window,"Environment section (T(v)):
- Current position NED is (0.67, 11.81, -2.46) m.
- Current velocity is (0.01, 0.07, -0.00) m/s (speed 0.07 m/s).
- Goal position NED is (0.00, 32.00, -2.50) m.
- Output contract: predict exactly 5 waypoint x/y pairs in NED. The planner will set every waypoint z to goal z = -2.50 m before execution.
- Goal delta from current state is (-0.67, 20.19, -0.04) m with distance 20.20 m.
- Obstacle pipeline: depth_camera_to_body_to_ned_current_frame.
- Current depth frame obstacle points projected into NED: 36. Nearest depth obstacle in NED is at (1.12, 15.14, -2.58) m, relative vector (0.45, 3.32, -0.12) m, distance 3.36 m.
- Depth validity fraction is 0.61. Global nearest obstacle distance is 3.14 m.
- Sector minimum distances [far_left, left, center, right, far_right] are [4.93, 4.93, 3.29, 3.14, 4.03] m.
- Nearest obstacle sector is right at 3.14 m and clearance status is clear.
- Lateral planning hint: left side is clearer.","{""waypoints"":[{""x"":0.6964285714285714,""y"":12.535714285714286},{""x"":0.7232142857142857,""y"":13.017857142857142},{""x"":0.75,""y"":13.5},{""x"":1.0625,""y"":13.875},{""x"":1.375,""y"":14.25}],""reasoning"":""Selected waypoint 0 moves the reference anchor from 19.96 m to 19.48 m from goal immediately and to 17.80 m by the final waypoint, so progress is 0.48 m selected / 2.15 m final and passes with monotonic goal-distance reduction. Kinematics is evaluated on 5 unique label waypoint(s), excluding consecutive duplicate terminal holds, and checks only that the trajectory stays within the configured bounds speed <= 15.00 m/s and acceleration <= 8.00 m/s^2, so kinematics passes. Goal is not reached within this label waypoint window. Safety passes: minimum clearance 1.52 m against manifest obstacles with 0 violating segment(s).""}",0.6964285714285714,12.535714285714286,-2.5,0.7232142857142857,13.017857142857142,-2.5,0.75,13.5,-2.5,1.0625,13.875,-2.5,1.375,14.25,-2.5
1773774478.242709160,1773774478.242709160,0.000,offline_ground_truth_window,"Environment section (T(v)):
- Current position NED is (0.67, 12.30, -2.46) m.
- Current velocity is (-0.00, 0.08, -0.01) m/s (speed 0.08 m/s).
- Goal position NED is (0.00, 32.00, -2.50) m.
- Output contract: predict exactly 5 waypoint x/y pairs in NED. The planner will set every waypoint z to goal z = -2.50 m before execution.
- Goal delta from current state is (-0.67, 19.70, -0.04) m with distance 19.71 m.
- Obstacle pipeline: depth_camera_to_body_to_ned_current_frame.
- Current depth frame obstacle points projected into NED: 18. Nearest depth obstacle in NED is at (1.13, 15.16, -2.17) m, relative vector (0.46, 2.87, 0.29) m, distance 2.92 m.
- Depth validity fraction is 0.62. Global nearest obstacle distance is 2.69 m.
- Sector minimum distances [far_left, left, center, right, far_right] are [4.92, 4.93, 2.90, 2.69, 4.94] m.
- Nearest obstacle sector is right at 2.69 m and clearance status is caution.
- Lateral planning hint: left side is clearer.","{""waypoints"":[{""x"":0.7232142857142857,""y"":13.017857142857142},{""x"":0.75,""y"":13.5},{""x"":1.0625,""y"":13.875},{""x"":1.375,""y"":14.25},{""x"":1.6875,""y"":14.625}],""reasoning"":""Selected waypoint 0 moves the reference anchor from 19.48 m to 19.00 m from goal immediately and to 17.46 m by the final waypoint, so progress is 0.48 m selected / 2.02 m final and passes with monotonic goal-distance reduction. Kinematics is evaluated on 5 unique label waypoint(s), excluding consecutive duplicate terminal holds, and checks only that the trajectory stays within the configured bounds speed <= 15.00 m/s and acceleration <= 8.00 m/s^2, so kinematics passes. Goal is not reached within this label waypoint window. Safety passes: minimum clearance 1.52 m against manifest obstacles with 0 violating segment(s).""}",0.7232142857142857,13.017857142857142,-2.5,0.75,13.5,-2.5,1.0625,13.875,-2.5,1.375,14.25,-2.5,1.6875,14.625,-2.5
1773774486.001254559,1773774486.001254559,0.000,offline_ground_truth_window,"Environment section (T(v)):
- Current position NED is (0.73, 12.78, -2.46) m.
- Current velocity is (0.00, 0.06, -0.01) m/s (speed 0.06 m/s).
- Goal position NED is (0.00, 32.00, -2.50) m.
- Output contract: predict exactly 5 waypoint x/y pairs in NED. The planner will set every waypoint z to goal z = -2.50 m before execution.
- Goal delta from current state is (-0.73, 19.22, -0.04) m with distance 19.24 m.
- Obstacle pipeline: depth_camera_to_body_to_ned_current_frame.
- Current depth frame obstacle points projected into NED: 34. Nearest depth obstacle in NED is at (1.25, 15.15, -2.40) m, relative vector (0.52, 2.37, 0.07) m, distance 2.43 m.
- Depth validity fraction is 0.62. Global nearest obstacle distance is 2.18 m.
- Sector minimum distances [far_left, left, center, right, far_right] are [4.99, 4.98, 4.98, 2.18, 4.96] m.
- Nearest obstacle sector is right at 2.18 m and clearance status is caution.
- Lateral planning hint: left side is clearer.","{""waypoints"":[{""x"":0.75,""y"":13.5},{""x"":1.0625,""y"":13.875},{""x"":1.375,""y"":14.25},{""x"":1.6875,""y"":14.625},{""x"":2.0,""y"":15.0}],""reasoning"":""Selected waypoint 0 moves the reference anchor from 19.00 m to 18.52 m from goal immediately and to 17.12 m by the final waypoint, so progress is 0.48 m selected / 1.88 m final and passes with monotonic goal-distance reduction. Kinematics is evaluated on 5 unique label waypoint(s), excluding consecutive duplicate terminal holds, and checks only that the trajectory stays within the configured bounds speed <= 15.00 m/s and acceleration <= 8.00 m/s^2, so kinematics passes. Goal is not reached within this label waypoint window. Safety passes: minimum clearance 1.52 m against manifest obstacles with 0 violating segment(s).""}",0.75,13.5,-2.5,1.0625,13.875,-2.5,1.375,14.25,-2.5,1.6875,14.625,-2.5,2.0,15.0,-2.5
1773774493.992113113,1773774493.992113113,0.000,offline_ground_truth_window,"Environment section (T(v)):
- Current position NED is (0.75, 13.26, -2.50) m.
- Current velocity is (-0.00, 0.04, 0.00) m/s (speed 0.04 m/s).
- Goal position NED is (0.00, 32.00, -2.50) m.
- Output contract: predict exactly 5 waypoint x/y pairs in NED. The planner will set every waypoint z to goal z = -2.50 m before execution.
- Goal delta from current state is (-0.75, 18.74, 0.00) m with distance 18.76 m.
- Obstacle pipeline: depth_camera_to_body_to_ned_current_frame.
- Current depth frame obstacle points projected into NED: 54. Nearest depth obstacle in NED is at (1.27, 15.15, -2.53) m, relative vector (0.53, 1.89, -0.02) m, distance 1.96 m.
- Depth validity fraction is 0.62. Global nearest obstacle distance is 1.69 m.
- Sector minimum distances [far_left, left, center, right, far_right] are [5.05, 5.05, 5.05, 1.70, 1.69] m.
- Nearest obstacle sector is far_right at 1.69 m and clearance status is caution.
- Lateral planning hint: left side is clearer.","{""waypoints"":[{""x"":1.0625,""y"":13.875},{""x"":1.375,""y"":14.25},{""x"":1.6875,""y"":14.625},{""x"":2.0,""y"":15.0},{""x"":1.8928571428571428,""y"":15.428571428571427}],""reasoning"":""Selected waypoint 0 moves the reference anchor from 18.52 m to 18.16 m from goal immediately and to 16.68 m by the final waypoint, so progress is 0.36 m selected / 1.84 m final and passes with monotonic goal-distance reduction. Kinematics is evaluated on 5 unique label waypoint(s), excluding consecutive duplicate terminal holds, and checks only that the trajectory stays within the configured bounds speed <= 15.00 m/s and acceleration <= 8.00 m/s^2, so kinematics passes. Goal is not reached within this label waypoint window. Safety passes: minimum clearance 1.52 m against manifest obstacles with 0 violating segment(s).""}",1.0625,13.875,-2.5,1.375,14.25,-2.5,1.6875,14.625,-2.5,2.0,15.0,-2.5,1.8928571428571428,15.428571428571427,-2.5
1773774500.723609686,1773774500.723609686,0.000,offline_ground_truth_window,"Environment section (T(v)):
- Current position NED is (0.93, 13.67, -2.50) m.
- Current velocity is (0.04, 0.07, 0.00) m/s (speed 0.08 m/s).
- Goal position NED is (0.00, 32.00, -2.50) m.
- Output contract: predict exactly 5 waypoint x/y pairs in NED. The planner will set every waypoint z to goal z = -2.50 m before execution.
- Goal delta from current state is (-0.93, 18.33, -0.00) m with distance 18.36 m.
- Obstacle pipeline: depth_camera_to_body_to_ned_current_frame.
- Current depth frame obstacle points projected into NED: 71. Nearest depth obstacle in NED is at (1.71, 15.16, -2.57) m, relative vector (0.78, 1.49, -0.07) m, distance 1.68 m.
- Depth validity fraction is 0.61. Global nearest obstacle distance is 1.29 m.
- Sector minimum distances [far_left, left, center, right, far_right] are [5.07, 5.07, 5.07, 1.56, 1.29] m.
- Nearest obstacle sector is far_right at 1.29 m and clearance status is blocked.
- Lateral planning hint: left side is clearer.","{""waypoints"":[{""x"":1.375,""y"":14.25},{""x"":1.6875,""y"":14.625},{""x"":2.0,""y"":15.0},{""x"":1.8928571428571428,""y"":15.428571428571427},{""x"":1.7857142857142858,""y"":15.857142857142858}],""reasoning"":""Selected waypoint 0 moves the reference anchor from 18.16 m to 17.80 m from goal immediately and to 16.24 m by the final waypoint, so progress is 0.35 m selected / 1.91 m final and passes with monotonic goal-distance reduction. Kinematics is evaluated on 5 unique label waypoint(s), excluding consecutive duplicate terminal holds, and checks only that the trajectory stays within the configured bounds speed <= 15.00 m/s and acceleration <= 8.00 m/s^2, so kinematics passes. Goal is not reached within this label waypoint window. Safety passes: minimum clearance 1.51 m against manifest obstacles with 0 violating segment(s).""}",1.375,14.25,-2.5,1.6875,14.625,-2.5,2.0,15.0,-2.5,1.8928571428571428,15.428571428571427,-2.5,1.7857142857142858,15.857142857142858,-2.5
1773774507.356537104,1773774507.356537104,0.000,offline_ground_truth_window,"Environment section (T(v)):
- Current position NED is (1.23, 14.05, -2.48) m.
- Current velocity is (0.04, 0.05, -0.00) m/s (speed 0.06 m/s).
- Goal position NED is (0.00, 32.00, -2.50) m.
- Output contract: predict exactly 5 waypoint x/y pairs in NED. The planner will set every waypoint z to goal z = -2.50 m before execution.
- Goal delta from current state is (-1.23, 17.95, -0.02) m with distance 17.99 m.
- Obstacle pipeline: depth_camera_to_body_to_ned_current_frame.
- Current depth frame obstacle points projected into NED: 5. Nearest depth obstacle in NED is at (0.40, 19.60, -2.41) m, relative vector (-0.83, 5.55, 0.06) m, distance 5.61 m.
- Depth validity fraction is 0.61. Global nearest obstacle distance is 4.99 m.
- Sector minimum distances [far_left, left, center, right, far_right] are [4.99, 4.99, 4.99, 4.99, 4.99] m.
- Nearest obstacle sector is far_right at 4.99 m and clearance status is clear.
- Lateral planning hint: prefer center progress.","{""waypoints"":[{""x"":1.6875,""y"":14.625},{""x"":2.0,""y"":15.0},{""x"":1.8928571428571428,""y"":15.428571428571427},{""x"":1.7857142857142858,""y"":15.857142857142858},{""x"":1.6785714285714286,""y"":16.285714285714285}],""reasoning"":""Selected waypoint 0 moves the reference anchor from 17.80 m to 17.46 m from goal immediately and to 15.80 m by the final waypoint, so progress is 0.35 m selected / 2.00 m final and passes with monotonic goal-distance reduction. Kinematics is evaluated on 5 unique label waypoint(s), excluding consecutive duplicate terminal holds, and checks only that the trajectory stays within the configured bounds speed <= 15.00 m/s and acceleration <= 8.00 m/s^2, so kinematics passes. Goal is not reached within this label waypoint window. Safety passes: minimum clearance 1.51 m against manifest obstacles with 0 violating segment(s).""}",1.6875,14.625,-2.5,2.0,15.0,-2.5,1.8928571428571428,15.428571428571427,-2.5,1.7857142857142858,15.857142857142858,-2.5,1.6785714285714286,16.285714285714285,-2.5
1773774514.587715387,1773774514.587715387,0.000,offline_ground_truth_window,"Environment section (T(v)):
- Current position NED is (1.52, 14.45, -2.49) m.
- Current velocity is (0.05, 0.05, 0.00) m/s (speed 0.07 m/s).
- Goal position NED is (0.00, 32.00, -2.50) m.
- Output contract: predict exactly 5 waypoint x/y pairs in NED. The planner will set every waypoint z to goal z = -2.50 m before execution.
- Goal delta from current state is (-1.52, 17.55, -0.01) m with distance 17.61 m.
- Obstacle pipeline: depth_camera_to_body_to_ned_current_frame.
- Current depth frame obstacle points projected into NED: 47. Nearest depth obstacle in NED is at (1.07, 19.63, -2.07) m, relative vector (-0.44, 5.18, 0.42) m, distance 5.22 m.
- Depth validity fraction is 0.61. Global nearest obstacle distance is 5.02 m.
- Sector minimum distances [far_left, left, center, right, far_right] are [5.06, 5.05, 5.04, 5.03, 5.02] m.
- Nearest obstacle sector is far_right at 5.02 m and clearance status is clear.
- Lateral planning hint: prefer center progress.","{""waypoints"":[{""x"":2.0,""y"":15.0},{""x"":1.8928571428571428,""y"":15.428571428571427},{""x"":1.7857142857142858,""y"":15.857142857142858},{""x"":1.6785714285714286,""y"":16.285714285714285},{""x"":1.5714285714285714,""y"":16.714285714285715}],""reasoning"":""Selected waypoint 0 moves the reference anchor from 17.46 m to 17.12 m from goal immediately and to 15.37 m by the final waypoint, so progress is 0.34 m selected / 2.09 m final and passes with monotonic goal-distance reduction. Kinematics is evaluated on 5 unique label waypoint(s), excluding consecutive duplicate terminal holds, and checks only that the trajectory stays within the configured bounds speed <= 15.00 m/s and acceleration <= 8.00 m/s^2, so kinematics passes. Goal is not reached within this label waypoint window. Safety passes: minimum clearance 1.51 m against manifest obstacles with 0 violating segment(s).""}",2.0,15.0,-2.5,1.8928571428571428,15.428571428571427,-2.5,1.7857142857142858,15.857142857142858,-2.5,1.6785714285714286,16.285714285714285,-2.5,1.5714285714285714,16.714285714285715,-2.5
1773774522.491056681,1773774522.491056681,0.000,offline_ground_truth_window,"Environment section (T(v)):
- Current position NED is (1.84, 14.82, -2.51) m.
- Current velocity is (0.03, 0.04, 0.01) m/s (speed 0.05 m/s).
- Goal position NED is (0.00, 32.00, -2.50) m.
- Output contract: predict exactly 5 waypoint x/y pairs in NED. The planner will set every waypoint z to goal z = -2.50 m before execution.
- Goal delta from current state is (-1.84, 17.18, 0.01) m with distance 17.28 m.
- Obstacle pipeline: depth_camera_to_body_to_ned_current_frame.
- Current depth frame obstacle points projected into NED: 47. Nearest depth obstacle in NED is at (1.67, 19.64, -2.61) m, relative vector (-0.17, 4.82, -0.10) m, distance 4.83 m.
- Depth validity fraction is 0.62. Global nearest obstacle distance is 4.69 m.
- Sector minimum distances [far_left, left, center, right, far_right] are [5.02, 5.07, 4.69, 5.07, 5.07] m.
- Nearest obstacle sector is center at 4.69 m and clearance status is clear.
- Lateral planning hint: prefer center progress.","{""waypoints"":[{""x"":1.8928571428571428,""y"":15.428571428571427},{""x"":1.7857142857142858,""y"":15.857142857142858},{""x"":1.6785714285714286,""y"":16.285714285714285},{""x"":1.5714285714285714,""y"":16.714285714285715},{""x"":1.4642857142857144,""y"":17.142857142857142}],""reasoning"":""Selected waypoint 0 moves the reference anchor from 17.12 m to 16.68 m from goal immediately and to 14.93 m by the final waypoint, so progress is 0.44 m selected / 2.19 m final and passes with monotonic goal-distance reduction. Kinematics is evaluated on 5 unique label waypoint(s), excluding consecutive duplicate terminal holds, and checks only that the trajectory stays within the configured bounds speed <= 15.00 m/s and acceleration <= 8.00 m/s^2, so kinematics passes. Goal is not reached within this label waypoint window. Safety passes: minimum clearance 1.51 m against manifest obstacles with 0 violating segment(s).""}",1.8928571428571428,15.428571428571427,-2.5,1.7857142857142858,15.857142857142858,-2.5,1.6785714285714286,16.285714285714285,-2.5,1.5714285714285714,16.714285714285715,-2.5,1.4642857142857144,17.142857142857142,-2.5
1773774529.346725702,1773774529.346725702,0.000,offline_ground_truth_window,"Environment section (T(v)):
- Current position NED is (1.87, 15.20, -2.51) m.
- Current velocity is (0.00, 0.05, 0.00) m/s (speed 0.05 m/s).
- Goal position NED is (0.00, 32.00, -2.50) m.
- Output contract: predict exactly 5 waypoint x/y pairs in NED. The planner will set every waypoint z to goal z = -2.50 m before execution.
- Goal delta from current state is (-1.87, 16.80, 0.01) m with distance 16.91 m.
- Obstacle pipeline: depth_camera_to_body_to_ned_current_frame.
- Current depth frame obstacle points projected into NED: 69. Nearest depth obstacle in NED is at (1.85, 19.66, -2.57) m, relative vector (-0.02, 4.46, -0.06) m, distance 4.46 m.
- Depth validity fraction is 0.63. Global nearest obstacle distance is 4.31 m.
- Sector minimum distances [far_left, left, center, right, far_right] are [4.98, 5.02, 4.31, 5.02, 5.02] m.
- Nearest obstacle sector is center at 4.31 m and clearance status is clear.
- Lateral planning hint: prefer center progress.","{""waypoints"":[{""x"":1.7857142857142858,""y"":15.857142857142858},{""x"":1.6785714285714286,""y"":16.285714285714285},{""x"":1.5714285714285714,""y"":16.714285714285715},{""x"":1.4642857142857144,""y"":17.142857142857142},{""x"":1.3571428571428572,""y"":17.57142857142857}],""reasoning"":""Selected waypoint 0 moves the reference anchor from 16.68 m to 16.24 m from goal immediately and to 14.49 m by the final waypoint, so progress is 0.44 m selected / 2.19 m final and passes with monotonic goal-distance reduction. Kinematics is evaluated on 5 unique label waypoint(s), excluding consecutive duplicate terminal holds, and checks only that the trajectory stays within the configured bounds speed <= 15.00 m/s and acceleration <= 8.00 m/s^2, so kinematics passes. Goal is not reached within this label waypoint window. Safety passes: minimum clearance 1.51 m against manifest obstacles with 0 violating segment(s).""}",1.7857142857142858,15.857142857142858,-2.5,1.6785714285714286,16.285714285714285,-2.5,1.5714285714285714,16.714285714285715,-2.5,1.4642857142857144,17.142857142857142,-2.5,1.3571428571428572,17.57142857142857,-2.5
1773774535.581475019,1773774535.581475019,0.000,offline_ground_truth_window,"Environment section (T(v)):
- Current position NED is (1.83, 15.64, -2.49) m.
- Current velocity is (-0.01, 0.05, 0.00) m/s (speed 0.05 m/s).
- Goal position NED is (0.00, 32.00, -2.50) m.
- Output contract: predict exactly 5 waypoint x/y pairs in NED. The planner will set every waypoint z to goal z = -2.50 m before execution.
- Goal delta from current state is (-1.83, 16.36, -0.01) m with distance 16.46 m.
- Obstacle pipeline: depth_camera_to_body_to_ned_current_frame.
- Current depth frame obstacle points projected into NED: 69. Nearest depth obstacle in NED is at (1.58, 19.63, -2.42) m, relative vector (-0.25, 3.99, 0.07) m, distance 4.00 m.
- Depth validity fraction is 0.62. Global nearest obstacle distance is 3.86 m.
- Sector minimum distances [far_left, left, center, right, far_right] are [5.06, 5.06, 3.86, 5.06, 5.05] m.
- Nearest obstacle sector is center at 3.86 m and clearance status is clear.
- Lateral planning hint: prefer center progress.","{""waypoints"":[{""x"":1.6785714285714286,""y"":16.285714285714285},{""x"":1.5714285714285714,""y"":16.714285714285715},{""x"":1.4642857142857144,""y"":17.142857142857142},{""x"":1.3571428571428572,""y"":17.57142857142857},{""x"":1.25,""y"":18.0}],""reasoning"":""Selected waypoint 0 moves the reference anchor from 16.24 m to 15.80 m from goal immediately and to 14.06 m by the final waypoint, so progress is 0.44 m selected / 2.19 m final and passes with monotonic goal-distance reduction. Kinematics is evaluated on 5 unique label waypoint(s), excluding consecutive duplicate terminal holds, and checks only that the trajectory stays within the configured bounds speed <= 15.00 m/s and acceleration <= 8.00 m/s^2, so kinematics passes. Goal is not reached within this label waypoint window. Safety passes: minimum clearance 1.51 m against manifest obstacles with 0 violating segment(s).""}",1.6785714285714286,16.285714285714285,-2.5,1.5714285714285714,16.714285714285715,-2.5,1.4642857142857144,17.142857142857142,-2.5,1.3571428571428572,17.57142857142857,-2.5,1.25,18.0,-2.5
1773774544.675944567,1773774544.675944567,0.000,offline_ground_truth_window,"Environment section (T(v)):
- Current position NED is (1.72, 16.07, -2.48) m.
- Current velocity is (-0.00, 0.05, -0.00) m/s (speed 0.05 m/s).
- Goal position NED is (0.00, 32.00, -2.50) m.
- Output contract: predict exactly 5 waypoint x/y pairs in NED. The planner will set every waypoint z to goal z = -2.50 m before execution.
- Goal delta from current state is (-1.72, 15.93, -0.02) m with distance 16.02 m.
- Obstacle pipeline: depth_camera_to_body_to_ned_current_frame.
- Current depth frame obstacle points projected into NED: 71. Nearest depth obstacle in NED is at (1.39, 19.61, -2.45) m, relative vector (-0.32, 3.54, 0.02) m, distance 3.55 m.
- Depth validity fraction is 0.62. Global nearest obstacle distance is 3.41 m.
- Sector minimum distances [far_left, left, center, right, far_right] are [4.97, 4.97, 3.41, 4.96, 4.96] m.
- Nearest obstacle sector is center at 3.41 m and clearance status is clear.
- Lateral planning hint: prefer center progress.","{""waypoints"":[{""x"":1.5714285714285714,""y"":16.714285714285715},{""x"":1.4642857142857144,""y"":17.142857142857142},{""x"":1.3571428571428572,""y"":17.57142857142857},{""x"":1.25,""y"":18.0},{""x"":1.0,""y"":18.3125}],""reasoning"":""Selected waypoint 0 moves the reference anchor from 15.80 m to 15.37 m from goal immediately and to 13.72 m by the final waypoint, so progress is 0.44 m selected / 2.08 m final and passes with monotonic goal-distance reduction. Kinematics is evaluated on 5 unique label waypoint(s), excluding consecutive duplicate terminal holds, and checks only that the trajectory stays within the configured bounds speed <= 15.00 m/s and acceleration <= 8.00 m/s^2, so kinematics passes. Goal is not reached within this label waypoint window. Safety passes: minimum clearance 1.55 m against manifest obstacles with 0 violating segment(s).""}",1.5714285714285714,16.714285714285715,-2.5,1.4642857142857144,17.142857142857142,-2.5,1.3571428571428572,17.57142857142857,-2.5,1.25,18.0,-2.5,1.0,18.3125,-2.5
1773774552.811135769,1773774552.811135769,0.000,offline_ground_truth_window,"Environment section (T(v)):
- Current position NED is (1.64, 16.51, -2.50) m.
- Current velocity is (-0.03, 0.05, 0.00) m/s (speed 0.06 m/s).
- Goal position NED is (0.00, 32.00, -2.50) m.
- Output contract: predict exactly 5 waypoint x/y pairs in NED. The planner will set every waypoint z to goal z = -2.50 m before execution.
- Goal delta from current state is (-1.64, 15.49, -0.00) m with distance 15.58 m.
- Obstacle pipeline: depth_camera_to_body_to_ned_current_frame.
- Current depth frame obstacle points projected into NED: 74. Nearest depth obstacle in NED is at (1.29, 19.63, -2.57) m, relative vector (-0.35, 3.13, -0.08) m, distance 3.15 m.
- Depth validity fraction is 0.61. Global nearest obstacle distance is 3.00 m.
- Sector minimum distances [far_left, left, center, right, far_right] are [5.04, 3.09, 3.00, 5.05, 5.05] m.
- Nearest obstacle sector is center at 3.00 m and clearance status is clear.
- Lateral planning hint: right side is clearer.","{""waypoints"":[{""x"":1.4642857142857144,""y"":17.142857142857142},{""x"":1.3571428571428572,""y"":17.57142857142857},{""x"":1.25,""y"":18.0},{""x"":1.0,""y"":18.3125},{""x"":0.75,""y"":18.625}],""reasoning"":""Selected waypoint 0 moves the reference anchor from 15.37 m to 14.93 m from goal immediately and to 13.40 m by the final waypoint, so progress is 0.44 m selected / 1.97 m final and passes with monotonic goal-distance reduction. Kinematics is evaluated on 5 unique label waypoint(s), excluding consecutive duplicate terminal holds, and checks only that the trajectory stays within the configured bounds speed <= 15.00 m/s and acceleration <= 8.00 m/s^2, so kinematics passes. Goal is not reached within this label waypoint window. Safety passes: minimum clearance 1.56 m against manifest obstacles with 0 violating segment(s).""}",1.4642857142857144,17.142857142857142,-2.5,1.3571428571428572,17.57142857142857,-2.5,1.25,18.0,-2.5,1.0,18.3125,-2.5,0.75,18.625,-2.5
1773774561.847121000,1773774561.847121000,0.000,offline_ground_truth_window,"Environment section (T(v)):
- Current position NED is (1.52, 16.93, -2.47) m.
- Current velocity is (-0.02, 0.04, -0.01) m/s (speed 0.05 m/s).
- Goal position NED is (0.00, 32.00, -2.50) m.
- Output contract: predict exactly 5 waypoint x/y pairs in NED. The planner will set every waypoint z to goal z = -2.50 m before execution.
- Goal delta from current state is (-1.52, 15.07, -0.03) m with distance 15.15 m.
- Obstacle pipeline: depth_camera_to_body_to_ned_current_frame.
- Current depth frame obstacle points projected into NED: 27. Nearest depth obstacle in NED is at (1.05, 19.62, -2.44) m, relative vector (-0.47, 2.69, 0.03) m, distance 2.73 m.
- Depth validity fraction is 0.62. Global nearest obstacle distance is 2.57 m.
- Sector minimum distances [far_left, left, center, right, far_right] are [5.04, 2.57, 2.57, 5.04, 5.04] m.
- Nearest obstacle sector is left at 2.57 m and clearance status is caution.
- Lateral planning hint: right side is clearer.","{""waypoints"":[{""x"":1.3571428571428572,""y"":17.57142857142857},{""x"":1.25,""y"":18.0},{""x"":1.0,""y"":18.3125},{""x"":0.75,""y"":18.625},{""x"":0.5,""y"":18.9375}],""reasoning"":""Selected waypoint 0 moves the reference anchor from 14.93 m to 14.49 m from goal immediately and to 13.07 m by the final waypoint, so progress is 0.44 m selected / 1.86 m final and passes with monotonic goal-distance reduction. Kinematics is evaluated on 5 unique label waypoint(s), excluding consecutive duplicate terminal holds, and checks only that the trajectory stays within the configured bounds speed <= 15.00 m/s and acceleration <= 8.00 m/s^2, so kinematics passes. Goal is not reached within this label waypoint window. Safety passes: minimum clearance 1.54 m against manifest obstacles with 0 violating segment(s).""}",1.3571428571428572,17.57142857142857,-2.5,1.25,18.0,-2.5,1.0,18.3125,-2.5,0.75,18.625,-2.5,0.5,18.9375,-2.5
1773774568.968834877,1773774568.968834877,0.000,offline_ground_truth_window,"Environment section (T(v)):
- Current position NED is (1.39, 17.35, -2.50) m.
- Current velocity is (-0.02, 0.06, 0.01) m/s (speed 0.07 m/s).
- Goal position NED is (0.00, 32.00, -2.50) m.
- Output contract: predict exactly 5 waypoint x/y pairs in NED. The planner will set every waypoint z to goal z = -2.50 m before execution.
- Goal delta from current state is (-1.39, 14.65, 0.00) m with distance 14.71 m.
- Obstacle pipeline: depth_camera_to_body_to_ned_current_frame.
- Current depth frame obstacle points projected into NED: 31. Nearest depth obstacle in NED is at (0.85, 19.64, -2.52) m, relative vector (-0.54, 2.29, -0.01) m, distance 2.35 m.
- Depth validity fraction is 0.61. Global nearest obstacle distance is 2.16 m.
- Sector minimum distances [far_left, left, center, right, far_right] are [5.13, 2.16, 2.24, 5.15, 5.15] m.
- Nearest obstacle sector is left at 2.16 m and clearance status is caution.
- Lateral planning hint: right side is clearer.","{""waypoints"":[{""x"":1.25,""y"":18.0},{""x"":1.0,""y"":18.3125},{""x"":0.75,""y"":18.625},{""x"":0.5,""y"":18.9375},{""x"":0.25,""y"":19.25}],""reasoning"":""Selected waypoint 0 moves the reference anchor from 14.49 m to 14.06 m from goal immediately and to 12.75 m by the final waypoint, so progress is 0.44 m selected / 1.74 m final and passes with monotonic goal-distance reduction. Kinematics is evaluated on 5 unique label waypoint(s), excluding consecutive duplicate terminal holds, and checks only that the trajectory stays within the configured bounds speed <= 15.00 m/s and acceleration <= 8.00 m/s^2, so kinematics passes. Goal is not reached within this label waypoint window. Safety passes: minimum clearance 1.54 m against manifest obstacles with 0 violating segment(s).""}",1.25,18.0,-2.5,1.0,18.3125,-2.5,0.75,18.625,-2.5,0.5,18.9375,-2.5,0.25,19.25,-2.5
1773774576.094460249,1773774576.094460249,0.000,offline_ground_truth_window,"Environment section (T(v)):
- Current position NED is (1.32, 17.80, -2.51) m.
- Current velocity is (-0.01, 0.07, 0.01) m/s (speed 0.07 m/s).
- Goal position NED is (0.00, 32.00, -2.50) m.
- Output contract: predict exactly 5 waypoint x/y pairs in NED. The planner will set every waypoint z to goal z = -2.50 m before execution.
- Goal delta from current state is (-1.32, 14.20, 0.01) m with distance 14.27 m.
- Obstacle pipeline: depth_camera_to_body_to_ned_current_frame.
- Current depth frame obstacle points projected into NED: 49. Nearest depth obstacle in NED is at (0.71, 19.63, -2.60) m, relative vector (-0.62, 1.83, -0.09) m, distance 1.93 m.
- Depth validity fraction is 0.62. Global nearest obstacle distance is 1.71 m.
- Sector minimum distances [far_left, left, center, right, far_right] are [1.75, 1.71, 5.07, 5.07, 5.06] m.
- Nearest obstacle sector is left at 1.71 m and clearance status is caution.
- Lateral planning hint: right side is clearer.","{""waypoints"":[{""x"":1.0,""y"":18.3125},{""x"":0.75,""y"":18.625},{""x"":0.5,""y"":18.9375},{""x"":0.25,""y"":19.25},{""x"":0.21875,""y"":19.6875}],""reasoning"":""Selected waypoint 0 moves the reference anchor from 14.06 m to 13.72 m from goal immediately and to 12.31 m by the final waypoint, so progress is 0.33 m selected / 1.74 m final and passes with monotonic goal-distance reduction. Kinematics is evaluated on 5 unique label waypoint(s), excluding consecutive duplicate terminal holds, and checks only that the trajectory stays within the configured bounds speed <= 15.00 m/s and acceleration <= 8.00 m/s^2, so kinematics passes. Goal is not reached within this label waypoint window. Safety passes: minimum clearance 1.51 m against manifest obstacles with 0 violating segment(s).""}",1.0,18.3125,-2.5,0.75,18.625,-2.5,0.5,18.9375,-2.5,0.25,19.25,-2.5,0.21875,19.6875,-2.5
1773774582.738770008,1773774582.738770008,0.000,offline_ground_truth_window,"Environment section (T(v)):
- Current position NED is (1.07, 18.12, -2.51) m.
- Current velocity is (-0.03, 0.05, 0.00) m/s (speed 0.06 m/s).
- Goal position NED is (0.00, 32.00, -2.50) m.
- Output contract: predict exactly 5 waypoint x/y pairs in NED. The planner will set every waypoint z to goal z = -2.50 m before execution.
- Goal delta from current state is (-1.07, 13.88, 0.01) m with distance 13.92 m.
- Obstacle pipeline: depth_camera_to_body_to_ned_current_frame.
- Current depth frame obstacle points projected into NED: 91. Nearest depth obstacle in NED is at (0.24, 19.60, -2.46) m, relative vector (-0.84, 1.48, 0.04) m, distance 1.70 m.
- Depth validity fraction is 0.61. Global nearest obstacle distance is 1.36 m.
- Sector minimum distances [far_left, left, center, right, far_right] are [1.36, 1.47, 5.00, 5.00, 5.00] m.
- Nearest obstacle sector is far_left at 1.36 m and clearance status is blocked.
- Lateral planning hint: right side is clearer.","{""waypoints"":[{""x"":0.75,""y"":18.625},{""x"":0.5,""y"":18.9375},{""x"":0.25,""y"":19.25},{""x"":0.21875,""y"":19.6875},{""x"":0.1875,""y"":20.125}],""reasoning"":""Selected waypoint 0 moves the reference anchor from 13.72 m to 13.40 m from goal immediately and to 11.88 m by the final waypoint, so progress is 0.33 m selected / 1.85 m final and passes with monotonic goal-distance reduction. Kinematics is evaluated on 5 unique label waypoint(s), excluding consecutive duplicate terminal holds, and checks only that the trajectory stays within the configured bounds speed <= 15.00 m/s and acceleration <= 8.00 m/s^2, so kinematics passes. Goal is not reached within this label waypoint window. Safety fails: minimum clearance 1.50 m against manifest obstacles with 1 violating segment(s).""}",0.75,18.625,-2.5,0.5,18.9375,-2.5,0.25,19.25,-2.5,0.21875,19.6875,-2.5,0.1875,20.125,-2.5
1773774589.848074675,1773774589.848074675,0.000,offline_ground_truth_window,"Environment section (T(v)):
- Current position NED is (0.86, 18.46, -2.46) m.
- Current velocity is (-0.03, 0.03, -0.01) m/s (speed 0.04 m/s).
- Goal position NED is (0.00, 32.00, -2.50) m.
- Output contract: predict exactly 5 waypoint x/y pairs in NED. The planner will set every waypoint z to goal z = -2.50 m before execution.
- Goal delta from current state is (-0.86, 13.54, -0.04) m with distance 13.57 m.
- Obstacle pipeline: depth_camera_to_body_to_ned_current_frame.
- Current depth frame obstacle points projected into NED: 58. Nearest depth obstacle in NED is at (-0.07, 19.68, -2.38) m, relative vector (-0.93, 1.23, 0.07) m, distance 1.54 m.
- Depth validity fraction is 0.60. Global nearest obstacle distance is 1.15 m.
- Sector minimum distances [far_left, left, center, right, far_right] are [1.15, 4.94, 4.94, 4.95, 4.95] m.
- Nearest obstacle sector is far_left at 1.15 m and clearance status is blocked.
- Lateral planning hint: right side is clearer.","{""waypoints"":[{""x"":0.5,""y"":18.9375},{""x"":0.25,""y"":19.25},{""x"":0.21875,""y"":19.6875},{""x"":0.1875,""y"":20.125},{""x"":0.15625,""y"":20.5625}],""reasoning"":""Selected waypoint 0 moves the reference anchor from 13.40 m to 13.07 m from goal immediately and to 11.44 m by the final waypoint, so progress is 0.32 m selected / 1.96 m final and passes with monotonic goal-distance reduction. Kinematics is evaluated on 5 unique label waypoint(s), excluding consecutive duplicate terminal holds, and checks only that the trajectory stays within the configured bounds speed <= 15.00 m/s and acceleration <= 8.00 m/s^2, so kinematics passes. Goal is not reached within this label waypoint window. Safety fails: minimum clearance 1.50 m against manifest obstacles with 1 violating segment(s).""}",0.5,18.9375,-2.5,0.25,19.25,-2.5,0.21875,19.6875,-2.5,0.1875,20.125,-2.5,0.15625,20.5625,-2.5
1773774595.682855368,1773774595.682855368,0.000,offline_ground_truth_window,"Environment section (T(v)):
- Current position NED is (0.65, 18.80, -2.47) m.
- Current velocity is (-0.04, 0.04, -0.00) m/s (speed 0.06 m/s).
- Goal position NED is (0.00, 32.00, -2.50) m.
- Output contract: predict exactly 5 waypoint x/y pairs in NED. The planner will set every waypoint z to goal z = -2.50 m before execution.
- Goal delta from current state is (-0.65, 13.20, -0.03) m with distance 13.22 m.
- Obstacle pipeline: depth_camera_to_body_to_ned_current_frame.
- Current depth frame obstacle points projected into NED: 28. Nearest depth obstacle in NED is at (2.67, 23.78, -2.69) m, relative vector (2.02, 4.98, -0.22) m, distance 5.38 m.
- Depth validity fraction is 0.59. Global nearest obstacle distance is 4.68 m.
- Sector minimum distances [far_left, left, center, right, far_right] are [5.02, 5.02, 5.01, 4.91, 4.68] m.
- Nearest obstacle sector is far_right at 4.68 m and clearance status is clear.
- Lateral planning hint: prefer center progress.","{""waypoints"":[{""x"":0.25,""y"":19.25},{""x"":0.21875,""y"":19.6875},{""x"":0.1875,""y"":20.125},{""x"":0.15625,""y"":20.5625},{""x"":0.125,""y"":21.0}],""reasoning"":""Selected waypoint 0 moves the reference anchor from 13.07 m to 12.75 m from goal immediately and to 11.00 m by the final waypoint, so progress is 0.32 m selected / 2.07 m final and passes with monotonic goal-distance reduction. Kinematics is evaluated on 5 unique label waypoint(s), excluding consecutive duplicate terminal holds, and checks only that the trajectory stays within the configured bounds speed <= 15.00 m/s and acceleration <= 8.00 m/s^2, so kinematics passes. Goal is not reached within this label waypoint window. Safety fails: minimum clearance 1.50 m against manifest obstacles with 1 violating segment(s).""}",0.25,19.25,-2.5,0.21875,19.6875,-2.5,0.1875,20.125,-2.5,0.15625,20.5625,-2.5,0.125,21.0,-2.5
1773774603.226979256,1773774603.226979256,0.000,offline_ground_truth_window,"Environment section (T(v)):
- Current position NED is (0.32, 19.06, -2.51) m.
- Current velocity is (-0.03, 0.06, 0.01) m/s (speed 0.07 m/s).
- Goal position NED is (0.00, 32.00, -2.50) m.
- Output contract: predict exactly 5 waypoint x/y pairs in NED. The planner will set every waypoint z to goal z = -2.50 m before execution.
- Goal delta from current state is (-0.32, 12.94, 0.01) m with distance 12.95 m.
- Obstacle pipeline: depth_camera_to_body_to_ned_current_frame.
- Current depth frame obstacle points projected into NED: 29. Nearest depth obstacle in NED is at (2.10, 23.72, -2.70) m, relative vector (1.78, 4.66, -0.19) m, distance 5.00 m.
- Depth validity fraction is 0.59. Global nearest obstacle distance is 4.40 m.
- Sector minimum distances [far_left, left, center, right, far_right] are [5.04, 5.04, 5.04, 4.45, 4.40] m.
- Nearest obstacle sector is far_right at 4.40 m and clearance status is clear.
- Lateral planning hint: left side is clearer.","{""waypoints"":[{""x"":0.21875,""y"":19.6875},{""x"":0.1875,""y"":20.125},{""x"":0.15625,""y"":20.5625},{""x"":0.125,""y"":21.0},{""x"":0.09375,""y"":21.4375}],""reasoning"":""Selected waypoint 0 moves the reference anchor from 12.75 m to 12.31 m from goal immediately and to 10.56 m by the final waypoint, so progress is 0.44 m selected / 2.19 m final and passes with monotonic goal-distance reduction. Kinematics is evaluated on 5 unique label waypoint(s), excluding consecutive duplicate terminal holds, and checks only that the trajectory stays within the configured bounds speed <= 15.00 m/s and acceleration <= 8.00 m/s^2, so kinematics passes. Goal is not reached within this label waypoint window. Safety fails: minimum clearance 1.50 m against manifest obstacles with 1 violating segment(s).""}",0.21875,19.6875,-2.5,0.1875,20.125,-2.5,0.15625,20.5625,-2.5,0.125,21.0,-2.5,0.09375,21.4375,-2.5
1773774608.836308241,1773774608.836308241,0.000,offline_ground_truth_window,"Environment section (T(v)):
- Current position NED is (0.26, 19.47, -2.50) m.
- Current velocity is (-0.00, 0.07, 0.00) m/s (speed 0.07 m/s).
- Goal position NED is (0.00, 32.00, -2.50) m.
- Output contract: predict exactly 5 waypoint x/y pairs in NED. The planner will set every waypoint z to goal z = -2.50 m before execution.
- Goal delta from current state is (-0.26, 12.53, -0.00) m with distance 12.53 m.
- Obstacle pipeline: depth_camera_to_body_to_ned_current_frame.
- Current depth frame obstacle points projected into NED: 49. Nearest depth obstacle in NED is at (1.95, 23.76, -2.29) m, relative vector (1.69, 4.29, 0.21) m, distance 4.61 m.
- Depth validity fraction is 0.58. Global nearest obstacle distance is 3.98 m.
- Sector minimum distances [far_left, left, center, right, far_right] are [5.04, 5.04, 5.04, 4.19, 3.98] m.
- Nearest obstacle sector is far_right at 3.98 m and clearance status is clear.
- Lateral planning hint: left side is clearer.","{""waypoints"":[{""x"":0.1875,""y"":20.125},{""x"":0.15625,""y"":20.5625},{""x"":0.125,""y"":21.0},{""x"":0.09375,""y"":21.4375},{""x"":0.0625,""y"":21.875}],""reasoning"":""Selected waypoint 0 moves the reference anchor from 12.31 m to 11.88 m from goal immediately and to 10.13 m by the final waypoint, so progress is 0.44 m selected / 2.19 m final and passes with monotonic goal-distance reduction. Kinematics is evaluated on 5 unique label waypoint(s), excluding consecutive duplicate terminal holds, and checks only that the trajectory stays within the configured bounds speed <= 15.00 m/s and acceleration <= 8.00 m/s^2, so kinematics passes. Goal is not reached within this label waypoint window. Safety fails: minimum clearance 1.50 m against manifest obstacles with 1 violating segment(s).""}",0.1875,20.125,-2.5,0.15625,20.5625,-2.5,0.125,21.0,-2.5,0.09375,21.4375,-2.5,0.0625,21.875,-2.5
1773774616.958419323,1773774616.958419323,0.000,offline_ground_truth_window,"Environment section (T(v)):
- Current position NED is (0.27, 19.91, -2.51) m.
- Current velocity is (-0.02, 0.07, 0.00) m/s (speed 0.07 m/s).
- Goal position NED is (0.00, 32.00, -2.50) m.
- Output contract: predict exactly 5 waypoint x/y pairs in NED. The planner will set every waypoint z to goal z = -2.50 m before execution.
- Goal delta from current state is (-0.27, 12.09, 0.01) m with distance 12.09 m.
- Obstacle pipeline: depth_camera_to_body_to_ned_current_frame.
- Current depth frame obstacle points projected into NED: 42. Nearest depth obstacle in NED is at (2.01, 23.77, -2.61) m, relative vector (1.74, 3.86, -0.11) m, distance 4.23 m.
- Depth validity fraction is 0.58. Global nearest obstacle distance is 3.58 m.
- Sector minimum distances [far_left, left, center, right, far_right] are [5.09, 5.09, 5.09, 5.08, 3.58] m.
- Nearest obstacle sector is far_right at 3.58 m and clearance status is clear.
- Lateral planning hint: left side is clearer.","{""waypoints"":[{""x"":0.15625,""y"":20.5625},{""x"":0.125,""y"":21.0},{""x"":0.09375,""y"":21.4375},{""x"":0.0625,""y"":21.875},{""x"":0.03125,""y"":22.3125}],""reasoning"":""Selected waypoint 0 moves the reference anchor from 11.88 m to 11.44 m from goal immediately and to 9.69 m by the final waypoint, so progress is 0.44 m selected / 2.19 m final and passes with monotonic goal-distance reduction. Kinematics is evaluated on 5 unique label waypoint(s), excluding consecutive duplicate terminal holds, and checks only that the trajectory stays within the configured bounds speed <= 15.00 m/s and acceleration <= 8.00 m/s^2, so kinematics passes. Goal is not reached within this label waypoint window. Safety passes: minimum clearance 1.52 m against manifest obstacles with 0 violating segment(s).""}",0.15625,20.5625,-2.5,0.125,21.0,-2.5,0.09375,21.4375,-2.5,0.0625,21.875,-2.5,0.03125,22.3125,-2.5
1773774624.531344891,1773774624.531344891,0.000,offline_ground_truth_window,"Environment section (T(v)):
- Current position NED is (0.15, 20.34, -2.52) m.
- Current velocity is (-0.01, 0.03, 0.01) m/s (speed 0.04 m/s).
- Goal position NED is (0.00, 32.00, -2.50) m.
- Output contract: predict exactly 5 waypoint x/y pairs in NED. The planner will set every waypoint z to goal z = -2.50 m before execution.
- Goal delta from current state is (-0.15, 11.66, 0.02) m with distance 11.66 m.
- Obstacle pipeline: depth_camera_to_body_to_ned_current_frame.
- Current depth frame obstacle points projected into NED: 52. Nearest depth obstacle in NED is at (1.80, 23.74, -2.35) m, relative vector (1.65, 3.40, 0.16) m, distance 3.78 m.
- Depth validity fraction is 0.58. Global nearest obstacle distance is 3.13 m.
- Sector minimum distances [far_left, left, center, right, far_right] are [5.00, 5.00, 5.00, 5.01, 3.13] m.
- Nearest obstacle sector is far_right at 3.13 m and clearance status is clear.
- Lateral planning hint: left side is clearer.","{""waypoints"":[{""x"":0.125,""y"":21.0},{""x"":0.09375,""y"":21.4375},{""x"":0.0625,""y"":21.875},{""x"":0.03125,""y"":22.3125},{""x"":0.0,""y"":22.75}],""reasoning"":""Selected waypoint 0 moves the reference anchor from 11.44 m to 11.00 m from goal immediately and to 9.25 m by the final waypoint, so progress is 0.44 m selected / 2.19 m final and passes with monotonic goal-distance reduction. Kinematics is evaluated on 5 unique label waypoint(s), excluding consecutive duplicate terminal holds, and checks only that the trajectory stays within the configured bounds speed <= 15.00 m/s and acceleration <= 8.00 m/s^2, so kinematics passes. Goal is not reached within this label waypoint window. Safety passes: minimum clearance 1.63 m against manifest obstacles with 0 violating segment(s).""}",0.125,21.0,-2.5,0.09375,21.4375,-2.5,0.0625,21.875,-2.5,0.03125,22.3125,-2.5,0.0,22.75,-2.5
1773774631.716641426,1773774631.716641426,0.000,offline_ground_truth_window,"Environment section (T(v)):
- Current position NED is (0.14, 20.78, -2.49) m.
- Current velocity is (-0.01, 0.05, 0.00) m/s (speed 0.05 m/s).
- Goal position NED is (0.00, 32.00, -2.50) m.
- Output contract: predict exactly 5 waypoint x/y pairs in NED. The planner will set every waypoint z to goal z = -2.50 m before execution.
- Goal delta from current state is (-0.14, 11.22, -0.01) m with distance 11.22 m.
- Obstacle pipeline: depth_camera_to_body_to_ned_current_frame.
- Current depth frame obstacle points projected into NED: 68. Nearest depth obstacle in NED is at (1.82, 23.72, -2.47) m, relative vector (1.68, 2.94, 0.01) m, distance 3.39 m.
- Depth validity fraction is 0.57. Global nearest obstacle distance is 2.67 m.
- Sector minimum distances [far_left, left, center, right, far_right] are [4.98, 4.98, 4.98, 4.98, 2.67] m.
- Nearest obstacle sector is far_right at 2.67 m and clearance status is caution.
- Lateral planning hint: left side is clearer.","{""waypoints"":[{""x"":0.09375,""y"":21.4375},{""x"":0.0625,""y"":21.875},{""x"":0.03125,""y"":22.3125},{""x"":0.0,""y"":22.75},{""x"":0.016666666666666666,""y"":23.233333333333334}],""reasoning"":""Selected waypoint 0 moves the reference anchor from 11.00 m to 10.56 m from goal immediately and to 8.77 m by the final waypoint, so progress is 0.44 m selected / 2.23 m final and passes with monotonic goal-distance reduction. Kinematics is evaluated on 5 unique label waypoint(s), excluding consecutive duplicate terminal holds, and checks only that the trajectory stays within the configured bounds speed <= 15.00 m/s and acceleration <= 8.00 m/s^2, so kinematics passes. Goal is not reached within this label waypoint window. Safety passes: minimum clearance 1.67 m against manifest obstacles with 0 violating segment(s).""}",0.09375,21.4375,-2.5,0.0625,21.875,-2.5,0.03125,22.3125,-2.5,0.0,22.75,-2.5,0.016666666666666666,23.233333333333334,-2.5
1773774638.707983971,1773774638.707983971,0.000,offline_ground_truth_window,"Environment section (T(v)):
- Current position NED is (0.12, 21.22, -2.50) m.
- Current velocity is (-0.01, 0.07, 0.01) m/s (speed 0.07 m/s).
- Goal position NED is (0.00, 32.00, -2.50) m.
- Output contract: predict exactly 5 waypoint x/y pairs in NED. The planner will set every waypoint z to goal z = -2.50 m before execution.
- Goal delta from current state is (-0.12, 10.78, -0.00) m with distance 10.78 m.
- Obstacle pipeline: depth_camera_to_body_to_ned_current_frame.
- Current depth frame obstacle points projected into NED: 56. Nearest depth obstacle in NED is at (1.67, 23.82, -2.54) m, relative vector (1.55, 2.60, -0.04) m, distance 3.03 m.
- Depth validity fraction is 0.56. Global nearest obstacle distance is 2.34 m.
- Sector minimum distances [far_left, left, center, right, far_right] are [5.04, 5.04, 5.04, 5.05, 2.34] m.
- Nearest obstacle sector is far_right at 2.34 m and clearance status is caution.
- Lateral planning hint: left side is clearer.","{""waypoints"":[{""x"":0.0625,""y"":21.875},{""x"":0.03125,""y"":22.3125},{""x"":0.0,""y"":22.75},{""x"":0.016666666666666666,""y"":23.233333333333334},{""x"":0.03333333333333333,""y"":23.716666666666665}],""reasoning"":""Selected waypoint 0 moves the reference anchor from 10.56 m to 10.13 m from goal immediately and to 8.28 m by the final waypoint, so progress is 0.44 m selected / 2.28 m final and passes with monotonic goal-distance reduction. Kinematics is evaluated on 5 unique label waypoint(s), excluding consecutive duplicate terminal holds, and checks only that the trajectory stays within the configured bounds speed <= 15.00 m/s and acceleration <= 8.00 m/s^2, so kinematics passes. Goal is not reached within this label waypoint window. Safety passes: minimum clearance 1.56 m against manifest obstacles with 0 violating segment(s).""}",0.0625,21.875,-2.5,0.03125,22.3125,-2.5,0.0,22.75,-2.5,0.016666666666666666,23.233333333333334,-2.5,0.03333333333333333,23.716666666666665,-2.5
1773774645.879225254,1773774645.879225254,0.000,offline_ground_truth_window,"Environment section (T(v)):
- Current position NED is (0.08, 21.66, -2.49) m.
- Current velocity is (-0.01, 0.05, 0.01) m/s (speed 0.05 m/s).
- Goal position NED is (0.00, 32.00, -2.50) m.
- Output contract: predict exactly 5 waypoint x/y pairs in NED. The planner will set every waypoint z to goal z = -2.50 m before execution.
- Goal delta from current state is (-0.08, 10.34, -0.01) m with distance 10.34 m.
- Obstacle pipeline: depth_camera_to_body_to_ned_current_frame.
- Current depth frame obstacle points projected into NED: 51. Nearest depth obstacle in NED is at (1.56, 24.09, -2.33) m, relative vector (1.48, 2.43, 0.16) m, distance 2.85 m.
- Depth validity fraction is 0.56. Global nearest obstacle distance is 2.19 m.
- Sector minimum distances [far_left, left, center, right, far_right] are [4.86, 5.04, 5.04, 5.04, 2.19] m.
- Nearest obstacle sector is far_right at 2.19 m and clearance status is caution.
- Lateral planning hint: left side is clearer.","{""waypoints"":[{""x"":0.03125,""y"":22.3125},{""x"":0.0,""y"":22.75},{""x"":0.016666666666666666,""y"":23.233333333333334},{""x"":0.03333333333333333,""y"":23.716666666666665},{""x"":0.05,""y"":24.2}],""reasoning"":""Selected waypoint 0 moves the reference anchor from 10.13 m to 9.69 m from goal immediately and to 7.80 m by the final waypoint, so progress is 0.44 m selected / 2.33 m final and passes with monotonic goal-distance reduction. Kinematics is evaluated on 5 unique label waypoint(s), excluding consecutive duplicate terminal holds, and checks only that the trajectory stays within the configured bounds speed <= 15.00 m/s and acceleration <= 8.00 m/s^2, so kinematics passes. Goal is not reached within this label waypoint window. Safety passes: minimum clearance 1.54 m against manifest obstacles with 0 violating segment(s).""}",0.03125,22.3125,-2.5,0.0,22.75,-2.5,0.016666666666666666,23.233333333333334,-2.5,0.03333333333333333,23.716666666666665,-2.5,0.05,24.2,-2.5
1773774652.950423241,1773774652.950423241,0.000,offline_ground_truth_window,"Environment section (T(v)):
- Current position NED is (0.08, 22.10, -2.51) m.
- Current velocity is (-0.01, 0.06, 0.01) m/s (speed 0.06 m/s).
- Goal position NED is (0.00, 32.00, -2.50) m.
- Output contract: predict exactly 5 waypoint x/y pairs in NED. The planner will set every waypoint z to goal z = -2.50 m before execution.
- Goal delta from current state is (-0.08, 9.90, 0.01) m with distance 9.90 m.
- Obstacle pipeline: depth_camera_to_body_to_ned_current_frame.
- Current depth frame obstacle points projected into NED: 55. Nearest depth obstacle in NED is at (-3.60, 26.62, -2.48) m, relative vector (-3.68, 4.52, 0.03) m, distance 5.83 m.
- Depth validity fraction is 0.55. Global nearest obstacle distance is 4.59 m.
- Sector minimum distances [far_left, left, center, right, far_right] are [4.59, 5.08, 5.08, 5.08, 5.08] m.
- Nearest obstacle sector is far_left at 4.59 m and clearance status is clear.
- Lateral planning hint: prefer center progress.","{""waypoints"":[{""x"":0.0,""y"":22.75},{""x"":0.016666666666666666,""y"":23.233333333333334},{""x"":0.03333333333333333,""y"":23.716666666666665},{""x"":0.05,""y"":24.2},{""x"":0.06666666666666667,""y"":24.683333333333334}],""reasoning"":""Selected waypoint 0 moves the reference anchor from 9.69 m to 9.25 m from goal immediately and to 7.32 m by the final waypoint, so progress is 0.44 m selected / 2.37 m final and passes with monotonic goal-distance reduction. Kinematics is evaluated on 5 unique label waypoint(s), excluding consecutive duplicate terminal holds, and checks only that the trajectory stays within the configured bounds speed <= 15.00 m/s and acceleration <= 8.00 m/s^2, so kinematics passes. Goal is not reached within this label waypoint window. Safety passes: minimum clearance 1.54 m against manifest obstacles with 0 violating segment(s).""}",0.0,22.75,-2.5,0.016666666666666666,23.233333333333334,-2.5,0.03333333333333333,23.716666666666665,-2.5,0.05,24.2,-2.5,0.06666666666666667,24.683333333333334,-2.5
1773774658.923374414,1773774658.923374414,0.000,offline_ground_truth_window,"Environment section (T(v)):
- Current position NED is (0.02, 22.53, -2.48) m.
- Current velocity is (-0.00, 0.07, 0.00) m/s (speed 0.07 m/s).
- Goal position NED is (0.00, 32.00, -2.50) m.
- Output contract: predict exactly 5 waypoint x/y pairs in NED. The planner will set every waypoint z to goal z = -2.50 m before execution.
- Goal delta from current state is (-0.02, 9.47, -0.02) m with distance 9.47 m.
- Obstacle pipeline: depth_camera_to_body_to_ned_current_frame.
- Current depth frame obstacle points projected into NED: 55. Nearest depth obstacle in NED is at (-2.24, 30.56, -2.33) m, relative vector (-2.26, 8.03, 0.15) m, distance 8.34 m.
- Depth validity fraction is 0.56. Global nearest obstacle distance is 5.01 m.
- Sector minimum distances [far_left, left, center, right, far_right] are [5.01, 5.01, 5.01, 5.01, 5.01] m.
- Nearest obstacle sector is far_left at 5.01 m and clearance status is clear.
- Lateral planning hint: prefer center progress.","{""waypoints"":[{""x"":0.016666666666666666,""y"":23.233333333333334},{""x"":0.03333333333333333,""y"":23.716666666666665},{""x"":0.05,""y"":24.2},{""x"":0.06666666666666667,""y"":24.683333333333334},{""x"":0.08333333333333333,""y"":25.166666666666668}],""reasoning"":""Selected waypoint 0 moves the reference anchor from 9.25 m to 8.77 m from goal immediately and to 6.83 m by the final waypoint, so progress is 0.48 m selected / 2.42 m final and passes with monotonic goal-distance reduction. Kinematics is evaluated on 5 unique label waypoint(s), excluding consecutive duplicate terminal holds, and checks only that the trajectory stays within the configured bounds speed <= 15.00 m/s and acceleration <= 8.00 m/s^2, so kinematics passes. Goal is not reached within this label waypoint window. Safety passes: minimum clearance 1.54 m against manifest obstacles with 0 violating segment(s).""}",0.016666666666666666,23.233333333333334,-2.5,0.03333333333333333,23.716666666666665,-2.5,0.05,24.2,-2.5,0.06666666666666667,24.683333333333334,-2.5,0.08333333333333333,25.166666666666668,-2.5
1773774665.696833134,1773774665.696833134,0.000,offline_ground_truth_window,"Environment section (T(v)):
- Current position NED is (0.02, 22.99, -2.52) m.
- Current velocity is (-0.00, 0.05, 0.01) m/s (speed 0.05 m/s).
- Goal position NED is (0.00, 32.00, -2.50) m.
- Output contract: predict exactly 5 waypoint x/y pairs in NED. The planner will set every waypoint z to goal z = -2.50 m before execution.
- Goal delta from current state is (-0.02, 9.01, 0.02) m with distance 9.01 m.
- Obstacle pipeline: depth_camera_to_body_to_ned_current_frame.
- Current depth frame obstacle points projected into NED: 76. Nearest depth obstacle in NED is at (1.24, 30.75, -2.33) m, relative vector (1.22, 7.76, 0.19) m, distance 7.86 m.
- Depth validity fraction is 0.55. Global nearest obstacle distance is 5.06 m.
- Sector minimum distances [far_left, left, center, right, far_right] are [5.06, 5.06, 5.07, 5.07, 5.07] m.
- Nearest obstacle sector is far_left at 5.06 m and clearance status is clear.
- Lateral planning hint: prefer center progress.","{""waypoints"":[{""x"":0.03333333333333333,""y"":23.716666666666665},{""x"":0.05,""y"":24.2},{""x"":0.06666666666666667,""y"":24.683333333333334},{""x"":0.08333333333333333,""y"":25.166666666666668},{""x"":0.1,""y"":25.65}],""reasoning"":""Selected waypoint 0 moves the reference anchor from 8.77 m to 8.28 m from goal immediately and to 6.35 m by the final waypoint, so progress is 0.48 m selected / 2.42 m final and passes with monotonic goal-distance reduction. Kinematics is evaluated on 5 unique label waypoint(s), excluding consecutive duplicate terminal holds, and checks only that the trajectory stays within the configured bounds speed <= 15.00 m/s and acceleration <= 8.00 m/s^2, so kinematics passes. Goal is not reached within this label waypoint window. Safety passes: minimum clearance 1.54 m against manifest obstacles with 0 violating segment(s).""}",0.03333333333333333,23.716666666666665,-2.5,0.05,24.2,-2.5,0.06666666666666667,24.683333333333334,-2.5,0.08333333333333333,25.166666666666668,-2.5,0.1,25.65,-2.5
1773774673.413000107,1773774673.413000107,0.000,offline_ground_truth_window,"Environment section (T(v)):
- Current position NED is (0.03, 23.48, -2.48) m.
- Current velocity is (0.00, 0.05, 0.00) m/s (speed 0.05 m/s).
- Goal position NED is (0.00, 32.00, -2.50) m.
- Output contract: predict exactly 5 waypoint x/y pairs in NED. The planner will set every waypoint z to goal z = -2.50 m before execution.
- Goal delta from current state is (-0.03, 8.52, -0.02) m with distance 8.52 m.
- Obstacle pipeline: depth_camera_to_body_to_ned_current_frame.
- Current depth frame obstacle points projected into NED: 60. Nearest depth obstacle in NED is at (1.27, 30.75, -1.69) m, relative vector (1.24, 7.27, 0.80) m, distance 7.42 m.
- Depth validity fraction is 0.55. Global nearest obstacle distance is 5.02 m.
- Sector minimum distances [far_left, left, center, right, far_right] are [5.03, 5.03, 5.02, 5.02, 5.02] m.
- Nearest obstacle sector is far_right at 5.02 m and clearance status is clear.
- Lateral planning hint: prefer center progress.","{""waypoints"":[{""x"":0.05,""y"":24.2},{""x"":0.06666666666666667,""y"":24.683333333333334},{""x"":0.08333333333333333,""y"":25.166666666666668},{""x"":0.1,""y"":25.65},{""x"":0.11666666666666667,""y"":26.133333333333333}],""reasoning"":""Selected waypoint 0 moves the reference anchor from 8.28 m to 7.80 m from goal immediately and to 5.87 m by the final waypoint, so progress is 0.48 m selected / 2.42 m final and passes with monotonic goal-distance reduction. Kinematics is evaluated on 5 unique label waypoint(s), excluding consecutive duplicate terminal holds, and checks only that the trajectory stays within the configured bounds speed <= 15.00 m/s and acceleration <= 8.00 m/s^2, so kinematics passes. Goal is not reached within this label waypoint window. Safety passes: minimum clearance 1.54 m against manifest obstacles with 0 violating segment(s).""}",0.05,24.2,-2.5,0.06666666666666667,24.683333333333334,-2.5,0.08333333333333333,25.166666666666668,-2.5,0.1,25.65,-2.5,0.11666666666666667,26.133333333333333,-2.5
1773774680.703702927,1773774680.703702927,0.000,offline_ground_truth_window,"Environment section (T(v)):
- Current position NED is (0.01, 23.96, -2.50) m.
- Current velocity is (0.01, 0.07, -0.00) m/s (speed 0.07 m/s).
- Goal position NED is (0.00, 32.00, -2.50) m.
- Output contract: predict exactly 5 waypoint x/y pairs in NED. The planner will set every waypoint z to goal z = -2.50 m before execution.
- Goal delta from current state is (-0.01, 8.04, -0.00) m with distance 8.04 m.
- Obstacle pipeline: depth_camera_to_body_to_ned_current_frame.
- Current depth frame obstacle points projected into NED: 89. Nearest depth obstacle in NED is at (1.30, 30.73, -2.03) m, relative vector (1.29, 6.77, 0.47) m, distance 6.91 m.
- Depth validity fraction is 0.56. Global nearest obstacle distance is 5.05 m.
- Sector minimum distances [far_left, left, center, right, far_right] are [5.05, 5.05, 5.05, 5.05, 5.05] m.
- Nearest obstacle sector is far_left at 5.05 m and clearance status is clear.
- Lateral planning hint: prefer center progress.","{""waypoints"":[{""x"":0.06666666666666667,""y"":24.683333333333334},{""x"":0.08333333333333333,""y"":25.166666666666668},{""x"":0.1,""y"":25.65},{""x"":0.11666666666666667,""y"":26.133333333333333},{""x"":0.13333333333333333,""y"":26.616666666666667}],""reasoning"":""Selected waypoint 0 moves the reference anchor from 7.80 m to 7.32 m from goal immediately and to 5.38 m by the final waypoint, so progress is 0.48 m selected / 2.42 m final and passes with monotonic goal-distance reduction. Kinematics is evaluated on 5 unique label waypoint(s), excluding consecutive duplicate terminal holds, and checks only that the trajectory stays within the configured bounds speed <= 15.00 m/s and acceleration <= 8.00 m/s^2, so kinematics passes. Goal is not reached within this label waypoint window. Safety passes: minimum clearance 1.56 m against manifest obstacles with 0 violating segment(s).""}",0.06666666666666667,24.683333333333334,-2.5,0.08333333333333333,25.166666666666668,-2.5,0.1,25.65,-2.5,0.11666666666666667,26.133333333333333,-2.5,0.13333333333333333,26.616666666666667,-2.5
1773774688.548227549,1773774688.548227549,0.000,offline_ground_truth_window,"Environment section (T(v)):
- Current position NED is (0.03, 24.44, -2.50) m.
- Current velocity is (-0.00, 0.05, 0.00) m/s (speed 0.05 m/s).
- Goal position NED is (0.00, 32.00, -2.50) m.
- Output contract: predict exactly 5 waypoint x/y pairs in NED. The planner will set every waypoint z to goal z = -2.50 m before execution.
- Goal delta from current state is (-0.03, 7.56, 0.00) m with distance 7.56 m.
- Obstacle pipeline: depth_camera_to_body_to_ned_current_frame.
- Current depth frame obstacle points projected into NED: 100. Nearest depth obstacle in NED is at (1.35, 30.72, -2.14) m, relative vector (1.32, 6.28, 0.37) m, distance 6.43 m.
- Depth validity fraction is 0.58. Global nearest obstacle distance is 5.02 m.
- Sector minimum distances [far_left, left, center, right, far_right] are [5.02, 5.03, 5.04, 5.04, 5.05] m.
- Nearest obstacle sector is far_left at 5.02 m and clearance status is clear.
- Lateral planning hint: prefer center progress.","{""waypoints"":[{""x"":0.08333333333333333,""y"":25.166666666666668},{""x"":0.1,""y"":25.65},{""x"":0.11666666666666667,""y"":26.133333333333333},{""x"":0.13333333333333333,""y"":26.616666666666667},{""x"":0.15,""y"":27.1}],""reasoning"":""Selected waypoint 0 moves the reference anchor from 7.32 m to 6.83 m from goal immediately and to 4.90 m by the final waypoint, so progress is 0.48 m selected / 2.41 m final and passes with monotonic goal-distance reduction. Kinematics is evaluated on 5 unique label waypoint(s), excluding consecutive duplicate terminal holds, and checks only that the trajectory stays within the configured bounds speed <= 15.00 m/s and acceleration <= 8.00 m/s^2, so kinematics passes. Goal is not reached within this label waypoint window. Safety passes: minimum clearance 1.69 m against manifest obstacles with 0 violating segment(s).""}",0.08333333333333333,25.166666666666668,-2.5,0.1,25.65,-2.5,0.11666666666666667,26.133333333333333,-2.5,0.13333333333333333,26.616666666666667,-2.5,0.15,27.1,-2.5
1773774694.389400721,1773774694.389400721,0.000,offline_ground_truth_window,"Environment section (T(v)):
- Current position NED is (0.07, 24.93, -2.51) m.
- Current velocity is (-0.00, 0.07, 0.01) m/s (speed 0.07 m/s).
- Goal position NED is (0.00, 32.00, -2.50) m.
- Output contract: predict exactly 5 waypoint x/y pairs in NED. The planner will set every waypoint z to goal z = -2.50 m before execution.
- Goal delta from current state is (-0.07, 7.07, 0.01) m with distance 7.07 m.
- Obstacle pipeline: depth_camera_to_body_to_ned_current_frame.
- Current depth frame obstacle points projected into NED: 119. Nearest depth obstacle in NED is at (1.47, 30.73, -2.43) m, relative vector (1.41, 5.81, 0.08) m, distance 5.98 m.
- Depth validity fraction is 0.60. Global nearest obstacle distance is 5.14 m.
- Sector minimum distances [far_left, left, center, right, far_right] are [5.15, 5.15, 5.15, 5.14, 5.14] m.
- Nearest obstacle sector is far_right at 5.14 m and clearance status is clear.
- Lateral planning hint: prefer center progress.","{""waypoints"":[{""x"":0.1,""y"":25.65},{""x"":0.11666666666666667,""y"":26.133333333333333},{""x"":0.13333333333333333,""y"":26.616666666666667},{""x"":0.15,""y"":27.1},{""x"":0.16666666666666666,""y"":27.583333333333332}],""reasoning"":""Selected waypoint 0 moves the reference anchor from 6.83 m to 6.35 m from goal immediately and to 4.42 m by the final waypoint, so progress is 0.48 m selected / 2.41 m final and passes with monotonic goal-distance reduction. Kinematics is evaluated on 5 unique label waypoint(s), excluding consecutive duplicate terminal holds, and checks only that the trajectory stays within the configured bounds speed <= 15.00 m/s and acceleration <= 8.00 m/s^2, so kinematics passes. Goal is not reached within this label waypoint window. Safety passes: minimum clearance 1.92 m against manifest obstacles with 0 violating segment(s).""}",0.1,25.65,-2.5,0.11666666666666667,26.133333333333333,-2.5,0.13333333333333333,26.616666666666667,-2.5,0.15,27.1,-2.5,0.16666666666666666,27.583333333333332,-2.5
1773774700.987969160,1773774700.987969160,0.000,offline_ground_truth_window,"Environment section (T(v)):
- Current position NED is (0.09, 25.41, -2.50) m.
- Current velocity is (0.01, 0.06, 0.01) m/s (speed 0.06 m/s).
- Goal position NED is (0.00, 32.00, -2.50) m.
- Output contract: predict exactly 5 waypoint x/y pairs in NED. The planner will set every waypoint z to goal z = -2.50 m before execution.
- Goal delta from current state is (-0.09, 6.59, -0.00) m with distance 6.59 m.
- Obstacle pipeline: depth_camera_to_body_to_ned_current_frame.
- Current depth frame obstacle points projected into NED: 140. Nearest depth obstacle in NED is at (-1.89, 30.57, -2.33) m, relative vector (-1.98, 5.17, 0.17) m, distance 5.54 m.
- Depth validity fraction is 0.66. Global nearest obstacle distance is 5.02 m.
- Sector minimum distances [far_left, left, center, right, far_right] are [5.04, 5.04, 5.03, 5.03, 5.02] m.
- Nearest obstacle sector is far_right at 5.02 m and clearance status is clear.
- Lateral planning hint: prefer center progress.","{""waypoints"":[{""x"":0.11666666666666667,""y"":26.133333333333333},{""x"":0.13333333333333333,""y"":26.616666666666667},{""x"":0.15,""y"":27.1},{""x"":0.16666666666666666,""y"":27.583333333333332},{""x"":0.18333333333333332,""y"":28.066666666666666}],""reasoning"":""Selected waypoint 0 moves the reference anchor from 6.35 m to 5.87 m from goal immediately and to 3.94 m by the final waypoint, so progress is 0.48 m selected / 2.41 m final and passes with monotonic goal-distance reduction. Kinematics is evaluated on 5 unique label waypoint(s), excluding consecutive duplicate terminal holds, and checks only that the trajectory stays within the configured bounds speed <= 15.00 m/s and acceleration <= 8.00 m/s^2, so kinematics passes. Goal is not reached within this label waypoint window. Safety passes: minimum clearance 2.22 m against manifest obstacles with 0 violating segment(s).""}",0.11666666666666667,26.133333333333333,-2.5,0.13333333333333333,26.616666666666667,-2.5,0.15,27.1,-2.5,0.16666666666666666,27.583333333333332,-2.5,0.18333333333333332,28.066666666666666,-2.5
1773774707.080145121,1773774707.080145121,0.000,offline_ground_truth_window,"Environment section (T(v)):
- Current position NED is (0.10, 25.89, -2.49) m.
- Current velocity is (-0.00, 0.08, 0.00) m/s (speed 0.08 m/s).
- Goal position NED is (0.00, 32.00, -2.50) m.
- Output contract: predict exactly 5 waypoint x/y pairs in NED. The planner will set every waypoint z to goal z = -2.50 m before execution.
- Goal delta from current state is (-0.10, 6.11, -0.01) m with distance 6.11 m.
- Obstacle pipeline: depth_camera_to_body_to_ned_current_frame.
- Current depth frame obstacle points projected into NED: 149. Nearest depth obstacle in NED is at (1.59, 30.74, -2.00) m, relative vector (1.49, 4.85, 0.49) m, distance 5.10 m.
- Depth validity fraction is 0.68. Global nearest obstacle distance is 4.61 m.
- Sector minimum distances [far_left, left, center, right, far_right] are [4.67, 4.66, 5.01, 4.63, 4.61] m.
- Nearest obstacle sector is far_right at 4.61 m and clearance status is clear.
- Lateral planning hint: prefer center progress.","{""waypoints"":[{""x"":0.13333333333333333,""y"":26.616666666666667},{""x"":0.15,""y"":27.1},{""x"":0.16666666666666666,""y"":27.583333333333332},{""x"":0.18333333333333332,""y"":28.066666666666666},{""x"":0.2,""y"":28.55}],""reasoning"":""Selected waypoint 0 moves the reference anchor from 5.87 m to 5.38 m from goal immediately and to 3.46 m by the final waypoint, so progress is 0.48 m selected / 2.41 m final and passes with monotonic goal-distance reduction. Kinematics is evaluated on 5 unique label waypoint(s), excluding consecutive duplicate terminal holds, and checks only that the trajectory stays within the configured bounds speed <= 15.00 m/s and acceleration <= 8.00 m/s^2, so kinematics passes. Goal is not reached within this label waypoint window. Safety passes: minimum clearance 2.57 m against manifest obstacles with 0 violating segment(s).""}",0.13333333333333333,26.616666666666667,-2.5,0.15,27.1,-2.5,0.16666666666666666,27.583333333333332,-2.5,0.18333333333333332,28.066666666666666,-2.5,0.2,28.55,-2.5
1773774713.847306967,1773774713.847306967,0.000,offline_ground_truth_window,"Environment section (T(v)):
- Current position NED is (0.13, 26.38, -2.50) m.
- Current velocity is (0.01, 0.09, 0.00) m/s (speed 0.09 m/s).
- Goal position NED is (0.00, 32.00, -2.50) m.
- Output contract: predict exactly 5 waypoint x/y pairs in NED. The planner will set every waypoint z to goal z = -2.50 m before execution.
- Goal delta from current state is (-0.13, 5.62, 0.00) m with distance 5.62 m.
- Obstacle pipeline: depth_camera_to_body_to_ned_current_frame.
- Current depth frame obstacle points projected into NED: 158. Nearest depth obstacle in NED is at (1.68, 30.71, -2.31) m, relative vector (1.55, 4.33, 0.19) m, distance 4.60 m.
- Depth validity fraction is 0.67. Global nearest obstacle distance is 4.09 m.
- Sector minimum distances [far_left, left, center, right, far_right] are [4.14, 4.14, 4.99, 4.10, 4.09] m.
- Nearest obstacle sector is far_right at 4.09 m and clearance status is clear.
- Lateral planning hint: prefer center progress.","{""waypoints"":[{""x"":0.15,""y"":27.1},{""x"":0.16666666666666666,""y"":27.583333333333332},{""x"":0.18333333333333332,""y"":28.066666666666666},{""x"":0.2,""y"":28.55},{""x"":0.21666666666666667,""y"":29.03333333333333}],""reasoning"":""Selected waypoint 0 moves the reference anchor from 5.38 m to 4.90 m from goal immediately and to 2.97 m by the final waypoint, so progress is 0.48 m selected / 2.41 m final and passes with monotonic goal-distance reduction. Kinematics is evaluated on 5 unique label waypoint(s), excluding consecutive duplicate terminal holds, and checks only that the trajectory stays within the configured bounds speed <= 15.00 m/s and acceleration <= 8.00 m/s^2, so kinematics passes. Goal is not reached within this label waypoint window. Safety passes: minimum clearance 2.33 m against manifest obstacles with 0 violating segment(s).""}",0.15,27.1,-2.5,0.16666666666666666,27.583333333333332,-2.5,0.18333333333333332,28.066666666666666,-2.5,0.2,28.55,-2.5,0.21666666666666667,29.03333333333333,-2.5
1773774719.902672529,1773774719.902672529,0.000,offline_ground_truth_window,"Environment section (T(v)):
- Current position NED is (0.14, 26.86, -2.50) m.
- Current velocity is (0.00, 0.06, 0.01) m/s (speed 0.06 m/s).
- Goal position NED is (0.00, 32.00, -2.50) m.
- Output contract: predict exactly 5 waypoint x/y pairs in NED. The planner will set every waypoint z to goal z = -2.50 m before execution.
- Goal delta from current state is (-0.14, 5.14, 0.00) m with distance 5.14 m.
- Obstacle pipeline: depth_camera_to_body_to_ned_current_frame.
- Current depth frame obstacle points projected into NED: 152. Nearest depth obstacle in NED is at (-1.69, 30.55, -2.58) m, relative vector (-1.83, 3.69, -0.08) m, distance 4.12 m.
- Depth validity fraction is 0.65. Global nearest obstacle distance is 3.60 m.
- Sector minimum distances [far_left, left, center, right, far_right] are [3.64, 3.64, 4.65, 4.03, 3.60] m.
- Nearest obstacle sector is far_right at 3.60 m and clearance status is clear.
- Lateral planning hint: prefer center progress.","{""waypoints"":[{""x"":0.16666666666666666,""y"":27.583333333333332},{""x"":0.18333333333333332,""y"":28.066666666666666},{""x"":0.2,""y"":28.55},{""x"":0.21666666666666667,""y"":29.03333333333333},{""x"":0.23333333333333334,""y"":29.516666666666666}],""reasoning"":""Selected waypoint 0 moves the reference anchor from 4.90 m to 4.42 m from goal immediately and to 2.49 m by the final waypoint, so progress is 0.48 m selected / 2.41 m final and passes with monotonic goal-distance reduction. Kinematics is evaluated on 5 unique label waypoint(s), excluding consecutive duplicate terminal holds, and checks only that the trajectory stays within the configured bounds speed <= 15.00 m/s and acceleration <= 8.00 m/s^2, so kinematics passes. Goal is not reached within this label waypoint window. Safety passes: minimum clearance 1.99 m against manifest obstacles with 0 violating segment(s).""}",0.16666666666666666,27.583333333333332,-2.5,0.18333333333333332,28.066666666666666,-2.5,0.2,28.55,-2.5,0.21666666666666667,29.03333333333333,-2.5,0.23333333333333334,29.516666666666666,-2.5
1773774727.544591188,1773774727.544591188,0.000,offline_ground_truth_window,"Environment section (T(v)):
- Current position NED is (0.13, 27.34, -2.50) m.
- Current velocity is (0.00, 0.03, 0.01) m/s (speed 0.03 m/s).
- Goal position NED is (0.00, 32.00, -2.50) m.
- Output contract: predict exactly 5 waypoint x/y pairs in NED. The planner will set every waypoint z to goal z = -2.50 m before execution.
- Goal delta from current state is (-0.13, 4.66, 0.00) m with distance 4.66 m.
- Obstacle pipeline: depth_camera_to_body_to_ned_current_frame.
- Current depth frame obstacle points projected into NED: 115. Nearest depth obstacle in NED is at (-1.73, 30.56, -2.37) m, relative vector (-1.85, 3.22, 0.13) m, distance 3.72 m.
- Depth validity fraction is 0.60. Global nearest obstacle distance is 3.13 m.
- Sector minimum distances [far_left, left, center, right, far_right] are [3.18, 3.60, 4.19, 5.03, 3.13] m.
- Nearest obstacle sector is far_right at 3.13 m and clearance status is clear.
- Lateral planning hint: right side is clearer.","{""waypoints"":[{""x"":0.18333333333333332,""y"":28.066666666666666},{""x"":0.2,""y"":28.55},{""x"":0.21666666666666667,""y"":29.03333333333333},{""x"":0.23333333333333334,""y"":29.516666666666666},{""x"":0.25,""y"":30.0}],""reasoning"":""Selected waypoint 0 moves the reference anchor from 4.42 m to 3.94 m from goal immediately and to 2.02 m by the final waypoint, so progress is 0.48 m selected / 2.40 m final and passes with monotonic goal-distance reduction. Kinematics is evaluated on 5 unique label waypoint(s), excluding consecutive duplicate terminal holds, and checks only that the trajectory stays within the configured bounds speed <= 15.00 m/s and acceleration <= 8.00 m/s^2, so kinematics passes. Goal is not reached within this label waypoint window. Safety passes: minimum clearance 1.72 m against manifest obstacles with 0 violating segment(s).""}",0.18333333333333332,28.066666666666666,-2.5,0.2,28.55,-2.5,0.21666666666666667,29.03333333333333,-2.5,0.23333333333333334,29.516666666666666,-2.5,0.25,30.0,-2.5
1773774733.530585527,1773774733.530585527,0.000,offline_ground_truth_window,"Environment section (T(v)):
- Current position NED is (0.17, 27.83, -2.50) m.
- Current velocity is (-0.01, 0.05, 0.01) m/s (speed 0.05 m/s).
- Goal position NED is (0.00, 32.00, -2.50) m.
- Output contract: predict exactly 5 waypoint x/y pairs in NED. The planner will set every waypoint z to goal z = -2.50 m before execution.
- Goal delta from current state is (-0.17, 4.17, 0.00) m with distance 4.18 m.
- Obstacle pipeline: depth_camera_to_body_to_ned_current_frame.
- Current depth frame obstacle points projected into NED: 81. Nearest depth obstacle in NED is at (-1.57, 30.60, -2.74) m, relative vector (-1.73, 2.77, -0.24) m, distance 3.28 m.
- Depth validity fraction is 0.54. Global nearest obstacle distance is 2.66 m.
- Sector minimum distances [far_left, left, center, right, far_right] are [2.71, 5.13, 3.88, 5.13, 2.66] m.
- Nearest obstacle sector is far_right at 2.66 m and clearance status is caution.
- Lateral planning hint: prefer center progress.","{""waypoints"":[{""x"":0.2,""y"":28.55},{""x"":0.21666666666666667,""y"":29.03333333333333},{""x"":0.23333333333333334,""y"":29.516666666666666},{""x"":0.25,""y"":30.0},{""x"":0.2,""y"":30.4}],""reasoning"":""Selected waypoint 0 moves the reference anchor from 3.94 m to 3.46 m from goal immediately and to 1.61 m by the final waypoint, so progress is 0.48 m selected / 2.33 m final and passes with monotonic goal-distance reduction. Kinematics is evaluated on 5 unique label waypoint(s), excluding consecutive duplicate terminal holds, and checks only that the trajectory stays within the configured bounds speed <= 15.00 m/s and acceleration <= 8.00 m/s^2, so kinematics fails. Goal is not reached within this label waypoint window. Safety passes: minimum clearance 1.63 m against manifest obstacles with 0 violating segment(s).""}",0.2,28.55,-2.5,0.21666666666666667,29.03333333333333,-2.5,0.23333333333333334,29.516666666666666,-2.5,0.25,30.0,-2.5,0.2,30.4,-2.5
1773774740.695173264,1773774740.695173264,0.000,offline_ground_truth_window,"Environment section (T(v)):
- Current position NED is (0.18, 28.31, -2.51) m.
- Current velocity is (0.01, 0.05, 0.01) m/s (speed 0.05 m/s).
- Goal position NED is (0.00, 32.00, -2.50) m.
- Output contract: predict exactly 5 waypoint x/y pairs in NED. The planner will set every waypoint z to goal z = -2.50 m before execution.
- Goal delta from current state is (-0.18, 3.69, 0.01) m with distance 3.69 m.
- Obstacle pipeline: depth_camera_to_body_to_ned_current_frame.
- Current depth frame obstacle points projected into NED: 70. Nearest depth obstacle in NED is at (-1.47, 30.59, -2.58) m, relative vector (-1.66, 2.28, -0.07) m, distance 2.82 m.
- Depth validity fraction is 0.45. Global nearest obstacle distance is 2.21 m.
- Sector minimum distances [far_left, left, center, right, far_right] are [2.21, 5.13, 5.12, 5.12, 2.47] m.
- Nearest obstacle sector is far_left at 2.21 m and clearance status is caution.
- Lateral planning hint: prefer center progress.","{""waypoints"":[{""x"":0.21666666666666667,""y"":29.03333333333333},{""x"":0.23333333333333334,""y"":29.516666666666666},{""x"":0.25,""y"":30.0},{""x"":0.2,""y"":30.4},{""x"":0.15,""y"":30.799999999999997}],""reasoning"":""Selected waypoint 0 moves the reference anchor from 3.46 m to 2.97 m from goal immediately and to 1.21 m by the final waypoint, so progress is 0.48 m selected / 2.25 m final and passes with monotonic goal-distance reduction. Kinematics is evaluated on 5 unique label waypoint(s), excluding consecutive duplicate terminal holds, and checks only that the trajectory stays within the configured bounds speed <= 15.00 m/s and acceleration <= 8.00 m/s^2, so kinematics fails. Goal is not reached within this label waypoint window. Safety passes: minimum clearance 1.62 m against manifest obstacles with 0 violating segment(s).""}",0.21666666666666667,29.03333333333333,-2.5,0.23333333333333334,29.516666666666666,-2.5,0.25,30.0,-2.5,0.2,30.4,-2.5,0.15,30.799999999999997,-2.5
1773774746.872037411,1773774746.872037411,0.000,offline_ground_truth_window,"Environment section (T(v)):
- Current position NED is (0.21, 28.79, -2.52) m.
- Current velocity is (0.00, 0.05, 0.01) m/s (speed 0.05 m/s).
- Goal position NED is (0.00, 32.00, -2.50) m.
- Output contract: predict exactly 5 waypoint x/y pairs in NED. The planner will set every waypoint z to goal z = -2.50 m before execution.
- Goal delta from current state is (-0.21, 3.21, 0.02) m with distance 3.21 m.
- Obstacle pipeline: depth_camera_to_body_to_ned_current_frame.
- Current depth frame obstacle points projected into NED: 10. Nearest depth obstacle in NED is at (-1.45, 30.99, -2.51) m, relative vector (-1.65, 2.20, 0.00) m, distance 2.75 m.
- Depth validity fraction is 0.37. Global nearest obstacle distance is 2.08 m.
- Sector minimum distances [far_left, left, center, right, far_right] are [2.08, 5.11, 5.11, 5.11, 5.11] m.
- Nearest obstacle sector is far_left at 2.08 m and clearance status is caution.
- Lateral planning hint: right side is clearer.","{""waypoints"":[{""x"":0.23333333333333334,""y"":29.516666666666666},{""x"":0.25,""y"":30.0},{""x"":0.2,""y"":30.4},{""x"":0.15,""y"":30.799999999999997},{""x"":0.1,""y"":31.200000000000003}],""reasoning"":""Selected waypoint 0 moves the reference anchor from 2.97 m to 2.49 m from goal immediately and to 0.81 m by the final waypoint, so progress is 0.48 m selected / 2.17 m final and passes with monotonic goal-distance reduction. Kinematics is evaluated on 5 unique label waypoint(s), excluding consecutive duplicate terminal holds, and checks only that the trajectory stays within the configured bounds speed <= 15.00 m/s and acceleration <= 8.00 m/s^2, so kinematics fails. Goal is not reached within this label waypoint window. Safety passes: minimum clearance 1.62 m against manifest obstacles with 0 violating segment(s).""}",0.23333333333333334,29.516666666666666,-2.5,0.25,30.0,-2.5,0.2,30.4,-2.5,0.15,30.799999999999997,-2.5,0.1,31.200000000000003,-2.5
1773774754.711494446,1773774754.711494446,0.000,offline_ground_truth_window,"Environment section (T(v)):
- Current position NED is (0.22, 29.28, -2.49) m.
- Current velocity is (0.02, 0.06, 0.00) m/s (speed 0.06 m/s).
- Goal position NED is (0.00, 32.00, -2.50) m.
- Output contract: predict exactly 5 waypoint x/y pairs in NED. The planner will set every waypoint z to goal z = -2.50 m before execution.
- Goal delta from current state is (-0.22, 2.72, -0.01) m with distance 2.73 m.
- Obstacle pipeline: depth_camera_to_body_to_ned_current_frame.
- Current depth frame obstacle points projected into NED: 0. Nearest depth obstacle in NED is at (0.22, 29.28, -2.49) m, relative vector (20.00, 0.00, 0.00) m, distance 20.00 m.
- Depth validity fraction is 0.35. Global nearest obstacle distance is 5.01 m.
- Sector minimum distances [far_left, left, center, right, far_right] are [5.04, 5.03, 5.03, 5.02, 5.01] m.
- Nearest obstacle sector is far_right at 5.01 m and clearance status is clear.
- Lateral planning hint: prefer center progress.","{""waypoints"":[{""x"":0.25,""y"":30.0},{""x"":0.2,""y"":30.4},{""x"":0.15,""y"":30.799999999999997},{""x"":0.1,""y"":31.200000000000003},{""x"":0.04999999999999999,""y"":31.6}],""reasoning"":""Selected waypoint 0 moves the reference anchor from 2.49 m to 2.02 m from goal immediately and to 0.40 m by the final waypoint, so progress is 0.48 m selected / 2.09 m final and passes with monotonic goal-distance reduction. Kinematics is evaluated on 5 unique label waypoint(s), excluding consecutive duplicate terminal holds, and checks only that the trajectory stays within the configured bounds speed <= 15.00 m/s and acceleration <= 8.00 m/s^2, so kinematics passes. Goal is not reached within this label waypoint window. Safety passes: minimum clearance 1.62 m against manifest obstacles with 0 violating segment(s).""}",0.25,30.0,-2.5,0.2,30.4,-2.5,0.15,30.799999999999997,-2.5,0.1,31.200000000000003,-2.5,0.04999999999999999,31.6,-2.5
1773774761.682571173,1773774761.682571173,0.000,offline_ground_truth_window,"Environment section (T(v)):
- Current position NED is (0.23, 29.76, -2.48) m.
- Current velocity is (-0.01, 0.05, -0.00) m/s (speed 0.05 m/s).
- Goal position NED is (0.00, 32.00, -2.50) m.
- Output contract: predict exactly 5 waypoint x/y pairs in NED. The planner will set every waypoint z to goal z = -2.50 m before execution.
- Goal delta from current state is (-0.23, 2.24, -0.02) m with distance 2.25 m.
- Obstacle pipeline: depth_camera_to_body_to_ned_current_frame.
- Current depth frame obstacle points projected into NED: 0. Nearest depth obstacle in NED is at (0.23, 29.76, -2.48) m, relative vector (20.00, 0.00, 0.00) m, distance 20.00 m.
- Depth validity fraction is 0.36. Global nearest obstacle distance is 4.98 m.
- Sector minimum distances [far_left, left, center, right, far_right] are [4.98, 4.99, 4.99, 5.00, 5.00] m.
- Nearest obstacle sector is far_left at 4.98 m and clearance status is clear.
- Lateral planning hint: prefer center progress.","{""waypoints"":[{""x"":0.2,""y"":30.4},{""x"":0.15,""y"":30.799999999999997},{""x"":0.1,""y"":31.200000000000003},{""x"":0.04999999999999999,""y"":31.6},{""x"":0.0,""y"":32.0}],""reasoning"":""Selected waypoint 0 moves the reference anchor from 2.02 m to 1.61 m from goal immediately and to 0.00 m by the final waypoint, so progress is 0.40 m selected / 2.02 m final and passes with monotonic goal-distance reduction. Kinematics is evaluated on 5 unique label waypoint(s), excluding consecutive duplicate terminal holds, and checks only that the trajectory stays within the configured bounds speed <= 15.00 m/s and acceleration <= 8.00 m/s^2, so kinematics passes. Goal will be reached in 5 waypoint(s) within 0.35 m tolerance. Safety passes: minimum clearance 1.62 m against manifest obstacles with 0 violating segment(s).""}",0.2,30.4,-2.5,0.15,30.799999999999997,-2.5,0.1,31.200000000000003,-2.5,0.04999999999999999,31.6,-2.5,0.0,32.0,-2.5
1773774768.263320684,1773774768.263320684,0.000,offline_ground_truth_window,"Environment section (T(v)):
- Current position NED is (0.21, 30.20, -2.48) m.
- Current velocity is (-0.01, 0.05, 0.01) m/s (speed 0.06 m/s).
- Goal position NED is (0.00, 32.00, -2.50) m.
- Output contract: predict exactly 5 waypoint x/y pairs in NED. The planner will set every waypoint z to goal z = -2.50 m before execution.
- Goal delta from current state is (-0.21, 1.80, -0.02) m with distance 1.81 m.
- Obstacle pipeline: depth_camera_to_body_to_ned_current_frame.
- Current depth frame obstacle points projected into NED: 0. Nearest depth obstacle in NED is at (0.21, 30.20, -2.48) m, relative vector (20.00, 0.00, 0.00) m, distance 20.00 m.
- Depth validity fraction is 0.35. Global nearest obstacle distance is 5.09 m.
- Sector minimum distances [far_left, left, center, right, far_right] are [5.09, 5.09, 5.09, 5.10, 5.10] m.
- Nearest obstacle sector is far_left at 5.09 m and clearance status is clear.
- Lateral planning hint: prefer center progress.","{""waypoints"":[{""x"":0.0,""y"":32.0},{""x"":0.0,""y"":32.0},{""x"":0.0,""y"":32.0},{""x"":0.0,""y"":32.0},{""x"":0.0,""y"":32.0}],""reasoning"":""Selected waypoint 0 moves the reference anchor from 1.61 m to 0.00 m from goal immediately and to 0.00 m by the final waypoint, so progress is 1.61 m selected / 1.61 m final and passes with monotonic goal-distance reduction. Kinematics is evaluated on 1 unique label waypoint(s), excluding consecutive duplicate terminal holds, and checks only that the trajectory stays within the configured bounds speed <= 15.00 m/s and acceleration <= 8.00 m/s^2, so kinematics passes. Goal will be reached in 1 waypoint(s) within 0.35 m tolerance. Safety passes: minimum clearance 1.63 m against manifest obstacles with 0 violating segment(s).""}",0.0,32.0,-2.5,0.0,32.0,-2.5,0.0,32.0,-2.5,0.0,32.0,-2.5,0.0,32.0,-2.5
1773774775.509563684,1773774775.509563684,0.000,offline_ground_truth_window,"Environment section (T(v)):
- Current position NED is (0.16, 30.60, -2.50) m.
- Current velocity is (-0.01, 0.05, 0.01) m/s (speed 0.05 m/s).
- Goal position NED is (0.00, 32.00, -2.50) m.
- Output contract: predict exactly 5 waypoint x/y pairs in NED. The planner will set every waypoint z to goal z = -2.50 m before execution.
- Goal delta from current state is (-0.16, 1.40, -0.00) m with distance 1.41 m.
- Obstacle pipeline: depth_camera_to_body_to_ned_current_frame.
- Current depth frame obstacle points projected into NED: 0. Nearest depth obstacle in NED is at (0.16, 30.60, -2.50) m, relative vector (20.00, 0.00, 0.00) m, distance 20.00 m.
- Depth validity fraction is 0.35. Global nearest obstacle distance is 5.08 m.
- Sector minimum distances [far_left, left, center, right, far_right] are [5.08, 5.08, 5.09, 5.09, 5.10] m.
- Nearest obstacle sector is far_left at 5.08 m and clearance status is clear.
- Lateral planning hint: prefer center progress.","{""waypoints"":[{""x"":0.0,""y"":32.0},{""x"":0.0,""y"":32.0},{""x"":0.0,""y"":32.0},{""x"":0.0,""y"":32.0},{""x"":0.0,""y"":32.0}],""reasoning"":""Selected waypoint 0 moves the reference anchor from 1.21 m to 0.00 m from goal immediately and to 0.00 m by the final waypoint, so progress is 1.21 m selected / 1.21 m final and passes with monotonic goal-distance reduction. Kinematics is evaluated on 1 unique label waypoint(s), excluding consecutive duplicate terminal holds, and checks only that the trajectory stays within the configured bounds speed <= 15.00 m/s and acceleration <= 8.00 m/s^2, so kinematics passes. Goal will be reached in 1 waypoint(s) within 0.35 m tolerance. Safety passes: minimum clearance 1.64 m against manifest obstacles with 0 violating segment(s).""}",0.0,32.0,-2.5,0.0,32.0,-2.5,0.0,32.0,-2.5,0.0,32.0,-2.5,0.0,32.0,-2.5
1773774783.563305378,1773774783.563305378,0.000,offline_ground_truth_window,"Environment section (T(v)):
- Current position NED is (0.12, 31.00, -2.50) m.
- Current velocity is (-0.02, 0.06, 0.00) m/s (speed 0.06 m/s).
- Goal position NED is (0.00, 32.00, -2.50) m.
- Output contract: predict exactly 5 waypoint x/y pairs in NED. The planner will set every waypoint z to goal z = -2.50 m before execution.
- Goal delta from current state is (-0.12, 1.00, -0.00) m with distance 1.01 m.
- Obstacle pipeline: depth_camera_to_body_to_ned_current_frame.
- Current depth frame obstacle points projected into NED: 0. Nearest depth obstacle in NED is at (0.12, 31.00, -2.50) m, relative vector (20.00, 0.00, 0.00) m, distance 20.00 m.
- Depth validity fraction is 0.36. Global nearest obstacle distance is 4.99 m.
- Sector minimum distances [far_left, left, center, right, far_right] are [4.99, 4.99, 4.99, 5.00, 5.00] m.
- Nearest obstacle sector is far_left at 4.99 m and clearance status is clear.
- Lateral planning hint: prefer center progress.","{""waypoints"":[{""x"":0.0,""y"":32.0},{""x"":0.0,""y"":32.0},{""x"":0.0,""y"":32.0},{""x"":0.0,""y"":32.0},{""x"":0.0,""y"":32.0}],""reasoning"":""Selected waypoint 0 moves the reference anchor from 0.81 m to 0.00 m from goal immediately and to 0.00 m by the final waypoint, so progress is 0.81 m selected / 0.81 m final and passes with monotonic goal-distance reduction. Kinematics is evaluated on 1 unique label waypoint(s), excluding consecutive duplicate terminal holds, and checks only that the trajectory stays within the configured bounds speed <= 15.00 m/s and acceleration <= 8.00 m/s^2, so kinematics passes. Goal will be reached in 1 waypoint(s) within 0.35 m tolerance. Safety passes: minimum clearance 1.66 m against manifest obstacles with 0 violating segment(s).""}",0.0,32.0,-2.5,0.0,32.0,-2.5,0.0,32.0,-2.5,0.0,32.0,-2.5,0.0,32.0,-2.5
1773774790.674516678,1773774790.674516678,0.000,offline_ground_truth_window,"Environment section (T(v)):
- Current position NED is (0.09, 31.40, -2.49) m.
- Current velocity is (-0.00, 0.06, -0.00) m/s (speed 0.06 m/s).
- Goal position NED is (0.00, 32.00, -2.50) m.
- Output contract: predict exactly 5 waypoint x/y pairs in NED. The planner will set every waypoint z to goal z = -2.50 m before execution.
- Goal delta from current state is (-0.09, 0.60, -0.01) m with distance 0.60 m.
- Obstacle pipeline: depth_camera_to_body_to_ned_current_frame.
- Current depth frame obstacle points projected into NED: 0. Nearest depth obstacle in NED is at (0.09, 31.40, -2.49) m, relative vector (20.00, 0.00, 0.00) m, distance 20.00 m.
- Depth validity fraction is 0.36. Global nearest obstacle distance is 5.01 m.
- Sector minimum distances [far_left, left, center, right, far_right] are [5.02, 5.02, 5.02, 5.01, 5.01] m.
- Nearest obstacle sector is far_right at 5.01 m and clearance status is clear.
- Lateral planning hint: prefer center progress.","{""waypoints"":[{""x"":0.0,""y"":32.0},{""x"":0.0,""y"":32.0},{""x"":0.0,""y"":32.0},{""x"":0.0,""y"":32.0},{""x"":0.0,""y"":32.0}],""reasoning"":""Selected waypoint 0 moves the reference anchor from 0.40 m to 0.00 m from goal immediately and to 0.00 m by the final waypoint, so progress is 0.40 m selected / 0.40 m final and passes with monotonic goal-distance reduction. Kinematics is evaluated on 1 unique label waypoint(s), excluding consecutive duplicate terminal holds, and checks only that the trajectory stays within the configured bounds speed <= 15.00 m/s and acceleration <= 8.00 m/s^2, so kinematics passes. Goal will be reached in 1 waypoint(s) within 0.35 m tolerance. Safety passes: minimum clearance 1.66 m against manifest obstacles with 0 violating segment(s).""}",0.0,32.0,-2.5,0.0,32.0,-2.5,0.0,32.0,-2.5,0.0,32.0,-2.5,0.0,32.0,-2.5
1773774797.808591127,1773774797.808591127,0.000,offline_ground_truth_window,"Environment section (T(v)):
- Current position NED is (0.02, 31.80, -2.50) m.
- Current velocity is (-0.01, 0.04, 0.00) m/s (speed 0.04 m/s).
- Goal position NED is (0.00, 32.00, -2.50) m.
- Output contract: predict exactly 5 waypoint x/y pairs in NED. The planner will set every waypoint z to goal z = -2.50 m before execution.
- Goal delta from current state is (-0.02, 0.20, 0.00) m with distance 0.20 m.
- Obstacle pipeline: depth_camera_to_body_to_ned_current_frame.
- Current depth frame obstacle points projected into NED: 0. Nearest depth obstacle in NED is at (0.02, 31.80, -2.50) m, relative vector (20.00, 0.00, 0.00) m, distance 20.00 m.
- Depth validity fraction is 0.35. Global nearest obstacle distance is 5.10 m.
- Sector minimum distances [far_left, left, center, right, far_right] are [5.10, 5.10, 5.10, 5.11, 5.11] m.
- Nearest obstacle sector is far_left at 5.10 m and clearance status is clear.
- Lateral planning hint: prefer center progress.","{""waypoints"":[{""x"":0.0,""y"":32.0},{""x"":0.0,""y"":32.0},{""x"":0.0,""y"":32.0},{""x"":0.0,""y"":32.0},{""x"":0.0,""y"":32.0}],""reasoning"":""Selected waypoint 0 moves the reference anchor from 0.00 m to 0.00 m from goal immediately and to 0.00 m by the final waypoint, so progress is 0.00 m selected / 0.00 m final and fails with monotonic goal-distance reduction. Kinematics is evaluated on 1 unique label waypoint(s), excluding consecutive duplicate terminal holds, and checks only that the trajectory stays within the configured bounds speed <= 15.00 m/s and acceleration <= 8.00 m/s^2, so kinematics passes. Goal has already been reached at the reference anchor within 0.35 m tolerance. Safety passes: minimum clearance 1.75 m against manifest obstacles with 0 violating segment(s).""}",0.0,32.0,-2.5,0.0,32.0,-2.5,0.0,32.0,-2.5,0.0,32.0,-2.5,0.0,32.0,-2.5
