anchor_stamp_s,scene_stamp_s,sync_dt_ms,label_mode,prompt,label_waypoints_json,wp0_x,wp0_y,wp0_z,wp1_x,wp1_y,wp1_z,wp2_x,wp2_y,wp2_z,wp3_x,wp3_y,wp3_z,wp4_x,wp4_y,wp4_z
1773839557.392050743,1773839557.392050743,0.000,offline_ground_truth_window,"Environment section (T(v)):
- Current position NED is (-0.04, -0.09, -2.38) m.
- Current velocity is (0.00, -0.00, 0.00) m/s (speed 0.00 m/s).
- Goal position NED is (-0.44, 27.98, -2.50) m.
- Output contract: predict exactly 5 waypoint x/y pairs in NED. The planner will set every waypoint z to goal z = -2.50 m before execution.
- Goal delta from current state is (-0.40, 28.07, -0.12) m with distance 28.07 m.
- Obstacle pipeline: depth_camera_to_body_to_ned_current_frame.
- Current depth frame obstacle points projected into NED: 48. Nearest depth obstacle in NED is at (-0.39, 0.90, -2.30) m, relative vector (-0.35, 0.99, 0.08) m, distance 1.05 m.
- Depth validity fraction is 0.58. Global nearest obstacle distance is 0.87 m.
- Sector minimum distances [far_left, left, center, right, far_right] are [0.90, 0.87, 0.95, 1.11, 4.76] m.
- Nearest obstacle sector is left at 0.87 m and clearance status is blocked.
- Lateral planning hint: right side is clearer.","{""waypoints"":[{""x"":0.051091070175438846,""y"":0.4721120701754402},{""x"":0.04231914035087747,""y"":0.9633401403508788},{""x"":0.033547210526316096,""y"":1.4545682105263176},{""x"":0.024775280701754665,""y"":1.945796280701756},{""x"":0.016003350877193234,""y"":2.437024350877194}],""reasoning"":""Selected waypoint 0 moves the reference anchor from 28.00 m to 27.51 m from goal immediately and to 25.55 m by the final waypoint, so progress is 0.49 m selected / 2.46 m final and passes with monotonic goal-distance reduction. Kinematics is evaluated on 5 unique label waypoint(s), excluding consecutive duplicate terminal holds, and checks only that the trajectory stays within the configured bounds speed <= 15.00 m/s and acceleration <= 8.00 m/s^2, so kinematics passes. Goal is not reached within this label waypoint window. Safety passes: minimum clearance 4.22 m against manifest obstacles with 0 violating segment(s).""}",0.051091070175438846,0.4721120701754402,-2.5,0.04231914035087747,0.9633401403508788,-2.5,0.033547210526316096,1.4545682105263176,-2.5,0.024775280701754665,1.945796280701756,-2.5,0.016003350877193234,2.437024350877194,-2.5
1773839563.912182808,1773839563.912182808,0.000,offline_ground_truth_window,"Environment section (T(v)):
- Current position NED is (-0.01, 0.23, -2.46) m.
- Current velocity is (0.01, 0.03, -0.02) m/s (speed 0.04 m/s).
- Goal position NED is (-0.44, 27.98, -2.50) m.
- Output contract: predict exactly 5 waypoint x/y pairs in NED. The planner will set every waypoint z to goal z = -2.50 m before execution.
- Goal delta from current state is (-0.43, 27.76, -0.04) m with distance 27.76 m.
- Obstacle pipeline: depth_camera_to_body_to_ned_current_frame.
- Current depth frame obstacle points projected into NED: 82. Nearest depth obstacle in NED is at (-0.28, 0.88, -2.44) m, relative vector (-0.27, 0.65, 0.02) m, distance 0.71 m.
- Depth validity fraction is 0.56. Global nearest obstacle distance is 0.54 m.
- Sector minimum distances [far_left, left, center, right, far_right] are [0.54, 0.54, 0.61, 1.28, 4.88] m.
- Nearest obstacle sector is far_left at 0.54 m and clearance status is blocked.
- Lateral planning hint: right side is clearer.","{""waypoints"":[{""x"":0.04231914035087747,""y"":0.9633401403508788},{""x"":0.033547210526316096,""y"":1.4545682105263176},{""x"":0.024775280701754665,""y"":1.945796280701756},{""x"":0.016003350877193234,""y"":2.437024350877194},{""x"":0.007231421052631859,""y"":2.9282524210526333}],""reasoning"":""Selected waypoint 0 moves the reference anchor from 27.51 m to 27.02 m from goal immediately and to 25.06 m by the final waypoint, so progress is 0.49 m selected / 2.46 m final and passes with monotonic goal-distance reduction. Kinematics is evaluated on 5 unique label waypoint(s), excluding consecutive duplicate terminal holds, and checks only that the trajectory stays within the configured bounds speed <= 15.00 m/s and acceleration <= 8.00 m/s^2, so kinematics passes. Goal is not reached within this label waypoint window. Safety passes: minimum clearance 4.08 m against manifest obstacles with 0 violating segment(s).""}",0.04231914035087747,0.9633401403508788,-2.5,0.033547210526316096,1.4545682105263176,-2.5,0.024775280701754665,1.945796280701756,-2.5,0.016003350877193234,2.437024350877194,-2.5,0.007231421052631859,2.9282524210526333,-2.5
1773839569.402773857,1773839569.402773857,0.000,offline_ground_truth_window,"Environment section (T(v)):
- Current position NED is (0.03, 0.72, -2.48) m.
- Current velocity is (-0.00, 0.06, 0.01) m/s (speed 0.06 m/s).
- Goal position NED is (-0.44, 27.98, -2.50) m.
- Output contract: predict exactly 5 waypoint x/y pairs in NED. The planner will set every waypoint z to goal z = -2.50 m before execution.
- Goal delta from current state is (-0.47, 27.26, -0.02) m with distance 27.27 m.
- Obstacle pipeline: depth_camera_to_body_to_ned_current_frame.
- Current depth frame obstacle points projected into NED: 25. Nearest depth obstacle in NED is at (-0.16, 1.07, -2.35) m, relative vector (-0.19, 0.35, 0.13) m, distance 0.42 m.
- Depth validity fraction is 0.54. Global nearest obstacle distance is 0.23 m.
- Sector minimum distances [far_left, left, center, right, far_right] are [0.23, 0.26, 5.12, 5.11, 5.11] m.
- Nearest obstacle sector is far_left at 0.23 m and clearance status is blocked.
- Lateral planning hint: right side is clearer.","{""waypoints"":[{""x"":0.033547210526316096,""y"":1.4545682105263176},{""x"":0.024775280701754665,""y"":1.945796280701756},{""x"":0.016003350877193234,""y"":2.437024350877194},{""x"":0.007231421052631859,""y"":2.9282524210526333},{""x"":-0.0015405087719295163,""y"":3.4194804912280716}],""reasoning"":""Selected waypoint 0 moves the reference anchor from 27.02 m to 26.53 m from goal immediately and to 24.57 m by the final waypoint, so progress is 0.49 m selected / 2.46 m final and passes with monotonic goal-distance reduction. Kinematics is evaluated on 5 unique label waypoint(s), excluding consecutive duplicate terminal holds, and checks only that the trajectory stays within the configured bounds speed <= 15.00 m/s and acceleration <= 8.00 m/s^2, so kinematics passes. Goal is not reached within this label waypoint window. Safety passes: minimum clearance 3.99 m against manifest obstacles with 0 violating segment(s).""}",0.033547210526316096,1.4545682105263176,-2.5,0.024775280701754665,1.945796280701756,-2.5,0.016003350877193234,2.437024350877194,-2.5,0.007231421052631859,2.9282524210526333,-2.5,-0.0015405087719295163,3.4194804912280716,-2.5
1773839575.181191444,1773839575.181191444,0.000,offline_ground_truth_window,"Environment section (T(v)):
- Current position NED is (0.06, 1.21, -2.51) m.
- Current velocity is (0.00, 0.09, 0.01) m/s (speed 0.09 m/s).
- Goal position NED is (-0.44, 27.98, -2.50) m.
- Output contract: predict exactly 5 waypoint x/y pairs in NED. The planner will set every waypoint z to goal z = -2.50 m before execution.
- Goal delta from current state is (-0.50, 26.77, 0.01) m with distance 26.78 m.
- Obstacle pipeline: depth_camera_to_body_to_ned_current_frame.
- Current depth frame obstacle points projected into NED: 5. Nearest depth obstacle in NED is at (2.72, 11.61, -2.56) m, relative vector (2.66, 10.40, -0.05) m, distance 10.74 m.
- Depth validity fraction is 0.54. Global nearest obstacle distance is 5.09 m.
- Sector minimum distances [far_left, left, center, right, far_right] are [5.12, 5.12, 5.11, 5.10, 5.09] m.
- Nearest obstacle sector is far_right at 5.09 m and clearance status is clear.
- Lateral planning hint: prefer center progress.","{""waypoints"":[{""x"":0.024775280701754665,""y"":1.945796280701756},{""x"":0.016003350877193234,""y"":2.437024350877194},{""x"":0.007231421052631859,""y"":2.9282524210526333},{""x"":-0.0015405087719295163,""y"":3.4194804912280716},{""x"":-0.010312438596490947,""y"":3.91070856140351}],""reasoning"":""Selected waypoint 0 moves the reference anchor from 26.53 m to 26.04 m from goal immediately and to 24.07 m by the final waypoint, so progress is 0.49 m selected / 2.46 m final and passes with monotonic goal-distance reduction. Kinematics is evaluated on 5 unique label waypoint(s), excluding consecutive duplicate terminal holds, and checks only that the trajectory stays within the configured bounds speed <= 15.00 m/s and acceleration <= 8.00 m/s^2, so kinematics passes. Goal is not reached within this label waypoint window. Safety passes: minimum clearance 3.95 m against manifest obstacles with 0 violating segment(s).""}",0.024775280701754665,1.945796280701756,-2.5,0.016003350877193234,2.437024350877194,-2.5,0.007231421052631859,2.9282524210526333,-2.5,-0.0015405087719295163,3.4194804912280716,-2.5,-0.010312438596490947,3.91070856140351,-2.5
1773839582.549842596,1773839582.549842596,0.000,offline_ground_truth_window,"Environment section (T(v)):
- Current position NED is (0.04, 1.70, -2.50) m.
- Current velocity is (-0.00, 0.07, 0.00) m/s (speed 0.07 m/s).
- Goal position NED is (-0.44, 27.98, -2.50) m.
- Output contract: predict exactly 5 waypoint x/y pairs in NED. The planner will set every waypoint z to goal z = -2.50 m before execution.
- Goal delta from current state is (-0.48, 26.28, -0.00) m with distance 26.28 m.
- Obstacle pipeline: depth_camera_to_body_to_ned_current_frame.
- Current depth frame obstacle points projected into NED: 3. Nearest depth obstacle in NED is at (2.58, 11.70, -2.05) m, relative vector (2.54, 10.00, 0.45) m, distance 10.33 m.
- Depth validity fraction is 0.54. Global nearest obstacle distance is 4.99 m.
- Sector minimum distances [far_left, left, center, right, far_right] are [5.00, 5.00, 5.00, 4.99, 4.99] m.
- Nearest obstacle sector is far_right at 4.99 m and clearance status is clear.
- Lateral planning hint: prefer center progress.","{""waypoints"":[{""x"":0.016003350877193234,""y"":2.437024350877194},{""x"":0.007231421052631859,""y"":2.9282524210526333},{""x"":-0.0015405087719295163,""y"":3.4194804912280716},{""x"":-0.010312438596490947,""y"":3.91070856140351},{""x"":-0.01908436842105235,""y"":4.401936631578948}],""reasoning"":""Selected waypoint 0 moves the reference anchor from 26.04 m to 25.55 m from goal immediately and to 23.58 m by the final waypoint, so progress is 0.49 m selected / 2.46 m final and passes with monotonic goal-distance reduction. Kinematics is evaluated on 5 unique label waypoint(s), excluding consecutive duplicate terminal holds, and checks only that the trajectory stays within the configured bounds speed <= 15.00 m/s and acceleration <= 8.00 m/s^2, so kinematics passes. Goal is not reached within this label waypoint window. Safety passes: minimum clearance 3.95 m against manifest obstacles with 0 violating segment(s).""}",0.016003350877193234,2.437024350877194,-2.5,0.007231421052631859,2.9282524210526333,-2.5,-0.0015405087719295163,3.4194804912280716,-2.5,-0.010312438596490947,3.91070856140351,-2.5,-0.01908436842105235,4.401936631578948,-2.5
1773839589.446761847,1773839589.446761847,0.000,offline_ground_truth_window,"Environment section (T(v)):
- Current position NED is (-0.01, 2.19, -2.50) m.
- Current velocity is (-0.01, 0.07, 0.00) m/s (speed 0.07 m/s).
- Goal position NED is (-0.44, 27.98, -2.50) m.
- Output contract: predict exactly 5 waypoint x/y pairs in NED. The planner will set every waypoint z to goal z = -2.50 m before execution.
- Goal delta from current state is (-0.43, 25.79, 0.00) m with distance 25.79 m.
- Obstacle pipeline: depth_camera_to_body_to_ned_current_frame.
- Current depth frame obstacle points projected into NED: 1. Nearest depth obstacle in NED is at (2.47, 11.74, -2.52) m, relative vector (2.48, 9.55, -0.02) m, distance 9.87 m.
- Depth validity fraction is 0.55. Global nearest obstacle distance is 4.91 m.
- Sector minimum distances [far_left, left, center, right, far_right] are [4.91, 4.92, 4.92, 4.93, 4.94] m.
- Nearest obstacle sector is far_left at 4.91 m and clearance status is clear.
- Lateral planning hint: prefer center progress.","{""waypoints"":[{""x"":0.007231421052631859,""y"":2.9282524210526333},{""x"":-0.0015405087719295163,""y"":3.4194804912280716},{""x"":-0.010312438596490947,""y"":3.91070856140351},{""x"":-0.01908436842105235,""y"":4.401936631578948},{""x"":-0.027856298245613753,""y"":4.893164701754387}],""reasoning"":""Selected waypoint 0 moves the reference anchor from 25.55 m to 25.06 m from goal immediately and to 23.09 m by the final waypoint, so progress is 0.49 m selected / 2.46 m final and passes with monotonic goal-distance reduction. Kinematics is evaluated on 5 unique label waypoint(s), excluding consecutive duplicate terminal holds, and checks only that the trajectory stays within the configured bounds speed <= 15.00 m/s and acceleration <= 8.00 m/s^2, so kinematics passes. Goal is not reached within this label waypoint window. Safety passes: minimum clearance 3.95 m against manifest obstacles with 0 violating segment(s).""}",0.007231421052631859,2.9282524210526333,-2.5,-0.0015405087719295163,3.4194804912280716,-2.5,-0.010312438596490947,3.91070856140351,-2.5,-0.01908436842105235,4.401936631578948,-2.5,-0.027856298245613753,4.893164701754387,-2.5
1773839595.025569677,1773839595.025569677,0.000,offline_ground_truth_window,"Environment section (T(v)):
- Current position NED is (-0.02, 2.68, -2.49) m.
- Current velocity is (0.01, 0.07, 0.00) m/s (speed 0.07 m/s).
- Goal position NED is (-0.44, 27.98, -2.50) m.
- Output contract: predict exactly 5 waypoint x/y pairs in NED. The planner will set every waypoint z to goal z = -2.50 m before execution.
- Goal delta from current state is (-0.42, 25.30, -0.01) m with distance 25.30 m.
- Obstacle pipeline: depth_camera_to_body_to_ned_current_frame.
- Current depth frame obstacle points projected into NED: 5. Nearest depth obstacle in NED is at (2.80, 11.62, -2.47) m, relative vector (2.82, 8.94, 0.02) m, distance 9.37 m.
- Depth validity fraction is 0.54. Global nearest obstacle distance is 4.97 m.
- Sector minimum distances [far_left, left, center, right, far_right] are [4.97, 4.97, 4.97, 4.97, 4.97] m.
- Nearest obstacle sector is far_left at 4.97 m and clearance status is clear.
- Lateral planning hint: prefer center progress.","{""waypoints"":[{""x"":-0.0015405087719295163,""y"":3.4194804912280716},{""x"":-0.010312438596490947,""y"":3.91070856140351},{""x"":-0.01908436842105235,""y"":4.401936631578948},{""x"":-0.027856298245613753,""y"":4.893164701754387},{""x"":-0.036628228070175156,""y"":5.384392771929826}],""reasoning"":""Selected waypoint 0 moves the reference anchor from 25.06 m to 24.57 m from goal immediately and to 22.60 m by the final waypoint, so progress is 0.49 m selected / 2.46 m final and passes with monotonic goal-distance reduction. Kinematics is evaluated on 5 unique label waypoint(s), excluding consecutive duplicate terminal holds, and checks only that the trajectory stays within the configured bounds speed <= 15.00 m/s and acceleration <= 8.00 m/s^2, so kinematics passes. Goal is not reached within this label waypoint window. Safety passes: minimum clearance 3.95 m against manifest obstacles with 0 violating segment(s).""}",-0.0015405087719295163,3.4194804912280716,-2.5,-0.010312438596490947,3.91070856140351,-2.5,-0.01908436842105235,4.401936631578948,-2.5,-0.027856298245613753,4.893164701754387,-2.5,-0.036628228070175156,5.384392771929826,-2.5
1773839601.868175745,1773839601.868175745,0.000,offline_ground_truth_window,"Environment section (T(v)):
- Current position NED is (0.01, 3.17, -2.49) m.
- Current velocity is (-0.00, 0.06, 0.00) m/s (speed 0.06 m/s).
- Goal position NED is (-0.44, 27.98, -2.50) m.
- Output contract: predict exactly 5 waypoint x/y pairs in NED. The planner will set every waypoint z to goal z = -2.50 m before execution.
- Goal delta from current state is (-0.45, 24.81, -0.01) m with distance 24.81 m.
- Obstacle pipeline: depth_camera_to_body_to_ned_current_frame.
- Current depth frame obstacle points projected into NED: 13. Nearest depth obstacle in NED is at (3.06, 11.63, -2.39) m, relative vector (3.05, 8.46, 0.10) m, distance 8.99 m.
- Depth validity fraction is 0.54. Global nearest obstacle distance is 4.96 m.
- Sector minimum distances [far_left, left, center, right, far_right] are [4.97, 4.97, 4.97, 4.97, 4.96] m.
- Nearest obstacle sector is far_right at 4.96 m and clearance status is clear.
- Lateral planning hint: prefer center progress.","{""waypoints"":[{""x"":-0.010312438596490947,""y"":3.91070856140351},{""x"":-0.01908436842105235,""y"":4.401936631578948},{""x"":-0.027856298245613753,""y"":4.893164701754387},{""x"":-0.036628228070175156,""y"":5.384392771929826},{""x"":-0.04540015789473656,""y"":5.875620842105264}],""reasoning"":""Selected waypoint 0 moves the reference anchor from 24.57 m to 24.07 m from goal immediately and to 22.11 m by the final waypoint, so progress is 0.49 m selected / 2.46 m final and passes with monotonic goal-distance reduction. Kinematics is evaluated on 5 unique label waypoint(s), excluding consecutive duplicate terminal holds, and checks only that the trajectory stays within the configured bounds speed <= 15.00 m/s and acceleration <= 8.00 m/s^2, so kinematics passes. Goal is not reached within this label waypoint window. Safety passes: minimum clearance 3.95 m against manifest obstacles with 0 violating segment(s).""}",-0.010312438596490947,3.91070856140351,-2.5,-0.01908436842105235,4.401936631578948,-2.5,-0.027856298245613753,4.893164701754387,-2.5,-0.036628228070175156,5.384392771929826,-2.5,-0.04540015789473656,5.875620842105264,-2.5
1773839611.245671511,1773839611.245671511,0.000,offline_ground_truth_window,"Environment section (T(v)):
- Current position NED is (0.00, 3.67, -2.48) m.
- Current velocity is (-0.01, 0.07, -0.00) m/s (speed 0.07 m/s).
- Goal position NED is (-0.44, 27.98, -2.50) m.
- Output contract: predict exactly 5 waypoint x/y pairs in NED. The planner will set every waypoint z to goal z = -2.50 m before execution.
- Goal delta from current state is (-0.44, 24.32, -0.02) m with distance 24.32 m.
- Obstacle pipeline: depth_camera_to_body_to_ned_current_frame.
- Current depth frame obstacle points projected into NED: 7. Nearest depth obstacle in NED is at (2.71, 11.70, -2.34) m, relative vector (2.71, 8.03, 0.14) m, distance 8.48 m.
- Depth validity fraction is 0.54. Global nearest obstacle distance is 4.93 m.
- Sector minimum distances [far_left, left, center, right, far_right] are [4.93, 4.94, 4.94, 4.94, 4.94] m.
- Nearest obstacle sector is far_left at 4.93 m and clearance status is clear.
- Lateral planning hint: prefer center progress.","{""waypoints"":[{""x"":-0.01908436842105235,""y"":4.401936631578948},{""x"":-0.027856298245613753,""y"":4.893164701754387},{""x"":-0.036628228070175156,""y"":5.384392771929826},{""x"":-0.04540015789473656,""y"":5.875620842105264},{""x"":-0.05417208771929796,""y"":6.366848912280703}],""reasoning"":""Selected waypoint 0 moves the reference anchor from 24.07 m to 23.58 m from goal immediately and to 21.62 m by the final waypoint, so progress is 0.49 m selected / 2.46 m final and passes with monotonic goal-distance reduction. Kinematics is evaluated on 5 unique label waypoint(s), excluding consecutive duplicate terminal holds, and checks only that the trajectory stays within the configured bounds speed <= 15.00 m/s and acceleration <= 8.00 m/s^2, so kinematics passes. Goal is not reached within this label waypoint window. Safety passes: minimum clearance 3.95 m against manifest obstacles with 0 violating segment(s).""}",-0.01908436842105235,4.401936631578948,-2.5,-0.027856298245613753,4.893164701754387,-2.5,-0.036628228070175156,5.384392771929826,-2.5,-0.04540015789473656,5.875620842105264,-2.5,-0.05417208771929796,6.366848912280703,-2.5
1773839617.254782677,1773839617.254782677,0.000,offline_ground_truth_window,"Environment section (T(v)):
- Current position NED is (-0.01, 4.16, -2.48) m.
- Current velocity is (-0.01, 0.03, 0.01) m/s (speed 0.04 m/s).
- Goal position NED is (-0.44, 27.98, -2.50) m.
- Output contract: predict exactly 5 waypoint x/y pairs in NED. The planner will set every waypoint z to goal z = -2.50 m before execution.
- Goal delta from current state is (-0.43, 23.82, -0.02) m with distance 23.83 m.
- Obstacle pipeline: depth_camera_to_body_to_ned_current_frame.
- Current depth frame obstacle points projected into NED: 9. Nearest depth obstacle in NED is at (2.87, 11.62, -2.32) m, relative vector (2.88, 7.46, 0.16) m, distance 8.00 m.
- Depth validity fraction is 0.54. Global nearest obstacle distance is 4.99 m.
- Sector minimum distances [far_left, left, center, right, far_right] are [4.99, 5.00, 5.00, 5.00, 5.00] m.
- Nearest obstacle sector is far_left at 4.99 m and clearance status is clear.
- Lateral planning hint: prefer center progress.","{""waypoints"":[{""x"":-0.027856298245613753,""y"":4.893164701754387},{""x"":-0.036628228070175156,""y"":5.384392771929826},{""x"":-0.04540015789473656,""y"":5.875620842105264},{""x"":-0.05417208771929796,""y"":6.366848912280703},{""x"":-0.06294401754385937,""y"":6.858076982456142}],""reasoning"":""Selected waypoint 0 moves the reference anchor from 23.58 m to 23.09 m from goal immediately and to 21.13 m by the final waypoint, so progress is 0.49 m selected / 2.46 m final and passes with monotonic goal-distance reduction. Kinematics is evaluated on 5 unique label waypoint(s), excluding consecutive duplicate terminal holds, and checks only that the trajectory stays within the configured bounds speed <= 15.00 m/s and acceleration <= 8.00 m/s^2, so kinematics passes. Goal is not reached within this label waypoint window. Safety passes: minimum clearance 3.96 m against manifest obstacles with 0 violating segment(s).""}",-0.027856298245613753,4.893164701754387,-2.5,-0.036628228070175156,5.384392771929826,-2.5,-0.04540015789473656,5.875620842105264,-2.5,-0.05417208771929796,6.366848912280703,-2.5,-0.06294401754385937,6.858076982456142,-2.5
1773839623.614968538,1773839623.614968538,0.000,offline_ground_truth_window,"Environment section (T(v)):
- Current position NED is (-0.05, 4.65, -2.49) m.
- Current velocity is (-0.00, 0.05, 0.01) m/s (speed 0.05 m/s).
- Goal position NED is (-0.44, 27.98, -2.50) m.
- Output contract: predict exactly 5 waypoint x/y pairs in NED. The planner will set every waypoint z to goal z = -2.50 m before execution.
- Goal delta from current state is (-0.39, 23.33, -0.01) m with distance 23.34 m.
- Obstacle pipeline: depth_camera_to_body_to_ned_current_frame.
- Current depth frame obstacle points projected into NED: 14. Nearest depth obstacle in NED is at (2.83, 11.62, -2.62) m, relative vector (2.89, 6.98, -0.13) m, distance 7.55 m.
- Depth validity fraction is 0.54. Global nearest obstacle distance is 5.03 m.
- Sector minimum distances [far_left, left, center, right, far_right] are [5.03, 5.03, 5.03, 5.03, 5.03] m.
- Nearest obstacle sector is far_left at 5.03 m and clearance status is clear.
- Lateral planning hint: prefer center progress.","{""waypoints"":[{""x"":-0.036628228070175156,""y"":5.384392771929826},{""x"":-0.04540015789473656,""y"":5.875620842105264},{""x"":-0.05417208771929796,""y"":6.366848912280703},{""x"":-0.06294401754385937,""y"":6.858076982456142},{""x"":-0.07171594736842077,""y"":7.34930505263158}],""reasoning"":""Selected waypoint 0 moves the reference anchor from 23.09 m to 22.60 m from goal immediately and to 20.63 m by the final waypoint, so progress is 0.49 m selected / 2.46 m final and passes with monotonic goal-distance reduction. Kinematics is evaluated on 5 unique label waypoint(s), excluding consecutive duplicate terminal holds, and checks only that the trajectory stays within the configured bounds speed <= 15.00 m/s and acceleration <= 8.00 m/s^2, so kinematics passes. Goal is not reached within this label waypoint window. Safety passes: minimum clearance 4.03 m against manifest obstacles with 0 violating segment(s).""}",-0.036628228070175156,5.384392771929826,-2.5,-0.04540015789473656,5.875620842105264,-2.5,-0.05417208771929796,6.366848912280703,-2.5,-0.06294401754385937,6.858076982456142,-2.5,-0.07171594736842077,7.34930505263158,-2.5
1773839630.723426819,1773839630.723426819,0.000,offline_ground_truth_window,"Environment section (T(v)):
- Current position NED is (-0.06, 5.14, -2.48) m.
- Current velocity is (0.01, 0.08, -0.00) m/s (speed 0.08 m/s).
- Goal position NED is (-0.44, 27.98, -2.50) m.
- Output contract: predict exactly 5 waypoint x/y pairs in NED. The planner will set every waypoint z to goal z = -2.50 m before execution.
- Goal delta from current state is (-0.38, 22.84, -0.02) m with distance 22.84 m.
- Obstacle pipeline: depth_camera_to_body_to_ned_current_frame.
- Current depth frame obstacle points projected into NED: 17. Nearest depth obstacle in NED is at (2.89, 11.61, -2.01) m, relative vector (2.96, 6.47, 0.47) m, distance 7.13 m.
- Depth validity fraction is 0.55. Global nearest obstacle distance is 4.99 m.
- Sector minimum distances [far_left, left, center, right, far_right] are [4.99, 4.99, 4.99, 4.99, 4.99] m.
- Nearest obstacle sector is far_right at 4.99 m and clearance status is clear.
- Lateral planning hint: prefer center progress.","{""waypoints"":[{""x"":-0.04540015789473656,""y"":5.875620842105264},{""x"":-0.05417208771929796,""y"":6.366848912280703},{""x"":-0.06294401754385937,""y"":6.858076982456142},{""x"":-0.07171594736842077,""y"":7.34930505263158},{""x"":-0.08048787719298217,""y"":7.8405331228070185}],""reasoning"":""Selected waypoint 0 moves the reference anchor from 22.60 m to 22.11 m from goal immediately and to 20.14 m by the final waypoint, so progress is 0.49 m selected / 2.46 m final and passes with monotonic goal-distance reduction. Kinematics is evaluated on 5 unique label waypoint(s), excluding consecutive duplicate terminal holds, and checks only that the trajectory stays within the configured bounds speed <= 15.00 m/s and acceleration <= 8.00 m/s^2, so kinematics passes. Goal is not reached within this label waypoint window. Safety passes: minimum clearance 4.15 m against manifest obstacles with 0 violating segment(s).""}",-0.04540015789473656,5.875620842105264,-2.5,-0.05417208771929796,6.366848912280703,-2.5,-0.06294401754385937,6.858076982456142,-2.5,-0.07171594736842077,7.34930505263158,-2.5,-0.08048787719298217,7.8405331228070185,-2.5
1773839638.300507307,1773839638.300507307,0.000,offline_ground_truth_window,"Environment section (T(v)):
- Current position NED is (-0.04, 5.63, -2.50) m.
- Current velocity is (0.00, 0.06, 0.00) m/s (speed 0.06 m/s).
- Goal position NED is (-0.44, 27.98, -2.50) m.
- Output contract: predict exactly 5 waypoint x/y pairs in NED. The planner will set every waypoint z to goal z = -2.50 m before execution.
- Goal delta from current state is (-0.40, 22.35, -0.00) m with distance 22.35 m.
- Obstacle pipeline: depth_camera_to_body_to_ned_current_frame.
- Current depth frame obstacle points projected into NED: 17. Nearest depth obstacle in NED is at (2.99, 11.61, -2.60) m, relative vector (3.03, 5.97, -0.10) m, distance 6.70 m.
- Depth validity fraction is 0.55. Global nearest obstacle distance is 5.02 m.
- Sector minimum distances [far_left, left, center, right, far_right] are [5.04, 5.04, 5.03, 5.03, 5.02] m.
- Nearest obstacle sector is far_right at 5.02 m and clearance status is clear.
- Lateral planning hint: prefer center progress.","{""waypoints"":[{""x"":-0.05417208771929796,""y"":6.366848912280703},{""x"":-0.06294401754385937,""y"":6.858076982456142},{""x"":-0.07171594736842077,""y"":7.34930505263158},{""x"":-0.08048787719298217,""y"":7.8405331228070185},{""x"":-0.08925980701754357,""y"":8.331761192982457}],""reasoning"":""Selected waypoint 0 moves the reference anchor from 22.11 m to 21.62 m from goal immediately and to 19.65 m by the final waypoint, so progress is 0.49 m selected / 2.46 m final and passes with monotonic goal-distance reduction. Kinematics is evaluated on 5 unique label waypoint(s), excluding consecutive duplicate terminal holds, and checks only that the trajectory stays within the configured bounds speed <= 15.00 m/s and acceleration <= 8.00 m/s^2, so kinematics passes. Goal is not reached within this label waypoint window. Safety passes: minimum clearance 4.10 m against manifest obstacles with 0 violating segment(s).""}",-0.05417208771929796,6.366848912280703,-2.5,-0.06294401754385937,6.858076982456142,-2.5,-0.07171594736842077,7.34930505263158,-2.5,-0.08048787719298217,7.8405331228070185,-2.5,-0.08925980701754357,8.331761192982457,-2.5
1773839645.936393499,1773839645.936393499,0.000,offline_ground_truth_window,"Environment section (T(v)):
- Current position NED is (-0.11, 6.12, -2.50) m.
- Current velocity is (-0.00, 0.04, 0.01) m/s (speed 0.04 m/s).
- Goal position NED is (-0.44, 27.98, -2.50) m.
- Output contract: predict exactly 5 waypoint x/y pairs in NED. The planner will set every waypoint z to goal z = -2.50 m before execution.
- Goal delta from current state is (-0.33, 21.86, 0.00) m with distance 21.86 m.
- Obstacle pipeline: depth_camera_to_body_to_ned_current_frame.
- Current depth frame obstacle points projected into NED: 14. Nearest depth obstacle in NED is at (2.83, 11.66, -2.42) m, relative vector (2.94, 5.54, 0.09) m, distance 6.27 m.
- Depth validity fraction is 0.55. Global nearest obstacle distance is 5.02 m.
- Sector minimum distances [far_left, left, center, right, far_right] are [5.04, 5.05, 5.05, 5.06, 5.02] m.
- Nearest obstacle sector is far_right at 5.02 m and clearance status is clear.
- Lateral planning hint: prefer center progress.","{""waypoints"":[{""x"":-0.06294401754385937,""y"":6.858076982456142},{""x"":-0.07171594736842077,""y"":7.34930505263158},{""x"":-0.08048787719298217,""y"":7.8405331228070185},{""x"":-0.08925980701754357,""y"":8.331761192982457},{""x"":-0.09803173684210498,""y"":8.822989263157895}],""reasoning"":""Selected waypoint 0 moves the reference anchor from 21.62 m to 21.13 m from goal immediately and to 19.16 m by the final waypoint, so progress is 0.49 m selected / 2.46 m final and passes with monotonic goal-distance reduction. Kinematics is evaluated on 5 unique label waypoint(s), excluding consecutive duplicate terminal holds, and checks only that the trajectory stays within the configured bounds speed <= 15.00 m/s and acceleration <= 8.00 m/s^2, so kinematics passes. Goal is not reached within this label waypoint window. Safety passes: minimum clearance 3.87 m against manifest obstacles with 0 violating segment(s).""}",-0.06294401754385937,6.858076982456142,-2.5,-0.07171594736842077,7.34930505263158,-2.5,-0.08048787719298217,7.8405331228070185,-2.5,-0.08925980701754357,8.331761192982457,-2.5,-0.09803173684210498,8.822989263157895,-2.5
1773839652.622557402,1773839652.622557402,0.000,offline_ground_truth_window,"Environment section (T(v)):
- Current position NED is (-0.06, 6.61, -2.51) m.
- Current velocity is (0.00, 0.09, 0.01) m/s (speed 0.09 m/s).
- Goal position NED is (-0.44, 27.98, -2.50) m.
- Output contract: predict exactly 5 waypoint x/y pairs in NED. The planner will set every waypoint z to goal z = -2.50 m before execution.
- Goal delta from current state is (-0.38, 21.37, 0.01) m with distance 21.37 m.
- Obstacle pipeline: depth_camera_to_body_to_ned_current_frame.
- Current depth frame obstacle points projected into NED: 8. Nearest depth obstacle in NED is at (2.84, 11.98, -2.19) m, relative vector (2.89, 5.36, 0.32) m, distance 6.10 m.
- Depth validity fraction is 0.54. Global nearest obstacle distance is 4.67 m.
- Sector minimum distances [far_left, left, center, right, far_right] are [5.09, 5.12, 5.12, 5.12, 4.67] m.
- Nearest obstacle sector is far_right at 4.67 m and clearance status is clear.
- Lateral planning hint: prefer center progress.","{""waypoints"":[{""x"":-0.07171594736842077,""y"":7.34930505263158},{""x"":-0.08048787719298217,""y"":7.8405331228070185},{""x"":-0.08925980701754357,""y"":8.331761192982457},{""x"":-0.09803173684210498,""y"":8.822989263157895},{""x"":-0.10680366666666638,""y"":9.314217333333334}],""reasoning"":""Selected waypoint 0 moves the reference anchor from 21.13 m to 20.63 m from goal immediately and to 18.67 m by the final waypoint, so progress is 0.49 m selected / 2.46 m final and passes with monotonic goal-distance reduction. Kinematics is evaluated on 5 unique label waypoint(s), excluding consecutive duplicate terminal holds, and checks only that the trajectory stays within the configured bounds speed <= 15.00 m/s and acceleration <= 8.00 m/s^2, so kinematics passes. Goal is not reached within this label waypoint window. Safety passes: minimum clearance 3.69 m against manifest obstacles with 0 violating segment(s).""}",-0.07171594736842077,7.34930505263158,-2.5,-0.08048787719298217,7.8405331228070185,-2.5,-0.08925980701754357,8.331761192982457,-2.5,-0.09803173684210498,8.822989263157895,-2.5,-0.10680366666666638,9.314217333333334,-2.5
1773839660.368396997,1773839660.368396997,0.000,offline_ground_truth_window,"Environment section (T(v)):
- Current position NED is (-0.05, 7.10, -2.49) m.
- Current velocity is (-0.01, 0.07, 0.00) m/s (speed 0.07 m/s).
- Goal position NED is (-0.44, 27.98, -2.50) m.
- Output contract: predict exactly 5 waypoint x/y pairs in NED. The planner will set every waypoint z to goal z = -2.50 m before execution.
- Goal delta from current state is (-0.39, 20.88, -0.01) m with distance 20.88 m.
- Obstacle pipeline: depth_camera_to_body_to_ned_current_frame.
- Current depth frame obstacle points projected into NED: 5. Nearest depth obstacle in NED is at (2.74, 14.95, -2.33) m, relative vector (2.78, 7.85, 0.16) m, distance 8.33 m.
- Depth validity fraction is 0.55. Global nearest obstacle distance is 4.54 m.
- Sector minimum distances [far_left, left, center, right, far_right] are [4.99, 4.99, 4.99, 5.00, 4.54] m.
- Nearest obstacle sector is far_right at 4.54 m and clearance status is clear.
- Lateral planning hint: prefer center progress.","{""waypoints"":[{""x"":-0.08048787719298217,""y"":7.8405331228070185},{""x"":-0.08925980701754357,""y"":8.331761192982457},{""x"":-0.09803173684210498,""y"":8.822989263157895},{""x"":-0.10680366666666638,""y"":9.314217333333334},{""x"":-0.11557559649122778,""y"":9.805445403508772}],""reasoning"":""Selected waypoint 0 moves the reference anchor from 20.63 m to 20.14 m from goal immediately and to 18.18 m by the final waypoint, so progress is 0.49 m selected / 2.46 m final and passes with monotonic goal-distance reduction. Kinematics is evaluated on 5 unique label waypoint(s), excluding consecutive duplicate terminal holds, and checks only that the trajectory stays within the configured bounds speed <= 15.00 m/s and acceleration <= 8.00 m/s^2, so kinematics passes. Goal is not reached within this label waypoint window. Safety passes: minimum clearance 3.56 m against manifest obstacles with 0 violating segment(s).""}",-0.08048787719298217,7.8405331228070185,-2.5,-0.08925980701754357,8.331761192982457,-2.5,-0.09803173684210498,8.822989263157895,-2.5,-0.10680366666666638,9.314217333333334,-2.5,-0.11557559649122778,9.805445403508772,-2.5
1773839668.701739311,1773839668.701739311,0.000,offline_ground_truth_window,"Environment section (T(v)):
- Current position NED is (-0.05, 7.60, -2.48) m.
- Current velocity is (-0.01, 0.06, -0.01) m/s (speed 0.06 m/s).
- Goal position NED is (-0.44, 27.98, -2.50) m.
- Output contract: predict exactly 5 waypoint x/y pairs in NED. The planner will set every waypoint z to goal z = -2.50 m before execution.
- Goal delta from current state is (-0.39, 20.38, -0.02) m with distance 20.39 m.
- Obstacle pipeline: depth_camera_to_body_to_ned_current_frame.
- Current depth frame obstacle points projected into NED: 9. Nearest depth obstacle in NED is at (2.91, 14.86, -2.27) m, relative vector (2.97, 7.26, 0.21) m, distance 7.85 m.
- Depth validity fraction is 0.55. Global nearest obstacle distance is 4.93 m.
- Sector minimum distances [far_left, left, center, right, far_right] are [4.93, 4.94, 4.94, 4.94, 4.94] m.
- Nearest obstacle sector is far_left at 4.93 m and clearance status is clear.
- Lateral planning hint: prefer center progress.","{""waypoints"":[{""x"":-0.08925980701754357,""y"":8.331761192982457},{""x"":-0.09803173684210498,""y"":8.822989263157895},{""x"":-0.10680366666666638,""y"":9.314217333333334},{""x"":-0.11557559649122778,""y"":9.805445403508772},{""x"":-0.12434752631578919,""y"":10.296673473684212}],""reasoning"":""Selected waypoint 0 moves the reference anchor from 20.14 m to 19.65 m from goal immediately and to 17.69 m by the final waypoint, so progress is 0.49 m selected / 2.46 m final and passes with monotonic goal-distance reduction. Kinematics is evaluated on 5 unique label waypoint(s), excluding consecutive duplicate terminal holds, and checks only that the trajectory stays within the configured bounds speed <= 15.00 m/s and acceleration <= 8.00 m/s^2, so kinematics passes. Goal is not reached within this label waypoint window. Safety passes: minimum clearance 3.49 m against manifest obstacles with 0 violating segment(s).""}",-0.08925980701754357,8.331761192982457,-2.5,-0.09803173684210498,8.822989263157895,-2.5,-0.10680366666666638,9.314217333333334,-2.5,-0.11557559649122778,9.805445403508772,-2.5,-0.12434752631578919,10.296673473684212,-2.5
1773839676.287819862,1773839676.287819862,0.000,offline_ground_truth_window,"Environment section (T(v)):
- Current position NED is (-0.07, 8.09, -2.48) m.
- Current velocity is (0.00, 0.07, 0.01) m/s (speed 0.07 m/s).
- Goal position NED is (-0.44, 27.98, -2.50) m.
- Output contract: predict exactly 5 waypoint x/y pairs in NED. The planner will set every waypoint z to goal z = -2.50 m before execution.
- Goal delta from current state is (-0.37, 19.89, -0.02) m with distance 19.89 m.
- Obstacle pipeline: depth_camera_to_body_to_ned_current_frame.
- Current depth frame obstacle points projected into NED: 4. Nearest depth obstacle in NED is at (2.99, 14.84, -2.73) m, relative vector (3.06, 6.75, -0.24) m, distance 7.41 m.
- Depth validity fraction is 0.54. Global nearest obstacle distance is 5.03 m.
- Sector minimum distances [far_left, left, center, right, far_right] are [5.04, 5.04, 5.04, 5.03, 5.03] m.
- Nearest obstacle sector is far_right at 5.03 m and clearance status is clear.
- Lateral planning hint: prefer center progress.","{""waypoints"":[{""x"":-0.09803173684210498,""y"":8.822989263157895},{""x"":-0.10680366666666638,""y"":9.314217333333334},{""x"":-0.11557559649122778,""y"":9.805445403508772},{""x"":-0.12434752631578919,""y"":10.296673473684212},{""x"":-0.1331194561403506,""y"":10.78790154385965}],""reasoning"":""Selected waypoint 0 moves the reference anchor from 19.65 m to 19.16 m from goal immediately and to 17.20 m by the final waypoint, so progress is 0.49 m selected / 2.46 m final and passes with monotonic goal-distance reduction. Kinematics is evaluated on 5 unique label waypoint(s), excluding consecutive duplicate terminal holds, and checks only that the trajectory stays within the configured bounds speed <= 15.00 m/s and acceleration <= 8.00 m/s^2, so kinematics passes. Goal is not reached within this label waypoint window. Safety passes: minimum clearance 3.48 m against manifest obstacles with 0 violating segment(s).""}",-0.09803173684210498,8.822989263157895,-2.5,-0.10680366666666638,9.314217333333334,-2.5,-0.11557559649122778,9.805445403508772,-2.5,-0.12434752631578919,10.296673473684212,-2.5,-0.1331194561403506,10.78790154385965,-2.5
1773839685.326986313,1773839685.326986313,0.000,offline_ground_truth_window,"Environment section (T(v)):
- Current position NED is (-0.12, 8.58, -2.50) m.
- Current velocity is (0.00, 0.09, 0.00) m/s (speed 0.09 m/s).
- Goal position NED is (-0.44, 27.98, -2.50) m.
- Output contract: predict exactly 5 waypoint x/y pairs in NED. The planner will set every waypoint z to goal z = -2.50 m before execution.
- Goal delta from current state is (-0.32, 19.40, 0.00) m with distance 19.41 m.
- Obstacle pipeline: depth_camera_to_body_to_ned_current_frame.
- Current depth frame obstacle points projected into NED: 6. Nearest depth obstacle in NED is at (2.85, 14.88, -1.83) m, relative vector (2.97, 6.30, 0.67) m, distance 7.00 m.
- Depth validity fraction is 0.54. Global nearest obstacle distance is 5.01 m.
- Sector minimum distances [far_left, left, center, right, far_right] are [5.01, 5.01, 5.01, 5.02, 5.02] m.
- Nearest obstacle sector is far_left at 5.01 m and clearance status is clear.
- Lateral planning hint: prefer center progress.","{""waypoints"":[{""x"":-0.10680366666666638,""y"":9.314217333333334},{""x"":-0.11557559649122778,""y"":9.805445403508772},{""x"":-0.12434752631578919,""y"":10.296673473684212},{""x"":-0.1331194561403506,""y"":10.78790154385965},{""x"":-0.141891385964912,""y"":11.279129614035089}],""reasoning"":""Selected waypoint 0 moves the reference anchor from 19.16 m to 18.67 m from goal immediately and to 16.70 m by the final waypoint, so progress is 0.49 m selected / 2.46 m final and passes with monotonic goal-distance reduction. Kinematics is evaluated on 5 unique label waypoint(s), excluding consecutive duplicate terminal holds, and checks only that the trajectory stays within the configured bounds speed <= 15.00 m/s and acceleration <= 8.00 m/s^2, so kinematics passes. Goal is not reached within this label waypoint window. Safety passes: minimum clearance 3.48 m against manifest obstacles with 0 violating segment(s).""}",-0.10680366666666638,9.314217333333334,-2.5,-0.11557559649122778,9.805445403508772,-2.5,-0.12434752631578919,10.296673473684212,-2.5,-0.1331194561403506,10.78790154385965,-2.5,-0.141891385964912,11.279129614035089,-2.5
1773839691.110637665,1773839691.110637665,0.000,offline_ground_truth_window,"Environment section (T(v)):
- Current position NED is (-0.10, 9.08, -2.48) m.
- Current velocity is (-0.00, 0.07, 0.01) m/s (speed 0.07 m/s).
- Goal position NED is (-0.44, 27.98, -2.50) m.
- Output contract: predict exactly 5 waypoint x/y pairs in NED. The planner will set every waypoint z to goal z = -2.50 m before execution.
- Goal delta from current state is (-0.34, 18.90, -0.02) m with distance 18.90 m.
- Obstacle pipeline: depth_camera_to_body_to_ned_current_frame.
- Current depth frame obstacle points projected into NED: 8. Nearest depth obstacle in NED is at (3.00, 14.84, -2.29) m, relative vector (3.10, 5.76, 0.19) m, distance 6.55 m.
- Depth validity fraction is 0.54. Global nearest obstacle distance is 5.04 m.
- Sector minimum distances [far_left, left, center, right, far_right] are [5.04, 5.04, 5.04, 5.04, 5.04] m.
- Nearest obstacle sector is far_right at 5.04 m and clearance status is clear.
- Lateral planning hint: prefer center progress.","{""waypoints"":[{""x"":-0.11557559649122778,""y"":9.805445403508772},{""x"":-0.12434752631578919,""y"":10.296673473684212},{""x"":-0.1331194561403506,""y"":10.78790154385965},{""x"":-0.141891385964912,""y"":11.279129614035089},{""x"":-0.1506633157894734,""y"":11.770357684210527}],""reasoning"":""Selected waypoint 0 moves the reference anchor from 18.67 m to 18.18 m from goal immediately and to 16.21 m by the final waypoint, so progress is 0.49 m selected / 2.46 m final and passes with monotonic goal-distance reduction. Kinematics is evaluated on 5 unique label waypoint(s), excluding consecutive duplicate terminal holds, and checks only that the trajectory stays within the configured bounds speed <= 15.00 m/s and acceleration <= 8.00 m/s^2, so kinematics passes. Goal is not reached within this label waypoint window. Safety passes: minimum clearance 3.48 m against manifest obstacles with 0 violating segment(s).""}",-0.11557559649122778,9.805445403508772,-2.5,-0.12434752631578919,10.296673473684212,-2.5,-0.1331194561403506,10.78790154385965,-2.5,-0.141891385964912,11.279129614035089,-2.5,-0.1506633157894734,11.770357684210527,-2.5
1773839698.628039598,1773839698.628039598,0.000,offline_ground_truth_window,"Environment section (T(v)):
- Current position NED is (-0.09, 9.56, -2.48) m.
- Current velocity is (-0.00, 0.03, 0.00) m/s (speed 0.03 m/s).
- Goal position NED is (-0.44, 27.98, -2.50) m.
- Output contract: predict exactly 5 waypoint x/y pairs in NED. The planner will set every waypoint z to goal z = -2.50 m before execution.
- Goal delta from current state is (-0.35, 18.42, -0.02) m with distance 18.42 m.
- Obstacle pipeline: depth_camera_to_body_to_ned_current_frame.
- Current depth frame obstacle points projected into NED: 10. Nearest depth obstacle in NED is at (3.01, 14.86, -2.61) m, relative vector (3.10, 5.30, -0.14) m, distance 6.14 m.
- Depth validity fraction is 0.54. Global nearest obstacle distance is 4.85 m.
- Sector minimum distances [far_left, left, center, right, far_right] are [5.02, 5.02, 5.01, 5.01, 4.85] m.
- Nearest obstacle sector is far_right at 4.85 m and clearance status is clear.
- Lateral planning hint: prefer center progress.","{""waypoints"":[{""x"":-0.12434752631578919,""y"":10.296673473684212},{""x"":-0.1331194561403506,""y"":10.78790154385965},{""x"":-0.141891385964912,""y"":11.279129614035089},{""x"":-0.1506633157894734,""y"":11.770357684210527},{""x"":-0.1594352456140348,""y"":12.261585754385965}],""reasoning"":""Selected waypoint 0 moves the reference anchor from 18.18 m to 17.69 m from goal immediately and to 15.72 m by the final waypoint, so progress is 0.49 m selected / 2.46 m final and passes with monotonic goal-distance reduction. Kinematics is evaluated on 5 unique label waypoint(s), excluding consecutive duplicate terminal holds, and checks only that the trajectory stays within the configured bounds speed <= 15.00 m/s and acceleration <= 8.00 m/s^2, so kinematics passes. Goal is not reached within this label waypoint window. Safety passes: minimum clearance 3.48 m against manifest obstacles with 0 violating segment(s).""}",-0.12434752631578919,10.296673473684212,-2.5,-0.1331194561403506,10.78790154385965,-2.5,-0.141891385964912,11.279129614035089,-2.5,-0.1506633157894734,11.770357684210527,-2.5,-0.1594352456140348,12.261585754385965,-2.5
1773839706.520368338,1773839706.520368338,0.000,offline_ground_truth_window,"Environment section (T(v)):
- Current position NED is (-0.15, 10.05, -2.49) m.
- Current velocity is (0.01, 0.06, 0.00) m/s (speed 0.06 m/s).
- Goal position NED is (-0.44, 27.98, -2.50) m.
- Output contract: predict exactly 5 waypoint x/y pairs in NED. The planner will set every waypoint z to goal z = -2.50 m before execution.
- Goal delta from current state is (-0.29, 17.93, -0.01) m with distance 17.93 m.
- Obstacle pipeline: depth_camera_to_body_to_ned_current_frame.
- Current depth frame obstacle points projected into NED: 5. Nearest depth obstacle in NED is at (2.69, 15.04, -2.04) m, relative vector (2.83, 4.99, 0.45) m, distance 5.76 m.
- Depth validity fraction is 0.55. Global nearest obstacle distance is 4.49 m.
- Sector minimum distances [far_left, left, center, right, far_right] are [4.95, 4.95, 4.95, 4.95, 4.49] m.
- Nearest obstacle sector is far_right at 4.49 m and clearance status is clear.
- Lateral planning hint: prefer center progress.","{""waypoints"":[{""x"":-0.1331194561403506,""y"":10.78790154385965},{""x"":-0.141891385964912,""y"":11.279129614035089},{""x"":-0.1506633157894734,""y"":11.770357684210527},{""x"":-0.1594352456140348,""y"":12.261585754385965},{""x"":-0.1682071754385962,""y"":12.752813824561404}],""reasoning"":""Selected waypoint 0 moves the reference anchor from 17.69 m to 17.20 m from goal immediately and to 15.23 m by the final waypoint, so progress is 0.49 m selected / 2.46 m final and passes with monotonic goal-distance reduction. Kinematics is evaluated on 5 unique label waypoint(s), excluding consecutive duplicate terminal holds, and checks only that the trajectory stays within the configured bounds speed <= 15.00 m/s and acceleration <= 8.00 m/s^2, so kinematics passes. Goal is not reached within this label waypoint window. Safety passes: minimum clearance 3.48 m against manifest obstacles with 0 violating segment(s).""}",-0.1331194561403506,10.78790154385965,-2.5,-0.141891385964912,11.279129614035089,-2.5,-0.1506633157894734,11.770357684210527,-2.5,-0.1594352456140348,12.261585754385965,-2.5,-0.1682071754385962,12.752813824561404,-2.5
1773839714.533620358,1773839714.533620358,0.000,offline_ground_truth_window,"Environment section (T(v)):
- Current position NED is (-0.14, 10.54, -2.50) m.
- Current velocity is (0.01, 0.05, 0.01) m/s (speed 0.06 m/s).
- Goal position NED is (-0.44, 27.98, -2.50) m.
- Output contract: predict exactly 5 waypoint x/y pairs in NED. The planner will set every waypoint z to goal z = -2.50 m before execution.
- Goal delta from current state is (-0.30, 17.44, 0.00) m with distance 17.44 m.
- Obstacle pipeline: depth_camera_to_body_to_ned_current_frame.
- Current depth frame obstacle points projected into NED: 4. Nearest depth obstacle in NED is at (2.94, 19.97, -2.01) m, relative vector (3.08, 9.43, 0.50) m, distance 9.94 m.
- Depth validity fraction is 0.55. Global nearest obstacle distance is 4.49 m.
- Sector minimum distances [far_left, left, center, right, far_right] are [4.92, 4.92, 4.91, 4.91, 4.49] m.
- Nearest obstacle sector is far_right at 4.49 m and clearance status is clear.
- Lateral planning hint: prefer center progress.","{""waypoints"":[{""x"":-0.141891385964912,""y"":11.279129614035089},{""x"":-0.1506633157894734,""y"":11.770357684210527},{""x"":-0.1594352456140348,""y"":12.261585754385965},{""x"":-0.1682071754385962,""y"":12.752813824561404},{""x"":-0.1769791052631576,""y"":13.244041894736842}],""reasoning"":""Selected waypoint 0 moves the reference anchor from 17.20 m to 16.70 m from goal immediately and to 14.74 m by the final waypoint, so progress is 0.49 m selected / 2.46 m final and passes with monotonic goal-distance reduction. Kinematics is evaluated on 5 unique label waypoint(s), excluding consecutive duplicate terminal holds, and checks only that the trajectory stays within the configured bounds speed <= 15.00 m/s and acceleration <= 8.00 m/s^2, so kinematics passes. Goal is not reached within this label waypoint window. Safety passes: minimum clearance 3.48 m against manifest obstacles with 0 violating segment(s).""}",-0.141891385964912,11.279129614035089,-2.5,-0.1506633157894734,11.770357684210527,-2.5,-0.1594352456140348,12.261585754385965,-2.5,-0.1682071754385962,12.752813824561404,-2.5,-0.1769791052631576,13.244041894736842,-2.5
1773839721.722386837,1773839721.722386837,0.000,offline_ground_truth_window,"Environment section (T(v)):
- Current position NED is (-0.16, 11.04, -2.48) m.
- Current velocity is (0.00, 0.06, 0.00) m/s (speed 0.06 m/s).
- Goal position NED is (-0.44, 27.98, -2.50) m.
- Output contract: predict exactly 5 waypoint x/y pairs in NED. The planner will set every waypoint z to goal z = -2.50 m before execution.
- Goal delta from current state is (-0.28, 16.94, -0.02) m with distance 16.94 m.
- Obstacle pipeline: depth_camera_to_body_to_ned_current_frame.
- Current depth frame obstacle points projected into NED: 1. Nearest depth obstacle in NED is at (2.80, 20.21, -2.39) m, relative vector (2.96, 9.17, 0.10) m, distance 9.64 m.
- Depth validity fraction is 0.55. Global nearest obstacle distance is 4.94 m.
- Sector minimum distances [far_left, left, center, right, far_right] are [4.94, 4.94, 4.94, 4.94, 4.94] m.
- Nearest obstacle sector is far_left at 4.94 m and clearance status is clear.
- Lateral planning hint: prefer center progress.","{""waypoints"":[{""x"":-0.1506633157894734,""y"":11.770357684210527},{""x"":-0.1594352456140348,""y"":12.261585754385965},{""x"":-0.1682071754385962,""y"":12.752813824561404},{""x"":-0.1769791052631576,""y"":13.244041894736842},{""x"":-0.185751035087719,""y"":13.735269964912282}],""reasoning"":""Selected waypoint 0 moves the reference anchor from 16.70 m to 16.21 m from goal immediately and to 14.25 m by the final waypoint, so progress is 0.49 m selected / 2.46 m final and passes with monotonic goal-distance reduction. Kinematics is evaluated on 5 unique label waypoint(s), excluding consecutive duplicate terminal holds, and checks only that the trajectory stays within the configured bounds speed <= 15.00 m/s and acceleration <= 8.00 m/s^2, so kinematics passes. Goal is not reached within this label waypoint window. Safety passes: minimum clearance 3.42 m against manifest obstacles with 0 violating segment(s).""}",-0.1506633157894734,11.770357684210527,-2.5,-0.1594352456140348,12.261585754385965,-2.5,-0.1682071754385962,12.752813824561404,-2.5,-0.1769791052631576,13.244041894736842,-2.5,-0.185751035087719,13.735269964912282,-2.5
1773839728.224684238,1773839728.224684238,0.000,offline_ground_truth_window,"Environment section (T(v)):
- Current position NED is (-0.16, 11.53, -2.46) m.
- Current velocity is (-0.01, 0.04, 0.00) m/s (speed 0.05 m/s).
- Goal position NED is (-0.44, 27.98, -2.50) m.
- Output contract: predict exactly 5 waypoint x/y pairs in NED. The planner will set every waypoint z to goal z = -2.50 m before execution.
- Goal delta from current state is (-0.28, 16.45, -0.04) m with distance 16.46 m.
- Obstacle pipeline: depth_camera_to_body_to_ned_current_frame.
- Current depth frame obstacle points projected into NED: 4. Nearest depth obstacle in NED is at (3.06, 19.93, -2.35) m, relative vector (3.22, 8.40, 0.11) m, distance 9.00 m.
- Depth validity fraction is 0.55. Global nearest obstacle distance is 4.93 m.
- Sector minimum distances [far_left, left, center, right, far_right] are [4.93, 4.93, 4.94, 4.94, 4.95] m.
- Nearest obstacle sector is far_left at 4.93 m and clearance status is clear.
- Lateral planning hint: prefer center progress.","{""waypoints"":[{""x"":-0.1594352456140348,""y"":12.261585754385965},{""x"":-0.1682071754385962,""y"":12.752813824561404},{""x"":-0.1769791052631576,""y"":13.244041894736842},{""x"":-0.185751035087719,""y"":13.735269964912282},{""x"":-0.19452296491228044,""y"":14.22649803508772}],""reasoning"":""Selected waypoint 0 moves the reference anchor from 16.21 m to 15.72 m from goal immediately and to 13.76 m by the final waypoint, so progress is 0.49 m selected / 2.46 m final and passes with monotonic goal-distance reduction. Kinematics is evaluated on 5 unique label waypoint(s), excluding consecutive duplicate terminal holds, and checks only that the trajectory stays within the configured bounds speed <= 15.00 m/s and acceleration <= 8.00 m/s^2, so kinematics passes. Goal is not reached within this label waypoint window. Safety passes: minimum clearance 3.42 m against manifest obstacles with 0 violating segment(s).""}",-0.1594352456140348,12.261585754385965,-2.5,-0.1682071754385962,12.752813824561404,-2.5,-0.1769791052631576,13.244041894736842,-2.5,-0.185751035087719,13.735269964912282,-2.5,-0.19452296491228044,14.22649803508772,-2.5
1773839735.258336306,1773839735.258336306,0.000,offline_ground_truth_window,"Environment section (T(v)):
- Current position NED is (-0.17, 12.02, -2.48) m.
- Current velocity is (-0.01, 0.05, -0.00) m/s (speed 0.05 m/s).
- Goal position NED is (-0.44, 27.98, -2.50) m.
- Output contract: predict exactly 5 waypoint x/y pairs in NED. The planner will set every waypoint z to goal z = -2.50 m before execution.
- Goal delta from current state is (-0.27, 15.96, -0.02) m with distance 15.97 m.
- Obstacle pipeline: depth_camera_to_body_to_ned_current_frame.
- Current depth frame obstacle points projected into NED: 8. Nearest depth obstacle in NED is at (3.03, 19.95, -2.34) m, relative vector (3.21, 7.93, 0.14) m, distance 8.56 m.
- Depth validity fraction is 0.55. Global nearest obstacle distance is 4.94 m.
- Sector minimum distances [far_left, left, center, right, far_right] are [4.94, 4.94, 4.94, 4.95, 4.95] m.
- Nearest obstacle sector is far_left at 4.94 m and clearance status is clear.
- Lateral planning hint: prefer center progress.","{""waypoints"":[{""x"":-0.1682071754385962,""y"":12.752813824561404},{""x"":-0.1769791052631576,""y"":13.244041894736842},{""x"":-0.185751035087719,""y"":13.735269964912282},{""x"":-0.19452296491228044,""y"":14.22649803508772},{""x"":-0.2032948947368418,""y"":14.717726105263159}],""reasoning"":""Selected waypoint 0 moves the reference anchor from 15.72 m to 15.23 m from goal immediately and to 13.27 m by the final waypoint, so progress is 0.49 m selected / 2.46 m final and passes with monotonic goal-distance reduction. Kinematics is evaluated on 5 unique label waypoint(s), excluding consecutive duplicate terminal holds, and checks only that the trajectory stays within the configured bounds speed <= 15.00 m/s and acceleration <= 8.00 m/s^2, so kinematics passes. Goal is not reached within this label waypoint window. Safety passes: minimum clearance 3.42 m against manifest obstacles with 0 violating segment(s).""}",-0.1682071754385962,12.752813824561404,-2.5,-0.1769791052631576,13.244041894736842,-2.5,-0.185751035087719,13.735269964912282,-2.5,-0.19452296491228044,14.22649803508772,-2.5,-0.2032948947368418,14.717726105263159,-2.5
1773839741.918838978,1773839741.918838978,0.000,offline_ground_truth_window,"Environment section (T(v)):
- Current position NED is (-0.15, 12.51, -2.50) m.
- Current velocity is (-0.00, 0.07, 0.01) m/s (speed 0.07 m/s).
- Goal position NED is (-0.44, 27.98, -2.50) m.
- Output contract: predict exactly 5 waypoint x/y pairs in NED. The planner will set every waypoint z to goal z = -2.50 m before execution.
- Goal delta from current state is (-0.29, 15.47, -0.00) m with distance 15.47 m.
- Obstacle pipeline: depth_camera_to_body_to_ned_current_frame.
- Current depth frame obstacle points projected into NED: 6. Nearest depth obstacle in NED is at (3.14, 19.93, -2.43) m, relative vector (3.29, 7.42, 0.07) m, distance 8.12 m.
- Depth validity fraction is 0.54. Global nearest obstacle distance is 5.02 m.
- Sector minimum distances [far_left, left, center, right, far_right] are [5.02, 5.02, 5.02, 5.02, 5.02] m.
- Nearest obstacle sector is far_right at 5.02 m and clearance status is clear.
- Lateral planning hint: prefer center progress.","{""waypoints"":[{""x"":-0.1769791052631576,""y"":13.244041894736842},{""x"":-0.185751035087719,""y"":13.735269964912282},{""x"":-0.19452296491228044,""y"":14.22649803508772},{""x"":-0.2032948947368418,""y"":14.717726105263159},{""x"":-0.21206682456140324,""y"":15.208954175438597}],""reasoning"":""Selected waypoint 0 moves the reference anchor from 15.23 m to 14.74 m from goal immediately and to 12.77 m by the final waypoint, so progress is 0.49 m selected / 2.46 m final and passes with monotonic goal-distance reduction. Kinematics is evaluated on 5 unique label waypoint(s), excluding consecutive duplicate terminal holds, and checks only that the trajectory stays within the configured bounds speed <= 15.00 m/s and acceleration <= 8.00 m/s^2, so kinematics passes. Goal is not reached within this label waypoint window. Safety passes: minimum clearance 3.42 m against manifest obstacles with 0 violating segment(s).""}",-0.1769791052631576,13.244041894736842,-2.5,-0.185751035087719,13.735269964912282,-2.5,-0.19452296491228044,14.22649803508772,-2.5,-0.2032948947368418,14.717726105263159,-2.5,-0.21206682456140324,15.208954175438597,-2.5
1773839748.870372534,1773839748.870372534,0.000,offline_ground_truth_window,"Environment section (T(v)):
- Current position NED is (-0.15, 13.00, -2.51) m.
- Current velocity is (-0.00, 0.08, 0.01) m/s (speed 0.08 m/s).
- Goal position NED is (-0.44, 27.98, -2.50) m.
- Output contract: predict exactly 5 waypoint x/y pairs in NED. The planner will set every waypoint z to goal z = -2.50 m before execution.
- Goal delta from current state is (-0.29, 14.98, 0.01) m with distance 14.98 m.
- Obstacle pipeline: depth_camera_to_body_to_ned_current_frame.
- Current depth frame obstacle points projected into NED: 8. Nearest depth obstacle in NED is at (3.27, 19.93, -2.13) m, relative vector (3.42, 6.93, 0.38) m, distance 7.74 m.
- Depth validity fraction is 0.58. Global nearest obstacle distance is 4.92 m.
- Sector minimum distances [far_left, left, center, right, far_right] are [4.93, 4.93, 4.92, 4.92, 4.92] m.
- Nearest obstacle sector is far_right at 4.92 m and clearance status is clear.
- Lateral planning hint: prefer center progress.","{""waypoints"":[{""x"":-0.185751035087719,""y"":13.735269964912282},{""x"":-0.19452296491228044,""y"":14.22649803508772},{""x"":-0.2032948947368418,""y"":14.717726105263159},{""x"":-0.21206682456140324,""y"":15.208954175438597},{""x"":-0.22083875438596462,""y"":15.700182245614036}],""reasoning"":""Selected waypoint 0 moves the reference anchor from 14.74 m to 14.25 m from goal immediately and to 12.28 m by the final waypoint, so progress is 0.49 m selected / 2.46 m final and passes with monotonic goal-distance reduction. Kinematics is evaluated on 5 unique label waypoint(s), excluding consecutive duplicate terminal holds, and checks only that the trajectory stays within the configured bounds speed <= 15.00 m/s and acceleration <= 8.00 m/s^2, so kinematics passes. Goal is not reached within this label waypoint window. Safety passes: minimum clearance 3.42 m against manifest obstacles with 0 violating segment(s).""}",-0.185751035087719,13.735269964912282,-2.5,-0.19452296491228044,14.22649803508772,-2.5,-0.2032948947368418,14.717726105263159,-2.5,-0.21206682456140324,15.208954175438597,-2.5,-0.22083875438596462,15.700182245614036,-2.5
1773839756.251524210,1773839756.251524210,0.000,offline_ground_truth_window,"Environment section (T(v)):
- Current position NED is (-0.17, 13.49, -2.47) m.
- Current velocity is (-0.01, 0.04, -0.01) m/s (speed 0.05 m/s).
- Goal position NED is (-0.44, 27.98, -2.50) m.
- Output contract: predict exactly 5 waypoint x/y pairs in NED. The planner will set every waypoint z to goal z = -2.50 m before execution.
- Goal delta from current state is (-0.27, 14.49, -0.03) m with distance 14.49 m.
- Obstacle pipeline: depth_camera_to_body_to_ned_current_frame.
- Current depth frame obstacle points projected into NED: 8. Nearest depth obstacle in NED is at (3.15, 19.95, -2.27) m, relative vector (3.32, 6.46, 0.21) m, distance 7.26 m.
- Depth validity fraction is 0.59. Global nearest obstacle distance is 4.91 m.
- Sector minimum distances [far_left, left, center, right, far_right] are [4.91, 4.91, 4.91, 4.91, 4.92] m.
- Nearest obstacle sector is far_left at 4.91 m and clearance status is clear.
- Lateral planning hint: prefer center progress.","{""waypoints"":[{""x"":-0.19452296491228044,""y"":14.22649803508772},{""x"":-0.2032948947368418,""y"":14.717726105263159},{""x"":-0.21206682456140324,""y"":15.208954175438597},{""x"":-0.22083875438596462,""y"":15.700182245614036},{""x"":-0.22961068421052605,""y"":16.191410315789476}],""reasoning"":""Selected waypoint 0 moves the reference anchor from 14.25 m to 13.76 m from goal immediately and to 11.79 m by the final waypoint, so progress is 0.49 m selected / 2.46 m final and passes with monotonic goal-distance reduction. Kinematics is evaluated on 5 unique label waypoint(s), excluding consecutive duplicate terminal holds, and checks only that the trajectory stays within the configured bounds speed <= 15.00 m/s and acceleration <= 8.00 m/s^2, so kinematics passes. Goal is not reached within this label waypoint window. Safety passes: minimum clearance 3.42 m against manifest obstacles with 0 violating segment(s).""}",-0.19452296491228044,14.22649803508772,-2.5,-0.2032948947368418,14.717726105263159,-2.5,-0.21206682456140324,15.208954175438597,-2.5,-0.22083875438596462,15.700182245614036,-2.5,-0.22961068421052605,16.191410315789476,-2.5
1773839762.520200968,1773839762.520200968,0.000,offline_ground_truth_window,"Environment section (T(v)):
- Current position NED is (-0.22, 13.98, -2.49) m.
- Current velocity is (-0.00, 0.07, 0.01) m/s (speed 0.07 m/s).
- Goal position NED is (-0.44, 27.98, -2.50) m.
- Output contract: predict exactly 5 waypoint x/y pairs in NED. The planner will set every waypoint z to goal z = -2.50 m before execution.
- Goal delta from current state is (-0.22, 14.00, -0.01) m with distance 14.00 m.
- Obstacle pipeline: depth_camera_to_body_to_ned_current_frame.
- Current depth frame obstacle points projected into NED: 14. Nearest depth obstacle in NED is at (3.08, 19.95, -2.61) m, relative vector (3.30, 5.97, -0.12) m, distance 6.82 m.
- Depth validity fraction is 0.58. Global nearest obstacle distance is 5.03 m.
- Sector minimum distances [far_left, left, center, right, far_right] are [5.03, 5.03, 5.03, 5.04, 5.04] m.
- Nearest obstacle sector is far_left at 5.03 m and clearance status is clear.
- Lateral planning hint: prefer center progress.","{""waypoints"":[{""x"":-0.2032948947368418,""y"":14.717726105263159},{""x"":-0.21206682456140324,""y"":15.208954175438597},{""x"":-0.22083875438596462,""y"":15.700182245614036},{""x"":-0.22961068421052605,""y"":16.191410315789476},{""x"":-0.23838261403508743,""y"":16.682638385964914}],""reasoning"":""Selected waypoint 0 moves the reference anchor from 13.76 m to 13.27 m from goal immediately and to 11.30 m by the final waypoint, so progress is 0.49 m selected / 2.46 m final and passes with monotonic goal-distance reduction. Kinematics is evaluated on 5 unique label waypoint(s), excluding consecutive duplicate terminal holds, and checks only that the trajectory stays within the configured bounds speed <= 15.00 m/s and acceleration <= 8.00 m/s^2, so kinematics passes. Goal is not reached within this label waypoint window. Safety passes: minimum clearance 3.42 m against manifest obstacles with 0 violating segment(s).""}",-0.2032948947368418,14.717726105263159,-2.5,-0.21206682456140324,15.208954175438597,-2.5,-0.22083875438596462,15.700182245614036,-2.5,-0.22961068421052605,16.191410315789476,-2.5,-0.23838261403508743,16.682638385964914,-2.5
1773839770.683463573,1773839770.683463573,0.000,offline_ground_truth_window,"Environment section (T(v)):
- Current position NED is (-0.21, 14.47, -2.50) m.
- Current velocity is (-0.00, 0.04, 0.00) m/s (speed 0.04 m/s).
- Goal position NED is (-0.44, 27.98, -2.50) m.
- Output contract: predict exactly 5 waypoint x/y pairs in NED. The planner will set every waypoint z to goal z = -2.50 m before execution.
- Goal delta from current state is (-0.23, 13.51, 0.00) m with distance 13.51 m.
- Obstacle pipeline: depth_camera_to_body_to_ned_current_frame.
- Current depth frame obstacle points projected into NED: 11. Nearest depth obstacle in NED is at (3.16, 19.97, -2.68) m, relative vector (3.37, 5.50, -0.18) m, distance 6.45 m.
- Depth validity fraction is 0.59. Global nearest obstacle distance is 4.97 m.
- Sector minimum distances [far_left, left, center, right, far_right] are [4.97, 4.97, 4.98, 4.98, 4.98] m.
- Nearest obstacle sector is far_left at 4.97 m and clearance status is clear.
- Lateral planning hint: prefer center progress.","{""waypoints"":[{""x"":-0.21206682456140324,""y"":15.208954175438597},{""x"":-0.22083875438596462,""y"":15.700182245614036},{""x"":-0.22961068421052605,""y"":16.191410315789476},{""x"":-0.23838261403508743,""y"":16.682638385964914},{""x"":-0.24715454385964886,""y"":17.173866456140356}],""reasoning"":""Selected waypoint 0 moves the reference anchor from 13.27 m to 12.77 m from goal immediately and to 10.81 m by the final waypoint, so progress is 0.49 m selected / 2.46 m final and passes with monotonic goal-distance reduction. Kinematics is evaluated on 5 unique label waypoint(s), excluding consecutive duplicate terminal holds, and checks only that the trajectory stays within the configured bounds speed <= 15.00 m/s and acceleration <= 8.00 m/s^2, so kinematics passes. Goal is not reached within this label waypoint window. Safety passes: minimum clearance 3.49 m against manifest obstacles with 0 violating segment(s).""}",-0.21206682456140324,15.208954175438597,-2.5,-0.22083875438596462,15.700182245614036,-2.5,-0.22961068421052605,16.191410315789476,-2.5,-0.23838261403508743,16.682638385964914,-2.5,-0.24715454385964886,17.173866456140356,-2.5
1773839777.651934147,1773839777.651934147,0.000,offline_ground_truth_window,"Environment section (T(v)):
- Current position NED is (-0.17, 14.97, -2.50) m.
- Current velocity is (-0.01, 0.06, 0.00) m/s (speed 0.06 m/s).
- Goal position NED is (-0.44, 27.98, -2.50) m.
- Output contract: predict exactly 5 waypoint x/y pairs in NED. The planner will set every waypoint z to goal z = -2.50 m before execution.
- Goal delta from current state is (-0.27, 13.01, 0.00) m with distance 13.02 m.
- Obstacle pipeline: depth_camera_to_body_to_ned_current_frame.
- Current depth frame obstacle points projected into NED: 4. Nearest depth obstacle in NED is at (2.33, 23.99, -2.06) m, relative vector (2.50, 9.02, 0.44) m, distance 9.37 m.
- Depth validity fraction is 0.59. Global nearest obstacle distance is 4.98 m.
- Sector minimum distances [far_left, left, center, right, far_right] are [4.99, 4.99, 4.98, 4.98, 4.98] m.
- Nearest obstacle sector is far_right at 4.98 m and clearance status is clear.
- Lateral planning hint: prefer center progress.","{""waypoints"":[{""x"":-0.22083875438596462,""y"":15.700182245614036},{""x"":-0.22961068421052605,""y"":16.191410315789476},{""x"":-0.23838261403508743,""y"":16.682638385964914},{""x"":-0.24715454385964886,""y"":17.173866456140356},{""x"":-0.25592647368421023,""y"":17.66509452631579}],""reasoning"":""Selected waypoint 0 moves the reference anchor from 12.77 m to 12.28 m from goal immediately and to 10.32 m by the final waypoint, so progress is 0.49 m selected / 2.46 m final and passes with monotonic goal-distance reduction. Kinematics is evaluated on 5 unique label waypoint(s), excluding consecutive duplicate terminal holds, and checks only that the trajectory stays within the configured bounds speed <= 15.00 m/s and acceleration <= 8.00 m/s^2, so kinematics passes. Goal is not reached within this label waypoint window. Safety passes: minimum clearance 3.61 m against manifest obstacles with 0 violating segment(s).""}",-0.22083875438596462,15.700182245614036,-2.5,-0.22961068421052605,16.191410315789476,-2.5,-0.23838261403508743,16.682638385964914,-2.5,-0.24715454385964886,17.173866456140356,-2.5,-0.25592647368421023,17.66509452631579,-2.5
1773839787.122838020,1773839787.122838020,0.000,offline_ground_truth_window,"Environment section (T(v)):
- Current position NED is (-0.21, 15.46, -2.51) m.
- Current velocity is (0.00, 0.05, 0.00) m/s (speed 0.05 m/s).
- Goal position NED is (-0.44, 27.98, -2.50) m.
- Output contract: predict exactly 5 waypoint x/y pairs in NED. The planner will set every waypoint z to goal z = -2.50 m before execution.
- Goal delta from current state is (-0.23, 12.53, 0.01) m with distance 12.53 m.
- Obstacle pipeline: depth_camera_to_body_to_ned_current_frame.
- Current depth frame obstacle points projected into NED: 4. Nearest depth obstacle in NED is at (2.05, 24.06, -2.37) m, relative vector (2.27, 8.60, 0.13) m, distance 8.90 m.
- Depth validity fraction is 0.59. Global nearest obstacle distance is 4.92 m.
- Sector minimum distances [far_left, left, center, right, far_right] are [4.92, 4.92, 4.92, 4.92, 4.92] m.
- Nearest obstacle sector is far_right at 4.92 m and clearance status is clear.
- Lateral planning hint: prefer center progress.","{""waypoints"":[{""x"":-0.22961068421052605,""y"":16.191410315789476},{""x"":-0.23838261403508743,""y"":16.682638385964914},{""x"":-0.24715454385964886,""y"":17.173866456140356},{""x"":-0.25592647368421023,""y"":17.66509452631579},{""x"":-0.26469840350877166,""y"":18.156322596491233}],""reasoning"":""Selected waypoint 0 moves the reference anchor from 12.28 m to 11.79 m from goal immediately and to 9.83 m by the final waypoint, so progress is 0.49 m selected / 2.46 m final and passes with monotonic goal-distance reduction. Kinematics is evaluated on 5 unique label waypoint(s), excluding consecutive duplicate terminal holds, and checks only that the trajectory stays within the configured bounds speed <= 15.00 m/s and acceleration <= 8.00 m/s^2, so kinematics passes. Goal is not reached within this label waypoint window. Safety passes: minimum clearance 3.78 m against manifest obstacles with 0 violating segment(s).""}",-0.22961068421052605,16.191410315789476,-2.5,-0.23838261403508743,16.682638385964914,-2.5,-0.24715454385964886,17.173866456140356,-2.5,-0.25592647368421023,17.66509452631579,-2.5,-0.26469840350877166,18.156322596491233,-2.5
1773839795.017315388,1773839795.017315388,0.000,offline_ground_truth_window,"Environment section (T(v)):
- Current position NED is (-0.25, 15.95, -2.48) m.
- Current velocity is (-0.00, 0.08, 0.00) m/s (speed 0.08 m/s).
- Goal position NED is (-0.44, 27.98, -2.50) m.
- Output contract: predict exactly 5 waypoint x/y pairs in NED. The planner will set every waypoint z to goal z = -2.50 m before execution.
- Goal delta from current state is (-0.19, 12.03, -0.02) m with distance 12.04 m.
- Obstacle pipeline: depth_camera_to_body_to_ned_current_frame.
- Current depth frame obstacle points projected into NED: 4. Nearest depth obstacle in NED is at (2.31, 23.99, -2.75) m, relative vector (2.56, 8.04, -0.28) m, distance 8.45 m.
- Depth validity fraction is 0.58. Global nearest obstacle distance is 4.96 m.
- Sector minimum distances [far_left, left, center, right, far_right] are [4.96, 4.96, 4.96, 4.96, 4.97] m.
- Nearest obstacle sector is far_left at 4.96 m and clearance status is clear.
- Lateral planning hint: prefer center progress.","{""waypoints"":[{""x"":-0.23838261403508743,""y"":16.682638385964914},{""x"":-0.24715454385964886,""y"":17.173866456140356},{""x"":-0.25592647368421023,""y"":17.66509452631579},{""x"":-0.26469840350877166,""y"":18.156322596491233},{""x"":-0.27347033333333304,""y"":18.647550666666667}],""reasoning"":""Selected waypoint 0 moves the reference anchor from 11.79 m to 11.30 m from goal immediately and to 9.33 m by the final waypoint, so progress is 0.49 m selected / 2.46 m final and passes with monotonic goal-distance reduction. Kinematics is evaluated on 5 unique label waypoint(s), excluding consecutive duplicate terminal holds, and checks only that the trajectory stays within the configured bounds speed <= 15.00 m/s and acceleration <= 8.00 m/s^2, so kinematics passes. Goal is not reached within this label waypoint window. Safety passes: minimum clearance 3.78 m against manifest obstacles with 0 violating segment(s).""}",-0.23838261403508743,16.682638385964914,-2.5,-0.24715454385964886,17.173866456140356,-2.5,-0.25592647368421023,17.66509452631579,-2.5,-0.26469840350877166,18.156322596491233,-2.5,-0.27347033333333304,18.647550666666667,-2.5
1773839802.921043158,1773839802.921043158,0.000,offline_ground_truth_window,"Environment section (T(v)):
- Current position NED is (-0.27, 16.44, -2.46) m.
- Current velocity is (-0.00, 0.03, -0.00) m/s (speed 0.03 m/s).
- Goal position NED is (-0.44, 27.98, -2.50) m.
- Output contract: predict exactly 5 waypoint x/y pairs in NED. The planner will set every waypoint z to goal z = -2.50 m before execution.
- Goal delta from current state is (-0.17, 11.54, -0.04) m with distance 11.54 m.
- Obstacle pipeline: depth_camera_to_body_to_ned_current_frame.
- Current depth frame obstacle points projected into NED: 9. Nearest depth obstacle in NED is at (2.14, 23.98, -2.16) m, relative vector (2.41, 7.55, 0.30) m, distance 7.93 m.
- Depth validity fraction is 0.58. Global nearest obstacle distance is 4.91 m.
- Sector minimum distances [far_left, left, center, right, far_right] are [4.91, 4.91, 4.91, 4.92, 4.92] m.
- Nearest obstacle sector is far_left at 4.91 m and clearance status is clear.
- Lateral planning hint: prefer center progress.","{""waypoints"":[{""x"":-0.24715454385964886,""y"":17.173866456140356},{""x"":-0.25592647368421023,""y"":17.66509452631579},{""x"":-0.26469840350877166,""y"":18.156322596491233},{""x"":-0.27347033333333304,""y"":18.647550666666667},{""x"":-0.28224226315789447,""y"":19.13877873684211}],""reasoning"":""Selected waypoint 0 moves the reference anchor from 11.30 m to 10.81 m from goal immediately and to 8.84 m by the final waypoint, so progress is 0.49 m selected / 2.46 m final and passes with monotonic goal-distance reduction. Kinematics is evaluated on 5 unique label waypoint(s), excluding consecutive duplicate terminal holds, and checks only that the trajectory stays within the configured bounds speed <= 15.00 m/s and acceleration <= 8.00 m/s^2, so kinematics passes. Goal is not reached within this label waypoint window. Safety passes: minimum clearance 3.77 m against manifest obstacles with 0 violating segment(s).""}",-0.24715454385964886,17.173866456140356,-2.5,-0.25592647368421023,17.66509452631579,-2.5,-0.26469840350877166,18.156322596491233,-2.5,-0.27347033333333304,18.647550666666667,-2.5,-0.28224226315789447,19.13877873684211,-2.5
1773839812.179697990,1773839812.179697990,0.000,offline_ground_truth_window,"Environment section (T(v)):
- Current position NED is (-0.25, 16.93, -2.49) m.
- Current velocity is (0.00, 0.08, -0.00) m/s (speed 0.08 m/s).
- Goal position NED is (-0.44, 27.98, -2.50) m.
- Output contract: predict exactly 5 waypoint x/y pairs in NED. The planner will set every waypoint z to goal z = -2.50 m before execution.
- Goal delta from current state is (-0.19, 11.05, -0.01) m with distance 11.05 m.
- Obstacle pipeline: depth_camera_to_body_to_ned_current_frame.
- Current depth frame obstacle points projected into NED: 6. Nearest depth obstacle in NED is at (2.30, 24.00, -2.20) m, relative vector (2.55, 7.07, 0.29) m, distance 7.53 m.
- Depth validity fraction is 0.58. Global nearest obstacle distance is 5.00 m.
- Sector minimum distances [far_left, left, center, right, far_right] are [5.00, 5.00, 5.00, 5.00, 5.00] m.
- Nearest obstacle sector is far_left at 5.00 m and clearance status is clear.
- Lateral planning hint: prefer center progress.","{""waypoints"":[{""x"":-0.25592647368421023,""y"":17.66509452631579},{""x"":-0.26469840350877166,""y"":18.156322596491233},{""x"":-0.27347033333333304,""y"":18.647550666666667},{""x"":-0.28224226315789447,""y"":19.13877873684211},{""x"":-0.29101419298245584,""y"":19.630006807017544}],""reasoning"":""Selected waypoint 0 moves the reference anchor from 10.81 m to 10.32 m from goal immediately and to 8.35 m by the final waypoint, so progress is 0.49 m selected / 2.46 m final and passes with monotonic goal-distance reduction. Kinematics is evaluated on 5 unique label waypoint(s), excluding consecutive duplicate terminal holds, and checks only that the trajectory stays within the configured bounds speed <= 15.00 m/s and acceleration <= 8.00 m/s^2, so kinematics passes. Goal is not reached within this label waypoint window. Safety passes: minimum clearance 3.77 m against manifest obstacles with 0 violating segment(s).""}",-0.25592647368421023,17.66509452631579,-2.5,-0.26469840350877166,18.156322596491233,-2.5,-0.27347033333333304,18.647550666666667,-2.5,-0.28224226315789447,19.13877873684211,-2.5,-0.29101419298245584,19.630006807017544,-2.5
1773839819.676918745,1773839819.676918745,0.000,offline_ground_truth_window,"Environment section (T(v)):
- Current position NED is (-0.26, 17.42, -2.50) m.
- Current velocity is (-0.00, 0.05, 0.01) m/s (speed 0.05 m/s).
- Goal position NED is (-0.44, 27.98, -2.50) m.
- Output contract: predict exactly 5 waypoint x/y pairs in NED. The planner will set every waypoint z to goal z = -2.50 m before execution.
- Goal delta from current state is (-0.18, 10.56, -0.00) m with distance 10.56 m.
- Obstacle pipeline: depth_camera_to_body_to_ned_current_frame.
- Current depth frame obstacle points projected into NED: 8. Nearest depth obstacle in NED is at (2.17, 24.02, -2.23) m, relative vector (2.43, 6.60, 0.27) m, distance 7.04 m.
- Depth validity fraction is 0.58. Global nearest obstacle distance is 5.04 m.
- Sector minimum distances [far_left, left, center, right, far_right] are [5.04, 5.04, 5.04, 5.04, 5.04] m.
- Nearest obstacle sector is far_right at 5.04 m and clearance status is clear.
- Lateral planning hint: prefer center progress.","{""waypoints"":[{""x"":-0.26469840350877166,""y"":18.156322596491233},{""x"":-0.27347033333333304,""y"":18.647550666666667},{""x"":-0.28224226315789447,""y"":19.13877873684211},{""x"":-0.29101419298245584,""y"":19.630006807017544},{""x"":-0.2997861228070173,""y"":20.121234877192986}],""reasoning"":""Selected waypoint 0 moves the reference anchor from 10.32 m to 9.83 m from goal immediately and to 7.86 m by the final waypoint, so progress is 0.49 m selected / 2.46 m final and passes with monotonic goal-distance reduction. Kinematics is evaluated on 5 unique label waypoint(s), excluding consecutive duplicate terminal holds, and checks only that the trajectory stays within the configured bounds speed <= 15.00 m/s and acceleration <= 8.00 m/s^2, so kinematics passes. Goal is not reached within this label waypoint window. Safety passes: minimum clearance 3.77 m against manifest obstacles with 0 violating segment(s).""}",-0.26469840350877166,18.156322596491233,-2.5,-0.27347033333333304,18.647550666666667,-2.5,-0.28224226315789447,19.13877873684211,-2.5,-0.29101419298245584,19.630006807017544,-2.5,-0.2997861228070173,20.121234877192986,-2.5
1773839827.839205503,1773839827.839205503,0.000,offline_ground_truth_window,"Environment section (T(v)):
- Current position NED is (-0.31, 17.91, -2.49) m.
- Current velocity is (-0.00, 0.05, 0.00) m/s (speed 0.05 m/s).
- Goal position NED is (-0.44, 27.98, -2.50) m.
- Output contract: predict exactly 5 waypoint x/y pairs in NED. The planner will set every waypoint z to goal z = -2.50 m before execution.
- Goal delta from current state is (-0.13, 10.07, -0.01) m with distance 10.07 m.
- Obstacle pipeline: depth_camera_to_body_to_ned_current_frame.
- Current depth frame obstacle points projected into NED: 10. Nearest depth obstacle in NED is at (2.04, 24.02, -2.66) m, relative vector (2.34, 6.11, -0.16) m, distance 6.54 m.
- Depth validity fraction is 0.58. Global nearest obstacle distance is 4.98 m.
- Sector minimum distances [far_left, left, center, right, far_right] are [4.98, 4.99, 4.99, 5.00, 5.01] m.
- Nearest obstacle sector is far_left at 4.98 m and clearance status is clear.
- Lateral planning hint: prefer center progress.","{""waypoints"":[{""x"":-0.27347033333333304,""y"":18.647550666666667},{""x"":-0.28224226315789447,""y"":19.13877873684211},{""x"":-0.29101419298245584,""y"":19.630006807017544},{""x"":-0.2997861228070173,""y"":20.121234877192986},{""x"":-0.30855805263157865,""y"":20.612462947368424}],""reasoning"":""Selected waypoint 0 moves the reference anchor from 9.83 m to 9.33 m from goal immediately and to 7.37 m by the final waypoint, so progress is 0.49 m selected / 2.46 m final and passes with monotonic goal-distance reduction. Kinematics is evaluated on 5 unique label waypoint(s), excluding consecutive duplicate terminal holds, and checks only that the trajectory stays within the configured bounds speed <= 15.00 m/s and acceleration <= 8.00 m/s^2, so kinematics passes. Goal is not reached within this label waypoint window. Safety passes: minimum clearance 3.69 m against manifest obstacles with 0 violating segment(s).""}",-0.27347033333333304,18.647550666666667,-2.5,-0.28224226315789447,19.13877873684211,-2.5,-0.29101419298245584,19.630006807017544,-2.5,-0.2997861228070173,20.121234877192986,-2.5,-0.30855805263157865,20.612462947368424,-2.5
1773839834.560998201,1773839834.560998201,0.000,offline_ground_truth_window,"Environment section (T(v)):
- Current position NED is (-0.28, 18.40, -2.47) m.
- Current velocity is (-0.00, 0.03, -0.01) m/s (speed 0.04 m/s).
- Goal position NED is (-0.44, 27.98, -2.50) m.
- Output contract: predict exactly 5 waypoint x/y pairs in NED. The planner will set every waypoint z to goal z = -2.50 m before execution.
- Goal delta from current state is (-0.16, 9.58, -0.03) m with distance 9.58 m.
- Obstacle pipeline: depth_camera_to_body_to_ned_current_frame.
- Current depth frame obstacle points projected into NED: 13. Nearest depth obstacle in NED is at (2.19, 24.00, -2.42) m, relative vector (2.47, 5.60, 0.04) m, distance 6.12 m.
- Depth validity fraction is 0.58. Global nearest obstacle distance is 4.93 m.
- Sector minimum distances [far_left, left, center, right, far_right] are [4.93, 4.93, 4.93, 4.93, 4.93] m.
- Nearest obstacle sector is far_left at 4.93 m and clearance status is clear.
- Lateral planning hint: prefer center progress.","{""waypoints"":[{""x"":-0.28224226315789447,""y"":19.13877873684211},{""x"":-0.29101419298245584,""y"":19.630006807017544},{""x"":-0.2997861228070173,""y"":20.121234877192986},{""x"":-0.30855805263157865,""y"":20.612462947368424},{""x"":-0.3173299824561401,""y"":21.103691017543863}],""reasoning"":""Selected waypoint 0 moves the reference anchor from 9.33 m to 8.84 m from goal immediately and to 6.88 m by the final waypoint, so progress is 0.49 m selected / 2.46 m final and passes with monotonic goal-distance reduction. Kinematics is evaluated on 5 unique label waypoint(s), excluding consecutive duplicate terminal holds, and checks only that the trajectory stays within the configured bounds speed <= 15.00 m/s and acceleration <= 8.00 m/s^2, so kinematics passes. Goal is not reached within this label waypoint window. Safety passes: minimum clearance 3.40 m against manifest obstacles with 0 violating segment(s).""}",-0.28224226315789447,19.13877873684211,-2.5,-0.29101419298245584,19.630006807017544,-2.5,-0.2997861228070173,20.121234877192986,-2.5,-0.30855805263157865,20.612462947368424,-2.5,-0.3173299824561401,21.103691017543863,-2.5
1773839842.449110746,1773839842.449110746,0.000,offline_ground_truth_window,"Environment section (T(v)):
- Current position NED is (-0.26, 18.90, -2.50) m.
- Current velocity is (-0.01, 0.08, 0.00) m/s (speed 0.08 m/s).
- Goal position NED is (-0.44, 27.98, -2.50) m.
- Output contract: predict exactly 5 waypoint x/y pairs in NED. The planner will set every waypoint z to goal z = -2.50 m before execution.
- Goal delta from current state is (-0.18, 9.09, 0.00) m with distance 9.09 m.
- Obstacle pipeline: depth_camera_to_body_to_ned_current_frame.
- Current depth frame obstacle points projected into NED: 10. Nearest depth obstacle in NED is at (2.17, 24.06, -2.39) m, relative vector (2.43, 5.17, 0.11) m, distance 5.72 m.
- Depth validity fraction is 0.58. Global nearest obstacle distance is 4.70 m.
- Sector minimum distances [far_left, left, center, right, far_right] are [4.99, 4.99, 4.99, 4.99, 4.70] m.
- Nearest obstacle sector is far_right at 4.70 m and clearance status is clear.
- Lateral planning hint: prefer center progress.","{""waypoints"":[{""x"":-0.29101419298245584,""y"":19.630006807017544},{""x"":-0.2997861228070173,""y"":20.121234877192986},{""x"":-0.30855805263157865,""y"":20.612462947368424},{""x"":-0.3173299824561401,""y"":21.103691017543863},{""x"":-0.32610191228070146,""y"":21.5949190877193}],""reasoning"":""Selected waypoint 0 moves the reference anchor from 8.84 m to 8.35 m from goal immediately and to 6.39 m by the final waypoint, so progress is 0.49 m selected / 2.46 m final and passes with monotonic goal-distance reduction. Kinematics is evaluated on 5 unique label waypoint(s), excluding consecutive duplicate terminal holds, and checks only that the trajectory stays within the configured bounds speed <= 15.00 m/s and acceleration <= 8.00 m/s^2, so kinematics passes. Goal is not reached within this label waypoint window. Safety passes: minimum clearance 3.17 m against manifest obstacles with 0 violating segment(s).""}",-0.29101419298245584,19.630006807017544,-2.5,-0.2997861228070173,20.121234877192986,-2.5,-0.30855805263157865,20.612462947368424,-2.5,-0.3173299824561401,21.103691017543863,-2.5,-0.32610191228070146,21.5949190877193,-2.5
1773839849.599152565,1773839849.599152565,0.000,offline_ground_truth_window,"Environment section (T(v)):
- Current position NED is (-0.25, 19.39, -2.50) m.
- Current velocity is (-0.00, 0.05, 0.01) m/s (speed 0.05 m/s).
- Goal position NED is (-0.44, 27.98, -2.50) m.
- Output contract: predict exactly 5 waypoint x/y pairs in NED. The planner will set every waypoint z to goal z = -2.50 m before execution.
- Goal delta from current state is (-0.19, 8.59, 0.00) m with distance 8.59 m.
- Obstacle pipeline: depth_camera_to_body_to_ned_current_frame.
- Current depth frame obstacle points projected into NED: 9. Nearest depth obstacle in NED is at (2.37, 23.98, -2.61) m, relative vector (2.62, 4.60, -0.11) m, distance 5.29 m.
- Depth validity fraction is 0.56. Global nearest obstacle distance is 4.22 m.
- Sector minimum distances [far_left, left, center, right, far_right] are [5.19, 5.19, 5.18, 5.18, 4.22] m.
- Nearest obstacle sector is far_right at 4.22 m and clearance status is clear.
- Lateral planning hint: left side is clearer.","{""waypoints"":[{""x"":-0.2997861228070173,""y"":20.121234877192986},{""x"":-0.30855805263157865,""y"":20.612462947368424},{""x"":-0.3173299824561401,""y"":21.103691017543863},{""x"":-0.32610191228070146,""y"":21.5949190877193},{""x"":-0.3348738421052629,""y"":22.08614715789474}],""reasoning"":""Selected waypoint 0 moves the reference anchor from 8.35 m to 7.86 m from goal immediately and to 5.90 m by the final waypoint, so progress is 0.49 m selected / 2.46 m final and passes with monotonic goal-distance reduction. Kinematics is evaluated on 5 unique label waypoint(s), excluding consecutive duplicate terminal holds, and checks only that the trajectory stays within the configured bounds speed <= 15.00 m/s and acceleration <= 8.00 m/s^2, so kinematics passes. Goal is not reached within this label waypoint window. Safety passes: minimum clearance 2.98 m against manifest obstacles with 0 violating segment(s).""}",-0.2997861228070173,20.121234877192986,-2.5,-0.30855805263157865,20.612462947368424,-2.5,-0.3173299824561401,21.103691017543863,-2.5,-0.32610191228070146,21.5949190877193,-2.5,-0.3348738421052629,22.08614715789474,-2.5
1773839856.668439150,1773839856.668439150,0.000,offline_ground_truth_window,"Environment section (T(v)):
- Current position NED is (-0.27, 19.88, -2.52) m.
- Current velocity is (-0.02, 0.08, 0.01) m/s (speed 0.08 m/s).
- Goal position NED is (-0.44, 27.98, -2.50) m.
- Output contract: predict exactly 5 waypoint x/y pairs in NED. The planner will set every waypoint z to goal z = -2.50 m before execution.
- Goal delta from current state is (-0.17, 8.10, 0.02) m with distance 8.11 m.
- Obstacle pipeline: depth_camera_to_body_to_ned_current_frame.
- Current depth frame obstacle points projected into NED: 30. Nearest depth obstacle in NED is at (2.22, 24.06, -2.66) m, relative vector (2.49, 4.18, -0.14) m, distance 4.87 m.
- Depth validity fraction is 0.57. Global nearest obstacle distance is 3.82 m.
- Sector minimum distances [far_left, left, center, right, far_right] are [5.10, 5.11, 5.11, 5.11, 3.82] m.
- Nearest obstacle sector is far_right at 3.82 m and clearance status is clear.
- Lateral planning hint: left side is clearer.","{""waypoints"":[{""x"":-0.30855805263157865,""y"":20.612462947368424},{""x"":-0.3173299824561401,""y"":21.103691017543863},{""x"":-0.32610191228070146,""y"":21.5949190877193},{""x"":-0.3348738421052629,""y"":22.08614715789474},{""x"":-0.34364577192982426,""y"":22.577375228070178}],""reasoning"":""Selected waypoint 0 moves the reference anchor from 7.86 m to 7.37 m from goal immediately and to 5.40 m by the final waypoint, so progress is 0.49 m selected / 2.46 m final and passes with monotonic goal-distance reduction. Kinematics is evaluated on 5 unique label waypoint(s), excluding consecutive duplicate terminal holds, and checks only that the trajectory stays within the configured bounds speed <= 15.00 m/s and acceleration <= 8.00 m/s^2, so kinematics passes. Goal is not reached within this label waypoint window. Safety passes: minimum clearance 2.87 m against manifest obstacles with 0 violating segment(s).""}",-0.30855805263157865,20.612462947368424,-2.5,-0.3173299824561401,21.103691017543863,-2.5,-0.32610191228070146,21.5949190877193,-2.5,-0.3348738421052629,22.08614715789474,-2.5,-0.34364577192982426,22.577375228070178,-2.5
1773839864.228501558,1773839864.228501558,0.000,offline_ground_truth_window,"Environment section (T(v)):
- Current position NED is (-0.32, 20.37, -2.52) m.
- Current velocity is (-0.01, 0.06, 0.01) m/s (speed 0.06 m/s).
- Goal position NED is (-0.44, 27.98, -2.50) m.
- Output contract: predict exactly 5 waypoint x/y pairs in NED. The planner will set every waypoint z to goal z = -2.50 m before execution.
- Goal delta from current state is (-0.12, 7.61, 0.02) m with distance 7.62 m.
- Obstacle pipeline: depth_camera_to_body_to_ned_current_frame.
- Current depth frame obstacle points projected into NED: 38. Nearest depth obstacle in NED is at (2.05, 24.23, -2.33) m, relative vector (2.38, 3.87, 0.19) m, distance 4.54 m.
- Depth validity fraction is 0.57. Global nearest obstacle distance is 3.57 m.
- Sector minimum distances [far_left, left, center, right, far_right] are [5.04, 5.04, 5.04, 5.05, 3.57] m.
- Nearest obstacle sector is far_right at 3.57 m and clearance status is clear.
- Lateral planning hint: left side is clearer.","{""waypoints"":[{""x"":-0.3173299824561401,""y"":21.103691017543863},{""x"":-0.32610191228070146,""y"":21.5949190877193},{""x"":-0.3348738421052629,""y"":22.08614715789474},{""x"":-0.34364577192982426,""y"":22.577375228070178},{""x"":-0.3524177017543857,""y"":23.068603298245616}],""reasoning"":""Selected waypoint 0 moves the reference anchor from 7.37 m to 6.88 m from goal immediately and to 4.91 m by the final waypoint, so progress is 0.49 m selected / 2.46 m final and passes with monotonic goal-distance reduction. Kinematics is evaluated on 5 unique label waypoint(s), excluding consecutive duplicate terminal holds, and checks only that the trajectory stays within the configured bounds speed <= 15.00 m/s and acceleration <= 8.00 m/s^2, so kinematics passes. Goal is not reached within this label waypoint window. Safety passes: minimum clearance 2.82 m against manifest obstacles with 0 violating segment(s).""}",-0.3173299824561401,21.103691017543863,-2.5,-0.32610191228070146,21.5949190877193,-2.5,-0.3348738421052629,22.08614715789474,-2.5,-0.34364577192982426,22.577375228070178,-2.5,-0.3524177017543857,23.068603298245616,-2.5
1773839873.126101971,1773839873.126101971,0.000,offline_ground_truth_window,"Environment section (T(v)):
- Current position NED is (-0.33, 20.86, -2.49) m.
- Current velocity is (-0.00, 0.08, 0.00) m/s (speed 0.08 m/s).
- Goal position NED is (-0.44, 27.98, -2.50) m.
- Output contract: predict exactly 5 waypoint x/y pairs in NED. The planner will set every waypoint z to goal z = -2.50 m before execution.
- Goal delta from current state is (-0.11, 7.12, -0.01) m with distance 7.12 m.
- Obstacle pipeline: depth_camera_to_body_to_ned_current_frame.
- Current depth frame obstacle points projected into NED: 34. Nearest depth obstacle in NED is at (-1.15, 28.82, -2.00) m, relative vector (-0.82, 7.96, 0.49) m, distance 8.02 m.
- Depth validity fraction is 0.57. Global nearest obstacle distance is 4.94 m.
- Sector minimum distances [far_left, left, center, right, far_right] are [4.94, 4.94, 4.95, 4.96, 4.96] m.
- Nearest obstacle sector is far_left at 4.94 m and clearance status is clear.
- Lateral planning hint: prefer center progress.","{""waypoints"":[{""x"":-0.32610191228070146,""y"":21.5949190877193},{""x"":-0.3348738421052629,""y"":22.08614715789474},{""x"":-0.34364577192982426,""y"":22.577375228070178},{""x"":-0.3524177017543857,""y"":23.068603298245616},{""x"":-0.36118963157894707,""y"":23.559831368421055}],""reasoning"":""Selected waypoint 0 moves the reference anchor from 6.88 m to 6.39 m from goal immediately and to 4.42 m by the final waypoint, so progress is 0.49 m selected / 2.46 m final and passes with monotonic goal-distance reduction. Kinematics is evaluated on 5 unique label waypoint(s), excluding consecutive duplicate terminal holds, and checks only that the trajectory stays within the configured bounds speed <= 15.00 m/s and acceleration <= 8.00 m/s^2, so kinematics passes. Goal is not reached within this label waypoint window. Safety passes: minimum clearance 2.82 m against manifest obstacles with 0 violating segment(s).""}",-0.32610191228070146,21.5949190877193,-2.5,-0.3348738421052629,22.08614715789474,-2.5,-0.34364577192982426,22.577375228070178,-2.5,-0.3524177017543857,23.068603298245616,-2.5,-0.36118963157894707,23.559831368421055,-2.5
1773839879.454952955,1773839879.454952955,0.000,offline_ground_truth_window,"Environment section (T(v)):
- Current position NED is (-0.32, 21.36, -2.50) m.
- Current velocity is (-0.01, 0.07, 0.00) m/s (speed 0.07 m/s).
- Goal position NED is (-0.44, 27.98, -2.50) m.
- Output contract: predict exactly 5 waypoint x/y pairs in NED. The planner will set every waypoint z to goal z = -2.50 m before execution.
- Goal delta from current state is (-0.12, 6.63, -0.00) m with distance 6.63 m.
- Obstacle pipeline: depth_camera_to_body_to_ned_current_frame.
- Current depth frame obstacle points projected into NED: 36. Nearest depth obstacle in NED is at (-0.97, 28.20, -2.65) m, relative vector (-0.65, 6.85, -0.15) m, distance 6.88 m.
- Depth validity fraction is 0.56. Global nearest obstacle distance is 5.03 m.
- Sector minimum distances [far_left, left, center, right, far_right] are [5.03, 5.03, 5.03, 5.03, 5.03] m.
- Nearest obstacle sector is far_left at 5.03 m and clearance status is clear.
- Lateral planning hint: prefer center progress.","{""waypoints"":[{""x"":-0.3348738421052629,""y"":22.08614715789474},{""x"":-0.34364577192982426,""y"":22.577375228070178},{""x"":-0.3524177017543857,""y"":23.068603298245616},{""x"":-0.36118963157894707,""y"":23.559831368421055},{""x"":-0.3699615614035085,""y"":24.051059438596496}],""reasoning"":""Selected waypoint 0 moves the reference anchor from 6.39 m to 5.90 m from goal immediately and to 3.93 m by the final waypoint, so progress is 0.49 m selected / 2.46 m final and passes with monotonic goal-distance reduction. Kinematics is evaluated on 5 unique label waypoint(s), excluding consecutive duplicate terminal holds, and checks only that the trajectory stays within the configured bounds speed <= 15.00 m/s and acceleration <= 8.00 m/s^2, so kinematics passes. Goal is not reached within this label waypoint window. Safety passes: minimum clearance 2.82 m against manifest obstacles with 0 violating segment(s).""}",-0.3348738421052629,22.08614715789474,-2.5,-0.34364577192982426,22.577375228070178,-2.5,-0.3524177017543857,23.068603298245616,-2.5,-0.36118963157894707,23.559831368421055,-2.5,-0.3699615614035085,24.051059438596496,-2.5
1773839886.416146994,1773839886.416146994,0.000,offline_ground_truth_window,"Environment section (T(v)):
- Current position NED is (-0.34, 21.84, -2.48) m.
- Current velocity is (0.00, 0.07, 0.00) m/s (speed 0.07 m/s).
- Goal position NED is (-0.44, 27.98, -2.50) m.
- Output contract: predict exactly 5 waypoint x/y pairs in NED. The planner will set every waypoint z to goal z = -2.50 m before execution.
- Goal delta from current state is (-0.10, 6.14, -0.02) m with distance 6.14 m.
- Obstacle pipeline: depth_camera_to_body_to_ned_current_frame.
- Current depth frame obstacle points projected into NED: 38. Nearest depth obstacle in NED is at (-0.80, 28.81, -2.30) m, relative vector (-0.46, 6.96, 0.18) m, distance 6.98 m.
- Depth validity fraction is 0.56. Global nearest obstacle distance is 4.99 m.
- Sector minimum distances [far_left, left, center, right, far_right] are [4.99, 4.99, 4.99, 4.99, 4.99] m.
- Nearest obstacle sector is far_right at 4.99 m and clearance status is clear.
- Lateral planning hint: prefer center progress.","{""waypoints"":[{""x"":-0.34364577192982426,""y"":22.577375228070178},{""x"":-0.3524177017543857,""y"":23.068603298245616},{""x"":-0.36118963157894707,""y"":23.559831368421055},{""x"":-0.3699615614035085,""y"":24.051059438596496},{""x"":-0.3787334912280699,""y"":24.54228750877193}],""reasoning"":""Selected waypoint 0 moves the reference anchor from 5.90 m to 5.40 m from goal immediately and to 3.44 m by the final waypoint, so progress is 0.49 m selected / 2.46 m final and passes with monotonic goal-distance reduction. Kinematics is evaluated on 5 unique label waypoint(s), excluding consecutive duplicate terminal holds, and checks only that the trajectory stays within the configured bounds speed <= 15.00 m/s and acceleration <= 8.00 m/s^2, so kinematics passes. Goal is not reached within this label waypoint window. Safety passes: minimum clearance 2.82 m against manifest obstacles with 0 violating segment(s).""}",-0.34364577192982426,22.577375228070178,-2.5,-0.3524177017543857,23.068603298245616,-2.5,-0.36118963157894707,23.559831368421055,-2.5,-0.3699615614035085,24.051059438596496,-2.5,-0.3787334912280699,24.54228750877193,-2.5
1773839894.270213127,1773839894.270213127,0.000,offline_ground_truth_window,"Environment section (T(v)):
- Current position NED is (-0.34, 22.33, -2.49) m.
- Current velocity is (-0.00, 0.04, -0.00) m/s (speed 0.04 m/s).
- Goal position NED is (-0.44, 27.98, -2.50) m.
- Output contract: predict exactly 5 waypoint x/y pairs in NED. The planner will set every waypoint z to goal z = -2.50 m before execution.
- Goal delta from current state is (-0.10, 5.65, -0.01) m with distance 5.65 m.
- Obstacle pipeline: depth_camera_to_body_to_ned_current_frame.
- Current depth frame obstacle points projected into NED: 45. Nearest depth obstacle in NED is at (-1.23, 28.60, -2.59) m, relative vector (-0.89, 6.27, -0.10) m, distance 6.33 m.
- Depth validity fraction is 0.56. Global nearest obstacle distance is 4.99 m.
- Sector minimum distances [far_left, left, center, right, far_right] are [4.99, 4.99, 4.99, 4.99, 4.99] m.
- Nearest obstacle sector is far_left at 4.99 m and clearance status is clear.
- Lateral planning hint: prefer center progress.","{""waypoints"":[{""x"":-0.3524177017543857,""y"":23.068603298245616},{""x"":-0.36118963157894707,""y"":23.559831368421055},{""x"":-0.3699615614035085,""y"":24.051059438596496},{""x"":-0.3787334912280699,""y"":24.54228750877193},{""x"":-0.3875054210526313,""y"":25.033515578947373}],""reasoning"":""Selected waypoint 0 moves the reference anchor from 5.40 m to 4.91 m from goal immediately and to 2.95 m by the final waypoint, so progress is 0.49 m selected / 2.46 m final and passes with monotonic goal-distance reduction. Kinematics is evaluated on 5 unique label waypoint(s), excluding consecutive duplicate terminal holds, and checks only that the trajectory stays within the configured bounds speed <= 15.00 m/s and acceleration <= 8.00 m/s^2, so kinematics passes. Goal is not reached within this label waypoint window. Safety passes: minimum clearance 2.82 m against manifest obstacles with 0 violating segment(s).""}",-0.3524177017543857,23.068603298245616,-2.5,-0.36118963157894707,23.559831368421055,-2.5,-0.3699615614035085,24.051059438596496,-2.5,-0.3787334912280699,24.54228750877193,-2.5,-0.3875054210526313,25.033515578947373,-2.5
1773839901.091495275,1773839901.091495275,0.000,offline_ground_truth_window,"Environment section (T(v)):
- Current position NED is (-0.34, 22.82, -2.49) m.
- Current velocity is (-0.01, 0.09, -0.00) m/s (speed 0.09 m/s).
- Goal position NED is (-0.44, 27.98, -2.50) m.
- Output contract: predict exactly 5 waypoint x/y pairs in NED. The planner will set every waypoint z to goal z = -2.50 m before execution.
- Goal delta from current state is (-0.10, 5.16, -0.01) m with distance 5.16 m.
- Obstacle pipeline: depth_camera_to_body_to_ned_current_frame.
- Current depth frame obstacle points projected into NED: 65. Nearest depth obstacle in NED is at (-1.01, 28.37, -2.61) m, relative vector (-0.66, 5.54, -0.12) m, distance 5.58 m.
- Depth validity fraction is 0.56. Global nearest obstacle distance is 5.00 m.
- Sector minimum distances [far_left, left, center, right, far_right] are [5.00, 5.00, 5.00, 5.00, 5.01] m.
- Nearest obstacle sector is far_left at 5.00 m and clearance status is clear.
- Lateral planning hint: prefer center progress.","{""waypoints"":[{""x"":-0.36118963157894707,""y"":23.559831368421055},{""x"":-0.3699615614035085,""y"":24.051059438596496},{""x"":-0.3787334912280699,""y"":24.54228750877193},{""x"":-0.3875054210526313,""y"":25.033515578947373},{""x"":-0.3962773508771927,""y"":25.524743649122808}],""reasoning"":""Selected waypoint 0 moves the reference anchor from 4.91 m to 4.42 m from goal immediately and to 2.46 m by the final waypoint, so progress is 0.49 m selected / 2.46 m final and passes with monotonic goal-distance reduction. Kinematics is evaluated on 5 unique label waypoint(s), excluding consecutive duplicate terminal holds, and checks only that the trajectory stays within the configured bounds speed <= 15.00 m/s and acceleration <= 8.00 m/s^2, so kinematics passes. Goal is not reached within this label waypoint window. Safety passes: minimum clearance 2.82 m against manifest obstacles with 0 violating segment(s).""}",-0.36118963157894707,23.559831368421055,-2.5,-0.3699615614035085,24.051059438596496,-2.5,-0.3787334912280699,24.54228750877193,-2.5,-0.3875054210526313,25.033515578947373,-2.5,-0.3962773508771927,25.524743649122808,-2.5
1773839908.288566351,1773839908.288566351,0.000,offline_ground_truth_window,"Environment section (T(v)):
- Current position NED is (-0.33, 23.31, -2.49) m.
- Current velocity is (-0.00, 0.05, 0.01) m/s (speed 0.05 m/s).
- Goal position NED is (-0.44, 27.98, -2.50) m.
- Output contract: predict exactly 5 waypoint x/y pairs in NED. The planner will set every waypoint z to goal z = -2.50 m before execution.
- Goal delta from current state is (-0.11, 4.67, -0.01) m with distance 4.67 m.
- Obstacle pipeline: depth_camera_to_body_to_ned_current_frame.
- Current depth frame obstacle points projected into NED: 44. Nearest depth obstacle in NED is at (-0.97, 28.21, -2.71) m, relative vector (-0.64, 4.90, -0.22) m, distance 4.94 m.
- Depth validity fraction is 0.55. Global nearest obstacle distance is 4.78 m.
- Sector minimum distances [far_left, left, center, right, far_right] are [5.08, 5.08, 4.78, 5.07, 5.07] m.
- Nearest obstacle sector is center at 4.78 m and clearance status is clear.
- Lateral planning hint: prefer center progress.","{""waypoints"":[{""x"":-0.3699615614035085,""y"":24.051059438596496},{""x"":-0.3787334912280699,""y"":24.54228750877193},{""x"":-0.3875054210526313,""y"":25.033515578947373},{""x"":-0.3962773508771927,""y"":25.524743649122808},{""x"":-0.4050492807017541,""y"":26.01597171929825}],""reasoning"":""Selected waypoint 0 moves the reference anchor from 4.42 m to 3.93 m from goal immediately and to 1.97 m by the final waypoint, so progress is 0.49 m selected / 2.46 m final and passes with monotonic goal-distance reduction. Kinematics is evaluated on 5 unique label waypoint(s), excluding consecutive duplicate terminal holds, and checks only that the trajectory stays within the configured bounds speed <= 15.00 m/s and acceleration <= 8.00 m/s^2, so kinematics passes. Goal is not reached within this label waypoint window. Safety passes: minimum clearance 2.85 m against manifest obstacles with 0 violating segment(s).""}",-0.3699615614035085,24.051059438596496,-2.5,-0.3787334912280699,24.54228750877193,-2.5,-0.3875054210526313,25.033515578947373,-2.5,-0.3962773508771927,25.524743649122808,-2.5,-0.4050492807017541,26.01597171929825,-2.5
1773839915.497595310,1773839915.497595310,0.000,offline_ground_truth_window,"Environment section (T(v)):
- Current position NED is (-0.38, 23.81, -2.51) m.
- Current velocity is (-0.00, 0.06, 0.01) m/s (speed 0.06 m/s).
- Goal position NED is (-0.44, 27.98, -2.50) m.
- Output contract: predict exactly 5 waypoint x/y pairs in NED. The planner will set every waypoint z to goal z = -2.50 m before execution.
- Goal delta from current state is (-0.06, 4.18, 0.01) m with distance 4.18 m.
- Obstacle pipeline: depth_camera_to_body_to_ned_current_frame.
- Current depth frame obstacle points projected into NED: 58. Nearest depth obstacle in NED is at (-0.70, 28.23, -2.70) m, relative vector (-0.33, 4.42, -0.19) m, distance 4.44 m.
- Depth validity fraction is 0.55. Global nearest obstacle distance is 4.27 m.
- Sector minimum distances [far_left, left, center, right, far_right] are [5.06, 4.41, 4.27, 5.07, 5.07] m.
- Nearest obstacle sector is center at 4.27 m and clearance status is clear.
- Lateral planning hint: prefer center progress.","{""waypoints"":[{""x"":-0.3787334912280699,""y"":24.54228750877193},{""x"":-0.3875054210526313,""y"":25.033515578947373},{""x"":-0.3962773508771927,""y"":25.524743649122808},{""x"":-0.4050492807017541,""y"":26.01597171929825},{""x"":-0.4138212105263155,""y"":26.507199789473685}],""reasoning"":""Selected waypoint 0 moves the reference anchor from 3.93 m to 3.44 m from goal immediately and to 1.47 m by the final waypoint, so progress is 0.49 m selected / 2.46 m final and passes with monotonic goal-distance reduction. Kinematics is evaluated on 5 unique label waypoint(s), excluding consecutive duplicate terminal holds, and checks only that the trajectory stays within the configured bounds speed <= 15.00 m/s and acceleration <= 8.00 m/s^2, so kinematics passes. Goal is not reached within this label waypoint window. Safety passes: minimum clearance 2.96 m against manifest obstacles with 0 violating segment(s).""}",-0.3787334912280699,24.54228750877193,-2.5,-0.3875054210526313,25.033515578947373,-2.5,-0.3962773508771927,25.524743649122808,-2.5,-0.4050492807017541,26.01597171929825,-2.5,-0.4138212105263155,26.507199789473685,-2.5
1773839922.952026367,1773839922.952026367,0.000,offline_ground_truth_window,"Environment section (T(v)):
- Current position NED is (-0.39, 24.30, -2.52) m.
- Current velocity is (-0.00, 0.05, 0.01) m/s (speed 0.05 m/s).
- Goal position NED is (-0.44, 27.98, -2.50) m.
- Output contract: predict exactly 5 waypoint x/y pairs in NED. The planner will set every waypoint z to goal z = -2.50 m before execution.
- Goal delta from current state is (-0.05, 3.68, 0.02) m with distance 3.68 m.
- Obstacle pipeline: depth_camera_to_body_to_ned_current_frame.
- Current depth frame obstacle points projected into NED: 67. Nearest depth obstacle in NED is at (-0.93, 28.50, -2.65) m, relative vector (-0.54, 4.20, -0.13) m, distance 4.24 m.
- Depth validity fraction is 0.56. Global nearest obstacle distance is 3.81 m.
- Sector minimum distances [far_left, left, center, right, far_right] are [5.05, 3.90, 3.81, 5.06, 5.06] m.
- Nearest obstacle sector is center at 3.81 m and clearance status is clear.
- Lateral planning hint: right side is clearer.","{""waypoints"":[{""x"":-0.3875054210526313,""y"":25.033515578947373},{""x"":-0.3962773508771927,""y"":25.524743649122808},{""x"":-0.4050492807017541,""y"":26.01597171929825},{""x"":-0.4138212105263155,""y"":26.507199789473685},{""x"":-0.4225931403508769,""y"":26.998427859649127}],""reasoning"":""Selected waypoint 0 moves the reference anchor from 3.44 m to 2.95 m from goal immediately and to 0.98 m by the final waypoint, so progress is 0.49 m selected / 2.46 m final and passes with monotonic goal-distance reduction. Kinematics is evaluated on 5 unique label waypoint(s), excluding consecutive duplicate terminal holds, and checks only that the trajectory stays within the configured bounds speed <= 15.00 m/s and acceleration <= 8.00 m/s^2, so kinematics passes. Goal is not reached within this label waypoint window. Safety passes: minimum clearance 3.13 m against manifest obstacles with 0 violating segment(s).""}",-0.3875054210526313,25.033515578947373,-2.5,-0.3962773508771927,25.524743649122808,-2.5,-0.4050492807017541,26.01597171929825,-2.5,-0.4138212105263155,26.507199789473685,-2.5,-0.4225931403508769,26.998427859649127,-2.5
1773839929.740437508,1773839929.740437508,0.000,offline_ground_truth_window,"Environment section (T(v)):
- Current position NED is (-0.41, 24.79, -2.52) m.
- Current velocity is (0.00, 0.05, 0.01) m/s (speed 0.05 m/s).
- Goal position NED is (-0.44, 27.98, -2.50) m.
- Output contract: predict exactly 5 waypoint x/y pairs in NED. The planner will set every waypoint z to goal z = -2.50 m before execution.
- Goal delta from current state is (-0.03, 3.19, 0.02) m with distance 3.19 m.
- Obstacle pipeline: depth_camera_to_body_to_ned_current_frame.
- Current depth frame obstacle points projected into NED: 85. Nearest depth obstacle in NED is at (-1.21, 28.27, -2.65) m, relative vector (-0.80, 3.49, -0.13) m, distance 3.58 m.
- Depth validity fraction is 0.56. Global nearest obstacle distance is 3.31 m.
- Sector minimum distances [far_left, left, center, right, far_right] are [5.03, 3.36, 3.31, 5.03, 5.04] m.
- Nearest obstacle sector is center at 3.31 m and clearance status is clear.
- Lateral planning hint: right side is clearer.","{""waypoints"":[{""x"":-0.3962773508771927,""y"":25.524743649122808},{""x"":-0.4050492807017541,""y"":26.01597171929825},{""x"":-0.4138212105263155,""y"":26.507199789473685},{""x"":-0.4225931403508769,""y"":26.998427859649127},{""x"":-0.4313650701754383,""y"":27.489655929824565}],""reasoning"":""Selected waypoint 0 moves the reference anchor from 2.95 m to 2.46 m from goal immediately and to 0.49 m by the final waypoint, so progress is 0.49 m selected / 2.46 m final and passes with monotonic goal-distance reduction. Kinematics is evaluated on 5 unique label waypoint(s), excluding consecutive duplicate terminal holds, and checks only that the trajectory stays within the configured bounds speed <= 15.00 m/s and acceleration <= 8.00 m/s^2, so kinematics passes. Goal is not reached within this label waypoint window. Safety passes: minimum clearance 3.36 m against manifest obstacles with 0 violating segment(s).""}",-0.3962773508771927,25.524743649122808,-2.5,-0.4050492807017541,26.01597171929825,-2.5,-0.4138212105263155,26.507199789473685,-2.5,-0.4225931403508769,26.998427859649127,-2.5,-0.4313650701754383,27.489655929824565,-2.5
1773839935.627575874,1773839935.627575874,0.000,offline_ground_truth_window,"Environment section (T(v)):
- Current position NED is (-0.41, 25.28, -2.51) m.
- Current velocity is (0.00, 0.06, 0.00) m/s (speed 0.06 m/s).
- Goal position NED is (-0.44, 27.98, -2.50) m.
- Output contract: predict exactly 5 waypoint x/y pairs in NED. The planner will set every waypoint z to goal z = -2.50 m before execution.
- Goal delta from current state is (-0.03, 2.70, 0.01) m with distance 2.70 m.
- Obstacle pipeline: depth_camera_to_body_to_ned_current_frame.
- Current depth frame obstacle points projected into NED: 104. Nearest depth obstacle in NED is at (-0.76, 28.23, -2.67) m, relative vector (-0.35, 2.95, -0.17) m, distance 2.97 m.
- Depth validity fraction is 0.58. Global nearest obstacle distance is 2.82 m.
- Sector minimum distances [far_left, left, center, right, far_right] are [5.06, 2.84, 2.82, 5.06, 5.05] m.
- Nearest obstacle sector is center at 2.82 m and clearance status is caution.
- Lateral planning hint: right side is clearer.","{""waypoints"":[{""x"":-0.4050492807017541,""y"":26.01597171929825},{""x"":-0.4138212105263155,""y"":26.507199789473685},{""x"":-0.4225931403508769,""y"":26.998427859649127},{""x"":-0.4313650701754383,""y"":27.489655929824565},{""x"":-0.4401369999999997,""y"":27.980884000000003}],""reasoning"":""Selected waypoint 0 moves the reference anchor from 2.46 m to 1.97 m from goal immediately and to 0.00 m by the final waypoint, so progress is 0.49 m selected / 2.46 m final and passes with monotonic goal-distance reduction. Kinematics is evaluated on 5 unique label waypoint(s), excluding consecutive duplicate terminal holds, and checks only that the trajectory stays within the configured bounds speed <= 15.00 m/s and acceleration <= 8.00 m/s^2, so kinematics passes. Goal will be reached in 5 waypoint(s) within 0.35 m tolerance. Safety passes: minimum clearance 3.17 m against manifest obstacles with 0 violating segment(s).""}",-0.4050492807017541,26.01597171929825,-2.5,-0.4138212105263155,26.507199789473685,-2.5,-0.4225931403508769,26.998427859649127,-2.5,-0.4313650701754383,27.489655929824565,-2.5,-0.4401369999999997,27.980884000000003,-2.5
1773839941.985724211,1773839941.985724211,0.000,offline_ground_truth_window,"Environment section (T(v)):
- Current position NED is (-0.43, 25.77, -2.49) m.
- Current velocity is (-0.00, 0.05, 0.00) m/s (speed 0.05 m/s).
- Goal position NED is (-0.44, 27.98, -2.50) m.
- Output contract: predict exactly 5 waypoint x/y pairs in NED. The planner will set every waypoint z to goal z = -2.50 m before execution.
- Goal delta from current state is (-0.01, 2.21, -0.01) m with distance 2.21 m.
- Obstacle pipeline: depth_camera_to_body_to_ned_current_frame.
- Current depth frame obstacle points projected into NED: 109. Nearest depth obstacle in NED is at (-1.09, 28.23, -2.61) m, relative vector (-0.66, 2.46, -0.12) m, distance 2.55 m.
- Depth validity fraction is 0.62. Global nearest obstacle distance is 2.33 m.
- Sector minimum distances [far_left, left, center, right, far_right] are [5.00, 2.33, 2.33, 5.01, 5.01] m.
- Nearest obstacle sector is center at 2.33 m and clearance status is caution.
- Lateral planning hint: right side is clearer.","{""waypoints"":[{""x"":-0.4401369999999997,""y"":27.980884000000003},{""x"":-0.4401369999999997,""y"":27.980884000000003},{""x"":-0.4401369999999997,""y"":27.980884000000003},{""x"":-0.4401369999999997,""y"":27.980884000000003},{""x"":-0.4401369999999997,""y"":27.980884000000003}],""reasoning"":""Selected waypoint 0 moves the reference anchor from 1.97 m to 0.00 m from goal immediately and to 0.00 m by the final waypoint, so progress is 1.97 m selected / 1.97 m final and passes with monotonic goal-distance reduction. Kinematics is evaluated on 1 unique label waypoint(s), excluding consecutive duplicate terminal holds, and checks only that the trajectory stays within the configured bounds speed <= 15.00 m/s and acceleration <= 8.00 m/s^2, so kinematics passes. Goal will be reached in 1 waypoint(s) within 0.35 m tolerance. Safety passes: minimum clearance 3.17 m against manifest obstacles with 0 violating segment(s).""}",-0.4401369999999997,27.980884000000003,-2.5,-0.4401369999999997,27.980884000000003,-2.5,-0.4401369999999997,27.980884000000003,-2.5,-0.4401369999999997,27.980884000000003,-2.5,-0.4401369999999997,27.980884000000003,-2.5
1773839949.605851650,1773839949.605851650,0.000,offline_ground_truth_window,"Environment section (T(v)):
- Current position NED is (-0.43, 26.26, -2.50) m.
- Current velocity is (-0.01, 0.04, 0.00) m/s (speed 0.04 m/s).
- Goal position NED is (-0.44, 27.98, -2.50) m.
- Output contract: predict exactly 5 waypoint x/y pairs in NED. The planner will set every waypoint z to goal z = -2.50 m before execution.
- Goal delta from current state is (-0.01, 1.72, -0.00) m with distance 1.72 m.
- Obstacle pipeline: depth_camera_to_body_to_ned_current_frame.
- Current depth frame obstacle points projected into NED: 137. Nearest depth obstacle in NED is at (-0.86, 28.21, -2.62) m, relative vector (-0.43, 1.95, -0.12) m, distance 2.00 m.
- Depth validity fraction is 0.66. Global nearest obstacle distance is 1.83 m.
- Sector minimum distances [far_left, left, center, right, far_right] are [4.97, 1.83, 1.84, 2.20, 4.98] m.
- Nearest obstacle sector is left at 1.83 m and clearance status is caution.
- Lateral planning hint: prefer center progress.","{""waypoints"":[{""x"":-0.4401369999999997,""y"":27.980884000000003},{""x"":-0.4401369999999997,""y"":27.980884000000003},{""x"":-0.4401369999999997,""y"":27.980884000000003},{""x"":-0.4401369999999997,""y"":27.980884000000003},{""x"":-0.4401369999999997,""y"":27.980884000000003}],""reasoning"":""Selected waypoint 0 moves the reference anchor from 1.47 m to 0.00 m from goal immediately and to 0.00 m by the final waypoint, so progress is 1.47 m selected / 1.47 m final and passes with monotonic goal-distance reduction. Kinematics is evaluated on 1 unique label waypoint(s), excluding consecutive duplicate terminal holds, and checks only that the trajectory stays within the configured bounds speed <= 15.00 m/s and acceleration <= 8.00 m/s^2, so kinematics passes. Goal will be reached in 1 waypoint(s) within 0.35 m tolerance. Safety passes: minimum clearance 3.17 m against manifest obstacles with 0 violating segment(s).""}",-0.4401369999999997,27.980884000000003,-2.5,-0.4401369999999997,27.980884000000003,-2.5,-0.4401369999999997,27.980884000000003,-2.5,-0.4401369999999997,27.980884000000003,-2.5,-0.4401369999999997,27.980884000000003,-2.5
1773839957.579581022,1773839957.579581022,0.000,offline_ground_truth_window,"Environment section (T(v)):
- Current position NED is (-0.42, 26.76, -2.49) m.
- Current velocity is (0.01, 0.07, 0.00) m/s (speed 0.07 m/s).
- Goal position NED is (-0.44, 27.98, -2.50) m.
- Output contract: predict exactly 5 waypoint x/y pairs in NED. The planner will set every waypoint z to goal z = -2.50 m before execution.
- Goal delta from current state is (-0.02, 1.22, -0.01) m with distance 1.22 m.
- Obstacle pipeline: depth_camera_to_body_to_ned_current_frame.
- Current depth frame obstacle points projected into NED: 183. Nearest depth obstacle in NED is at (-0.74, 28.22, -2.59) m, relative vector (-0.31, 1.46, -0.10) m, distance 1.50 m.
- Depth validity fraction is 0.70. Global nearest obstacle distance is 1.34 m.
- Sector minimum distances [far_left, left, center, right, far_right] are [1.45, 1.34, 1.35, 1.56, 4.82] m.
- Nearest obstacle sector is left at 1.34 m and clearance status is blocked.
- Lateral planning hint: right side is clearer.","{""waypoints"":[{""x"":-0.4401369999999997,""y"":27.980884000000003},{""x"":-0.4401369999999997,""y"":27.980884000000003},{""x"":-0.4401369999999997,""y"":27.980884000000003},{""x"":-0.4401369999999997,""y"":27.980884000000003},{""x"":-0.4401369999999997,""y"":27.980884000000003}],""reasoning"":""Selected waypoint 0 moves the reference anchor from 0.98 m to 0.00 m from goal immediately and to 0.00 m by the final waypoint, so progress is 0.98 m selected / 0.98 m final and passes with monotonic goal-distance reduction. Kinematics is evaluated on 1 unique label waypoint(s), excluding consecutive duplicate terminal holds, and checks only that the trajectory stays within the configured bounds speed <= 15.00 m/s and acceleration <= 8.00 m/s^2, so kinematics passes. Goal will be reached in 1 waypoint(s) within 0.35 m tolerance. Safety passes: minimum clearance 3.17 m against manifest obstacles with 0 violating segment(s).""}",-0.4401369999999997,27.980884000000003,-2.5,-0.4401369999999997,27.980884000000003,-2.5,-0.4401369999999997,27.980884000000003,-2.5,-0.4401369999999997,27.980884000000003,-2.5,-0.4401369999999997,27.980884000000003,-2.5
1773839965.463319063,1773839965.463319063,0.000,offline_ground_truth_window,"Environment section (T(v)):
- Current position NED is (-0.45, 27.24, -2.49) m.
- Current velocity is (0.00, 0.06, -0.00) m/s (speed 0.06 m/s).
- Goal position NED is (-0.44, 27.98, -2.50) m.
- Output contract: predict exactly 5 waypoint x/y pairs in NED. The planner will set every waypoint z to goal z = -2.50 m before execution.
- Goal delta from current state is (0.01, 0.74, -0.01) m with distance 0.74 m.
- Obstacle pipeline: depth_camera_to_body_to_ned_current_frame.
- Current depth frame obstacle points projected into NED: 233. Nearest depth obstacle in NED is at (-0.69, 28.23, -2.61) m, relative vector (-0.25, 0.99, -0.12) m, distance 1.03 m.
- Depth validity fraction is 0.72. Global nearest obstacle distance is 0.86 m.
- Sector minimum distances [far_left, left, center, right, far_right] are [0.86, 0.86, 0.89, 1.04, 4.35] m.
- Nearest obstacle sector is left at 0.86 m and clearance status is blocked.
- Lateral planning hint: right side is clearer.","{""waypoints"":[{""x"":-0.4401369999999997,""y"":27.980884000000003},{""x"":-0.4401369999999997,""y"":27.980884000000003},{""x"":-0.4401369999999997,""y"":27.980884000000003},{""x"":-0.4401369999999997,""y"":27.980884000000003},{""x"":-0.4401369999999997,""y"":27.980884000000003}],""reasoning"":""Selected waypoint 0 moves the reference anchor from 0.49 m to 0.00 m from goal immediately and to 0.00 m by the final waypoint, so progress is 0.49 m selected / 0.49 m final and passes with monotonic goal-distance reduction. Kinematics is evaluated on 1 unique label waypoint(s), excluding consecutive duplicate terminal holds, and checks only that the trajectory stays within the configured bounds speed <= 15.00 m/s and acceleration <= 8.00 m/s^2, so kinematics passes. Goal will be reached in 1 waypoint(s) within 0.35 m tolerance. Safety passes: minimum clearance 3.17 m against manifest obstacles with 0 violating segment(s).""}",-0.4401369999999997,27.980884000000003,-2.5,-0.4401369999999997,27.980884000000003,-2.5,-0.4401369999999997,27.980884000000003,-2.5,-0.4401369999999997,27.980884000000003,-2.5,-0.4401369999999997,27.980884000000003,-2.5
1773839971.937336683,1773839971.937336683,0.000,offline_ground_truth_window,"Environment section (T(v)):
- Current position NED is (-0.43, 27.74, -2.50) m.
- Current velocity is (-0.00, 0.05, 0.01) m/s (speed 0.05 m/s).
- Goal position NED is (-0.44, 27.98, -2.50) m.
- Output contract: predict exactly 5 waypoint x/y pairs in NED. The planner will set every waypoint z to goal z = -2.50 m before execution.
- Goal delta from current state is (-0.01, 0.24, -0.00) m with distance 0.24 m.
- Obstacle pipeline: depth_camera_to_body_to_ned_current_frame.
- Current depth frame obstacle points projected into NED: 297. Nearest depth obstacle in NED is at (-0.51, 28.58, -2.62) m, relative vector (-0.08, 0.84, -0.12) m, distance 0.85 m.
- Depth validity fraction is 0.75. Global nearest obstacle distance is 0.69 m.
- Sector minimum distances [far_left, left, center, right, far_right] are [0.69, 0.69, 0.69, 0.69, 0.72] m.
- Nearest obstacle sector is right at 0.69 m and clearance status is blocked.
- Lateral planning hint: prefer center progress.","{""waypoints"":[{""x"":-0.4401369999999997,""y"":27.980884000000003},{""x"":-0.4401369999999997,""y"":27.980884000000003},{""x"":-0.4401369999999997,""y"":27.980884000000003},{""x"":-0.4401369999999997,""y"":27.980884000000003},{""x"":-0.4401369999999997,""y"":27.980884000000003}],""reasoning"":""Selected waypoint 0 moves the reference anchor from 0.00 m to 0.00 m from goal immediately and to 0.00 m by the final waypoint, so progress is 0.00 m selected / 0.00 m final and fails with monotonic goal-distance reduction. Kinematics is evaluated on 1 unique label waypoint(s), excluding consecutive duplicate terminal holds, and checks only that the trajectory stays within the configured bounds speed <= 15.00 m/s and acceleration <= 8.00 m/s^2, so kinematics passes. Goal has already been reached at the reference anchor within 0.35 m tolerance. Safety passes: minimum clearance 3.17 m against manifest obstacles with 0 violating segment(s).""}",-0.4401369999999997,27.980884000000003,-2.5,-0.4401369999999997,27.980884000000003,-2.5,-0.4401369999999997,27.980884000000003,-2.5,-0.4401369999999997,27.980884000000003,-2.5,-0.4401369999999997,27.980884000000003,-2.5
