anchor_stamp_s,scene_stamp_s,sync_dt_ms,label_mode,prompt,label_waypoints_json,wp0_x,wp0_y,wp0_z,wp1_x,wp1_y,wp1_z,wp2_x,wp2_y,wp2_z,wp3_x,wp3_y,wp3_z,wp4_x,wp4_y,wp4_z
1773845016.421053648,1773845016.421053648,0.000,offline_ground_truth_window,"Environment section (T(v)):
- Current position NED is (-0.05, 0.00, -2.30) m.
- Current velocity is (0.00, -0.00, 0.00) m/s (speed 0.00 m/s).
- Goal position NED is (0.76, 28.00, -2.50) m.
- Output contract: predict exactly 5 waypoint x/y pairs in NED. The planner will set every waypoint z to goal z = -2.50 m before execution.
- Goal delta from current state is (0.80, 28.00, -0.20) m with distance 28.01 m.
- Obstacle pipeline: depth_camera_to_body_to_ned_current_frame.
- Current depth frame obstacle points projected into NED: 150. Nearest depth obstacle in NED is at (-0.07, 0.56, -2.16) m, relative vector (-0.02, 0.56, 0.13) m, distance 0.58 m.
- Depth validity fraction is 0.69. Global nearest obstacle distance is 0.42 m.
- Sector minimum distances [far_left, left, center, right, far_right] are [0.92, 0.45, 0.42, 0.42, 0.92] m.
- Nearest obstacle sector is center at 0.42 m and clearance status is blocked.
- Lateral planning hint: prefer center progress.","{""waypoints"":[{""x"":0.019870894736842476,""y"":0.48684160526315856},{""x"":0.03302878947368458,""y"":0.9736837105263163},{""x"":0.046186684210526685,""y"":1.460525815789474},{""x"":0.05934457894736879,""y"":1.947367921052632},{""x"":0.0725024736842109,""y"":2.4342100263157898}],""reasoning"":""Selected waypoint 0 moves the reference anchor from 28.01 m to 27.52 m from goal immediately and to 25.57 m by the final waypoint, so progress is 0.49 m selected / 2.44 m final and passes with monotonic goal-distance reduction. Kinematics is evaluated on 5 unique label waypoint(s), excluding consecutive duplicate terminal holds, and checks only that the trajectory stays within the configured bounds speed <= 15.00 m/s and acceleration <= 8.00 m/s^2, so kinematics passes. Goal is not reached within this label waypoint window. Safety passes: minimum clearance 3.99 m against manifest obstacles with 0 violating segment(s).""}",0.019870894736842476,0.48684160526315856,-2.5,0.03302878947368458,0.9736837105263163,-2.5,0.046186684210526685,1.460525815789474,-2.5,0.05934457894736879,1.947367921052632,-2.5,0.0725024736842109,2.4342100263157898,-2.5
1773845019.932654619,1773845019.932654619,0.000,offline_ground_truth_window,"Environment section (T(v)):
- Current position NED is (-0.02, 0.25, -2.41) m.
- Current velocity is (0.02, 0.12, -0.04) m/s (speed 0.12 m/s).
- Goal position NED is (0.76, 28.00, -2.50) m.
- Output contract: predict exactly 5 waypoint x/y pairs in NED. The planner will set every waypoint z to goal z = -2.50 m before execution.
- Goal delta from current state is (0.77, 27.75, -0.09) m with distance 27.77 m.
- Obstacle pipeline: depth_camera_to_body_to_ned_current_frame.
- Current depth frame obstacle points projected into NED: 165. Nearest depth obstacle in NED is at (-0.00, 0.61, -2.27) m, relative vector (0.01, 0.36, 0.14) m, distance 0.39 m.
- Depth validity fraction is 0.61. Global nearest obstacle distance is 0.22 m.
- Sector minimum distances [far_left, left, center, right, far_right] are [4.81, 0.26, 0.23, 0.22, 0.22] m.
- Nearest obstacle sector is right at 0.22 m and clearance status is blocked.
- Lateral planning hint: left side is clearer.","{""waypoints"":[{""x"":0.03302878947368458,""y"":0.9736837105263163},{""x"":0.046186684210526685,""y"":1.460525815789474},{""x"":0.05934457894736879,""y"":1.947367921052632},{""x"":0.0725024736842109,""y"":2.4342100263157898},{""x"":0.085660368421053,""y"":2.921052131578948}],""reasoning"":""Selected waypoint 0 moves the reference anchor from 27.52 m to 27.04 m from goal immediately and to 25.09 m by the final waypoint, so progress is 0.49 m selected / 2.44 m final and passes with monotonic goal-distance reduction. Kinematics is evaluated on 5 unique label waypoint(s), excluding consecutive duplicate terminal holds, and checks only that the trajectory stays within the configured bounds speed <= 15.00 m/s and acceleration <= 8.00 m/s^2, so kinematics passes. Goal is not reached within this label waypoint window. Safety passes: minimum clearance 3.55 m against manifest obstacles with 0 violating segment(s).""}",0.03302878947368458,0.9736837105263163,-2.5,0.046186684210526685,1.460525815789474,-2.5,0.05934457894736879,1.947367921052632,-2.5,0.0725024736842109,2.4342100263157898,-2.5,0.085660368421053,2.921052131578948,-2.5
1773845025.991326571,1773845025.991326571,0.000,offline_ground_truth_window,"Environment section (T(v)):
- Current position NED is (0.02, 0.74, -2.48) m.
- Current velocity is (-0.01, 0.10, -0.00) m/s (speed 0.10 m/s).
- Goal position NED is (0.76, 28.00, -2.50) m.
- Output contract: predict exactly 5 waypoint x/y pairs in NED. The planner will set every waypoint z to goal z = -2.50 m before execution.
- Goal delta from current state is (0.74, 27.26, -0.02) m with distance 27.27 m.
- Obstacle pipeline: depth_camera_to_body_to_ned_current_frame.
- Current depth frame obstacle points projected into NED: 13. Nearest depth obstacle in NED is at (-2.33, 6.55, -2.65) m, relative vector (-2.35, 5.82, -0.16) m, distance 6.28 m.
- Depth validity fraction is 0.58. Global nearest obstacle distance is 4.92 m.
- Sector minimum distances [far_left, left, center, right, far_right] are [4.92, 4.92, 4.92, 4.93, 4.93] m.
- Nearest obstacle sector is far_left at 4.92 m and clearance status is clear.
- Lateral planning hint: prefer center progress.","{""waypoints"":[{""x"":0.046186684210526685,""y"":1.460525815789474},{""x"":0.05934457894736879,""y"":1.947367921052632},{""x"":0.0725024736842109,""y"":2.4342100263157898},{""x"":0.085660368421053,""y"":2.921052131578948},{""x"":0.0988182631578951,""y"":3.407894236842105}],""reasoning"":""Selected waypoint 0 moves the reference anchor from 27.04 m to 26.55 m from goal immediately and to 24.60 m by the final waypoint, so progress is 0.49 m selected / 2.44 m final and passes with monotonic goal-distance reduction. Kinematics is evaluated on 5 unique label waypoint(s), excluding consecutive duplicate terminal holds, and checks only that the trajectory stays within the configured bounds speed <= 15.00 m/s and acceleration <= 8.00 m/s^2, so kinematics passes. Goal is not reached within this label waypoint window. Safety passes: minimum clearance 3.13 m against manifest obstacles with 0 violating segment(s).""}",0.046186684210526685,1.460525815789474,-2.5,0.05934457894736879,1.947367921052632,-2.5,0.0725024736842109,2.4342100263157898,-2.5,0.085660368421053,2.921052131578948,-2.5,0.0988182631578951,3.407894236842105,-2.5
1773845031.094402075,1773845031.094402075,0.000,offline_ground_truth_window,"Environment section (T(v)):
- Current position NED is (0.03, 1.22, -2.51) m.
- Current velocity is (-0.01, 0.10, 0.01) m/s (speed 0.10 m/s).
- Goal position NED is (0.76, 28.00, -2.50) m.
- Output contract: predict exactly 5 waypoint x/y pairs in NED. The planner will set every waypoint z to goal z = -2.50 m before execution.
- Goal delta from current state is (0.73, 26.78, 0.01) m with distance 26.79 m.
- Obstacle pipeline: depth_camera_to_body_to_ned_current_frame.
- Current depth frame obstacle points projected into NED: 15. Nearest depth obstacle in NED is at (-2.26, 6.58, -2.51) m, relative vector (-2.28, 5.36, -0.00) m, distance 5.83 m.
- Depth validity fraction is 0.58. Global nearest obstacle distance is 4.96 m.
- Sector minimum distances [far_left, left, center, right, far_right] are [4.96, 4.96, 4.97, 4.97, 4.97] m.
- Nearest obstacle sector is far_left at 4.96 m and clearance status is clear.
- Lateral planning hint: prefer center progress.","{""waypoints"":[{""x"":0.05934457894736879,""y"":1.947367921052632},{""x"":0.0725024736842109,""y"":2.4342100263157898},{""x"":0.085660368421053,""y"":2.921052131578948},{""x"":0.0988182631578951,""y"":3.407894236842105},{""x"":0.11197615789473721,""y"":3.894736342105263}],""reasoning"":""Selected waypoint 0 moves the reference anchor from 26.55 m to 26.06 m from goal immediately and to 24.11 m by the final waypoint, so progress is 0.49 m selected / 2.44 m final and passes with monotonic goal-distance reduction. Kinematics is evaluated on 5 unique label waypoint(s), excluding consecutive duplicate terminal holds, and checks only that the trajectory stays within the configured bounds speed <= 15.00 m/s and acceleration <= 8.00 m/s^2, so kinematics passes. Goal is not reached within this label waypoint window. Safety passes: minimum clearance 2.73 m against manifest obstacles with 0 violating segment(s).""}",0.05934457894736879,1.947367921052632,-2.5,0.0725024736842109,2.4342100263157898,-2.5,0.085660368421053,2.921052131578948,-2.5,0.0988182631578951,3.407894236842105,-2.5,0.11197615789473721,3.894736342105263,-2.5
1773845035.873847485,1773845035.873847485,0.000,offline_ground_truth_window,"Environment section (T(v)):
- Current position NED is (0.03, 1.71, -2.51) m.
- Current velocity is (0.00, 0.12, 0.01) m/s (speed 0.12 m/s).
- Goal position NED is (0.76, 28.00, -2.50) m.
- Output contract: predict exactly 5 waypoint x/y pairs in NED. The planner will set every waypoint z to goal z = -2.50 m before execution.
- Goal delta from current state is (0.72, 26.29, 0.01) m with distance 26.30 m.
- Obstacle pipeline: depth_camera_to_body_to_ned_current_frame.
- Current depth frame obstacle points projected into NED: 19. Nearest depth obstacle in NED is at (-2.19, 6.58, -2.77) m, relative vector (-2.22, 4.87, -0.27) m, distance 5.36 m.
- Depth validity fraction is 0.58. Global nearest obstacle distance is 4.88 m.
- Sector minimum distances [far_left, left, center, right, far_right] are [4.98, 4.88, 4.98, 4.98, 4.98] m.
- Nearest obstacle sector is left at 4.88 m and clearance status is clear.
- Lateral planning hint: prefer center progress.","{""waypoints"":[{""x"":0.0725024736842109,""y"":2.4342100263157898},{""x"":0.085660368421053,""y"":2.921052131578948},{""x"":0.0988182631578951,""y"":3.407894236842105},{""x"":0.11197615789473721,""y"":3.894736342105263},{""x"":0.1251340526315793,""y"":4.381578447368422}],""reasoning"":""Selected waypoint 0 moves the reference anchor from 26.06 m to 25.57 m from goal immediately and to 23.63 m by the final waypoint, so progress is 0.49 m selected / 2.44 m final and passes with monotonic goal-distance reduction. Kinematics is evaluated on 5 unique label waypoint(s), excluding consecutive duplicate terminal holds, and checks only that the trajectory stays within the configured bounds speed <= 15.00 m/s and acceleration <= 8.00 m/s^2, so kinematics passes. Goal is not reached within this label waypoint window. Safety passes: minimum clearance 2.36 m against manifest obstacles with 0 violating segment(s).""}",0.0725024736842109,2.4342100263157898,-2.5,0.085660368421053,2.921052131578948,-2.5,0.0988182631578951,3.407894236842105,-2.5,0.11197615789473721,3.894736342105263,-2.5,0.1251340526315793,4.381578447368422,-2.5
1773845042.814136744,1773845042.814136744,0.000,offline_ground_truth_window,"Environment section (T(v)):
- Current position NED is (0.09, 2.19, -2.47) m.
- Current velocity is (-0.01, 0.09, 0.01) m/s (speed 0.09 m/s).
- Goal position NED is (0.76, 28.00, -2.50) m.
- Output contract: predict exactly 5 waypoint x/y pairs in NED. The planner will set every waypoint z to goal z = -2.50 m before execution.
- Goal delta from current state is (0.67, 25.81, -0.03) m with distance 25.82 m.
- Obstacle pipeline: depth_camera_to_body_to_ned_current_frame.
- Current depth frame obstacle points projected into NED: 18. Nearest depth obstacle in NED is at (-2.06, 6.58, -2.61) m, relative vector (-2.15, 4.39, -0.14) m, distance 4.89 m.
- Depth validity fraction is 0.58. Global nearest obstacle distance is 4.39 m.
- Sector minimum distances [far_left, left, center, right, far_right] are [4.40, 4.39, 4.92, 4.92, 4.92] m.
- Nearest obstacle sector is left at 4.39 m and clearance status is clear.
- Lateral planning hint: right side is clearer.","{""waypoints"":[{""x"":0.085660368421053,""y"":2.921052131578948},{""x"":0.0988182631578951,""y"":3.407894236842105},{""x"":0.11197615789473721,""y"":3.894736342105263},{""x"":0.1251340526315793,""y"":4.381578447368422},{""x"":0.13829194736842143,""y"":4.868420552631579}],""reasoning"":""Selected waypoint 0 moves the reference anchor from 25.57 m to 25.09 m from goal immediately and to 23.14 m by the final waypoint, so progress is 0.49 m selected / 2.44 m final and passes with monotonic goal-distance reduction. Kinematics is evaluated on 5 unique label waypoint(s), excluding consecutive duplicate terminal holds, and checks only that the trajectory stays within the configured bounds speed <= 15.00 m/s and acceleration <= 8.00 m/s^2, so kinematics passes. Goal is not reached within this label waypoint window. Safety passes: minimum clearance 2.03 m against manifest obstacles with 0 violating segment(s).""}",0.085660368421053,2.921052131578948,-2.5,0.0988182631578951,3.407894236842105,-2.5,0.11197615789473721,3.894736342105263,-2.5,0.1251340526315793,4.381578447368422,-2.5,0.13829194736842143,4.868420552631579,-2.5
1773845048.385090828,1773845048.385090828,0.000,offline_ground_truth_window,"Environment section (T(v)):
- Current position NED is (0.09, 2.68, -2.38) m.
- Current velocity is (0.01, 0.10, -0.04) m/s (speed 0.11 m/s).
- Goal position NED is (0.76, 28.00, -2.50) m.
- Output contract: predict exactly 5 waypoint x/y pairs in NED. The planner will set every waypoint z to goal z = -2.50 m before execution.
- Goal delta from current state is (0.67, 25.32, -0.12) m with distance 25.33 m.
- Obstacle pipeline: depth_camera_to_body_to_ned_current_frame.
- Current depth frame obstacle points projected into NED: 25. Nearest depth obstacle in NED is at (-2.00, 6.57, -2.43) m, relative vector (-2.09, 3.90, -0.05) m, distance 4.42 m.
- Depth validity fraction is 0.60. Global nearest obstacle distance is 3.91 m.
- Sector minimum distances [far_left, left, center, right, far_right] are [3.91, 3.92, 4.53, 4.53, 4.52] m.
- Nearest obstacle sector is far_left at 3.91 m and clearance status is clear.
- Lateral planning hint: right side is clearer.","{""waypoints"":[{""x"":0.0988182631578951,""y"":3.407894236842105},{""x"":0.11197615789473721,""y"":3.894736342105263},{""x"":0.1251340526315793,""y"":4.381578447368422},{""x"":0.13829194736842143,""y"":4.868420552631579},{""x"":0.15144984210526352,""y"":5.3552626578947375}],""reasoning"":""Selected waypoint 0 moves the reference anchor from 25.09 m to 24.60 m from goal immediately and to 22.65 m by the final waypoint, so progress is 0.49 m selected / 2.44 m final and passes with monotonic goal-distance reduction. Kinematics is evaluated on 5 unique label waypoint(s), excluding consecutive duplicate terminal holds, and checks only that the trajectory stays within the configured bounds speed <= 15.00 m/s and acceleration <= 8.00 m/s^2, so kinematics passes. Goal is not reached within this label waypoint window. Safety passes: minimum clearance 1.76 m against manifest obstacles with 0 violating segment(s).""}",0.0988182631578951,3.407894236842105,-2.5,0.11197615789473721,3.894736342105263,-2.5,0.1251340526315793,4.381578447368422,-2.5,0.13829194736842143,4.868420552631579,-2.5,0.15144984210526352,5.3552626578947375,-2.5
1773845054.401750565,1773845054.401750565,0.000,offline_ground_truth_window,"Environment section (T(v)):
- Current position NED is (0.09, 3.17, -2.37) m.
- Current velocity is (-0.01, 0.07, -0.05) m/s (speed 0.09 m/s).
- Goal position NED is (0.76, 28.00, -2.50) m.
- Output contract: predict exactly 5 waypoint x/y pairs in NED. The planner will set every waypoint z to goal z = -2.50 m before execution.
- Goal delta from current state is (0.67, 24.83, -0.13) m with distance 24.84 m.
- Obstacle pipeline: depth_camera_to_body_to_ned_current_frame.
- Current depth frame obstacle points projected into NED: 32. Nearest depth obstacle in NED is at (-1.88, 6.61, -2.56) m, relative vector (-1.97, 3.44, -0.19) m, distance 3.97 m.
- Depth validity fraction is 0.61. Global nearest obstacle distance is 3.41 m.
- Sector minimum distances [far_left, left, center, right, far_right] are [3.41, 3.54, 4.57, 4.57, 4.58] m.
- Nearest obstacle sector is far_left at 3.41 m and clearance status is clear.
- Lateral planning hint: right side is clearer.","{""waypoints"":[{""x"":0.11197615789473721,""y"":3.894736342105263},{""x"":0.1251340526315793,""y"":4.381578447368422},{""x"":0.13829194736842143,""y"":4.868420552631579},{""x"":0.15144984210526352,""y"":5.3552626578947375},{""x"":0.1646077368421056,""y"":5.842104763157895}],""reasoning"":""Selected waypoint 0 moves the reference anchor from 24.60 m to 24.11 m from goal immediately and to 22.17 m by the final waypoint, so progress is 0.49 m selected / 2.44 m final and passes with monotonic goal-distance reduction. Kinematics is evaluated on 5 unique label waypoint(s), excluding consecutive duplicate terminal holds, and checks only that the trajectory stays within the configured bounds speed <= 15.00 m/s and acceleration <= 8.00 m/s^2, so kinematics passes. Goal is not reached within this label waypoint window. Safety passes: minimum clearance 1.58 m against manifest obstacles with 0 violating segment(s).""}",0.11197615789473721,3.894736342105263,-2.5,0.1251340526315793,4.381578447368422,-2.5,0.13829194736842143,4.868420552631579,-2.5,0.15144984210526352,5.3552626578947375,-2.5,0.1646077368421056,5.842104763157895,-2.5
1773845059.309931993,1773845059.309931993,0.000,offline_ground_truth_window,"Environment section (T(v)):
- Current position NED is (0.13, 3.65, -2.46) m.
- Current velocity is (-0.02, 0.09, -0.01) m/s (speed 0.09 m/s).
- Goal position NED is (0.76, 28.00, -2.50) m.
- Output contract: predict exactly 5 waypoint x/y pairs in NED. The planner will set every waypoint z to goal z = -2.50 m before execution.
- Goal delta from current state is (0.63, 24.35, -0.04) m with distance 24.35 m.
- Obstacle pipeline: depth_camera_to_body_to_ned_current_frame.
- Current depth frame obstacle points projected into NED: 38. Nearest depth obstacle in NED is at (-1.83, 6.61, -2.55) m, relative vector (-1.95, 2.96, -0.09) m, distance 3.55 m.
- Depth validity fraction is 0.59. Global nearest obstacle distance is 2.94 m.
- Sector minimum distances [far_left, left, center, right, far_right] are [2.94, 3.34, 4.83, 4.83, 4.83] m.
- Nearest obstacle sector is far_left at 2.94 m and clearance status is caution.
- Lateral planning hint: right side is clearer.","{""waypoints"":[{""x"":0.1251340526315793,""y"":4.381578447368422},{""x"":0.13829194736842143,""y"":4.868420552631579},{""x"":0.15144984210526352,""y"":5.3552626578947375},{""x"":0.1646077368421056,""y"":5.842104763157895},{""x"":0.17776563157894776,""y"":6.3289468684210535}],""reasoning"":""Selected waypoint 0 moves the reference anchor from 24.11 m to 23.63 m from goal immediately and to 21.68 m by the final waypoint, so progress is 0.49 m selected / 2.44 m final and passes with monotonic goal-distance reduction. Kinematics is evaluated on 5 unique label waypoint(s), excluding consecutive duplicate terminal holds, and checks only that the trajectory stays within the configured bounds speed <= 15.00 m/s and acceleration <= 8.00 m/s^2, so kinematics passes. Goal is not reached within this label waypoint window. Safety passes: minimum clearance 1.51 m against manifest obstacles with 0 violating segment(s).""}",0.1251340526315793,4.381578447368422,-2.5,0.13829194736842143,4.868420552631579,-2.5,0.15144984210526352,5.3552626578947375,-2.5,0.1646077368421056,5.842104763157895,-2.5,0.17776563157894776,6.3289468684210535,-2.5
1773845064.942429304,1773845064.942429304,0.000,offline_ground_truth_window,"Environment section (T(v)):
- Current position NED is (0.10, 4.14, -2.48) m.
- Current velocity is (0.01, 0.08, -0.00) m/s (speed 0.08 m/s).
- Goal position NED is (0.76, 28.00, -2.50) m.
- Output contract: predict exactly 5 waypoint x/y pairs in NED. The planner will set every waypoint z to goal z = -2.50 m before execution.
- Goal delta from current state is (0.66, 23.86, -0.02) m with distance 23.87 m.
- Obstacle pipeline: depth_camera_to_body_to_ned_current_frame.
- Current depth frame obstacle points projected into NED: 32. Nearest depth obstacle in NED is at (-1.76, 6.63, -2.38) m, relative vector (-1.85, 2.48, 0.11) m, distance 3.10 m.
- Depth validity fraction is 0.59. Global nearest obstacle distance is 2.43 m.
- Sector minimum distances [far_left, left, center, right, far_right] are [2.43, 4.92, 4.92, 4.93, 4.93] m.
- Nearest obstacle sector is far_left at 2.43 m and clearance status is caution.
- Lateral planning hint: right side is clearer.","{""waypoints"":[{""x"":0.13829194736842143,""y"":4.868420552631579},{""x"":0.15144984210526352,""y"":5.3552626578947375},{""x"":0.1646077368421056,""y"":5.842104763157895},{""x"":0.17776563157894776,""y"":6.3289468684210535},{""x"":0.19092352631578985,""y"":6.81578897368421}],""reasoning"":""Selected waypoint 0 moves the reference anchor from 23.63 m to 23.14 m from goal immediately and to 21.19 m by the final waypoint, so progress is 0.49 m selected / 2.44 m final and passes with monotonic goal-distance reduction. Kinematics is evaluated on 5 unique label waypoint(s), excluding consecutive duplicate terminal holds, and checks only that the trajectory stays within the configured bounds speed <= 15.00 m/s and acceleration <= 8.00 m/s^2, so kinematics passes. Goal is not reached within this label waypoint window. Safety passes: minimum clearance 1.51 m against manifest obstacles with 0 violating segment(s).""}",0.13829194736842143,4.868420552631579,-2.5,0.15144984210526352,5.3552626578947375,-2.5,0.1646077368421056,5.842104763157895,-2.5,0.17776563157894776,6.3289468684210535,-2.5,0.19092352631578985,6.81578897368421,-2.5
1773845069.892215729,1773845069.892215729,0.000,offline_ground_truth_window,"Environment section (T(v)):
- Current position NED is (0.13, 4.63, -2.52) m.
- Current velocity is (0.00, 0.10, 0.01) m/s (speed 0.10 m/s).
- Goal position NED is (0.76, 28.00, -2.50) m.
- Output contract: predict exactly 5 waypoint x/y pairs in NED. The planner will set every waypoint z to goal z = -2.50 m before execution.
- Goal delta from current state is (0.63, 23.37, 0.02) m with distance 23.38 m.
- Obstacle pipeline: depth_camera_to_body_to_ned_current_frame.
- Current depth frame obstacle points projected into NED: 40. Nearest depth obstacle in NED is at (-1.55, 6.76, -2.48) m, relative vector (-1.68, 2.13, 0.04) m, distance 2.72 m.
- Depth validity fraction is 0.59. Global nearest obstacle distance is 2.08 m.
- Sector minimum distances [far_left, left, center, right, far_right] are [2.08, 5.02, 5.02, 5.02, 5.02] m.
- Nearest obstacle sector is far_left at 2.08 m and clearance status is caution.
- Lateral planning hint: right side is clearer.","{""waypoints"":[{""x"":0.15144984210526352,""y"":5.3552626578947375},{""x"":0.1646077368421056,""y"":5.842104763157895},{""x"":0.17776563157894776,""y"":6.3289468684210535},{""x"":0.19092352631578985,""y"":6.81578897368421},{""x"":0.20408142105263194,""y"":7.3026310789473685}],""reasoning"":""Selected waypoint 0 moves the reference anchor from 23.14 m to 22.65 m from goal immediately and to 20.70 m by the final waypoint, so progress is 0.49 m selected / 2.44 m final and passes with monotonic goal-distance reduction. Kinematics is evaluated on 5 unique label waypoint(s), excluding consecutive duplicate terminal holds, and checks only that the trajectory stays within the configured bounds speed <= 15.00 m/s and acceleration <= 8.00 m/s^2, so kinematics passes. Goal is not reached within this label waypoint window. Safety passes: minimum clearance 1.51 m against manifest obstacles with 0 violating segment(s).""}",0.15144984210526352,5.3552626578947375,-2.5,0.1646077368421056,5.842104763157895,-2.5,0.17776563157894776,6.3289468684210535,-2.5,0.19092352631578985,6.81578897368421,-2.5,0.20408142105263194,7.3026310789473685,-2.5
1773845074.849652529,1773845074.849652529,0.000,offline_ground_truth_window,"Environment section (T(v)):
- Current position NED is (0.16, 5.11, -2.53) m.
- Current velocity is (-0.01, 0.09, 0.01) m/s (speed 0.09 m/s).
- Goal position NED is (0.76, 28.00, -2.50) m.
- Output contract: predict exactly 5 waypoint x/y pairs in NED. The planner will set every waypoint z to goal z = -2.50 m before execution.
- Goal delta from current state is (0.59, 22.89, 0.03) m with distance 22.90 m.
- Obstacle pipeline: depth_camera_to_body_to_ned_current_frame.
- Current depth frame obstacle points projected into NED: 20. Nearest depth obstacle in NED is at (-1.42, 7.07, -2.46) m, relative vector (-1.59, 1.96, 0.07) m, distance 2.52 m.
- Depth validity fraction is 0.59. Global nearest obstacle distance is 1.94 m.
- Sector minimum distances [far_left, left, center, right, far_right] are [1.94, 5.03, 5.03, 5.03, 5.03] m.
- Nearest obstacle sector is far_left at 1.94 m and clearance status is caution.
- Lateral planning hint: right side is clearer.","{""waypoints"":[{""x"":0.1646077368421056,""y"":5.842104763157895},{""x"":0.17776563157894776,""y"":6.3289468684210535},{""x"":0.19092352631578985,""y"":6.81578897368421},{""x"":0.20408142105263194,""y"":7.3026310789473685},{""x"":0.21723931578947403,""y"":7.789473184210526}],""reasoning"":""Selected waypoint 0 moves the reference anchor from 22.65 m to 22.17 m from goal immediately and to 20.22 m by the final waypoint, so progress is 0.49 m selected / 2.44 m final and passes with monotonic goal-distance reduction. Kinematics is evaluated on 5 unique label waypoint(s), excluding consecutive duplicate terminal holds, and checks only that the trajectory stays within the configured bounds speed <= 15.00 m/s and acceleration <= 8.00 m/s^2, so kinematics passes. Goal is not reached within this label waypoint window. Safety passes: minimum clearance 1.51 m against manifest obstacles with 0 violating segment(s).""}",0.1646077368421056,5.842104763157895,-2.5,0.17776563157894776,6.3289468684210535,-2.5,0.19092352631578985,6.81578897368421,-2.5,0.20408142105263194,7.3026310789473685,-2.5,0.21723931578947403,7.789473184210526,-2.5
1773845081.487265587,1773845081.487265587,0.000,offline_ground_truth_window,"Environment section (T(v)):
- Current position NED is (0.14, 5.60, -2.51) m.
- Current velocity is (0.00, 0.09, 0.01) m/s (speed 0.09 m/s).
- Goal position NED is (0.76, 28.00, -2.50) m.
- Output contract: predict exactly 5 waypoint x/y pairs in NED. The planner will set every waypoint z to goal z = -2.50 m before execution.
- Goal delta from current state is (0.62, 22.40, 0.01) m with distance 22.41 m.
- Obstacle pipeline: depth_camera_to_body_to_ned_current_frame.
- Current depth frame obstacle points projected into NED: 24. Nearest depth obstacle in NED is at (1.06, 11.23, -2.67) m, relative vector (0.92, 5.62, -0.16) m, distance 5.70 m.
- Depth validity fraction is 0.60. Global nearest obstacle distance is 4.88 m.
- Sector minimum distances [far_left, left, center, right, far_right] are [4.88, 4.88, 4.89, 4.89, 4.89] m.
- Nearest obstacle sector is far_left at 4.88 m and clearance status is clear.
- Lateral planning hint: prefer center progress.","{""waypoints"":[{""x"":0.17776563157894776,""y"":6.3289468684210535},{""x"":0.19092352631578985,""y"":6.81578897368421},{""x"":0.20408142105263194,""y"":7.3026310789473685},{""x"":0.21723931578947403,""y"":7.789473184210526},{""x"":0.23039721052631618,""y"":8.276315289473686}],""reasoning"":""Selected waypoint 0 moves the reference anchor from 22.17 m to 21.68 m from goal immediately and to 19.73 m by the final waypoint, so progress is 0.49 m selected / 2.44 m final and passes with monotonic goal-distance reduction. Kinematics is evaluated on 5 unique label waypoint(s), excluding consecutive duplicate terminal holds, and checks only that the trajectory stays within the configured bounds speed <= 15.00 m/s and acceleration <= 8.00 m/s^2, so kinematics passes. Goal is not reached within this label waypoint window. Safety passes: minimum clearance 1.51 m against manifest obstacles with 0 violating segment(s).""}",0.17776563157894776,6.3289468684210535,-2.5,0.19092352631578985,6.81578897368421,-2.5,0.20408142105263194,7.3026310789473685,-2.5,0.21723931578947403,7.789473184210526,-2.5,0.23039721052631618,8.276315289473686,-2.5
1773845087.179246426,1773845087.179246426,0.000,offline_ground_truth_window,"Environment section (T(v)):
- Current position NED is (0.19, 6.09, -2.49) m.
- Current velocity is (-0.00, 0.09, 0.01) m/s (speed 0.10 m/s).
- Goal position NED is (0.76, 28.00, -2.50) m.
- Output contract: predict exactly 5 waypoint x/y pairs in NED. The planner will set every waypoint z to goal z = -2.50 m before execution.
- Goal delta from current state is (0.56, 21.91, -0.01) m with distance 21.92 m.
- Obstacle pipeline: depth_camera_to_body_to_ned_current_frame.
- Current depth frame obstacle points projected into NED: 21. Nearest depth obstacle in NED is at (1.13, 11.23, -2.58) m, relative vector (0.93, 5.15, -0.10) m, distance 5.23 m.
- Depth validity fraction is 0.59. Global nearest obstacle distance is 4.83 m.
- Sector minimum distances [far_left, left, center, right, far_right] are [4.83, 4.90, 4.90, 4.89, 4.89] m.
- Nearest obstacle sector is far_left at 4.83 m and clearance status is clear.
- Lateral planning hint: prefer center progress.","{""waypoints"":[{""x"":0.19092352631578985,""y"":6.81578897368421},{""x"":0.20408142105263194,""y"":7.3026310789473685},{""x"":0.21723931578947403,""y"":7.789473184210526},{""x"":0.23039721052631618,""y"":8.276315289473686},{""x"":0.24355510526315827,""y"":8.763157394736844}],""reasoning"":""Selected waypoint 0 moves the reference anchor from 21.68 m to 21.19 m from goal immediately and to 19.24 m by the final waypoint, so progress is 0.49 m selected / 2.44 m final and passes with monotonic goal-distance reduction. Kinematics is evaluated on 5 unique label waypoint(s), excluding consecutive duplicate terminal holds, and checks only that the trajectory stays within the configured bounds speed <= 15.00 m/s and acceleration <= 8.00 m/s^2, so kinematics passes. Goal is not reached within this label waypoint window. Safety passes: minimum clearance 1.51 m against manifest obstacles with 0 violating segment(s).""}",0.19092352631578985,6.81578897368421,-2.5,0.20408142105263194,7.3026310789473685,-2.5,0.21723931578947403,7.789473184210526,-2.5,0.23039721052631618,8.276315289473686,-2.5,0.24355510526315827,8.763157394736844,-2.5
1773845091.800363064,1773845091.800363064,0.000,offline_ground_truth_window,"Environment section (T(v)):
- Current position NED is (0.18, 6.57, -2.49) m.
- Current velocity is (0.00, 0.09, 0.00) m/s (speed 0.09 m/s).
- Goal position NED is (0.76, 28.00, -2.50) m.
- Output contract: predict exactly 5 waypoint x/y pairs in NED. The planner will set every waypoint z to goal z = -2.50 m before execution.
- Goal delta from current state is (0.58, 21.43, -0.01) m with distance 21.43 m.
- Obstacle pipeline: depth_camera_to_body_to_ned_current_frame.
- Current depth frame obstacle points projected into NED: 20. Nearest depth obstacle in NED is at (1.00, 11.27, -2.35) m, relative vector (0.82, 4.69, 0.14) m, distance 4.77 m.
- Depth validity fraction is 0.59. Global nearest obstacle distance is 4.33 m.
- Sector minimum distances [far_left, left, center, right, far_right] are [4.33, 4.93, 4.92, 4.40, 4.92] m.
- Nearest obstacle sector is far_left at 4.33 m and clearance status is clear.
- Lateral planning hint: prefer center progress.","{""waypoints"":[{""x"":0.20408142105263194,""y"":7.3026310789473685},{""x"":0.21723931578947403,""y"":7.789473184210526},{""x"":0.23039721052631618,""y"":8.276315289473686},{""x"":0.24355510526315827,""y"":8.763157394736844},{""x"":0.25671300000000036,""y"":9.249999500000001}],""reasoning"":""Selected waypoint 0 moves the reference anchor from 21.19 m to 20.70 m from goal immediately and to 18.76 m by the final waypoint, so progress is 0.49 m selected / 2.44 m final and passes with monotonic goal-distance reduction. Kinematics is evaluated on 5 unique label waypoint(s), excluding consecutive duplicate terminal holds, and checks only that the trajectory stays within the configured bounds speed <= 15.00 m/s and acceleration <= 8.00 m/s^2, so kinematics passes. Goal is not reached within this label waypoint window. Safety passes: minimum clearance 1.56 m against manifest obstacles with 0 violating segment(s).""}",0.20408142105263194,7.3026310789473685,-2.5,0.21723931578947403,7.789473184210526,-2.5,0.23039721052631618,8.276315289473686,-2.5,0.24355510526315827,8.763157394736844,-2.5,0.25671300000000036,9.249999500000001,-2.5
1773845095.671269655,1773845095.671269655,0.000,offline_ground_truth_window,"Environment section (T(v)):
- Current position NED is (0.16, 7.06, -2.50) m.
- Current velocity is (-0.00, 0.10, 0.01) m/s (speed 0.11 m/s).
- Goal position NED is (0.76, 28.00, -2.50) m.
- Output contract: predict exactly 5 waypoint x/y pairs in NED. The planner will set every waypoint z to goal z = -2.50 m before execution.
- Goal delta from current state is (0.60, 20.94, 0.00) m with distance 20.95 m.
- Obstacle pipeline: depth_camera_to_body_to_ned_current_frame.
- Current depth frame obstacle points projected into NED: 32. Nearest depth obstacle in NED is at (1.28, 11.21, -2.55) m, relative vector (1.11, 4.15, -0.04) m, distance 4.29 m.
- Depth validity fraction is 0.59. Global nearest obstacle distance is 3.92 m.
- Sector minimum distances [far_left, left, center, right, far_right] are [3.93, 4.98, 4.99, 3.92, 4.05] m.
- Nearest obstacle sector is right at 3.92 m and clearance status is clear.
- Lateral planning hint: left side is clearer.","{""waypoints"":[{""x"":0.21723931578947403,""y"":7.789473184210526},{""x"":0.23039721052631618,""y"":8.276315289473686},{""x"":0.24355510526315827,""y"":8.763157394736844},{""x"":0.25671300000000036,""y"":9.249999500000001},{""x"":0.5067130000000004,""y"":9.666666166666667}],""reasoning"":""Selected waypoint 0 moves the reference anchor from 20.70 m to 20.22 m from goal immediately and to 18.34 m by the final waypoint, so progress is 0.49 m selected / 2.37 m final and passes with monotonic goal-distance reduction. Kinematics is evaluated on 5 unique label waypoint(s), excluding consecutive duplicate terminal holds, and checks only that the trajectory stays within the configured bounds speed <= 15.00 m/s and acceleration <= 8.00 m/s^2, so kinematics passes. Goal is not reached within this label waypoint window. Safety passes: minimum clearance 1.53 m against manifest obstacles with 0 violating segment(s).""}",0.21723931578947403,7.789473184210526,-2.5,0.23039721052631618,8.276315289473686,-2.5,0.24355510526315827,8.763157394736844,-2.5,0.25671300000000036,9.249999500000001,-2.5,0.5067130000000004,9.666666166666667,-2.5
1773845101.090050220,1773845101.090050220,0.000,offline_ground_truth_window,"Environment section (T(v)):
- Current position NED is (0.21, 7.55, -2.51) m.
- Current velocity is (-0.00, 0.09, 0.01) m/s (speed 0.09 m/s).
- Goal position NED is (0.76, 28.00, -2.50) m.
- Output contract: predict exactly 5 waypoint x/y pairs in NED. The planner will set every waypoint z to goal z = -2.50 m before execution.
- Goal delta from current state is (0.55, 20.45, 0.01) m with distance 20.46 m.
- Obstacle pipeline: depth_camera_to_body_to_ned_current_frame.
- Current depth frame obstacle points projected into NED: 32. Nearest depth obstacle in NED is at (1.35, 11.19, -2.48) m, relative vector (1.14, 3.64, 0.03) m, distance 3.82 m.
- Depth validity fraction is 0.58. Global nearest obstacle distance is 3.41 m.
- Sector minimum distances [far_left, left, center, right, far_right] are [3.58, 5.00, 5.00, 3.41, 3.41] m.
- Nearest obstacle sector is right at 3.41 m and clearance status is clear.
- Lateral planning hint: left side is clearer.","{""waypoints"":[{""x"":0.23039721052631618,""y"":8.276315289473686},{""x"":0.24355510526315827,""y"":8.763157394736844},{""x"":0.25671300000000036,""y"":9.249999500000001},{""x"":0.5067130000000004,""y"":9.666666166666667},{""x"":0.7567130000000004,""y"":10.083332833333335}],""reasoning"":""Selected waypoint 0 moves the reference anchor from 20.22 m to 19.73 m from goal immediately and to 17.92 m by the final waypoint, so progress is 0.49 m selected / 2.30 m final and passes with monotonic goal-distance reduction. Kinematics is evaluated on 5 unique label waypoint(s), excluding consecutive duplicate terminal holds, and checks only that the trajectory stays within the configured bounds speed <= 15.00 m/s and acceleration <= 8.00 m/s^2, so kinematics passes. Goal is not reached within this label waypoint window. Safety passes: minimum clearance 1.51 m against manifest obstacles with 0 violating segment(s).""}",0.23039721052631618,8.276315289473686,-2.5,0.24355510526315827,8.763157394736844,-2.5,0.25671300000000036,9.249999500000001,-2.5,0.5067130000000004,9.666666166666667,-2.5,0.7567130000000004,10.083332833333335,-2.5
1773845105.302323818,1773845105.302323818,0.000,offline_ground_truth_window,"Environment section (T(v)):
- Current position NED is (0.21, 8.04, -2.52) m.
- Current velocity is (-0.01, 0.11, 0.02) m/s (speed 0.11 m/s).
- Goal position NED is (0.76, 28.00, -2.50) m.
- Output contract: predict exactly 5 waypoint x/y pairs in NED. The planner will set every waypoint z to goal z = -2.50 m before execution.
- Goal delta from current state is (0.54, 19.96, 0.02) m with distance 19.97 m.
- Obstacle pipeline: depth_camera_to_body_to_ned_current_frame.
- Current depth frame obstacle points projected into NED: 52. Nearest depth obstacle in NED is at (1.28, 11.25, -2.53) m, relative vector (1.07, 3.21, -0.01) m, distance 3.38 m.
- Depth validity fraction is 0.58. Global nearest obstacle distance is 2.95 m.
- Sector minimum distances [far_left, left, center, right, far_right] are [3.39, 4.98, 4.99, 2.98, 2.95] m.
- Nearest obstacle sector is far_right at 2.95 m and clearance status is caution.
- Lateral planning hint: left side is clearer.","{""waypoints"":[{""x"":0.24355510526315827,""y"":8.763157394736844},{""x"":0.25671300000000036,""y"":9.249999500000001},{""x"":0.5067130000000004,""y"":9.666666166666667},{""x"":0.7567130000000004,""y"":10.083332833333335},{""x"":1.0067130000000004,""y"":10.499999500000001}],""reasoning"":""Selected waypoint 0 moves the reference anchor from 19.73 m to 19.24 m from goal immediately and to 17.50 m by the final waypoint, so progress is 0.49 m selected / 2.23 m final and passes with monotonic goal-distance reduction. Kinematics is evaluated on 5 unique label waypoint(s), excluding consecutive duplicate terminal holds, and checks only that the trajectory stays within the configured bounds speed <= 15.00 m/s and acceleration <= 8.00 m/s^2, so kinematics passes. Goal is not reached within this label waypoint window. Safety passes: minimum clearance 1.51 m against manifest obstacles with 0 violating segment(s).""}",0.24355510526315827,8.763157394736844,-2.5,0.25671300000000036,9.249999500000001,-2.5,0.5067130000000004,9.666666166666667,-2.5,0.7567130000000004,10.083332833333335,-2.5,1.0067130000000004,10.499999500000001,-2.5
1773845109.835486174,1773845109.835486174,0.000,offline_ground_truth_window,"Environment section (T(v)):
- Current position NED is (0.26, 8.52, -2.51) m.
- Current velocity is (-0.01, 0.10, 0.01) m/s (speed 0.11 m/s).
- Goal position NED is (0.76, 28.00, -2.50) m.
- Output contract: predict exactly 5 waypoint x/y pairs in NED. The planner will set every waypoint z to goal z = -2.50 m before execution.
- Goal delta from current state is (0.49, 19.48, 0.01) m with distance 19.49 m.
- Obstacle pipeline: depth_camera_to_body_to_ned_current_frame.
- Current depth frame obstacle points projected into NED: 40. Nearest depth obstacle in NED is at (1.40, 11.23, -2.51) m, relative vector (1.14, 2.71, 0.00) m, distance 2.94 m.
- Depth validity fraction is 0.57. Global nearest obstacle distance is 2.46 m.
- Sector minimum distances [far_left, left, center, right, far_right] are [5.04, 5.04, 5.03, 2.60, 2.46] m.
- Nearest obstacle sector is far_right at 2.46 m and clearance status is caution.
- Lateral planning hint: left side is clearer.","{""waypoints"":[{""x"":0.25671300000000036,""y"":9.249999500000001},{""x"":0.5067130000000004,""y"":9.666666166666667},{""x"":0.7567130000000004,""y"":10.083332833333335},{""x"":1.0067130000000004,""y"":10.499999500000001},{""x"":0.9297899230769235,""y"":10.961537961538463}],""reasoning"":""Selected waypoint 0 moves the reference anchor from 19.24 m to 18.76 m from goal immediately and to 17.04 m by the final waypoint, so progress is 0.49 m selected / 2.20 m final and passes with monotonic goal-distance reduction. Kinematics is evaluated on 5 unique label waypoint(s), excluding consecutive duplicate terminal holds, and checks only that the trajectory stays within the configured bounds speed <= 15.00 m/s and acceleration <= 8.00 m/s^2, so kinematics passes. Goal is not reached within this label waypoint window. Safety passes: minimum clearance 1.51 m against manifest obstacles with 0 violating segment(s).""}",0.25671300000000036,9.249999500000001,-2.5,0.5067130000000004,9.666666166666667,-2.5,0.7567130000000004,10.083332833333335,-2.5,1.0067130000000004,10.499999500000001,-2.5,0.9297899230769235,10.961537961538463,-2.5
1773845115.343079805,1773845115.343079805,0.000,offline_ground_truth_window,"Environment section (T(v)):
- Current position NED is (0.23, 9.01, -2.50) m.
- Current velocity is (0.01, 0.08, 0.01) m/s (speed 0.08 m/s).
- Goal position NED is (0.76, 28.00, -2.50) m.
- Output contract: predict exactly 5 waypoint x/y pairs in NED. The planner will set every waypoint z to goal z = -2.50 m before execution.
- Goal delta from current state is (0.53, 18.99, 0.00) m with distance 19.00 m.
- Obstacle pipeline: depth_camera_to_body_to_ned_current_frame.
- Current depth frame obstacle points projected into NED: 48. Nearest depth obstacle in NED is at (1.33, 11.25, -2.60) m, relative vector (1.10, 2.24, -0.09) m, distance 2.49 m.
- Depth validity fraction is 0.57. Global nearest obstacle distance is 1.97 m.
- Sector minimum distances [far_left, left, center, right, far_right] are [5.00, 5.00, 5.00, 2.27, 1.97] m.
- Nearest obstacle sector is far_right at 1.97 m and clearance status is caution.
- Lateral planning hint: left side is clearer.","{""waypoints"":[{""x"":0.5067130000000004,""y"":9.666666166666667},{""x"":0.7567130000000004,""y"":10.083332833333335},{""x"":1.0067130000000004,""y"":10.499999500000001},{""x"":0.9297899230769235,""y"":10.961537961538463},{""x"":0.8528668461538466,""y"":11.423076423076925}],""reasoning"":""Selected waypoint 0 moves the reference anchor from 18.76 m to 18.34 m from goal immediately and to 16.58 m by the final waypoint, so progress is 0.42 m selected / 2.18 m final and passes with monotonic goal-distance reduction. Kinematics is evaluated on 5 unique label waypoint(s), excluding consecutive duplicate terminal holds, and checks only that the trajectory stays within the configured bounds speed <= 15.00 m/s and acceleration <= 8.00 m/s^2, so kinematics passes. Goal is not reached within this label waypoint window. Safety passes: minimum clearance 1.51 m against manifest obstacles with 0 violating segment(s).""}",0.5067130000000004,9.666666166666667,-2.5,0.7567130000000004,10.083332833333335,-2.5,1.0067130000000004,10.499999500000001,-2.5,0.9297899230769235,10.961537961538463,-2.5,0.8528668461538466,11.423076423076925,-2.5
1773845120.849323988,1773845120.849323988,0.000,offline_ground_truth_window,"Environment section (T(v)):
- Current position NED is (0.43, 9.43, -2.51) m.
- Current velocity is (0.03, 0.06, 0.01) m/s (speed 0.06 m/s).
- Goal position NED is (0.76, 28.00, -2.50) m.
- Output contract: predict exactly 5 waypoint x/y pairs in NED. The planner will set every waypoint z to goal z = -2.50 m before execution.
- Goal delta from current state is (0.32, 18.57, 0.01) m with distance 18.57 m.
- Obstacle pipeline: depth_camera_to_body_to_ned_current_frame.
- Current depth frame obstacle points projected into NED: 39. Nearest depth obstacle in NED is at (1.61, 11.38, -2.61) m, relative vector (1.17, 1.95, -0.10) m, distance 2.28 m.
- Depth validity fraction is 0.58. Global nearest obstacle distance is 1.74 m.
- Sector minimum distances [far_left, left, center, right, far_right] are [4.95, 4.95, 4.95, 4.94, 1.74] m.
- Nearest obstacle sector is far_right at 1.74 m and clearance status is caution.
- Lateral planning hint: left side is clearer.","{""waypoints"":[{""x"":0.7567130000000004,""y"":10.083332833333335},{""x"":1.0067130000000004,""y"":10.499999500000001},{""x"":0.9297899230769235,""y"":10.961537961538463},{""x"":0.8528668461538466,""y"":11.423076423076925},{""x"":0.7759437692307696,""y"":11.884614884615386}],""reasoning"":""Selected waypoint 0 moves the reference anchor from 18.34 m to 17.92 m from goal immediately and to 16.12 m by the final waypoint, so progress is 0.42 m selected / 2.22 m final and passes with monotonic goal-distance reduction. Kinematics is evaluated on 5 unique label waypoint(s), excluding consecutive duplicate terminal holds, and checks only that the trajectory stays within the configured bounds speed <= 15.00 m/s and acceleration <= 8.00 m/s^2, so kinematics passes. Goal is not reached within this label waypoint window. Safety passes: minimum clearance 1.51 m against manifest obstacles with 0 violating segment(s).""}",0.7567130000000004,10.083332833333335,-2.5,1.0067130000000004,10.499999500000001,-2.5,0.9297899230769235,10.961537961538463,-2.5,0.8528668461538466,11.423076423076925,-2.5,0.7759437692307696,11.884614884615386,-2.5
1773845125.990741014,1773845125.990741014,0.000,offline_ground_truth_window,"Environment section (T(v)):
- Current position NED is (0.65, 9.87, -2.51) m.
- Current velocity is (0.04, 0.07, 0.01) m/s (speed 0.08 m/s).
- Goal position NED is (0.76, 28.00, -2.50) m.
- Output contract: predict exactly 5 waypoint x/y pairs in NED. The planner will set every waypoint z to goal z = -2.50 m before execution.
- Goal delta from current state is (0.10, 18.13, 0.01) m with distance 18.13 m.
- Obstacle pipeline: depth_camera_to_body_to_ned_current_frame.
- Current depth frame obstacle points projected into NED: 9. Nearest depth obstacle in NED is at (-0.04, 18.39, -2.30) m, relative vector (-0.70, 8.52, 0.21) m, distance 8.55 m.
- Depth validity fraction is 0.58. Global nearest obstacle distance is 4.97 m.
- Sector minimum distances [far_left, left, center, right, far_right] are [5.01, 5.00, 4.99, 4.98, 4.97] m.
- Nearest obstacle sector is far_right at 4.97 m and clearance status is clear.
- Lateral planning hint: prefer center progress.","{""waypoints"":[{""x"":1.0067130000000004,""y"":10.499999500000001},{""x"":0.9297899230769235,""y"":10.961537961538463},{""x"":0.8528668461538466,""y"":11.423076423076925},{""x"":0.7759437692307696,""y"":11.884614884615386},{""x"":0.6990206923076927,""y"":12.346153346153848}],""reasoning"":""Selected waypoint 0 moves the reference anchor from 17.92 m to 17.50 m from goal immediately and to 15.65 m by the final waypoint, so progress is 0.41 m selected / 2.26 m final and passes with monotonic goal-distance reduction. Kinematics is evaluated on 5 unique label waypoint(s), excluding consecutive duplicate terminal holds, and checks only that the trajectory stays within the configured bounds speed <= 15.00 m/s and acceleration <= 8.00 m/s^2, so kinematics passes. Goal is not reached within this label waypoint window. Safety passes: minimum clearance 1.51 m against manifest obstacles with 0 violating segment(s).""}",1.0067130000000004,10.499999500000001,-2.5,0.9297899230769235,10.961537961538463,-2.5,0.8528668461538466,11.423076423076925,-2.5,0.7759437692307696,11.884614884615386,-2.5,0.6990206923076927,12.346153346153848,-2.5
1773845131.244129896,1773845131.244129896,0.000,offline_ground_truth_window,"Environment section (T(v)):
- Current position NED is (0.89, 10.29, -2.51) m.
- Current velocity is (0.04, 0.09, 0.01) m/s (speed 0.10 m/s).
- Goal position NED is (0.76, 28.00, -2.50) m.
- Output contract: predict exactly 5 waypoint x/y pairs in NED. The planner will set every waypoint z to goal z = -2.50 m before execution.
- Goal delta from current state is (-0.14, 17.71, 0.01) m with distance 17.71 m.
- Obstacle pipeline: depth_camera_to_body_to_ned_current_frame.
- Current depth frame obstacle points projected into NED: 6. Nearest depth obstacle in NED is at (0.38, 18.37, -2.36) m, relative vector (-0.51, 8.08, 0.14) m, distance 8.10 m.
- Depth validity fraction is 0.46. Global nearest obstacle distance is 4.97 m.
- Sector minimum distances [far_left, left, center, right, far_right] are [5.00, 5.00, 4.99, 4.98, 4.97] m.
- Nearest obstacle sector is far_right at 4.97 m and clearance status is clear.
- Lateral planning hint: prefer center progress.","{""waypoints"":[{""x"":0.9297899230769235,""y"":10.961537961538463},{""x"":0.8528668461538466,""y"":11.423076423076925},{""x"":0.7759437692307696,""y"":11.884614884615386},{""x"":0.6990206923076927,""y"":12.346153346153848},{""x"":0.6220976153846158,""y"":12.80769180769231}],""reasoning"":""Selected waypoint 0 moves the reference anchor from 17.50 m to 17.04 m from goal immediately and to 15.19 m by the final waypoint, so progress is 0.46 m selected / 2.31 m final and passes with monotonic goal-distance reduction. Kinematics is evaluated on 5 unique label waypoint(s), excluding consecutive duplicate terminal holds, and checks only that the trajectory stays within the configured bounds speed <= 15.00 m/s and acceleration <= 8.00 m/s^2, so kinematics passes. Goal is not reached within this label waypoint window. Safety passes: minimum clearance 1.51 m against manifest obstacles with 0 violating segment(s).""}",0.9297899230769235,10.961537961538463,-2.5,0.8528668461538466,11.423076423076925,-2.5,0.7759437692307696,11.884614884615386,-2.5,0.6990206923076927,12.346153346153848,-2.5,0.6220976153846158,12.80769180769231,-2.5
1773845135.887704611,1773845135.887704611,0.000,offline_ground_truth_window,"Environment section (T(v)):
- Current position NED is (0.94, 10.73, -2.52) m.
- Current velocity is (-0.01, 0.12, 0.01) m/s (speed 0.12 m/s).
- Goal position NED is (0.76, 28.00, -2.50) m.
- Output contract: predict exactly 5 waypoint x/y pairs in NED. The planner will set every waypoint z to goal z = -2.50 m before execution.
- Goal delta from current state is (-0.18, 17.27, 0.02) m with distance 17.27 m.
- Obstacle pipeline: depth_camera_to_body_to_ned_current_frame.
- Current depth frame obstacle points projected into NED: 7. Nearest depth obstacle in NED is at (0.44, 18.35, -2.59) m, relative vector (-0.50, 7.62, -0.07) m, distance 7.63 m.
- Depth validity fraction is 0.46. Global nearest obstacle distance is 4.97 m.
- Sector minimum distances [far_left, left, center, right, far_right] are [4.97, 4.97, 4.97, 4.97, 4.97] m.
- Nearest obstacle sector is far_left at 4.97 m and clearance status is clear.
- Lateral planning hint: prefer center progress.","{""waypoints"":[{""x"":0.8528668461538466,""y"":11.423076423076925},{""x"":0.7759437692307696,""y"":11.884614884615386},{""x"":0.6990206923076927,""y"":12.346153346153848},{""x"":0.6220976153846158,""y"":12.80769180769231},{""x"":0.5451745384615388,""y"":13.269230269230771}],""reasoning"":""Selected waypoint 0 moves the reference anchor from 17.04 m to 16.58 m from goal immediately and to 14.73 m by the final waypoint, so progress is 0.46 m selected / 2.31 m final and passes with monotonic goal-distance reduction. Kinematics is evaluated on 5 unique label waypoint(s), excluding consecutive duplicate terminal holds, and checks only that the trajectory stays within the configured bounds speed <= 15.00 m/s and acceleration <= 8.00 m/s^2, so kinematics passes. Goal is not reached within this label waypoint window. Safety passes: minimum clearance 1.51 m against manifest obstacles with 0 violating segment(s).""}",0.8528668461538466,11.423076423076925,-2.5,0.7759437692307696,11.884614884615386,-2.5,0.6990206923076927,12.346153346153848,-2.5,0.6220976153846158,12.80769180769231,-2.5,0.5451745384615388,13.269230269230771,-2.5
1773845141.238570690,1773845141.238570690,0.000,offline_ground_truth_window,"Environment section (T(v)):
- Current position NED is (0.92, 11.21, -2.49) m.
- Current velocity is (-0.03, 0.08, 0.00) m/s (speed 0.08 m/s).
- Goal position NED is (0.76, 28.00, -2.50) m.
- Output contract: predict exactly 5 waypoint x/y pairs in NED. The planner will set every waypoint z to goal z = -2.50 m before execution.
- Goal delta from current state is (-0.16, 16.79, -0.01) m with distance 16.79 m.
- Obstacle pipeline: depth_camera_to_body_to_ned_current_frame.
- Current depth frame obstacle points projected into NED: 8. Nearest depth obstacle in NED is at (0.26, 18.33, -2.28) m, relative vector (-0.65, 7.12, 0.21) m, distance 7.16 m.
- Depth validity fraction is 0.47. Global nearest obstacle distance is 3.85 m.
- Sector minimum distances [far_left, left, center, right, far_right] are [3.85, 3.87, 4.94, 4.94, 4.94] m.
- Nearest obstacle sector is far_left at 3.85 m and clearance status is clear.
- Lateral planning hint: right side is clearer.","{""waypoints"":[{""x"":0.7759437692307696,""y"":11.884614884615386},{""x"":0.6990206923076927,""y"":12.346153346153848},{""x"":0.6220976153846158,""y"":12.80769180769231},{""x"":0.5451745384615388,""y"":13.269230269230771},{""x"":0.4682514615384619,""y"":13.730768730769231}],""reasoning"":""Selected waypoint 0 moves the reference anchor from 16.58 m to 16.12 m from goal immediately and to 14.27 m by the final waypoint, so progress is 0.46 m selected / 2.31 m final and passes with monotonic goal-distance reduction. Kinematics is evaluated on 5 unique label waypoint(s), excluding consecutive duplicate terminal holds, and checks only that the trajectory stays within the configured bounds speed <= 15.00 m/s and acceleration <= 8.00 m/s^2, so kinematics passes. Goal is not reached within this label waypoint window. Safety passes: minimum clearance 1.52 m against manifest obstacles with 0 violating segment(s).""}",0.7759437692307696,11.884614884615386,-2.5,0.6990206923076927,12.346153346153848,-2.5,0.6220976153846158,12.80769180769231,-2.5,0.5451745384615388,13.269230269230771,-2.5,0.4682514615384619,13.730768730769231,-2.5
1773845146.056522846,1773845146.056522846,0.000,offline_ground_truth_window,"Environment section (T(v)):
- Current position NED is (0.82, 11.67, -2.52) m.
- Current velocity is (-0.02, 0.08, 0.01) m/s (speed 0.09 m/s).
- Goal position NED is (0.76, 28.00, -2.50) m.
- Output contract: predict exactly 5 waypoint x/y pairs in NED. The planner will set every waypoint z to goal z = -2.50 m before execution.
- Goal delta from current state is (-0.06, 16.33, 0.02) m with distance 16.33 m.
- Obstacle pipeline: depth_camera_to_body_to_ned_current_frame.
- Current depth frame obstacle points projected into NED: 12. Nearest depth obstacle in NED is at (0.05, 18.33, -2.75) m, relative vector (-0.76, 6.66, -0.24) m, distance 6.71 m.
- Depth validity fraction is 0.47. Global nearest obstacle distance is 4.12 m.
- Sector minimum distances [far_left, left, center, right, far_right] are [4.94, 4.17, 4.12, 4.94, 4.94] m.
- Nearest obstacle sector is center at 4.12 m and clearance status is clear.
- Lateral planning hint: prefer center progress.","{""waypoints"":[{""x"":0.6990206923076927,""y"":12.346153346153848},{""x"":0.6220976153846158,""y"":12.80769180769231},{""x"":0.5451745384615388,""y"":13.269230269230771},{""x"":0.4682514615384619,""y"":13.730768730769231},{""x"":0.39132838461538494,""y"":14.192307192307695}],""reasoning"":""Selected waypoint 0 moves the reference anchor from 16.12 m to 15.65 m from goal immediately and to 13.81 m by the final waypoint, so progress is 0.46 m selected / 2.30 m final and passes with monotonic goal-distance reduction. Kinematics is evaluated on 5 unique label waypoint(s), excluding consecutive duplicate terminal holds, and checks only that the trajectory stays within the configured bounds speed <= 15.00 m/s and acceleration <= 8.00 m/s^2, so kinematics passes. Goal is not reached within this label waypoint window. Safety passes: minimum clearance 1.61 m against manifest obstacles with 0 violating segment(s).""}",0.6990206923076927,12.346153346153848,-2.5,0.6220976153846158,12.80769180769231,-2.5,0.5451745384615388,13.269230269230771,-2.5,0.4682514615384619,13.730768730769231,-2.5,0.39132838461538494,14.192307192307695,-2.5
1773845150.988345623,1773845150.988345623,0.000,offline_ground_truth_window,"Environment section (T(v)):
- Current position NED is (0.74, 12.12, -2.51) m.
- Current velocity is (-0.02, 0.09, 0.01) m/s (speed 0.09 m/s).
- Goal position NED is (0.76, 28.00, -2.50) m.
- Output contract: predict exactly 5 waypoint x/y pairs in NED. The planner will set every waypoint z to goal z = -2.50 m before execution.
- Goal delta from current state is (0.01, 15.88, 0.01) m with distance 15.88 m.
- Obstacle pipeline: depth_camera_to_body_to_ned_current_frame.
- Current depth frame obstacle points projected into NED: 10. Nearest depth obstacle in NED is at (-0.13, 18.49, -2.33) m, relative vector (-0.88, 6.37, 0.18) m, distance 6.43 m.
- Depth validity fraction is 0.48. Global nearest obstacle distance is 4.78 m.
- Sector minimum distances [far_left, left, center, right, far_right] are [4.92, 4.92, 4.78, 4.92, 4.93] m.
- Nearest obstacle sector is center at 4.78 m and clearance status is clear.
- Lateral planning hint: prefer center progress.","{""waypoints"":[{""x"":0.6220976153846158,""y"":12.80769180769231},{""x"":0.5451745384615388,""y"":13.269230269230771},{""x"":0.4682514615384619,""y"":13.730768730769231},{""x"":0.39132838461538494,""y"":14.192307192307695},{""x"":0.31440530769230807,""y"":14.653845653846155}],""reasoning"":""Selected waypoint 0 moves the reference anchor from 15.65 m to 15.19 m from goal immediately and to 13.35 m by the final waypoint, so progress is 0.46 m selected / 2.30 m final and passes with monotonic goal-distance reduction. Kinematics is evaluated on 5 unique label waypoint(s), excluding consecutive duplicate terminal holds, and checks only that the trajectory stays within the configured bounds speed <= 15.00 m/s and acceleration <= 8.00 m/s^2, so kinematics passes. Goal is not reached within this label waypoint window. Safety passes: minimum clearance 1.79 m against manifest obstacles with 0 violating segment(s).""}",0.6220976153846158,12.80769180769231,-2.5,0.5451745384615388,13.269230269230771,-2.5,0.4682514615384619,13.730768730769231,-2.5,0.39132838461538494,14.192307192307695,-2.5,0.31440530769230807,14.653845653846155,-2.5
1773845155.727861166,1773845155.727861166,0.000,offline_ground_truth_window,"Environment section (T(v)):
- Current position NED is (0.67, 12.58, -2.50) m.
- Current velocity is (-0.03, 0.09, 0.01) m/s (speed 0.10 m/s).
- Goal position NED is (0.76, 28.00, -2.50) m.
- Output contract: predict exactly 5 waypoint x/y pairs in NED. The planner will set every waypoint z to goal z = -2.50 m before execution.
- Goal delta from current state is (0.09, 15.42, -0.00) m with distance 15.42 m.
- Obstacle pipeline: depth_camera_to_body_to_ned_current_frame.
- Current depth frame obstacle points projected into NED: 8. Nearest depth obstacle in NED is at (-0.29, 18.40, -2.69) m, relative vector (-0.96, 5.82, -0.19) m, distance 5.91 m.
- Depth validity fraction is 0.48. Global nearest obstacle distance is 4.15 m.
- Sector minimum distances [far_left, left, center, right, far_right] are [4.94, 4.71, 4.15, 4.95, 4.95] m.
- Nearest obstacle sector is center at 4.15 m and clearance status is clear.
- Lateral planning hint: prefer center progress.","{""waypoints"":[{""x"":0.5451745384615388,""y"":13.269230269230771},{""x"":0.4682514615384619,""y"":13.730768730769231},{""x"":0.39132838461538494,""y"":14.192307192307695},{""x"":0.31440530769230807,""y"":14.653845653846155},{""x"":0.23748223076923108,""y"":15.115384115384618}],""reasoning"":""Selected waypoint 0 moves the reference anchor from 15.19 m to 14.73 m from goal immediately and to 12.90 m by the final waypoint, so progress is 0.46 m selected / 2.30 m final and passes with monotonic goal-distance reduction. Kinematics is evaluated on 5 unique label waypoint(s), excluding consecutive duplicate terminal holds, and checks only that the trajectory stays within the configured bounds speed <= 15.00 m/s and acceleration <= 8.00 m/s^2, so kinematics passes. Goal is not reached within this label waypoint window. Safety passes: minimum clearance 2.05 m against manifest obstacles with 0 violating segment(s).""}",0.5451745384615388,13.269230269230771,-2.5,0.4682514615384619,13.730768730769231,-2.5,0.39132838461538494,14.192307192307695,-2.5,0.31440530769230807,14.653845653846155,-2.5,0.23748223076923108,15.115384115384618,-2.5
1773845160.379416227,1773845160.379416227,0.000,offline_ground_truth_window,"Environment section (T(v)):
- Current position NED is (0.58, 13.04, -2.51) m.
- Current velocity is (-0.01, 0.07, 0.01) m/s (speed 0.07 m/s).
- Goal position NED is (0.76, 28.00, -2.50) m.
- Output contract: predict exactly 5 waypoint x/y pairs in NED. The planner will set every waypoint z to goal z = -2.50 m before execution.
- Goal delta from current state is (0.18, 14.96, 0.01) m with distance 14.96 m.
- Obstacle pipeline: depth_camera_to_body_to_ned_current_frame.
- Current depth frame obstacle points projected into NED: 7. Nearest depth obstacle in NED is at (-0.53, 18.42, -1.96) m, relative vector (-1.11, 5.38, 0.55) m, distance 5.52 m.
- Depth validity fraction is 0.50. Global nearest obstacle distance is 3.91 m.
- Sector minimum distances [far_left, left, center, right, far_right] are [4.99, 4.00, 3.91, 4.99, 5.00] m.
- Nearest obstacle sector is center at 3.91 m and clearance status is clear.
- Lateral planning hint: right side is clearer.","{""waypoints"":[{""x"":0.4682514615384619,""y"":13.730768730769231},{""x"":0.39132838461538494,""y"":14.192307192307695},{""x"":0.31440530769230807,""y"":14.653845653846155},{""x"":0.23748223076923108,""y"":15.115384115384618},{""x"":0.1605591538461542,""y"":15.576922576923078}],""reasoning"":""Selected waypoint 0 moves the reference anchor from 14.73 m to 14.27 m from goal immediately and to 12.44 m by the final waypoint, so progress is 0.46 m selected / 2.29 m final and passes with monotonic goal-distance reduction. Kinematics is evaluated on 5 unique label waypoint(s), excluding consecutive duplicate terminal holds, and checks only that the trajectory stays within the configured bounds speed <= 15.00 m/s and acceleration <= 8.00 m/s^2, so kinematics passes. Goal is not reached within this label waypoint window. Safety passes: minimum clearance 2.33 m against manifest obstacles with 0 violating segment(s).""}",0.4682514615384619,13.730768730769231,-2.5,0.39132838461538494,14.192307192307695,-2.5,0.31440530769230807,14.653845653846155,-2.5,0.23748223076923108,15.115384115384618,-2.5,0.1605591538461542,15.576922576923078,-2.5
1773845165.389119387,1773845165.389119387,0.000,offline_ground_truth_window,"Environment section (T(v)):
- Current position NED is (0.54, 13.51, -2.51) m.
- Current velocity is (-0.01, 0.08, 0.01) m/s (speed 0.08 m/s).
- Goal position NED is (0.76, 28.00, -2.50) m.
- Output contract: predict exactly 5 waypoint x/y pairs in NED. The planner will set every waypoint z to goal z = -2.50 m before execution.
- Goal delta from current state is (0.22, 14.49, 0.01) m with distance 14.50 m.
- Obstacle pipeline: depth_camera_to_body_to_ned_current_frame.
- Current depth frame obstacle points projected into NED: 6. Nearest depth obstacle in NED is at (-0.67, 18.40, -2.58) m, relative vector (-1.21, 4.89, -0.07) m, distance 5.04 m.
- Depth validity fraction is 0.50. Global nearest obstacle distance is 3.92 m.
- Sector minimum distances [far_left, left, center, right, far_right] are [4.05, 3.92, 4.80, 5.00, 5.00] m.
- Nearest obstacle sector is left at 3.92 m and clearance status is clear.
- Lateral planning hint: right side is clearer.","{""waypoints"":[{""x"":0.39132838461538494,""y"":14.192307192307695},{""x"":0.31440530769230807,""y"":14.653845653846155},{""x"":0.23748223076923108,""y"":15.115384115384618},{""x"":0.1605591538461542,""y"":15.576922576923078},{""x"":0.08363607692307724,""y"":16.038461038461538}],""reasoning"":""Selected waypoint 0 moves the reference anchor from 14.27 m to 13.81 m from goal immediately and to 11.98 m by the final waypoint, so progress is 0.46 m selected / 2.29 m final and passes with monotonic goal-distance reduction. Kinematics is evaluated on 5 unique label waypoint(s), excluding consecutive duplicate terminal holds, and checks only that the trajectory stays within the configured bounds speed <= 15.00 m/s and acceleration <= 8.00 m/s^2, so kinematics passes. Goal is not reached within this label waypoint window. Safety passes: minimum clearance 1.97 m against manifest obstacles with 0 violating segment(s).""}",0.39132838461538494,14.192307192307695,-2.5,0.31440530769230807,14.653845653846155,-2.5,0.23748223076923108,15.115384115384618,-2.5,0.1605591538461542,15.576922576923078,-2.5,0.08363607692307724,16.038461038461538,-2.5
1773845169.511339426,1773845169.511339426,0.000,offline_ground_truth_window,"Environment section (T(v)):
- Current position NED is (0.40, 13.96, -2.50) m.
- Current velocity is (-0.01, 0.09, 0.01) m/s (speed 0.10 m/s).
- Goal position NED is (0.76, 28.00, -2.50) m.
- Output contract: predict exactly 5 waypoint x/y pairs in NED. The planner will set every waypoint z to goal z = -2.50 m before execution.
- Goal delta from current state is (0.36, 14.04, 0.00) m with distance 14.05 m.
- Obstacle pipeline: depth_camera_to_body_to_ned_current_frame.
- Current depth frame obstacle points projected into NED: 14. Nearest depth obstacle in NED is at (-0.82, 18.40, -2.45) m, relative vector (-1.22, 4.44, 0.05) m, distance 4.60 m.
- Depth validity fraction is 0.52. Global nearest obstacle distance is 3.83 m.
- Sector minimum distances [far_left, left, center, right, far_right] are [3.83, 4.37, 4.48, 4.91, 4.92] m.
- Nearest obstacle sector is far_left at 3.83 m and clearance status is clear.
- Lateral planning hint: right side is clearer.","{""waypoints"":[{""x"":0.31440530769230807,""y"":14.653845653846155},{""x"":0.23748223076923108,""y"":15.115384115384618},{""x"":0.1605591538461542,""y"":15.576922576923078},{""x"":0.08363607692307724,""y"":16.038461038461538},{""x"":0.0067130000000003714,""y"":16.4999995}],""reasoning"":""Selected waypoint 0 moves the reference anchor from 13.81 m to 13.35 m from goal immediately and to 11.52 m by the final waypoint, so progress is 0.46 m selected / 2.29 m final and passes with monotonic goal-distance reduction. Kinematics is evaluated on 5 unique label waypoint(s), excluding consecutive duplicate terminal holds, and checks only that the trajectory stays within the configured bounds speed <= 15.00 m/s and acceleration <= 8.00 m/s^2, so kinematics passes. Goal is not reached within this label waypoint window. Safety passes: minimum clearance 1.65 m against manifest obstacles with 0 violating segment(s).""}",0.31440530769230807,14.653845653846155,-2.5,0.23748223076923108,15.115384115384618,-2.5,0.1605591538461542,15.576922576923078,-2.5,0.08363607692307724,16.038461038461538,-2.5,0.0067130000000003714,16.4999995,-2.5
1773845174.707768440,1773845174.707768440,0.000,offline_ground_truth_window,"Environment section (T(v)):
- Current position NED is (0.34, 14.43, -2.50) m.
- Current velocity is (-0.02, 0.08, 0.00) m/s (speed 0.08 m/s).
- Goal position NED is (0.76, 28.00, -2.50) m.
- Output contract: predict exactly 5 waypoint x/y pairs in NED. The planner will set every waypoint z to goal z = -2.50 m before execution.
- Goal delta from current state is (0.42, 13.57, -0.00) m with distance 13.58 m.
- Obstacle pipeline: depth_camera_to_body_to_ned_current_frame.
- Current depth frame obstacle points projected into NED: 22. Nearest depth obstacle in NED is at (-0.85, 18.39, -2.52) m, relative vector (-1.19, 3.96, -0.02) m, distance 4.14 m.
- Depth validity fraction is 0.53. Global nearest obstacle distance is 3.89 m.
- Sector minimum distances [far_left, left, center, right, far_right] are [4.92, 3.89, 4.93, 4.93, 4.93] m.
- Nearest obstacle sector is left at 3.89 m and clearance status is clear.
- Lateral planning hint: right side is clearer.","{""waypoints"":[{""x"":0.23748223076923108,""y"":15.115384115384618},{""x"":0.1605591538461542,""y"":15.576922576923078},{""x"":0.08363607692307724,""y"":16.038461038461538},{""x"":0.0067130000000003714,""y"":16.4999995},{""x"":-0.15995366666666627,""y"":16.833332833333333}],""reasoning"":""Selected waypoint 0 moves the reference anchor from 13.35 m to 12.90 m from goal immediately and to 11.20 m by the final waypoint, so progress is 0.46 m selected / 2.15 m final and passes with monotonic goal-distance reduction. Kinematics is evaluated on 5 unique label waypoint(s), excluding consecutive duplicate terminal holds, and checks only that the trajectory stays within the configured bounds speed <= 15.00 m/s and acceleration <= 8.00 m/s^2, so kinematics fails. Goal is not reached within this label waypoint window. Safety passes: minimum clearance 1.56 m against manifest obstacles with 0 violating segment(s).""}",0.23748223076923108,15.115384115384618,-2.5,0.1605591538461542,15.576922576923078,-2.5,0.08363607692307724,16.038461038461538,-2.5,0.0067130000000003714,16.4999995,-2.5,-0.15995366666666627,16.833332833333333,-2.5
1773845179.284703493,1773845179.284703493,0.000,offline_ground_truth_window,"Environment section (T(v)):
- Current position NED is (0.28, 14.89, -2.50) m.
- Current velocity is (-0.01, 0.10, 0.01) m/s (speed 0.10 m/s).
- Goal position NED is (0.76, 28.00, -2.50) m.
- Output contract: predict exactly 5 waypoint x/y pairs in NED. The planner will set every waypoint z to goal z = -2.50 m before execution.
- Goal delta from current state is (0.47, 13.11, 0.00) m with distance 13.12 m.
- Obstacle pipeline: depth_camera_to_body_to_ned_current_frame.
- Current depth frame obstacle points projected into NED: 24. Nearest depth obstacle in NED is at (-0.95, 18.39, -2.38) m, relative vector (-1.23, 3.50, 0.12) m, distance 3.72 m.
- Depth validity fraction is 0.54. Global nearest obstacle distance is 3.44 m.
- Sector minimum distances [far_left, left, center, right, far_right] are [5.01, 3.44, 5.00, 5.00, 4.99] m.
- Nearest obstacle sector is left at 3.44 m and clearance status is clear.
- Lateral planning hint: right side is clearer.","{""waypoints"":[{""x"":0.1605591538461542,""y"":15.576922576923078},{""x"":0.08363607692307724,""y"":16.038461038461538},{""x"":0.0067130000000003714,""y"":16.4999995},{""x"":-0.15995366666666627,""y"":16.833332833333333},{""x"":-0.32662033333333296,""y"":17.16666616666667}],""reasoning"":""Selected waypoint 0 moves the reference anchor from 12.90 m to 12.44 m from goal immediately and to 10.89 m by the final waypoint, so progress is 0.46 m selected / 2.01 m final and passes with monotonic goal-distance reduction. Kinematics is evaluated on 5 unique label waypoint(s), excluding consecutive duplicate terminal holds, and checks only that the trajectory stays within the configured bounds speed <= 15.00 m/s and acceleration <= 8.00 m/s^2, so kinematics fails. Goal is not reached within this label waypoint window. Safety passes: minimum clearance 1.54 m against manifest obstacles with 0 violating segment(s).""}",0.1605591538461542,15.576922576923078,-2.5,0.08363607692307724,16.038461038461538,-2.5,0.0067130000000003714,16.4999995,-2.5,-0.15995366666666627,16.833332833333333,-2.5,-0.32662033333333296,17.16666616666667,-2.5
1773845183.991387606,1773845183.991387606,0.000,offline_ground_truth_window,"Environment section (T(v)):
- Current position NED is (0.19, 15.36, -2.52) m.
- Current velocity is (-0.03, 0.11, 0.02) m/s (speed 0.12 m/s).
- Goal position NED is (0.76, 28.00, -2.50) m.
- Output contract: predict exactly 5 waypoint x/y pairs in NED. The planner will set every waypoint z to goal z = -2.50 m before execution.
- Goal delta from current state is (0.56, 12.64, 0.02) m with distance 12.66 m.
- Obstacle pipeline: depth_camera_to_body_to_ned_current_frame.
- Current depth frame obstacle points projected into NED: 38. Nearest depth obstacle in NED is at (-1.03, 18.40, -2.40) m, relative vector (-1.22, 3.05, 0.12) m, distance 3.29 m.
- Depth validity fraction is 0.55. Global nearest obstacle distance is 2.95 m.
- Sector minimum distances [far_left, left, center, right, far_right] are [3.04, 2.95, 5.06, 5.06, 5.07] m.
- Nearest obstacle sector is left at 2.95 m and clearance status is caution.
- Lateral planning hint: right side is clearer.","{""waypoints"":[{""x"":0.08363607692307724,""y"":16.038461038461538},{""x"":0.0067130000000003714,""y"":16.4999995},{""x"":-0.15995366666666627,""y"":16.833332833333333},{""x"":-0.32662033333333296,""y"":17.16666616666667},{""x"":-0.49328699999999964,""y"":17.4999995}],""reasoning"":""Selected waypoint 0 moves the reference anchor from 12.44 m to 11.98 m from goal immediately and to 10.57 m by the final waypoint, so progress is 0.46 m selected / 1.86 m final and passes with monotonic goal-distance reduction. Kinematics is evaluated on 5 unique label waypoint(s), excluding consecutive duplicate terminal holds, and checks only that the trajectory stays within the configured bounds speed <= 15.00 m/s and acceleration <= 8.00 m/s^2, so kinematics fails. Goal is not reached within this label waypoint window. Safety passes: minimum clearance 1.54 m against manifest obstacles with 0 violating segment(s).""}",0.08363607692307724,16.038461038461538,-2.5,0.0067130000000003714,16.4999995,-2.5,-0.15995366666666627,16.833332833333333,-2.5,-0.32662033333333296,17.16666616666667,-2.5,-0.49328699999999964,17.4999995,-2.5
1773845188.735201597,1773845188.735201597,0.000,offline_ground_truth_window,"Environment section (T(v)):
- Current position NED is (0.12, 15.81, -2.50) m.
- Current velocity is (-0.01, 0.08, 0.01) m/s (speed 0.08 m/s).
- Goal position NED is (0.76, 28.00, -2.50) m.
- Output contract: predict exactly 5 waypoint x/y pairs in NED. The planner will set every waypoint z to goal z = -2.50 m before execution.
- Goal delta from current state is (0.63, 12.19, -0.00) m with distance 12.20 m.
- Obstacle pipeline: depth_camera_to_body_to_ned_current_frame.
- Current depth frame obstacle points projected into NED: 40. Nearest depth obstacle in NED is at (-1.12, 18.39, -2.34) m, relative vector (-1.25, 2.58, 0.15) m, distance 2.87 m.
- Depth validity fraction is 0.58. Global nearest obstacle distance is 2.49 m.
- Sector minimum distances [far_left, left, center, right, far_right] are [2.49, 2.51, 4.95, 4.95, 4.95] m.
- Nearest obstacle sector is far_left at 2.49 m and clearance status is caution.
- Lateral planning hint: right side is clearer.","{""waypoints"":[{""x"":0.0067130000000003714,""y"":16.4999995},{""x"":-0.15995366666666627,""y"":16.833332833333333},{""x"":-0.32662033333333296,""y"":17.16666616666667},{""x"":-0.49328699999999964,""y"":17.4999995},{""x"":-0.46697121052631546,""y"":17.973683710526316}],""reasoning"":""Selected waypoint 0 moves the reference anchor from 11.98 m to 11.52 m from goal immediately and to 10.10 m by the final waypoint, so progress is 0.46 m selected / 1.88 m final and passes with monotonic goal-distance reduction. Kinematics is evaluated on 5 unique label waypoint(s), excluding consecutive duplicate terminal holds, and checks only that the trajectory stays within the configured bounds speed <= 15.00 m/s and acceleration <= 8.00 m/s^2, so kinematics fails. Goal is not reached within this label waypoint window. Safety passes: minimum clearance 1.51 m against manifest obstacles with 0 violating segment(s).""}",0.0067130000000003714,16.4999995,-2.5,-0.15995366666666627,16.833332833333333,-2.5,-0.32662033333333296,17.16666616666667,-2.5,-0.49328699999999964,17.4999995,-2.5,-0.46697121052631546,17.973683710526316,-2.5
1773845193.398389101,1773845193.398389101,0.000,offline_ground_truth_window,"Environment section (T(v)):
- Current position NED is (0.05, 16.27, -2.51) m.
- Current velocity is (-0.01, 0.10, 0.01) m/s (speed 0.10 m/s).
- Goal position NED is (0.76, 28.00, -2.50) m.
- Output contract: predict exactly 5 waypoint x/y pairs in NED. The planner will set every waypoint z to goal z = -2.50 m before execution.
- Goal delta from current state is (0.71, 11.73, 0.01) m with distance 11.75 m.
- Obstacle pipeline: depth_camera_to_body_to_ned_current_frame.
- Current depth frame obstacle points projected into NED: 47. Nearest depth obstacle in NED is at (-1.20, 18.43, -2.60) m, relative vector (-1.25, 2.15, -0.08) m, distance 2.49 m.
- Depth validity fraction is 0.59. Global nearest obstacle distance is 2.06 m.
- Sector minimum distances [far_left, left, center, right, far_right] are [2.06, 2.22, 4.93, 4.93, 4.92] m.
- Nearest obstacle sector is far_left at 2.06 m and clearance status is caution.
- Lateral planning hint: right side is clearer.","{""waypoints"":[{""x"":-0.15995366666666627,""y"":16.833332833333333},{""x"":-0.32662033333333296,""y"":17.16666616666667},{""x"":-0.49328699999999964,""y"":17.4999995},{""x"":-0.46697121052631546,""y"":17.973683710526316},{""x"":-0.4406554210526313,""y"":18.44736792105263}],""reasoning"":""Selected waypoint 0 moves the reference anchor from 11.52 m to 11.20 m from goal immediately and to 9.63 m by the final waypoint, so progress is 0.32 m selected / 1.90 m final and passes with monotonic goal-distance reduction. Kinematics is evaluated on 5 unique label waypoint(s), excluding consecutive duplicate terminal holds, and checks only that the trajectory stays within the configured bounds speed <= 15.00 m/s and acceleration <= 8.00 m/s^2, so kinematics fails. Goal is not reached within this label waypoint window. Safety passes: minimum clearance 1.51 m against manifest obstacles with 0 violating segment(s).""}",-0.15995366666666627,16.833332833333333,-2.5,-0.32662033333333296,17.16666616666667,-2.5,-0.49328699999999964,17.4999995,-2.5,-0.46697121052631546,17.973683710526316,-2.5,-0.4406554210526313,18.44736792105263,-2.5
1773845199.032070160,1773845199.032070160,0.000,offline_ground_truth_window,"Environment section (T(v)):
- Current position NED is (-0.08, 16.66, -2.51) m.
- Current velocity is (-0.02, 0.06, 0.01) m/s (speed 0.07 m/s).
- Goal position NED is (0.76, 28.00, -2.50) m.
- Output contract: predict exactly 5 waypoint x/y pairs in NED. The planner will set every waypoint z to goal z = -2.50 m before execution.
- Goal delta from current state is (0.84, 11.34, 0.01) m with distance 11.37 m.
- Obstacle pipeline: depth_camera_to_body_to_ned_current_frame.
- Current depth frame obstacle points projected into NED: 46. Nearest depth obstacle in NED is at (-1.48, 18.41, -2.61) m, relative vector (-1.39, 1.75, -0.10) m, distance 2.24 m.
- Depth validity fraction is 0.56. Global nearest obstacle distance is 1.71 m.
- Sector minimum distances [far_left, left, center, right, far_right] are [1.71, 4.93, 4.93, 4.93, 4.93] m.
- Nearest obstacle sector is far_left at 1.71 m and clearance status is caution.
- Lateral planning hint: right side is clearer.","{""waypoints"":[{""x"":-0.32662033333333296,""y"":17.16666616666667},{""x"":-0.49328699999999964,""y"":17.4999995},{""x"":-0.46697121052631546,""y"":17.973683710526316},{""x"":-0.4406554210526313,""y"":18.44736792105263},{""x"":-0.414339631578947,""y"":18.92105213157895}],""reasoning"":""Selected waypoint 0 moves the reference anchor from 11.20 m to 10.89 m from goal immediately and to 9.15 m by the final waypoint, so progress is 0.32 m selected / 2.05 m final and passes with monotonic goal-distance reduction. Kinematics is evaluated on 5 unique label waypoint(s), excluding consecutive duplicate terminal holds, and checks only that the trajectory stays within the configured bounds speed <= 15.00 m/s and acceleration <= 8.00 m/s^2, so kinematics fails. Goal is not reached within this label waypoint window. Safety passes: minimum clearance 1.51 m against manifest obstacles with 0 violating segment(s).""}",-0.32662033333333296,17.16666616666667,-2.5,-0.49328699999999964,17.4999995,-2.5,-0.46697121052631546,17.973683710526316,-2.5,-0.4406554210526313,18.44736792105263,-2.5,-0.414339631578947,18.92105213157895,-2.5
1773845205.053868294,1773845205.053868294,0.000,offline_ground_truth_window,"Environment section (T(v)):
- Current position NED is (-0.29, 16.98, -2.48) m.
- Current velocity is (-0.03, 0.06, -0.00) m/s (speed 0.07 m/s).
- Goal position NED is (0.76, 28.00, -2.50) m.
- Output contract: predict exactly 5 waypoint x/y pairs in NED. The planner will set every waypoint z to goal z = -2.50 m before execution.
- Goal delta from current state is (1.04, 11.02, -0.02) m with distance 11.07 m.
- Obstacle pipeline: depth_camera_to_body_to_ned_current_frame.
- Current depth frame obstacle points projected into NED: 1. Nearest depth obstacle in NED is at (-4.97, 28.60, -2.37) m, relative vector (-4.69, 11.62, 0.10) m, distance 12.53 m.
- Depth validity fraction is 0.53. Global nearest obstacle distance is 4.84 m.
- Sector minimum distances [far_left, left, center, right, far_right] are [4.84, 4.84, 4.84, 4.85, 4.85] m.
- Nearest obstacle sector is far_left at 4.84 m and clearance status is clear.
- Lateral planning hint: prefer center progress.","{""waypoints"":[{""x"":-0.49328699999999964,""y"":17.4999995},{""x"":-0.46697121052631546,""y"":17.973683710526316},{""x"":-0.4406554210526313,""y"":18.44736792105263},{""x"":-0.414339631578947,""y"":18.92105213157895},{""x"":-0.3880238421052628,""y"":19.394736342105265}],""reasoning"":""Selected waypoint 0 moves the reference anchor from 10.89 m to 10.57 m from goal immediately and to 8.68 m by the final waypoint, so progress is 0.31 m selected / 2.21 m final and passes with monotonic goal-distance reduction. Kinematics is evaluated on 5 unique label waypoint(s), excluding consecutive duplicate terminal holds, and checks only that the trajectory stays within the configured bounds speed <= 15.00 m/s and acceleration <= 8.00 m/s^2, so kinematics passes. Goal is not reached within this label waypoint window. Safety passes: minimum clearance 1.51 m against manifest obstacles with 0 violating segment(s).""}",-0.49328699999999964,17.4999995,-2.5,-0.46697121052631546,17.973683710526316,-2.5,-0.4406554210526313,18.44736792105263,-2.5,-0.414339631578947,18.92105213157895,-2.5,-0.3880238421052628,19.394736342105265,-2.5
1773845211.155697107,1773845211.155697107,0.000,offline_ground_truth_window,"Environment section (T(v)):
- Current position NED is (-0.45, 17.31, -2.50) m.
- Current velocity is (-0.03, 0.08, 0.01) m/s (speed 0.08 m/s).
- Goal position NED is (0.76, 28.00, -2.50) m.
- Output contract: predict exactly 5 waypoint x/y pairs in NED. The planner will set every waypoint z to goal z = -2.50 m before execution.
- Goal delta from current state is (1.21, 10.69, 0.00) m with distance 10.76 m.
- Obstacle pipeline: depth_camera_to_body_to_ned_current_frame.
- Current depth frame obstacle points projected into NED: 0. Nearest depth obstacle in NED is at (-0.45, 17.31, -2.50) m, relative vector (20.00, 0.00, 0.00) m, distance 20.00 m.
- Depth validity fraction is 0.53. Global nearest obstacle distance is 4.91 m.
- Sector minimum distances [far_left, left, center, right, far_right] are [4.91, 4.92, 4.92, 4.93, 4.93] m.
- Nearest obstacle sector is far_left at 4.91 m and clearance status is clear.
- Lateral planning hint: prefer center progress.","{""waypoints"":[{""x"":-0.46697121052631546,""y"":17.973683710526316},{""x"":-0.4406554210526313,""y"":18.44736792105263},{""x"":-0.414339631578947,""y"":18.92105213157895},{""x"":-0.3880238421052628,""y"":19.394736342105265},{""x"":-0.3617080526315786,""y"":19.86842055263158}],""reasoning"":""Selected waypoint 0 moves the reference anchor from 10.57 m to 10.10 m from goal immediately and to 8.21 m by the final waypoint, so progress is 0.47 m selected / 2.37 m final and passes with monotonic goal-distance reduction. Kinematics is evaluated on 5 unique label waypoint(s), excluding consecutive duplicate terminal holds, and checks only that the trajectory stays within the configured bounds speed <= 15.00 m/s and acceleration <= 8.00 m/s^2, so kinematics passes. Goal is not reached within this label waypoint window. Safety passes: minimum clearance 1.51 m against manifest obstacles with 0 violating segment(s).""}",-0.46697121052631546,17.973683710526316,-2.5,-0.4406554210526313,18.44736792105263,-2.5,-0.414339631578947,18.92105213157895,-2.5,-0.3880238421052628,19.394736342105265,-2.5,-0.3617080526315786,19.86842055263158,-2.5
1773845216.401478291,1773845216.401478291,0.000,offline_ground_truth_window,"Environment section (T(v)):
- Current position NED is (-0.45, 17.74, -2.50) m.
- Current velocity is (-0.00, 0.08, 0.00) m/s (speed 0.08 m/s).
- Goal position NED is (0.76, 28.00, -2.50) m.
- Output contract: predict exactly 5 waypoint x/y pairs in NED. The planner will set every waypoint z to goal z = -2.50 m before execution.
- Goal delta from current state is (1.21, 10.26, -0.00) m with distance 10.34 m.
- Obstacle pipeline: depth_camera_to_body_to_ned_current_frame.
- Current depth frame obstacle points projected into NED: 2. Nearest depth obstacle in NED is at (-2.15, 28.57, -2.13) m, relative vector (-1.70, 10.83, 0.36) m, distance 10.97 m.
- Depth validity fraction is 0.53. Global nearest obstacle distance is 4.92 m.
- Sector minimum distances [far_left, left, center, right, far_right] are [4.92, 4.92, 4.92, 4.92, 4.92] m.
- Nearest obstacle sector is far_right at 4.92 m and clearance status is clear.
- Lateral planning hint: prefer center progress.","{""waypoints"":[{""x"":-0.4406554210526313,""y"":18.44736792105263},{""x"":-0.414339631578947,""y"":18.92105213157895},{""x"":-0.3880238421052628,""y"":19.394736342105265},{""x"":-0.3617080526315786,""y"":19.86842055263158},{""x"":-0.3353922631578944,""y"":20.342104763157895}],""reasoning"":""Selected waypoint 0 moves the reference anchor from 10.10 m to 9.63 m from goal immediately and to 7.74 m by the final waypoint, so progress is 0.47 m selected / 2.37 m final and passes with monotonic goal-distance reduction. Kinematics is evaluated on 5 unique label waypoint(s), excluding consecutive duplicate terminal holds, and checks only that the trajectory stays within the configured bounds speed <= 15.00 m/s and acceleration <= 8.00 m/s^2, so kinematics passes. Goal is not reached within this label waypoint window. Safety passes: minimum clearance 1.51 m against manifest obstacles with 0 violating segment(s).""}",-0.4406554210526313,18.44736792105263,-2.5,-0.414339631578947,18.92105213157895,-2.5,-0.3880238421052628,19.394736342105265,-2.5,-0.3617080526315786,19.86842055263158,-2.5,-0.3353922631578944,20.342104763157895,-2.5
1773845223.368799448,1773845223.368799448,0.000,offline_ground_truth_window,"Environment section (T(v)):
- Current position NED is (-0.44, 18.22, -2.50) m.
- Current velocity is (-0.00, 0.08, 0.01) m/s (speed 0.08 m/s).
- Goal position NED is (0.76, 28.00, -2.50) m.
- Output contract: predict exactly 5 waypoint x/y pairs in NED. The planner will set every waypoint z to goal z = -2.50 m before execution.
- Goal delta from current state is (1.19, 9.78, 0.00) m with distance 9.86 m.
- Obstacle pipeline: depth_camera_to_body_to_ned_current_frame.
- Current depth frame obstacle points projected into NED: 1. Nearest depth obstacle in NED is at (-2.09, 28.57, -2.19) m, relative vector (-1.65, 10.35, 0.32) m, distance 10.49 m.
- Depth validity fraction is 0.53. Global nearest obstacle distance is 4.90 m.
- Sector minimum distances [far_left, left, center, right, far_right] are [4.90, 4.90, 4.90, 4.90, 4.90] m.
- Nearest obstacle sector is far_left at 4.90 m and clearance status is clear.
- Lateral planning hint: prefer center progress.","{""waypoints"":[{""x"":-0.414339631578947,""y"":18.92105213157895},{""x"":-0.3880238421052628,""y"":19.394736342105265},{""x"":-0.3617080526315786,""y"":19.86842055263158},{""x"":-0.3353922631578944,""y"":20.342104763157895},{""x"":-0.30907647368421015,""y"":20.81578897368421}],""reasoning"":""Selected waypoint 0 moves the reference anchor from 9.63 m to 9.15 m from goal immediately and to 7.26 m by the final waypoint, so progress is 0.47 m selected / 2.36 m final and passes with monotonic goal-distance reduction. Kinematics is evaluated on 5 unique label waypoint(s), excluding consecutive duplicate terminal holds, and checks only that the trajectory stays within the configured bounds speed <= 15.00 m/s and acceleration <= 8.00 m/s^2, so kinematics passes. Goal is not reached within this label waypoint window. Safety passes: minimum clearance 1.55 m against manifest obstacles with 0 violating segment(s).""}",-0.414339631578947,18.92105213157895,-2.5,-0.3880238421052628,19.394736342105265,-2.5,-0.3617080526315786,19.86842055263158,-2.5,-0.3353922631578944,20.342104763157895,-2.5,-0.30907647368421015,20.81578897368421,-2.5
1773845228.053287506,1773845228.053287506,0.000,offline_ground_truth_window,"Environment section (T(v)):
- Current position NED is (-0.42, 18.68, -2.51) m.
- Current velocity is (0.01, 0.09, 0.01) m/s (speed 0.09 m/s).
- Goal position NED is (0.76, 28.00, -2.50) m.
- Output contract: predict exactly 5 waypoint x/y pairs in NED. The planner will set every waypoint z to goal z = -2.50 m before execution.
- Goal delta from current state is (1.18, 9.32, 0.01) m with distance 9.39 m.
- Obstacle pipeline: depth_camera_to_body_to_ned_current_frame.
- Current depth frame obstacle points projected into NED: 3. Nearest depth obstacle in NED is at (-4.95, 28.53, -2.53) m, relative vector (-4.53, 9.85, -0.02) m, distance 10.84 m.
- Depth validity fraction is 0.53. Global nearest obstacle distance is 4.94 m.
- Sector minimum distances [far_left, left, center, right, far_right] are [4.95, 4.95, 4.94, 4.94, 4.94] m.
- Nearest obstacle sector is far_right at 4.94 m and clearance status is clear.
- Lateral planning hint: prefer center progress.","{""waypoints"":[{""x"":-0.3880238421052628,""y"":19.394736342105265},{""x"":-0.3617080526315786,""y"":19.86842055263158},{""x"":-0.3353922631578944,""y"":20.342104763157895},{""x"":-0.30907647368421015,""y"":20.81578897368421},{""x"":-0.28276068421052597,""y"":21.28947318421053}],""reasoning"":""Selected waypoint 0 moves the reference anchor from 9.15 m to 8.68 m from goal immediately and to 6.79 m by the final waypoint, so progress is 0.47 m selected / 2.36 m final and passes with monotonic goal-distance reduction. Kinematics is evaluated on 5 unique label waypoint(s), excluding consecutive duplicate terminal holds, and checks only that the trajectory stays within the configured bounds speed <= 15.00 m/s and acceleration <= 8.00 m/s^2, so kinematics passes. Goal is not reached within this label waypoint window. Safety passes: minimum clearance 1.71 m against manifest obstacles with 0 violating segment(s).""}",-0.3880238421052628,19.394736342105265,-2.5,-0.3617080526315786,19.86842055263158,-2.5,-0.3353922631578944,20.342104763157895,-2.5,-0.30907647368421015,20.81578897368421,-2.5,-0.28276068421052597,21.28947318421053,-2.5
1773845233.445755720,1773845233.445755720,0.000,offline_ground_truth_window,"Environment section (T(v)):
- Current position NED is (-0.43, 19.16, -2.50) m.
- Current velocity is (-0.00, 0.06, 0.01) m/s (speed 0.06 m/s).
- Goal position NED is (0.76, 28.00, -2.50) m.
- Output contract: predict exactly 5 waypoint x/y pairs in NED. The planner will set every waypoint z to goal z = -2.50 m before execution.
- Goal delta from current state is (1.19, 8.84, -0.00) m with distance 8.92 m.
- Obstacle pipeline: depth_camera_to_body_to_ned_current_frame.
- Current depth frame obstacle points projected into NED: 2. Nearest depth obstacle in NED is at (-1.86, 28.09, -2.50) m, relative vector (-1.42, 8.93, -0.00) m, distance 9.04 m.
- Depth validity fraction is 0.53. Global nearest obstacle distance is 4.86 m.
- Sector minimum distances [far_left, left, center, right, far_right] are [4.86, 4.87, 4.88, 4.89, 4.89] m.
- Nearest obstacle sector is far_left at 4.86 m and clearance status is clear.
- Lateral planning hint: prefer center progress.","{""waypoints"":[{""x"":-0.3617080526315786,""y"":19.86842055263158},{""x"":-0.3353922631578944,""y"":20.342104763157895},{""x"":-0.30907647368421015,""y"":20.81578897368421},{""x"":-0.28276068421052597,""y"":21.28947318421053},{""x"":-0.2564448947368418,""y"":21.763157394736844}],""reasoning"":""Selected waypoint 0 moves the reference anchor from 8.68 m to 8.21 m from goal immediately and to 6.32 m by the final waypoint, so progress is 0.47 m selected / 2.36 m final and passes with monotonic goal-distance reduction. Kinematics is evaluated on 5 unique label waypoint(s), excluding consecutive duplicate terminal holds, and checks only that the trajectory stays within the configured bounds speed <= 15.00 m/s and acceleration <= 8.00 m/s^2, so kinematics passes. Goal is not reached within this label waypoint window. Safety passes: minimum clearance 1.96 m against manifest obstacles with 0 violating segment(s).""}",-0.3617080526315786,19.86842055263158,-2.5,-0.3353922631578944,20.342104763157895,-2.5,-0.30907647368421015,20.81578897368421,-2.5,-0.28276068421052597,21.28947318421053,-2.5,-0.2564448947368418,21.763157394736844,-2.5
1773845239.539827108,1773845239.539827108,0.000,offline_ground_truth_window,"Environment section (T(v)):
- Current position NED is (-0.35, 19.63, -2.50) m.
- Current velocity is (-0.01, 0.08, 0.01) m/s (speed 0.08 m/s).
- Goal position NED is (0.76, 28.00, -2.50) m.
- Output contract: predict exactly 5 waypoint x/y pairs in NED. The planner will set every waypoint z to goal z = -2.50 m before execution.
- Goal delta from current state is (1.10, 8.37, 0.00) m with distance 8.44 m.
- Obstacle pipeline: depth_camera_to_body_to_ned_current_frame.
- Current depth frame obstacle points projected into NED: 1. Nearest depth obstacle in NED is at (-4.79, 28.54, -1.85) m, relative vector (-4.44, 8.91, 0.66) m, distance 9.98 m.
- Depth validity fraction is 0.52. Global nearest obstacle distance is 4.97 m.
- Sector minimum distances [far_left, left, center, right, far_right] are [4.98, 4.98, 4.98, 4.97, 4.97] m.
- Nearest obstacle sector is far_right at 4.97 m and clearance status is clear.
- Lateral planning hint: prefer center progress.","{""waypoints"":[{""x"":-0.3353922631578944,""y"":20.342104763157895},{""x"":-0.30907647368421015,""y"":20.81578897368421},{""x"":-0.28276068421052597,""y"":21.28947318421053},{""x"":-0.2564448947368418,""y"":21.763157394736844},{""x"":-0.23012910526315755,""y"":22.23684160526316}],""reasoning"":""Selected waypoint 0 moves the reference anchor from 8.21 m to 7.74 m from goal immediately and to 5.85 m by the final waypoint, so progress is 0.47 m selected / 2.36 m final and passes with monotonic goal-distance reduction. Kinematics is evaluated on 5 unique label waypoint(s), excluding consecutive duplicate terminal holds, and checks only that the trajectory stays within the configured bounds speed <= 15.00 m/s and acceleration <= 8.00 m/s^2, so kinematics passes. Goal is not reached within this label waypoint window. Safety passes: minimum clearance 2.27 m against manifest obstacles with 0 violating segment(s).""}",-0.3353922631578944,20.342104763157895,-2.5,-0.30907647368421015,20.81578897368421,-2.5,-0.28276068421052597,21.28947318421053,-2.5,-0.2564448947368418,21.763157394736844,-2.5,-0.23012910526315755,22.23684160526316,-2.5
1773845245.212596178,1773845245.212596178,0.000,offline_ground_truth_window,"Environment section (T(v)):
- Current position NED is (-0.34, 20.11, -2.50) m.
- Current velocity is (0.01, 0.09, 0.00) m/s (speed 0.09 m/s).
- Goal position NED is (0.76, 28.00, -2.50) m.
- Output contract: predict exactly 5 waypoint x/y pairs in NED. The planner will set every waypoint z to goal z = -2.50 m before execution.
- Goal delta from current state is (1.10, 7.89, -0.00) m with distance 7.97 m.
- Obstacle pipeline: depth_camera_to_body_to_ned_current_frame.
- Current depth frame obstacle points projected into NED: 26. Nearest depth obstacle in NED is at (-4.77, 28.48, -2.01) m, relative vector (-4.42, 8.37, 0.48) m, distance 9.48 m.
- Depth validity fraction is 0.53. Global nearest obstacle distance is 4.88 m.
- Sector minimum distances [far_left, left, center, right, far_right] are [4.91, 4.90, 4.90, 4.89, 4.88] m.
- Nearest obstacle sector is far_right at 4.88 m and clearance status is clear.
- Lateral planning hint: prefer center progress.","{""waypoints"":[{""x"":-0.30907647368421015,""y"":20.81578897368421},{""x"":-0.28276068421052597,""y"":21.28947318421053},{""x"":-0.2564448947368418,""y"":21.763157394736844},{""x"":-0.23012910526315755,""y"":22.23684160526316},{""x"":-0.20381331578947331,""y"":22.710525815789477}],""reasoning"":""Selected waypoint 0 moves the reference anchor from 7.74 m to 7.26 m from goal immediately and to 5.38 m by the final waypoint, so progress is 0.47 m selected / 2.36 m final and passes with monotonic goal-distance reduction. Kinematics is evaluated on 5 unique label waypoint(s), excluding consecutive duplicate terminal holds, and checks only that the trajectory stays within the configured bounds speed <= 15.00 m/s and acceleration <= 8.00 m/s^2, so kinematics passes. Goal is not reached within this label waypoint window. Safety passes: minimum clearance 2.62 m against manifest obstacles with 0 violating segment(s).""}",-0.30907647368421015,20.81578897368421,-2.5,-0.28276068421052597,21.28947318421053,-2.5,-0.2564448947368418,21.763157394736844,-2.5,-0.23012910526315755,22.23684160526316,-2.5,-0.20381331578947331,22.710525815789477,-2.5
1773845249.319644928,1773845249.319644928,0.000,offline_ground_truth_window,"Environment section (T(v)):
- Current position NED is (-0.35, 20.58, -2.49) m.
- Current velocity is (0.02, 0.09, 0.00) m/s (speed 0.09 m/s).
- Goal position NED is (0.76, 28.00, -2.50) m.
- Output contract: predict exactly 5 waypoint x/y pairs in NED. The planner will set every waypoint z to goal z = -2.50 m before execution.
- Goal delta from current state is (1.11, 7.42, -0.01) m with distance 7.50 m.
- Obstacle pipeline: depth_camera_to_body_to_ned_current_frame.
- Current depth frame obstacle points projected into NED: 24. Nearest depth obstacle in NED is at (-1.49, 28.13, -2.55) m, relative vector (-1.14, 7.55, -0.07) m, distance 7.64 m.
- Depth validity fraction is 0.53. Global nearest obstacle distance is 4.93 m.
- Sector minimum distances [far_left, left, center, right, far_right] are [4.93, 4.93, 4.93, 4.93, 4.93] m.
- Nearest obstacle sector is far_left at 4.93 m and clearance status is clear.
- Lateral planning hint: prefer center progress.","{""waypoints"":[{""x"":-0.28276068421052597,""y"":21.28947318421053},{""x"":-0.2564448947368418,""y"":21.763157394736844},{""x"":-0.23012910526315755,""y"":22.23684160526316},{""x"":-0.20381331578947331,""y"":22.710525815789477},{""x"":-0.17749752631578913,""y"":23.184210026315792}],""reasoning"":""Selected waypoint 0 moves the reference anchor from 7.26 m to 6.79 m from goal immediately and to 4.91 m by the final waypoint, so progress is 0.47 m selected / 2.36 m final and passes with monotonic goal-distance reduction. Kinematics is evaluated on 5 unique label waypoint(s), excluding consecutive duplicate terminal holds, and checks only that the trajectory stays within the configured bounds speed <= 15.00 m/s and acceleration <= 8.00 m/s^2, so kinematics passes. Goal is not reached within this label waypoint window. Safety passes: minimum clearance 3.01 m against manifest obstacles with 0 violating segment(s).""}",-0.28276068421052597,21.28947318421053,-2.5,-0.2564448947368418,21.763157394736844,-2.5,-0.23012910526315755,22.23684160526316,-2.5,-0.20381331578947331,22.710525815789477,-2.5,-0.17749752631578913,23.184210026315792,-2.5
1773845253.880794048,1773845253.880794048,0.000,offline_ground_truth_window,"Environment section (T(v)):
- Current position NED is (-0.29, 21.05, -2.52) m.
- Current velocity is (0.01, 0.09, 0.01) m/s (speed 0.09 m/s).
- Goal position NED is (0.76, 28.00, -2.50) m.
- Output contract: predict exactly 5 waypoint x/y pairs in NED. The planner will set every waypoint z to goal z = -2.50 m before execution.
- Goal delta from current state is (1.04, 6.95, 0.02) m with distance 7.02 m.
- Obstacle pipeline: depth_camera_to_body_to_ned_current_frame.
- Current depth frame obstacle points projected into NED: 38. Nearest depth obstacle in NED is at (-1.48, 28.60, -2.27) m, relative vector (-1.19, 7.55, 0.25) m, distance 7.64 m.
- Depth validity fraction is 0.53. Global nearest obstacle distance is 4.96 m.
- Sector minimum distances [far_left, left, center, right, far_right] are [4.97, 4.97, 4.97, 4.97, 4.96] m.
- Nearest obstacle sector is far_right at 4.96 m and clearance status is clear.
- Lateral planning hint: prefer center progress.","{""waypoints"":[{""x"":-0.2564448947368418,""y"":21.763157394736844},{""x"":-0.23012910526315755,""y"":22.23684160526316},{""x"":-0.20381331578947331,""y"":22.710525815789477},{""x"":-0.17749752631578913,""y"":23.184210026315792},{""x"":-0.1511817368421049,""y"":23.657894236842107}],""reasoning"":""Selected waypoint 0 moves the reference anchor from 6.79 m to 6.32 m from goal immediately and to 4.44 m by the final waypoint, so progress is 0.47 m selected / 2.35 m final and passes with monotonic goal-distance reduction. Kinematics is evaluated on 5 unique label waypoint(s), excluding consecutive duplicate terminal holds, and checks only that the trajectory stays within the configured bounds speed <= 15.00 m/s and acceleration <= 8.00 m/s^2, so kinematics passes. Goal is not reached within this label waypoint window. Safety passes: minimum clearance 3.37 m against manifest obstacles with 0 violating segment(s).""}",-0.2564448947368418,21.763157394736844,-2.5,-0.23012910526315755,22.23684160526316,-2.5,-0.20381331578947331,22.710525815789477,-2.5,-0.17749752631578913,23.184210026315792,-2.5,-0.1511817368421049,23.657894236842107,-2.5
1773845258.869967461,1773845258.869967461,0.000,offline_ground_truth_window,"Environment section (T(v)):
- Current position NED is (-0.29, 21.53, -2.50) m.
- Current velocity is (0.01, 0.09, 0.01) m/s (speed 0.09 m/s).
- Goal position NED is (0.76, 28.00, -2.50) m.
- Output contract: predict exactly 5 waypoint x/y pairs in NED. The planner will set every waypoint z to goal z = -2.50 m before execution.
- Goal delta from current state is (1.05, 6.47, -0.00) m with distance 6.55 m.
- Obstacle pipeline: depth_camera_to_body_to_ned_current_frame.
- Current depth frame obstacle points projected into NED: 41. Nearest depth obstacle in NED is at (-1.60, 28.36, -2.60) m, relative vector (-1.31, 6.83, -0.10) m, distance 6.96 m.
- Depth validity fraction is 0.54. Global nearest obstacle distance is 4.93 m.
- Sector minimum distances [far_left, left, center, right, far_right] are [4.93, 4.93, 4.93, 4.93, 4.93] m.
- Nearest obstacle sector is far_left at 4.93 m and clearance status is clear.
- Lateral planning hint: prefer center progress.","{""waypoints"":[{""x"":-0.23012910526315755,""y"":22.23684160526316},{""x"":-0.20381331578947331,""y"":22.710525815789477},{""x"":-0.17749752631578913,""y"":23.184210026315792},{""x"":-0.1511817368421049,""y"":23.657894236842107},{""x"":-0.1248659473684207,""y"":24.131578447368423}],""reasoning"":""Selected waypoint 0 moves the reference anchor from 6.32 m to 5.85 m from goal immediately and to 3.97 m by the final waypoint, so progress is 0.47 m selected / 2.35 m final and passes with monotonic goal-distance reduction. Kinematics is evaluated on 5 unique label waypoint(s), excluding consecutive duplicate terminal holds, and checks only that the trajectory stays within the configured bounds speed <= 15.00 m/s and acceleration <= 8.00 m/s^2, so kinematics passes. Goal is not reached within this label waypoint window. Safety passes: minimum clearance 3.52 m against manifest obstacles with 0 violating segment(s).""}",-0.23012910526315755,22.23684160526316,-2.5,-0.20381331578947331,22.710525815789477,-2.5,-0.17749752631578913,23.184210026315792,-2.5,-0.1511817368421049,23.657894236842107,-2.5,-0.1248659473684207,24.131578447368423,-2.5
1773845264.534521341,1773845264.534521341,0.000,offline_ground_truth_window,"Environment section (T(v)):
- Current position NED is (-0.25, 22.00, -2.50) m.
- Current velocity is (0.02, 0.09, 0.01) m/s (speed 0.09 m/s).
- Goal position NED is (0.76, 28.00, -2.50) m.
- Output contract: predict exactly 5 waypoint x/y pairs in NED. The planner will set every waypoint z to goal z = -2.50 m before execution.
- Goal delta from current state is (1.01, 6.00, -0.00) m with distance 6.08 m.
- Obstacle pipeline: depth_camera_to_body_to_ned_current_frame.
- Current depth frame obstacle points projected into NED: 39. Nearest depth obstacle in NED is at (-1.44, 28.77, -1.89) m, relative vector (-1.19, 6.77, 0.60) m, distance 6.90 m.
- Depth validity fraction is 0.55. Global nearest obstacle distance is 4.90 m.
- Sector minimum distances [far_left, left, center, right, far_right] are [4.91, 4.91, 4.91, 4.90, 4.90] m.
- Nearest obstacle sector is far_right at 4.90 m and clearance status is clear.
- Lateral planning hint: prefer center progress.","{""waypoints"":[{""x"":-0.20381331578947331,""y"":22.710525815789477},{""x"":-0.17749752631578913,""y"":23.184210026315792},{""x"":-0.1511817368421049,""y"":23.657894236842107},{""x"":-0.1248659473684207,""y"":24.131578447368423},{""x"":-0.09855015789473646,""y"":24.605262657894738}],""reasoning"":""Selected waypoint 0 moves the reference anchor from 5.85 m to 5.38 m from goal immediately and to 3.50 m by the final waypoint, so progress is 0.47 m selected / 2.35 m final and passes with monotonic goal-distance reduction. Kinematics is evaluated on 5 unique label waypoint(s), excluding consecutive duplicate terminal holds, and checks only that the trajectory stays within the configured bounds speed <= 15.00 m/s and acceleration <= 8.00 m/s^2, so kinematics passes. Goal is not reached within this label waypoint window. Safety passes: minimum clearance 3.73 m against manifest obstacles with 0 violating segment(s).""}",-0.20381331578947331,22.710525815789477,-2.5,-0.17749752631578913,23.184210026315792,-2.5,-0.1511817368421049,23.657894236842107,-2.5,-0.1248659473684207,24.131578447368423,-2.5,-0.09855015789473646,24.605262657894738,-2.5
1773845269.889868975,1773845269.889868975,0.000,offline_ground_truth_window,"Environment section (T(v)):
- Current position NED is (-0.23, 22.48, -2.50) m.
- Current velocity is (0.00, 0.08, 0.01) m/s (speed 0.08 m/s).
- Goal position NED is (0.76, 28.00, -2.50) m.
- Output contract: predict exactly 5 waypoint x/y pairs in NED. The planner will set every waypoint z to goal z = -2.50 m before execution.
- Goal delta from current state is (0.99, 5.52, 0.00) m with distance 5.61 m.
- Obstacle pipeline: depth_camera_to_body_to_ned_current_frame.
- Current depth frame obstacle points projected into NED: 44. Nearest depth obstacle in NED is at (-0.75, 28.44, -2.60) m, relative vector (-0.51, 5.96, -0.10) m, distance 5.98 m.
- Depth validity fraction is 0.55. Global nearest obstacle distance is 4.95 m.
- Sector minimum distances [far_left, left, center, right, far_right] are [4.95, 4.95, 4.96, 4.96, 4.96] m.
- Nearest obstacle sector is far_left at 4.95 m and clearance status is clear.
- Lateral planning hint: prefer center progress.","{""waypoints"":[{""x"":-0.17749752631578913,""y"":23.184210026315792},{""x"":-0.1511817368421049,""y"":23.657894236842107},{""x"":-0.1248659473684207,""y"":24.131578447368423},{""x"":-0.09855015789473646,""y"":24.605262657894738},{""x"":-0.07223436842105228,""y"":25.078946868421053}],""reasoning"":""Selected waypoint 0 moves the reference anchor from 5.38 m to 4.91 m from goal immediately and to 3.04 m by the final waypoint, so progress is 0.47 m selected / 2.34 m final and passes with monotonic goal-distance reduction. Kinematics is evaluated on 5 unique label waypoint(s), excluding consecutive duplicate terminal holds, and checks only that the trajectory stays within the configured bounds speed <= 15.00 m/s and acceleration <= 8.00 m/s^2, so kinematics passes. Goal is not reached within this label waypoint window. Safety passes: minimum clearance 3.97 m against manifest obstacles with 0 violating segment(s).""}",-0.17749752631578913,23.184210026315792,-2.5,-0.1511817368421049,23.657894236842107,-2.5,-0.1248659473684207,24.131578447368423,-2.5,-0.09855015789473646,24.605262657894738,-2.5,-0.07223436842105228,25.078946868421053,-2.5
1773845275.420927048,1773845275.420927048,0.000,offline_ground_truth_window,"Environment section (T(v)):
- Current position NED is (-0.20, 22.95, -2.50) m.
- Current velocity is (0.00, 0.10, 0.00) m/s (speed 0.10 m/s).
- Goal position NED is (0.76, 28.00, -2.50) m.
- Output contract: predict exactly 5 waypoint x/y pairs in NED. The planner will set every waypoint z to goal z = -2.50 m before execution.
- Goal delta from current state is (0.96, 5.05, 0.00) m with distance 5.14 m.
- Obstacle pipeline: depth_camera_to_body_to_ned_current_frame.
- Current depth frame obstacle points projected into NED: 36. Nearest depth obstacle in NED is at (-1.15, 28.66, -2.22) m, relative vector (-0.95, 5.71, 0.28) m, distance 5.79 m.
- Depth validity fraction is 0.56. Global nearest obstacle distance is 4.95 m.
- Sector minimum distances [far_left, left, center, right, far_right] are [4.95, 4.95, 4.95, 4.95, 4.95] m.
- Nearest obstacle sector is far_left at 4.95 m and clearance status is clear.
- Lateral planning hint: prefer center progress.","{""waypoints"":[{""x"":-0.1511817368421049,""y"":23.657894236842107},{""x"":-0.1248659473684207,""y"":24.131578447368423},{""x"":-0.09855015789473646,""y"":24.605262657894738},{""x"":-0.07223436842105228,""y"":25.078946868421053},{""x"":-0.04591857894736805,""y"":25.552631078947368}],""reasoning"":""Selected waypoint 0 moves the reference anchor from 4.91 m to 4.44 m from goal immediately and to 2.58 m by the final waypoint, so progress is 0.47 m selected / 2.33 m final and passes with monotonic goal-distance reduction. Kinematics is evaluated on 5 unique label waypoint(s), excluding consecutive duplicate terminal holds, and checks only that the trajectory stays within the configured bounds speed <= 15.00 m/s and acceleration <= 8.00 m/s^2, so kinematics passes. Goal is not reached within this label waypoint window. Safety passes: minimum clearance 4.26 m against manifest obstacles with 0 violating segment(s).""}",-0.1511817368421049,23.657894236842107,-2.5,-0.1248659473684207,24.131578447368423,-2.5,-0.09855015789473646,24.605262657894738,-2.5,-0.07223436842105228,25.078946868421053,-2.5,-0.04591857894736805,25.552631078947368,-2.5
1773845281.753443003,1773845281.753443003,0.000,offline_ground_truth_window,"Environment section (T(v)):
- Current position NED is (-0.14, 23.42, -2.49) m.
- Current velocity is (0.00, 0.09, 0.00) m/s (speed 0.09 m/s).
- Goal position NED is (0.76, 28.00, -2.50) m.
- Output contract: predict exactly 5 waypoint x/y pairs in NED. The planner will set every waypoint z to goal z = -2.50 m before execution.
- Goal delta from current state is (0.90, 4.58, -0.01) m with distance 4.66 m.
- Obstacle pipeline: depth_camera_to_body_to_ned_current_frame.
- Current depth frame obstacle points projected into NED: 69. Nearest depth obstacle in NED is at (-1.68, 28.35, -2.56) m, relative vector (-1.54, 4.93, -0.06) m, distance 5.16 m.
- Depth validity fraction is 0.57. Global nearest obstacle distance is 4.61 m.
- Sector minimum distances [far_left, left, center, right, far_right] are [4.87, 4.61, 4.61, 4.86, 4.86] m.
- Nearest obstacle sector is left at 4.61 m and clearance status is clear.
- Lateral planning hint: prefer center progress.","{""waypoints"":[{""x"":-0.1248659473684207,""y"":24.131578447368423},{""x"":-0.09855015789473646,""y"":24.605262657894738},{""x"":-0.07223436842105228,""y"":25.078946868421053},{""x"":-0.04591857894736805,""y"":25.552631078947368},{""x"":-0.019602789473683865,""y"":26.026315289473683}],""reasoning"":""Selected waypoint 0 moves the reference anchor from 4.44 m to 3.97 m from goal immediately and to 2.12 m by the final waypoint, so progress is 0.47 m selected / 2.32 m final and passes with monotonic goal-distance reduction. Kinematics is evaluated on 5 unique label waypoint(s), excluding consecutive duplicate terminal holds, and checks only that the trajectory stays within the configured bounds speed <= 15.00 m/s and acceleration <= 8.00 m/s^2, so kinematics passes. Goal is not reached within this label waypoint window. Safety passes: minimum clearance 4.17 m against manifest obstacles with 0 violating segment(s).""}",-0.1248659473684207,24.131578447368423,-2.5,-0.09855015789473646,24.605262657894738,-2.5,-0.07223436842105228,25.078946868421053,-2.5,-0.04591857894736805,25.552631078947368,-2.5,-0.019602789473683865,26.026315289473683,-2.5
1773845286.556980133,1773845286.556980133,0.000,offline_ground_truth_window,"Environment section (T(v)):
- Current position NED is (-0.14, 23.90, -2.49) m.
- Current velocity is (0.01, 0.10, 0.01) m/s (speed 0.10 m/s).
- Goal position NED is (0.76, 28.00, -2.50) m.
- Output contract: predict exactly 5 waypoint x/y pairs in NED. The planner will set every waypoint z to goal z = -2.50 m before execution.
- Goal delta from current state is (0.90, 4.10, -0.01) m with distance 4.20 m.
- Obstacle pipeline: depth_camera_to_body_to_ned_current_frame.
- Current depth frame obstacle points projected into NED: 67. Nearest depth obstacle in NED is at (-1.43, 28.16, -2.59) m, relative vector (-1.29, 4.26, -0.09) m, distance 4.45 m.
- Depth validity fraction is 0.56. Global nearest obstacle distance is 4.12 m.
- Sector minimum distances [far_left, left, center, right, far_right] are [4.85, 4.12, 4.13, 4.91, 4.91] m.
- Nearest obstacle sector is left at 4.12 m and clearance status is clear.
- Lateral planning hint: right side is clearer.","{""waypoints"":[{""x"":-0.09855015789473646,""y"":24.605262657894738},{""x"":-0.07223436842105228,""y"":25.078946868421053},{""x"":-0.04591857894736805,""y"":25.552631078947368},{""x"":-0.019602789473683865,""y"":26.026315289473683},{""x"":0.0067130000000003714,""y"":26.4999995}],""reasoning"":""Selected waypoint 0 moves the reference anchor from 3.97 m to 3.50 m from goal immediately and to 1.68 m by the final waypoint, so progress is 0.47 m selected / 2.29 m final and passes with monotonic goal-distance reduction. Kinematics is evaluated on 5 unique label waypoint(s), excluding consecutive duplicate terminal holds, and checks only that the trajectory stays within the configured bounds speed <= 15.00 m/s and acceleration <= 8.00 m/s^2, so kinematics passes. Goal is not reached within this label waypoint window. Safety passes: minimum clearance 3.93 m against manifest obstacles with 0 violating segment(s).""}",-0.09855015789473646,24.605262657894738,-2.5,-0.07223436842105228,25.078946868421053,-2.5,-0.04591857894736805,25.552631078947368,-2.5,-0.019602789473683865,26.026315289473683,-2.5,0.0067130000000003714,26.4999995,-2.5
1773845291.632130861,1773845291.632130861,0.000,offline_ground_truth_window,"Environment section (T(v)):
- Current position NED is (-0.13, 24.37, -2.49) m.
- Current velocity is (0.02, 0.10, 0.00) m/s (speed 0.10 m/s).
- Goal position NED is (0.76, 28.00, -2.50) m.
- Output contract: predict exactly 5 waypoint x/y pairs in NED. The planner will set every waypoint z to goal z = -2.50 m before execution.
- Goal delta from current state is (0.89, 3.63, -0.01) m with distance 3.73 m.
- Obstacle pipeline: depth_camera_to_body_to_ned_current_frame.
- Current depth frame obstacle points projected into NED: 72. Nearest depth obstacle in NED is at (-1.09, 28.56, -2.12) m, relative vector (-0.96, 4.19, 0.37) m, distance 4.32 m.
- Depth validity fraction is 0.56. Global nearest obstacle distance is 3.63 m.
- Sector minimum distances [far_left, left, center, right, far_right] are [4.88, 3.63, 3.65, 4.88, 4.88] m.
- Nearest obstacle sector is left at 3.63 m and clearance status is clear.
- Lateral planning hint: right side is clearer.","{""waypoints"":[{""x"":-0.07223436842105228,""y"":25.078946868421053},{""x"":-0.04591857894736805,""y"":25.552631078947368},{""x"":-0.019602789473683865,""y"":26.026315289473683},{""x"":0.0067130000000003714,""y"":26.4999995},{""x"":0.19421300000000036,""y"":26.8749995}],""reasoning"":""Selected waypoint 0 moves the reference anchor from 3.50 m to 3.04 m from goal immediately and to 1.26 m by the final waypoint, so progress is 0.46 m selected / 2.24 m final and passes with monotonic goal-distance reduction. Kinematics is evaluated on 5 unique label waypoint(s), excluding consecutive duplicate terminal holds, and checks only that the trajectory stays within the configured bounds speed <= 15.00 m/s and acceleration <= 8.00 m/s^2, so kinematics passes. Goal is not reached within this label waypoint window. Safety passes: minimum clearance 3.61 m against manifest obstacles with 0 violating segment(s).""}",-0.07223436842105228,25.078946868421053,-2.5,-0.04591857894736805,25.552631078947368,-2.5,-0.019602789473683865,26.026315289473683,-2.5,0.0067130000000003714,26.4999995,-2.5,0.19421300000000036,26.8749995,-2.5
1773845295.757868052,1773845295.757868052,0.000,offline_ground_truth_window,"Environment section (T(v)):
- Current position NED is (-0.08, 24.84, -2.48) m.
- Current velocity is (0.01, 0.09, 0.00) m/s (speed 0.09 m/s).
- Goal position NED is (0.76, 28.00, -2.50) m.
- Output contract: predict exactly 5 waypoint x/y pairs in NED. The planner will set every waypoint z to goal z = -2.50 m before execution.
- Goal delta from current state is (0.84, 3.16, -0.02) m with distance 3.27 m.
- Obstacle pipeline: depth_camera_to_body_to_ned_current_frame.
- Current depth frame obstacle points projected into NED: 81. Nearest depth obstacle in NED is at (-0.75, 28.14, -2.58) m, relative vector (-0.66, 3.30, -0.10) m, distance 3.37 m.
- Depth validity fraction is 0.57. Global nearest obstacle distance is 3.17 m.
- Sector minimum distances [far_left, left, center, right, far_right] are [4.96, 3.17, 3.20, 4.94, 4.94] m.
- Nearest obstacle sector is left at 3.17 m and clearance status is clear.
- Lateral planning hint: right side is clearer.","{""waypoints"":[{""x"":-0.04591857894736805,""y"":25.552631078947368},{""x"":-0.019602789473683865,""y"":26.026315289473683},{""x"":0.0067130000000003714,""y"":26.4999995},{""x"":0.19421300000000036,""y"":26.8749995},{""x"":0.38171300000000036,""y"":27.2499995}],""reasoning"":""Selected waypoint 0 moves the reference anchor from 3.04 m to 2.58 m from goal immediately and to 0.84 m by the final waypoint, so progress is 0.46 m selected / 2.20 m final and passes with monotonic goal-distance reduction. Kinematics is evaluated on 5 unique label waypoint(s), excluding consecutive duplicate terminal holds, and checks only that the trajectory stays within the configured bounds speed <= 15.00 m/s and acceleration <= 8.00 m/s^2, so kinematics passes. Goal is not reached within this label waypoint window. Safety passes: minimum clearance 3.32 m against manifest obstacles with 0 violating segment(s).""}",-0.04591857894736805,25.552631078947368,-2.5,-0.019602789473683865,26.026315289473683,-2.5,0.0067130000000003714,26.4999995,-2.5,0.19421300000000036,26.8749995,-2.5,0.38171300000000036,27.2499995,-2.5
1773845300.916201115,1773845300.916201115,0.000,offline_ground_truth_window,"Environment section (T(v)):
- Current position NED is (-0.06, 25.32, -2.50) m.
- Current velocity is (0.01, 0.11, 0.01) m/s (speed 0.11 m/s).
- Goal position NED is (0.76, 28.00, -2.50) m.
- Output contract: predict exactly 5 waypoint x/y pairs in NED. The planner will set every waypoint z to goal z = -2.50 m before execution.
- Goal delta from current state is (0.81, 2.68, 0.00) m with distance 2.80 m.
- Obstacle pipeline: depth_camera_to_body_to_ned_current_frame.
- Current depth frame obstacle points projected into NED: 102. Nearest depth obstacle in NED is at (-0.40, 28.30, -2.62) m, relative vector (-0.35, 2.97, -0.11) m, distance 3.00 m.
- Depth validity fraction is 0.59. Global nearest obstacle distance is 2.68 m.
- Sector minimum distances [far_left, left, center, right, far_right] are [5.00, 2.68, 2.72, 4.99, 4.98] m.
- Nearest obstacle sector is left at 2.68 m and clearance status is caution.
- Lateral planning hint: right side is clearer.","{""waypoints"":[{""x"":-0.019602789473683865,""y"":26.026315289473683},{""x"":0.0067130000000003714,""y"":26.4999995},{""x"":0.19421300000000036,""y"":26.8749995},{""x"":0.38171300000000036,""y"":27.2499995},{""x"":0.5692130000000004,""y"":27.6249995}],""reasoning"":""Selected waypoint 0 moves the reference anchor from 2.58 m to 2.12 m from goal immediately and to 0.42 m by the final waypoint, so progress is 0.45 m selected / 2.16 m final and passes with monotonic goal-distance reduction. Kinematics is evaluated on 5 unique label waypoint(s), excluding consecutive duplicate terminal holds, and checks only that the trajectory stays within the configured bounds speed <= 15.00 m/s and acceleration <= 8.00 m/s^2, so kinematics passes. Goal is not reached within this label waypoint window. Safety passes: minimum clearance 3.05 m against manifest obstacles with 0 violating segment(s).""}",-0.019602789473683865,26.026315289473683,-2.5,0.0067130000000003714,26.4999995,-2.5,0.19421300000000036,26.8749995,-2.5,0.38171300000000036,27.2499995,-2.5,0.5692130000000004,27.6249995,-2.5
1773845306.080331564,1773845306.080331564,0.000,offline_ground_truth_window,"Environment section (T(v)):
- Current position NED is (-0.03, 25.79, -2.51) m.
- Current velocity is (0.01, 0.10, 0.01) m/s (speed 0.10 m/s).
- Goal position NED is (0.76, 28.00, -2.50) m.
- Output contract: predict exactly 5 waypoint x/y pairs in NED. The planner will set every waypoint z to goal z = -2.50 m before execution.
- Goal delta from current state is (0.78, 2.21, 0.01) m with distance 2.35 m.
- Obstacle pipeline: depth_camera_to_body_to_ned_current_frame.
- Current depth frame obstacle points projected into NED: 135. Nearest depth obstacle in NED is at (-0.61, 28.13, -2.64) m, relative vector (-0.58, 2.34, -0.13) m, distance 2.42 m.
- Depth validity fraction is 0.61. Global nearest obstacle distance is 2.22 m.
- Sector minimum distances [far_left, left, center, right, far_right] are [2.42, 2.22, 2.27, 4.99, 4.98] m.
- Nearest obstacle sector is left at 2.22 m and clearance status is caution.
- Lateral planning hint: right side is clearer.","{""waypoints"":[{""x"":0.0067130000000003714,""y"":26.4999995},{""x"":0.19421300000000036,""y"":26.8749995},{""x"":0.38171300000000036,""y"":27.2499995},{""x"":0.5692130000000004,""y"":27.6249995},{""x"":0.7567130000000004,""y"":27.9999995}],""reasoning"":""Selected waypoint 0 moves the reference anchor from 2.12 m to 1.68 m from goal immediately and to 0.00 m by the final waypoint, so progress is 0.44 m selected / 2.12 m final and passes with monotonic goal-distance reduction. Kinematics is evaluated on 5 unique label waypoint(s), excluding consecutive duplicate terminal holds, and checks only that the trajectory stays within the configured bounds speed <= 15.00 m/s and acceleration <= 8.00 m/s^2, so kinematics passes. Goal will be reached in 5 waypoint(s) within 0.35 m tolerance. Safety passes: minimum clearance 2.81 m against manifest obstacles with 0 violating segment(s).""}",0.0067130000000003714,26.4999995,-2.5,0.19421300000000036,26.8749995,-2.5,0.38171300000000036,27.2499995,-2.5,0.5692130000000004,27.6249995,-2.5,0.7567130000000004,27.9999995,-2.5
1773845311.813493729,1773845311.813493729,0.000,offline_ground_truth_window,"Environment section (T(v)):
- Current position NED is (0.00, 26.26, -2.50) m.
- Current velocity is (-0.00, 0.09, 0.00) m/s (speed 0.09 m/s).
- Goal position NED is (0.76, 28.00, -2.50) m.
- Output contract: predict exactly 5 waypoint x/y pairs in NED. The planner will set every waypoint z to goal z = -2.50 m before execution.
- Goal delta from current state is (0.75, 1.74, -0.00) m with distance 1.89 m.
- Obstacle pipeline: depth_camera_to_body_to_ned_current_frame.
- Current depth frame obstacle points projected into NED: 128. Nearest depth obstacle in NED is at (-0.56, 28.10, -2.58) m, relative vector (-0.56, 1.84, -0.08) m, distance 1.92 m.
- Depth validity fraction is 0.66. Global nearest obstacle distance is 1.72 m.
- Sector minimum distances [far_left, left, center, right, far_right] are [1.74, 1.72, 1.80, 4.89, 4.89] m.
- Nearest obstacle sector is left at 1.72 m and clearance status is caution.
- Lateral planning hint: right side is clearer.","{""waypoints"":[{""x"":0.7567130000000004,""y"":27.9999995},{""x"":0.7567130000000004,""y"":27.9999995},{""x"":0.7567130000000004,""y"":27.9999995},{""x"":0.7567130000000004,""y"":27.9999995},{""x"":0.7567130000000004,""y"":27.9999995}],""reasoning"":""Selected waypoint 0 moves the reference anchor from 1.68 m to 0.00 m from goal immediately and to 0.00 m by the final waypoint, so progress is 1.68 m selected / 1.68 m final and passes with monotonic goal-distance reduction. Kinematics is evaluated on 1 unique label waypoint(s), excluding consecutive duplicate terminal holds, and checks only that the trajectory stays within the configured bounds speed <= 15.00 m/s and acceleration <= 8.00 m/s^2, so kinematics passes. Goal will be reached in 1 waypoint(s) within 0.35 m tolerance. Safety passes: minimum clearance 2.81 m against manifest obstacles with 0 violating segment(s).""}",0.7567130000000004,27.9999995,-2.5,0.7567130000000004,27.9999995,-2.5,0.7567130000000004,27.9999995,-2.5,0.7567130000000004,27.9999995,-2.5,0.7567130000000004,27.9999995,-2.5
1773845317.947329760,1773845317.947329760,0.000,offline_ground_truth_window,"Environment section (T(v)):
- Current position NED is (0.12, 26.68, -2.49) m.
- Current velocity is (0.02, 0.06, 0.00) m/s (speed 0.07 m/s).
- Goal position NED is (0.76, 28.00, -2.50) m.
- Output contract: predict exactly 5 waypoint x/y pairs in NED. The planner will set every waypoint z to goal z = -2.50 m before execution.
- Goal delta from current state is (0.63, 1.32, -0.01) m with distance 1.47 m.
- Obstacle pipeline: depth_camera_to_body_to_ned_current_frame.
- Current depth frame obstacle points projected into NED: 165. Nearest depth obstacle in NED is at (-0.31, 28.09, -2.57) m, relative vector (-0.44, 1.41, -0.08) m, distance 1.48 m.
- Depth validity fraction is 0.70. Global nearest obstacle distance is 1.29 m.
- Sector minimum distances [far_left, left, center, right, far_right] are [1.30, 1.29, 1.35, 4.87, 4.84] m.
- Nearest obstacle sector is left at 1.29 m and clearance status is blocked.
- Lateral planning hint: right side is clearer.","{""waypoints"":[{""x"":0.7567130000000004,""y"":27.9999995},{""x"":0.7567130000000004,""y"":27.9999995},{""x"":0.7567130000000004,""y"":27.9999995},{""x"":0.7567130000000004,""y"":27.9999995},{""x"":0.7567130000000004,""y"":27.9999995}],""reasoning"":""Selected waypoint 0 moves the reference anchor from 1.26 m to 0.00 m from goal immediately and to 0.00 m by the final waypoint, so progress is 1.26 m selected / 1.26 m final and passes with monotonic goal-distance reduction. Kinematics is evaluated on 1 unique label waypoint(s), excluding consecutive duplicate terminal holds, and checks only that the trajectory stays within the configured bounds speed <= 15.00 m/s and acceleration <= 8.00 m/s^2, so kinematics passes. Goal will be reached in 1 waypoint(s) within 0.35 m tolerance. Safety passes: minimum clearance 2.81 m against manifest obstacles with 0 violating segment(s).""}",0.7567130000000004,27.9999995,-2.5,0.7567130000000004,27.9999995,-2.5,0.7567130000000004,27.9999995,-2.5,0.7567130000000004,27.9999995,-2.5,0.7567130000000004,27.9999995,-2.5
1773845322.796537399,1773845322.796537399,0.000,offline_ground_truth_window,"Environment section (T(v)):
- Current position NED is (0.31, 27.05, -2.50) m.
- Current velocity is (0.03, 0.06, 0.01) m/s (speed 0.06 m/s).
- Goal position NED is (0.76, 28.00, -2.50) m.
- Output contract: predict exactly 5 waypoint x/y pairs in NED. The planner will set every waypoint z to goal z = -2.50 m before execution.
- Goal delta from current state is (0.45, 0.95, -0.00) m with distance 1.05 m.
- Obstacle pipeline: depth_camera_to_body_to_ned_current_frame.
- Current depth frame obstacle points projected into NED: 226. Nearest depth obstacle in NED is at (0.03, 28.11, -2.59) m, relative vector (-0.28, 1.06, -0.09) m, distance 1.10 m.
- Depth validity fraction is 0.74. Global nearest obstacle distance is 0.93 m.
- Sector minimum distances [far_left, left, center, right, far_right] are [0.95, 0.93, 0.96, 1.13, 4.46] m.
- Nearest obstacle sector is left at 0.93 m and clearance status is blocked.
- Lateral planning hint: right side is clearer.","{""waypoints"":[{""x"":0.7567130000000004,""y"":27.9999995},{""x"":0.7567130000000004,""y"":27.9999995},{""x"":0.7567130000000004,""y"":27.9999995},{""x"":0.7567130000000004,""y"":27.9999995},{""x"":0.7567130000000004,""y"":27.9999995}],""reasoning"":""Selected waypoint 0 moves the reference anchor from 0.84 m to 0.00 m from goal immediately and to 0.00 m by the final waypoint, so progress is 0.84 m selected / 0.84 m final and passes with monotonic goal-distance reduction. Kinematics is evaluated on 1 unique label waypoint(s), excluding consecutive duplicate terminal holds, and checks only that the trajectory stays within the configured bounds speed <= 15.00 m/s and acceleration <= 8.00 m/s^2, so kinematics passes. Goal will be reached in 1 waypoint(s) within 0.35 m tolerance. Safety passes: minimum clearance 2.81 m against manifest obstacles with 0 violating segment(s).""}",0.7567130000000004,27.9999995,-2.5,0.7567130000000004,27.9999995,-2.5,0.7567130000000004,27.9999995,-2.5,0.7567130000000004,27.9999995,-2.5,0.7567130000000004,27.9999995,-2.5
1773845327.554475307,1773845327.554475307,0.000,offline_ground_truth_window,"Environment section (T(v)):
- Current position NED is (0.48, 27.43, -2.49) m.
- Current velocity is (0.04, 0.08, -0.00) m/s (speed 0.09 m/s).
- Goal position NED is (0.76, 28.00, -2.50) m.
- Output contract: predict exactly 5 waypoint x/y pairs in NED. The planner will set every waypoint z to goal z = -2.50 m before execution.
- Goal delta from current state is (0.27, 0.57, -0.01) m with distance 0.63 m.
- Obstacle pipeline: depth_camera_to_body_to_ned_current_frame.
- Current depth frame obstacle points projected into NED: 304. Nearest depth obstacle in NED is at (0.39, 28.17, -2.55) m, relative vector (-0.10, 0.73, -0.06) m, distance 0.74 m.
- Depth validity fraction is 0.78. Global nearest obstacle distance is 0.59 m.
- Sector minimum distances [far_left, left, center, right, far_right] are [0.59, 0.59, 0.59, 0.61, 0.78] m.
- Nearest obstacle sector is center at 0.59 m and clearance status is blocked.
- Lateral planning hint: prefer center progress.","{""waypoints"":[{""x"":0.7567130000000004,""y"":27.9999995},{""x"":0.7567130000000004,""y"":27.9999995},{""x"":0.7567130000000004,""y"":27.9999995},{""x"":0.7567130000000004,""y"":27.9999995},{""x"":0.7567130000000004,""y"":27.9999995}],""reasoning"":""Selected waypoint 0 moves the reference anchor from 0.42 m to 0.00 m from goal immediately and to 0.00 m by the final waypoint, so progress is 0.42 m selected / 0.42 m final and passes with monotonic goal-distance reduction. Kinematics is evaluated on 1 unique label waypoint(s), excluding consecutive duplicate terminal holds, and checks only that the trajectory stays within the configured bounds speed <= 15.00 m/s and acceleration <= 8.00 m/s^2, so kinematics passes. Goal will be reached in 1 waypoint(s) within 0.35 m tolerance. Safety passes: minimum clearance 2.81 m against manifest obstacles with 0 violating segment(s).""}",0.7567130000000004,27.9999995,-2.5,0.7567130000000004,27.9999995,-2.5,0.7567130000000004,27.9999995,-2.5,0.7567130000000004,27.9999995,-2.5,0.7567130000000004,27.9999995,-2.5
1773845332.772753239,1773845332.772753239,0.000,offline_ground_truth_window,"Environment section (T(v)):
- Current position NED is (0.68, 27.80, -2.50) m.
- Current velocity is (0.03, 0.08, 0.01) m/s (speed 0.08 m/s).
- Goal position NED is (0.76, 28.00, -2.50) m.
- Output contract: predict exactly 5 waypoint x/y pairs in NED. The planner will set every waypoint z to goal z = -2.50 m before execution.
- Goal delta from current state is (0.08, 0.20, -0.00) m with distance 0.21 m.
- Obstacle pipeline: depth_camera_to_body_to_ned_current_frame.
- Current depth frame obstacle points projected into NED: 370. Nearest depth obstacle in NED is at (0.65, 28.51, -2.55) m, relative vector (-0.03, 0.71, -0.05) m, distance 0.71 m.
- Depth validity fraction is 0.83. Global nearest obstacle distance is 0.57 m.
- Sector minimum distances [far_left, left, center, right, far_right] are [0.57, 0.57, 0.57, 0.57, 0.57] m.
- Nearest obstacle sector is far_right at 0.57 m and clearance status is blocked.
- Lateral planning hint: prefer center progress.","{""waypoints"":[{""x"":0.7567130000000004,""y"":27.9999995},{""x"":0.7567130000000004,""y"":27.9999995},{""x"":0.7567130000000004,""y"":27.9999995},{""x"":0.7567130000000004,""y"":27.9999995},{""x"":0.7567130000000004,""y"":27.9999995}],""reasoning"":""Selected waypoint 0 moves the reference anchor from 0.00 m to 0.00 m from goal immediately and to 0.00 m by the final waypoint, so progress is 0.00 m selected / 0.00 m final and fails with monotonic goal-distance reduction. Kinematics is evaluated on 1 unique label waypoint(s), excluding consecutive duplicate terminal holds, and checks only that the trajectory stays within the configured bounds speed <= 15.00 m/s and acceleration <= 8.00 m/s^2, so kinematics passes. Goal has already been reached at the reference anchor within 0.35 m tolerance. Safety passes: minimum clearance 2.81 m against manifest obstacles with 0 violating segment(s).""}",0.7567130000000004,27.9999995,-2.5,0.7567130000000004,27.9999995,-2.5,0.7567130000000004,27.9999995,-2.5,0.7567130000000004,27.9999995,-2.5,0.7567130000000004,27.9999995,-2.5
