anchor_stamp_s,scene_stamp_s,sync_dt_ms,label_mode,prompt,label_waypoints_json,wp0_x,wp0_y,wp0_z,wp1_x,wp1_y,wp1_z,wp2_x,wp2_y,wp2_z,wp3_x,wp3_y,wp3_z,wp4_x,wp4_y,wp4_z
1773846739.465747833,1773846739.465747833,0.000,offline_ground_truth_window,"Environment section (T(v)):
- Current position NED is (0.02, -0.04, -2.32) m.
- Current velocity is (-0.01, -0.00, 0.00) m/s (speed 0.01 m/s).
- Goal position NED is (0.66, 10.83, -2.50) m.
- Output contract: predict exactly 5 waypoint x/y pairs in NED. The planner will set every waypoint z to goal z = -2.50 m before execution.
- Goal delta from current state is (0.65, 10.87, -0.18) m with distance 10.89 m.
- Obstacle pipeline: depth_camera_to_body_to_ned_current_frame.
- Current depth frame obstacle points projected into NED: 154. Nearest depth obstacle in NED is at (-3.09, 3.54, -1.86) m, relative vector (-3.11, 3.58, 0.46) m, distance 4.76 m.
- Depth validity fraction is 0.75. Global nearest obstacle distance is 3.71 m.
- Sector minimum distances [far_left, left, center, right, far_right] are [3.71, 4.71, 4.71, 4.71, 4.47] m.
- Nearest obstacle sector is far_left at 3.71 m and clearance status is clear.
- Lateral planning hint: prefer center progress.","{""waypoints"":[{""x"":-0.3982201099395759,""y"":-0.23163366317749023},{""x"":-0.7107201099395759,""y"":-0.5441336631774902},{""x"":-1.023220109939576,""y"":-0.8566336631774902},{""x"":-1.335720109939576,""y"":-1.1691336631774902},{""x"":-1.648220109939576,""y"":-1.4816336631774902}],""reasoning"":""Selected waypoint 0 moves the reference anchor from 10.78 m to 11.11 m from goal immediately and to 12.53 m by the final waypoint, so progress is -0.34 m selected / -1.75 m final and fails with non-monotonic goal-distance reduction. Kinematics is evaluated on 5 unique label waypoint(s), excluding consecutive duplicate terminal holds, and checks only that the trajectory stays within the configured bounds speed <= 15.00 m/s and acceleration <= 8.00 m/s^2, so kinematics passes. Goal is not reached within this label waypoint window. Safety passes: minimum clearance 1.73 m against manifest obstacles with 0 violating segment(s).""}",-0.3982201099395759,-0.23163366317749023,-2.5,-0.7107201099395759,-0.5441336631774902,-2.5,-1.023220109939576,-0.8566336631774902,-2.5,-1.335720109939576,-1.1691336631774902,-2.5,-1.648220109939576,-1.4816336631774902,-2.5
1773846743.280402899,1773846743.280402899,0.000,offline_ground_truth_window,"Environment section (T(v)):
- Current position NED is (-0.21, -0.10, -2.44) m.
- Current velocity is (-0.07, -0.04, -0.02) m/s (speed 0.08 m/s).
- Goal position NED is (0.66, 10.83, -2.50) m.
- Output contract: predict exactly 5 waypoint x/y pairs in NED. The planner will set every waypoint z to goal z = -2.50 m before execution.
- Goal delta from current state is (0.88, 10.94, -0.06) m with distance 10.97 m.
- Obstacle pipeline: depth_camera_to_body_to_ned_current_frame.
- Current depth frame obstacle points projected into NED: 152. Nearest depth obstacle in NED is at (-3.53, 3.74, -2.27) m, relative vector (-3.32, 3.84, 0.17) m, distance 5.08 m.
- Depth validity fraction is 0.73. Global nearest obstacle distance is 3.97 m.
- Sector minimum distances [far_left, left, center, right, far_right] are [3.97, 4.93, 4.93, 4.93, 4.21] m.
- Nearest obstacle sector is far_left at 3.97 m and clearance status is clear.
- Lateral planning hint: prefer center progress.","{""waypoints"":[{""x"":-0.7107201099395759,""y"":-0.5441336631774902},{""x"":-1.023220109939576,""y"":-0.8566336631774902},{""x"":-1.335720109939576,""y"":-1.1691336631774902},{""x"":-1.648220109939576,""y"":-1.4816336631774902},{""x"":-1.960720109939576,""y"":-1.7941336631774902}],""reasoning"":""Selected waypoint 0 moves the reference anchor from 11.11 m to 11.46 m from goal immediately and to 12.90 m by the final waypoint, so progress is -0.34 m selected / -1.78 m final and fails with non-monotonic goal-distance reduction. Kinematics is evaluated on 5 unique label waypoint(s), excluding consecutive duplicate terminal holds, and checks only that the trajectory stays within the configured bounds speed <= 15.00 m/s and acceleration <= 8.00 m/s^2, so kinematics passes. Goal is not reached within this label waypoint window. Safety passes: minimum clearance 1.59 m against manifest obstacles with 0 violating segment(s).""}",-0.7107201099395759,-0.5441336631774902,-2.5,-1.023220109939576,-0.8566336631774902,-2.5,-1.335720109939576,-1.1691336631774902,-2.5,-1.648220109939576,-1.4816336631774902,-2.5,-1.960720109939576,-1.7941336631774902,-2.5
1773846747.504593372,1773846747.504593372,0.000,offline_ground_truth_window,"Environment section (T(v)):
- Current position NED is (-0.54, -0.41, -2.48) m.
- Current velocity is (-0.08, -0.06, -0.00) m/s (speed 0.10 m/s).
- Goal position NED is (0.66, 10.83, -2.50) m.
- Output contract: predict exactly 5 waypoint x/y pairs in NED. The planner will set every waypoint z to goal z = -2.50 m before execution.
- Goal delta from current state is (1.20, 11.24, -0.02) m with distance 11.30 m.
- Obstacle pipeline: depth_camera_to_body_to_ned_current_frame.
- Current depth frame obstacle points projected into NED: 160. Nearest depth obstacle in NED is at (1.96, 3.81, -2.18) m, relative vector (2.50, 4.22, 0.30) m, distance 4.92 m.
- Depth validity fraction is 0.72. Global nearest obstacle distance is 3.81 m.
- Sector minimum distances [far_left, left, center, right, far_right] are [4.34, 5.03, 5.04, 5.04, 3.81] m.
- Nearest obstacle sector is far_right at 3.81 m and clearance status is clear.
- Lateral planning hint: prefer center progress.","{""waypoints"":[{""x"":-1.023220109939576,""y"":-0.8566336631774902},{""x"":-1.335720109939576,""y"":-1.1691336631774902},{""x"":-1.648220109939576,""y"":-1.4816336631774902},{""x"":-1.960720109939576,""y"":-1.7941336631774902},{""x"":-2.273220109939576,""y"":-2.1066336631774902}],""reasoning"":""Selected waypoint 0 moves the reference anchor from 11.46 m to 11.81 m from goal immediately and to 13.27 m by the final waypoint, so progress is -0.35 m selected / -1.81 m final and fails with non-monotonic goal-distance reduction. Kinematics is evaluated on 5 unique label waypoint(s), excluding consecutive duplicate terminal holds, and checks only that the trajectory stays within the configured bounds speed <= 15.00 m/s and acceleration <= 8.00 m/s^2, so kinematics passes. Goal is not reached within this label waypoint window. Safety passes: minimum clearance 1.56 m against manifest obstacles with 0 violating segment(s).""}",-1.023220109939576,-0.8566336631774902,-2.5,-1.335720109939576,-1.1691336631774902,-2.5,-1.648220109939576,-1.4816336631774902,-2.5,-1.960720109939576,-1.7941336631774902,-2.5,-2.273220109939576,-2.1066336631774902,-2.5
1773846751.736570120,1773846751.736570120,0.000,offline_ground_truth_window,"Environment section (T(v)):
- Current position NED is (-0.85, -0.72, -2.49) m.
- Current velocity is (-0.07, -0.06, 0.00) m/s (speed 0.10 m/s).
- Goal position NED is (0.66, 10.83, -2.50) m.
- Output contract: predict exactly 5 waypoint x/y pairs in NED. The planner will set every waypoint z to goal z = -2.50 m before execution.
- Goal delta from current state is (1.52, 11.55, -0.01) m with distance 11.65 m.
- Obstacle pipeline: depth_camera_to_body_to_ned_current_frame.
- Current depth frame obstacle points projected into NED: 159. Nearest depth obstacle in NED is at (1.43, 2.99, -2.59) m, relative vector (2.28, 3.71, -0.11) m, distance 4.36 m.
- Depth validity fraction is 0.72. Global nearest obstacle distance is 3.42 m.
- Sector minimum distances [far_left, left, center, right, far_right] are [4.72, 5.08, 5.08, 5.09, 3.42] m.
- Nearest obstacle sector is far_right at 3.42 m and clearance status is clear.
- Lateral planning hint: left side is clearer.","{""waypoints"":[{""x"":-1.335720109939576,""y"":-1.1691336631774902},{""x"":-1.648220109939576,""y"":-1.4816336631774902},{""x"":-1.960720109939576,""y"":-1.7941336631774902},{""x"":-2.273220109939576,""y"":-2.1066336631774902},{""x"":-2.585720109939576,""y"":-2.4191336631774902}],""reasoning"":""Selected waypoint 0 moves the reference anchor from 11.81 m to 12.17 m from goal immediately and to 13.64 m by the final waypoint, so progress is -0.36 m selected / -1.83 m final and fails with non-monotonic goal-distance reduction. Kinematics is evaluated on 5 unique label waypoint(s), excluding consecutive duplicate terminal holds, and checks only that the trajectory stays within the configured bounds speed <= 15.00 m/s and acceleration <= 8.00 m/s^2, so kinematics passes. Goal is not reached within this label waypoint window. Safety passes: minimum clearance 1.56 m against manifest obstacles with 0 violating segment(s).""}",-1.335720109939576,-1.1691336631774902,-2.5,-1.648220109939576,-1.4816336631774902,-2.5,-1.960720109939576,-1.7941336631774902,-2.5,-2.273220109939576,-2.1066336631774902,-2.5,-2.585720109939576,-2.4191336631774902,-2.5
1773846756.645336866,1773846756.645336866,0.000,offline_ground_truth_window,"Environment section (T(v)):
- Current position NED is (-1.16, -1.03, -2.53) m.
- Current velocity is (-0.06, -0.05, 0.01) m/s (speed 0.08 m/s).
- Goal position NED is (0.66, 10.83, -2.50) m.
- Output contract: predict exactly 5 waypoint x/y pairs in NED. The planner will set every waypoint z to goal z = -2.50 m before execution.
- Goal delta from current state is (1.83, 11.86, 0.03) m with distance 12.00 m.
- Obstacle pipeline: depth_camera_to_body_to_ned_current_frame.
- Current depth frame obstacle points projected into NED: 160. Nearest depth obstacle in NED is at (0.79, 2.30, -2.59) m, relative vector (1.96, 3.34, -0.07) m, distance 3.87 m.
- Depth validity fraction is 0.72. Global nearest obstacle distance is 2.93 m.
- Sector minimum distances [far_left, left, center, right, far_right] are [5.10, 5.09, 5.09, 5.02, 2.93] m.
- Nearest obstacle sector is far_right at 2.93 m and clearance status is caution.
- Lateral planning hint: left side is clearer.","{""waypoints"":[{""x"":-1.648220109939576,""y"":-1.4816336631774902},{""x"":-1.960720109939576,""y"":-1.7941336631774902},{""x"":-2.273220109939576,""y"":-2.1066336631774902},{""x"":-2.585720109939576,""y"":-2.4191336631774902},{""x"":-2.919053443272909,""y"":-2.5024669965108237}],""reasoning"":""Selected waypoint 0 moves the reference anchor from 12.17 m to 12.53 m from goal immediately and to 13.81 m by the final waypoint, so progress is -0.36 m selected / -1.64 m final and fails with non-monotonic goal-distance reduction. Kinematics is evaluated on 5 unique label waypoint(s), excluding consecutive duplicate terminal holds, and checks only that the trajectory stays within the configured bounds speed <= 15.00 m/s and acceleration <= 8.00 m/s^2, so kinematics fails. Goal is not reached within this label waypoint window. Safety passes: minimum clearance 1.56 m against manifest obstacles with 0 violating segment(s).""}",-1.648220109939576,-1.4816336631774902,-2.5,-1.960720109939576,-1.7941336631774902,-2.5,-2.273220109939576,-2.1066336631774902,-2.5,-2.585720109939576,-2.4191336631774902,-2.5,-2.919053443272909,-2.5024669965108237,-2.5
1773846761.071259975,1773846761.071259975,0.000,offline_ground_truth_window,"Environment section (T(v)):
- Current position NED is (-1.51, -1.31, -2.49) m.
- Current velocity is (-0.05, -0.07, -0.00) m/s (speed 0.09 m/s).
- Goal position NED is (0.66, 10.83, -2.50) m.
- Output contract: predict exactly 5 waypoint x/y pairs in NED. The planner will set every waypoint z to goal z = -2.50 m before execution.
- Goal delta from current state is (2.17, 12.14, -0.01) m with distance 12.33 m.
- Obstacle pipeline: depth_camera_to_body_to_ned_current_frame.
- Current depth frame obstacle points projected into NED: 135. Nearest depth obstacle in NED is at (0.16, 1.43, -2.57) m, relative vector (1.67, 2.74, -0.08) m, distance 3.21 m.
- Depth validity fraction is 0.73. Global nearest obstacle distance is 2.48 m.
- Sector minimum distances [far_left, left, center, right, far_right] are [5.02, 5.02, 5.03, 4.25, 2.48] m.
- Nearest obstacle sector is far_right at 2.48 m and clearance status is caution.
- Lateral planning hint: left side is clearer.","{""waypoints"":[{""x"":-1.960720109939576,""y"":-1.7941336631774902},{""x"":-2.273220109939576,""y"":-2.1066336631774902},{""x"":-2.585720109939576,""y"":-2.4191336631774902},{""x"":-2.919053443272909,""y"":-2.5024669965108237},{""x"":-3.252386776606243,""y"":-2.5858003298441568}],""reasoning"":""Selected waypoint 0 moves the reference anchor from 12.53 m to 12.90 m from goal immediately and to 13.98 m by the final waypoint, so progress is -0.37 m selected / -1.45 m final and fails with non-monotonic goal-distance reduction. Kinematics is evaluated on 5 unique label waypoint(s), excluding consecutive duplicate terminal holds, and checks only that the trajectory stays within the configured bounds speed <= 15.00 m/s and acceleration <= 8.00 m/s^2, so kinematics fails. Goal is not reached within this label waypoint window. Safety passes: minimum clearance 1.56 m against manifest obstacles with 0 violating segment(s).""}",-1.960720109939576,-1.7941336631774902,-2.5,-2.273220109939576,-2.1066336631774902,-2.5,-2.585720109939576,-2.4191336631774902,-2.5,-2.919053443272909,-2.5024669965108237,-2.5,-3.252386776606243,-2.5858003298441568,-2.5
1773846766.077219009,1773846766.077219009,0.000,offline_ground_truth_window,"Environment section (T(v)):
- Current position NED is (-1.82, -1.62, -2.48) m.
- Current velocity is (-0.05, -0.07, -0.00) m/s (speed 0.09 m/s).
- Goal position NED is (0.66, 10.83, -2.50) m.
- Output contract: predict exactly 5 waypoint x/y pairs in NED. The planner will set every waypoint z to goal z = -2.50 m before execution.
- Goal delta from current state is (2.49, 12.46, -0.02) m with distance 12.70 m.
- Obstacle pipeline: depth_camera_to_body_to_ned_current_frame.
- Current depth frame obstacle points projected into NED: 117. Nearest depth obstacle in NED is at (-0.43, 0.67, -2.42) m, relative vector (1.39, 2.30, 0.06) m, distance 2.69 m.
- Depth validity fraction is 0.74. Global nearest obstacle distance is 2.04 m.
- Sector minimum distances [far_left, left, center, right, far_right] are [5.03, 5.02, 5.02, 3.51, 2.04] m.
- Nearest obstacle sector is far_right at 2.04 m and clearance status is caution.
- Lateral planning hint: left side is clearer.","{""waypoints"":[{""x"":-2.273220109939576,""y"":-2.1066336631774902},{""x"":-2.585720109939576,""y"":-2.4191336631774902},{""x"":-2.919053443272909,""y"":-2.5024669965108237},{""x"":-3.252386776606243,""y"":-2.5858003298441568},{""x"":-3.585720109939576,""y"":-2.6691336631774902}],""reasoning"":""Selected waypoint 0 moves the reference anchor from 12.90 m to 13.27 m from goal immediately and to 14.15 m by the final waypoint, so progress is -0.37 m selected / -1.26 m final and fails with non-monotonic goal-distance reduction. Kinematics is evaluated on 5 unique label waypoint(s), excluding consecutive duplicate terminal holds, and checks only that the trajectory stays within the configured bounds speed <= 15.00 m/s and acceleration <= 8.00 m/s^2, so kinematics fails. Goal is not reached within this label waypoint window. Safety passes: minimum clearance 1.56 m against manifest obstacles with 0 violating segment(s).""}",-2.273220109939576,-2.1066336631774902,-2.5,-2.585720109939576,-2.4191336631774902,-2.5,-2.919053443272909,-2.5024669965108237,-2.5,-3.252386776606243,-2.5858003298441568,-2.5,-3.585720109939576,-2.6691336631774902,-2.5
1773846770.587778568,1773846770.587778568,0.000,offline_ground_truth_window,"Environment section (T(v)):
- Current position NED is (-2.14, -1.94, -2.48) m.
- Current velocity is (-0.06, -0.06, 0.00) m/s (speed 0.09 m/s).
- Goal position NED is (0.66, 10.83, -2.50) m.
- Output contract: predict exactly 5 waypoint x/y pairs in NED. The planner will set every waypoint z to goal z = -2.50 m before execution.
- Goal delta from current state is (2.80, 12.77, -0.02) m with distance 13.07 m.
- Obstacle pipeline: depth_camera_to_body_to_ned_current_frame.
- Current depth frame obstacle points projected into NED: 137. Nearest depth obstacle in NED is at (-1.05, -0.14, -2.67) m, relative vector (1.09, 1.80, -0.19) m, distance 2.11 m.
- Depth validity fraction is 0.75. Global nearest obstacle distance is 1.60 m.
- Sector minimum distances [far_left, left, center, right, far_right] are [5.03, 5.05, 5.06, 2.75, 1.60] m.
- Nearest obstacle sector is far_right at 1.60 m and clearance status is caution.
- Lateral planning hint: left side is clearer.","{""waypoints"":[{""x"":-2.585720109939576,""y"":-2.4191336631774902},{""x"":-2.919053443272909,""y"":-2.5024669965108237},{""x"":-3.252386776606243,""y"":-2.5858003298441568},{""x"":-3.585720109939576,""y"":-2.6691336631774902},{""x"":-4.002386776606243,""y"":-2.5024669965108237}],""reasoning"":""Selected waypoint 0 moves the reference anchor from 13.27 m to 13.64 m from goal immediately and to 14.13 m by the final waypoint, so progress is -0.38 m selected / -0.86 m final and fails with non-monotonic goal-distance reduction. Kinematics is evaluated on 5 unique label waypoint(s), excluding consecutive duplicate terminal holds, and checks only that the trajectory stays within the configured bounds speed <= 15.00 m/s and acceleration <= 8.00 m/s^2, so kinematics fails. Goal is not reached within this label waypoint window. Safety passes: minimum clearance 1.56 m against manifest obstacles with 0 violating segment(s).""}",-2.585720109939576,-2.4191336631774902,-2.5,-2.919053443272909,-2.5024669965108237,-2.5,-3.252386776606243,-2.5858003298441568,-2.5,-3.585720109939576,-2.6691336631774902,-2.5,-4.002386776606243,-2.5024669965108237,-2.5
1773846775.704459906,1773846775.704459906,0.000,offline_ground_truth_window,"Environment section (T(v)):
- Current position NED is (-2.42, -2.27, -2.51) m.
- Current velocity is (-0.04, -0.06, 0.01) m/s (speed 0.08 m/s).
- Goal position NED is (0.66, 10.83, -2.50) m.
- Output contract: predict exactly 5 waypoint x/y pairs in NED. The planner will set every waypoint z to goal z = -2.50 m before execution.
- Goal delta from current state is (3.09, 13.10, 0.01) m with distance 13.46 m.
- Obstacle pipeline: depth_camera_to_body_to_ned_current_frame.
- Current depth frame obstacle points projected into NED: 151. Nearest depth obstacle in NED is at (-1.60, -0.88, -2.46) m, relative vector (0.82, 1.39, 0.05) m, distance 1.61 m.
- Depth validity fraction is 0.75. Global nearest obstacle distance is 1.21 m.
- Sector minimum distances [far_left, left, center, right, far_right] are [5.09, 5.08, 5.08, 2.08, 1.21] m.
- Nearest obstacle sector is far_right at 1.21 m and clearance status is blocked.
- Lateral planning hint: left side is clearer.","{""waypoints"":[{""x"":-2.919053443272909,""y"":-2.5024669965108237},{""x"":-3.252386776606243,""y"":-2.5858003298441568},{""x"":-3.585720109939576,""y"":-2.6691336631774902},{""x"":-4.002386776606243,""y"":-2.5024669965108237},{""x"":-4.419053443272909,""y"":-2.3358003298441568}],""reasoning"":""Selected waypoint 0 moves the reference anchor from 13.64 m to 13.81 m from goal immediately and to 14.11 m by the final waypoint, so progress is -0.16 m selected / -0.47 m final and fails with non-monotonic goal-distance reduction. Kinematics is evaluated on 5 unique label waypoint(s), excluding consecutive duplicate terminal holds, and checks only that the trajectory stays within the configured bounds speed <= 15.00 m/s and acceleration <= 8.00 m/s^2, so kinematics fails. Goal is not reached within this label waypoint window. Safety passes: minimum clearance 1.55 m against manifest obstacles with 0 violating segment(s).""}",-2.919053443272909,-2.5024669965108237,-2.5,-3.252386776606243,-2.5858003298441568,-2.5,-3.585720109939576,-2.6691336631774902,-2.5,-4.002386776606243,-2.5024669965108237,-2.5,-4.419053443272909,-2.3358003298441568,-2.5
1773846780.543124914,1773846780.543124914,0.000,offline_ground_truth_window,"Environment section (T(v)):
- Current position NED is (-2.77, -2.40, -2.50) m.
- Current velocity is (-0.05, -0.03, 0.00) m/s (speed 0.06 m/s).
- Goal position NED is (0.66, 10.83, -2.50) m.
- Output contract: predict exactly 5 waypoint x/y pairs in NED. The planner will set every waypoint z to goal z = -2.50 m before execution.
- Goal delta from current state is (3.43, 13.23, -0.00) m with distance 13.67 m.
- Obstacle pipeline: depth_camera_to_body_to_ned_current_frame.
- Current depth frame obstacle points projected into NED: 166. Nearest depth obstacle in NED is at (-2.26, -0.92, -2.44) m, relative vector (0.51, 1.48, 0.05) m, distance 1.57 m.
- Depth validity fraction is 0.76. Global nearest obstacle distance is 1.31 m.
- Sector minimum distances [far_left, left, center, right, far_right] are [5.05, 5.05, 4.63, 1.32, 1.31] m.
- Nearest obstacle sector is far_right at 1.31 m and clearance status is blocked.
- Lateral planning hint: left side is clearer.","{""waypoints"":[{""x"":-3.252386776606243,""y"":-2.5858003298441568},{""x"":-3.585720109939576,""y"":-2.6691336631774902},{""x"":-4.002386776606243,""y"":-2.5024669965108237},{""x"":-4.419053443272909,""y"":-2.3358003298441568},{""x"":-4.835720109939576,""y"":-2.1691336631774902}],""reasoning"":""Selected waypoint 0 moves the reference anchor from 13.81 m to 13.98 m from goal immediately and to 14.12 m by the final waypoint, so progress is -0.17 m selected / -0.31 m final and fails with non-monotonic goal-distance reduction. Kinematics is evaluated on 5 unique label waypoint(s), excluding consecutive duplicate terminal holds, and checks only that the trajectory stays within the configured bounds speed <= 15.00 m/s and acceleration <= 8.00 m/s^2, so kinematics fails. Goal is not reached within this label waypoint window. Safety passes: minimum clearance 1.55 m against manifest obstacles with 0 violating segment(s).""}",-3.252386776606243,-2.5858003298441568,-2.5,-3.585720109939576,-2.6691336631774902,-2.5,-4.002386776606243,-2.5024669965108237,-2.5,-4.419053443272909,-2.3358003298441568,-2.5,-4.835720109939576,-2.1691336631774902,-2.5
1773846784.705936909,1773846784.705936909,0.000,offline_ground_truth_window,"Environment section (T(v)):
- Current position NED is (-3.09, -2.53, -2.51) m.
- Current velocity is (-0.07, -0.02, 0.01) m/s (speed 0.08 m/s).
- Goal position NED is (0.66, 10.83, -2.50) m.
- Output contract: predict exactly 5 waypoint x/y pairs in NED. The planner will set every waypoint z to goal z = -2.50 m before execution.
- Goal delta from current state is (3.75, 13.36, 0.01) m with distance 13.88 m.
- Obstacle pipeline: depth_camera_to_body_to_ned_current_frame.
- Current depth frame obstacle points projected into NED: 117. Nearest depth obstacle in NED is at (-2.86, -0.92, -2.45) m, relative vector (0.23, 1.61, 0.06) m, distance 1.63 m.
- Depth validity fraction is 0.68. Global nearest obstacle distance is 1.45 m.
- Sector minimum distances [far_left, left, center, right, far_right] are [5.09, 5.09, 1.83, 1.45, 1.45] m.
- Nearest obstacle sector is far_right at 1.45 m and clearance status is blocked.
- Lateral planning hint: left side is clearer.","{""waypoints"":[{""x"":-3.585720109939576,""y"":-2.6691336631774902},{""x"":-4.002386776606243,""y"":-2.5024669965108237},{""x"":-4.419053443272909,""y"":-2.3358003298441568},{""x"":-4.835720109939576,""y"":-2.1691336631774902},{""x"":-5.085720109939576,""y"":-1.7941336631774902}],""reasoning"":""Selected waypoint 0 moves the reference anchor from 13.98 m to 14.15 m from goal immediately and to 13.87 m by the final waypoint, so progress is -0.18 m selected / 0.10 m final and fails with non-monotonic goal-distance reduction. Kinematics is evaluated on 5 unique label waypoint(s), excluding consecutive duplicate terminal holds, and checks only that the trajectory stays within the configured bounds speed <= 15.00 m/s and acceleration <= 8.00 m/s^2, so kinematics passes. Goal is not reached within this label waypoint window. Safety passes: minimum clearance 1.55 m against manifest obstacles with 0 violating segment(s).""}",-3.585720109939576,-2.6691336631774902,-2.5,-4.002386776606243,-2.5024669965108237,-2.5,-4.419053443272909,-2.3358003298441568,-2.5,-4.835720109939576,-2.1691336631774902,-2.5,-5.085720109939576,-1.7941336631774902,-2.5
1773846789.318009853,1773846789.318009853,0.000,offline_ground_truth_window,"Environment section (T(v)):
- Current position NED is (-3.43, -2.63, -2.49) m.
- Current velocity is (-0.08, -0.01, 0.00) m/s (speed 0.08 m/s).
- Goal position NED is (0.66, 10.83, -2.50) m.
- Output contract: predict exactly 5 waypoint x/y pairs in NED. The planner will set every waypoint z to goal z = -2.50 m before execution.
- Goal delta from current state is (4.09, 13.46, -0.01) m with distance 14.07 m.
- Obstacle pipeline: depth_camera_to_body_to_ned_current_frame.
- Current depth frame obstacle points projected into NED: 91. Nearest depth obstacle in NED is at (-3.47, -0.92, -2.47) m, relative vector (-0.05, 1.71, 0.03) m, distance 1.71 m.
- Depth validity fraction is 0.61. Global nearest obstacle distance is 1.57 m.
- Sector minimum distances [far_left, left, center, right, far_right] are [5.02, 5.03, 1.57, 1.57, 5.08] m.
- Nearest obstacle sector is right at 1.57 m and clearance status is caution.
- Lateral planning hint: left side is clearer.","{""waypoints"":[{""x"":-4.002386776606243,""y"":-2.5024669965108237},{""x"":-4.419053443272909,""y"":-2.3358003298441568},{""x"":-4.835720109939576,""y"":-2.1691336631774902},{""x"":-5.085720109939576,""y"":-1.7941336631774902},{""x"":-5.335720109939576,""y"":-1.4191336631774902}],""reasoning"":""Selected waypoint 0 moves the reference anchor from 14.15 m to 14.13 m from goal immediately and to 13.64 m by the final waypoint, so progress is 0.03 m selected / 0.51 m final and passes with non-monotonic goal-distance reduction. Kinematics is evaluated on 5 unique label waypoint(s), excluding consecutive duplicate terminal holds, and checks only that the trajectory stays within the configured bounds speed <= 15.00 m/s and acceleration <= 8.00 m/s^2, so kinematics passes. Goal is not reached within this label waypoint window. Safety passes: minimum clearance 1.55 m against manifest obstacles with 0 violating segment(s).""}",-4.002386776606243,-2.5024669965108237,-2.5,-4.419053443272909,-2.3358003298441568,-2.5,-4.835720109939576,-2.1691336631774902,-2.5,-5.085720109939576,-1.7941336631774902,-2.5,-5.335720109939576,-1.4191336631774902,-2.5
1773846793.663763046,1773846793.663763046,0.000,offline_ground_truth_window,"Environment section (T(v)):
- Current position NED is (-3.78, -2.55, -2.51) m.
- Current velocity is (-0.09, 0.04, 0.00) m/s (speed 0.10 m/s).
- Goal position NED is (0.66, 10.83, -2.50) m.
- Output contract: predict exactly 5 waypoint x/y pairs in NED. The planner will set every waypoint z to goal z = -2.50 m before execution.
- Goal delta from current state is (4.45, 13.39, 0.01) m with distance 14.10 m.
- Obstacle pipeline: depth_camera_to_body_to_ned_current_frame.
- Current depth frame obstacle points projected into NED: 80. Nearest depth obstacle in NED is at (-3.91, -0.93, -2.55) m, relative vector (-0.13, 1.63, -0.04) m, distance 1.63 m.
- Depth validity fraction is 0.59. Global nearest obstacle distance is 1.50 m.
- Sector minimum distances [far_left, left, center, right, far_right] are [5.08, 1.50, 1.50, 5.07, 5.07] m.
- Nearest obstacle sector is center at 1.50 m and clearance status is caution.
- Lateral planning hint: right side is clearer.","{""waypoints"":[{""x"":-4.419053443272909,""y"":-2.3358003298441568},{""x"":-4.835720109939576,""y"":-2.1691336631774902},{""x"":-5.085720109939576,""y"":-1.7941336631774902},{""x"":-5.335720109939576,""y"":-1.4191336631774902},{""x"":-5.391690259193307,""y"":-0.9265963497446545}],""reasoning"":""Selected waypoint 0 moves the reference anchor from 14.13 m to 14.11 m from goal immediately and to 13.23 m by the final waypoint, so progress is 0.01 m selected / 0.90 m final and passes with non-monotonic goal-distance reduction. Kinematics is evaluated on 5 unique label waypoint(s), excluding consecutive duplicate terminal holds, and checks only that the trajectory stays within the configured bounds speed <= 15.00 m/s and acceleration <= 8.00 m/s^2, so kinematics passes. Goal is not reached within this label waypoint window. Safety passes: minimum clearance 1.55 m against manifest obstacles with 0 violating segment(s).""}",-4.419053443272909,-2.3358003298441568,-2.5,-4.835720109939576,-2.1691336631774902,-2.5,-5.085720109939576,-1.7941336631774902,-2.5,-5.335720109939576,-1.4191336631774902,-2.5,-5.391690259193307,-0.9265963497446545,-2.5
1773846799.212275505,1773846799.212275505,0.000,offline_ground_truth_window,"Environment section (T(v)):
- Current position NED is (-4.21, -2.39, -2.49) m.
- Current velocity is (-0.07, 0.03, -0.00) m/s (speed 0.07 m/s).
- Goal position NED is (0.66, 10.83, -2.50) m.
- Output contract: predict exactly 5 waypoint x/y pairs in NED. The planner will set every waypoint z to goal z = -2.50 m before execution.
- Goal delta from current state is (4.88, 13.22, -0.01) m with distance 14.09 m.
- Obstacle pipeline: depth_camera_to_body_to_ned_current_frame.
- Current depth frame obstacle points projected into NED: 186. Nearest depth obstacle in NED is at (-4.77, -0.95, -2.44) m, relative vector (-0.56, 1.44, 0.05) m, distance 1.55 m.
- Depth validity fraction is 0.65. Global nearest obstacle distance is 1.35 m.
- Sector minimum distances [far_left, left, center, right, far_right] are [1.35, 1.35, 2.76, 5.09, 5.10] m.
- Nearest obstacle sector is left at 1.35 m and clearance status is blocked.
- Lateral planning hint: right side is clearer.","{""waypoints"":[{""x"":-4.835720109939576,""y"":-2.1691336631774902},{""x"":-5.085720109939576,""y"":-1.7941336631774902},{""x"":-5.335720109939576,""y"":-1.4191336631774902},{""x"":-5.391690259193307,""y"":-0.9265963497446545},{""x"":-5.447660408447039,""y"":-0.43405903631181864}],""reasoning"":""Selected waypoint 0 moves the reference anchor from 14.11 m to 14.12 m from goal immediately and to 12.82 m by the final waypoint, so progress is -0.00 m selected / 1.30 m final and fails with non-monotonic goal-distance reduction. Kinematics is evaluated on 5 unique label waypoint(s), excluding consecutive duplicate terminal holds, and checks only that the trajectory stays within the configured bounds speed <= 15.00 m/s and acceleration <= 8.00 m/s^2, so kinematics passes. Goal is not reached within this label waypoint window. Safety passes: minimum clearance 1.55 m against manifest obstacles with 0 violating segment(s).""}",-4.835720109939576,-2.1691336631774902,-2.5,-5.085720109939576,-1.7941336631774902,-2.5,-5.335720109939576,-1.4191336631774902,-2.5,-5.391690259193307,-0.9265963497446545,-2.5,-5.447660408447039,-0.43405903631181864,-2.5
1773846804.921723604,1773846804.921723604,0.000,offline_ground_truth_window,"Environment section (T(v)):
- Current position NED is (-4.64, -2.28, -2.49) m.
- Current velocity is (-0.06, 0.03, 0.00) m/s (speed 0.07 m/s).
- Goal position NED is (0.66, 10.83, -2.50) m.
- Output contract: predict exactly 5 waypoint x/y pairs in NED. The planner will set every waypoint z to goal z = -2.50 m before execution.
- Goal delta from current state is (5.31, 13.11, -0.01) m with distance 14.15 m.
- Obstacle pipeline: depth_camera_to_body_to_ned_current_frame.
- Current depth frame obstacle points projected into NED: 148. Nearest depth obstacle in NED is at (-5.66, -1.00, -2.46) m, relative vector (-1.01, 1.28, 0.03) m, distance 1.63 m.
- Depth validity fraction is 0.64. Global nearest obstacle distance is 1.23 m.
- Sector minimum distances [far_left, left, center, right, far_right] are [1.23, 1.97, 5.06, 5.08, 5.09] m.
- Nearest obstacle sector is far_left at 1.23 m and clearance status is blocked.
- Lateral planning hint: right side is clearer.","{""waypoints"":[{""x"":-5.085720109939576,""y"":-1.7941336631774902},{""x"":-5.335720109939576,""y"":-1.4191336631774902},{""x"":-5.391690259193307,""y"":-0.9265963497446545},{""x"":-5.447660408447039,""y"":-0.43405903631181864},{""x"":-5.50363055770077,""y"":0.05847827712101705}],""reasoning"":""Selected waypoint 0 moves the reference anchor from 14.12 m to 13.87 m from goal immediately and to 12.41 m by the final waypoint, so progress is 0.24 m selected / 1.70 m final and passes with monotonic goal-distance reduction. Kinematics is evaluated on 5 unique label waypoint(s), excluding consecutive duplicate terminal holds, and checks only that the trajectory stays within the configured bounds speed <= 15.00 m/s and acceleration <= 8.00 m/s^2, so kinematics passes. Goal is not reached within this label waypoint window. Safety passes: minimum clearance 1.56 m against manifest obstacles with 0 violating segment(s).""}",-5.085720109939576,-1.7941336631774902,-2.5,-5.335720109939576,-1.4191336631774902,-2.5,-5.391690259193307,-0.9265963497446545,-2.5,-5.447660408447039,-0.43405903631181864,-2.5,-5.50363055770077,0.05847827712101705,-2.5
1773846810.149051666,1773846810.149051666,0.000,offline_ground_truth_window,"Environment section (T(v)):
- Current position NED is (-4.93, -1.96, -2.50) m.
- Current velocity is (-0.05, 0.06, 0.01) m/s (speed 0.08 m/s).
- Goal position NED is (0.66, 10.83, -2.50) m.
- Output contract: predict exactly 5 waypoint x/y pairs in NED. The planner will set every waypoint z to goal z = -2.50 m before execution.
- Goal delta from current state is (5.60, 12.79, 0.00) m with distance 13.96 m.
- Obstacle pipeline: depth_camera_to_body_to_ned_current_frame.
- Current depth frame obstacle points projected into NED: 140. Nearest depth obstacle in NED is at (-6.24, -0.37, -2.64) m, relative vector (-1.30, 1.59, -0.14) m, distance 2.06 m.
- Depth validity fraction is 0.62. Global nearest obstacle distance is 1.55 m.
- Sector minimum distances [far_left, left, center, right, far_right] are [1.55, 2.57, 5.16, 5.17, 5.18] m.
- Nearest obstacle sector is far_left at 1.55 m and clearance status is caution.
- Lateral planning hint: right side is clearer.","{""waypoints"":[{""x"":-5.335720109939576,""y"":-1.4191336631774902},{""x"":-5.391690259193307,""y"":-0.9265963497446545},{""x"":-5.447660408447039,""y"":-0.43405903631181864},{""x"":-5.50363055770077,""y"":0.05847827712101705},{""x"":-5.559600706954502,""y"":0.551015590553853}],""reasoning"":""Selected waypoint 0 moves the reference anchor from 13.87 m to 13.64 m from goal immediately and to 12.02 m by the final waypoint, so progress is 0.23 m selected / 1.86 m final and passes with monotonic goal-distance reduction. Kinematics is evaluated on 5 unique label waypoint(s), excluding consecutive duplicate terminal holds, and checks only that the trajectory stays within the configured bounds speed <= 15.00 m/s and acceleration <= 8.00 m/s^2, so kinematics passes. Goal is not reached within this label waypoint window. Safety passes: minimum clearance 1.56 m against manifest obstacles with 0 violating segment(s).""}",-5.335720109939576,-1.4191336631774902,-2.5,-5.391690259193307,-0.9265963497446545,-2.5,-5.447660408447039,-0.43405903631181864,-2.5,-5.50363055770077,0.05847827712101705,-2.5,-5.559600706954502,0.551015590553853,-2.5
1773846815.721308708,1773846815.721308708,0.000,offline_ground_truth_window,"Environment section (T(v)):
- Current position NED is (-5.19, -1.59, -2.51) m.
- Current velocity is (-0.04, 0.05, 0.01) m/s (speed 0.07 m/s).
- Goal position NED is (0.66, 10.83, -2.50) m.
- Output contract: predict exactly 5 waypoint x/y pairs in NED. The planner will set every waypoint z to goal z = -2.50 m before execution.
- Goal delta from current state is (5.85, 12.42, 0.01) m with distance 13.73 m.
- Obstacle pipeline: depth_camera_to_body_to_ned_current_frame.
- Current depth frame obstacle points projected into NED: 128. Nearest depth obstacle in NED is at (-6.81, 0.39, -2.50) m, relative vector (-1.63, 1.98, 0.01) m, distance 2.56 m.
- Depth validity fraction is 0.62. Global nearest obstacle distance is 1.93 m.
- Sector minimum distances [far_left, left, center, right, far_right] are [1.93, 3.22, 5.06, 5.06, 5.06] m.
- Nearest obstacle sector is far_left at 1.93 m and clearance status is caution.
- Lateral planning hint: right side is clearer.","{""waypoints"":[{""x"":-5.391690259193307,""y"":-0.9265963497446545},{""x"":-5.447660408447039,""y"":-0.43405903631181864},{""x"":-5.50363055770077,""y"":0.05847827712101705},{""x"":-5.559600706954502,""y"":0.551015590553853},{""x"":-5.615570856208233,""y"":1.0435529039866887}],""reasoning"":""Selected waypoint 0 moves the reference anchor from 13.64 m to 13.23 m from goal immediately and to 11.63 m by the final waypoint, so progress is 0.42 m selected / 2.01 m final and passes with monotonic goal-distance reduction. Kinematics is evaluated on 5 unique label waypoint(s), excluding consecutive duplicate terminal holds, and checks only that the trajectory stays within the configured bounds speed <= 15.00 m/s and acceleration <= 8.00 m/s^2, so kinematics passes. Goal is not reached within this label waypoint window. Safety passes: minimum clearance 1.59 m against manifest obstacles with 0 violating segment(s).""}",-5.391690259193307,-0.9265963497446545,-2.5,-5.447660408447039,-0.43405903631181864,-2.5,-5.50363055770077,0.05847827712101705,-2.5,-5.559600706954502,0.551015590553853,-2.5,-5.615570856208233,1.0435529039866887,-2.5
1773846820.257528543,1773846820.257528543,0.000,offline_ground_truth_window,"Environment section (T(v)):
- Current position NED is (-5.33, -1.17, -2.50) m.
- Current velocity is (-0.03, 0.09, 0.01) m/s (speed 0.10 m/s).
- Goal position NED is (0.66, 10.83, -2.50) m.
- Output contract: predict exactly 5 waypoint x/y pairs in NED. The planner will set every waypoint z to goal z = -2.50 m before execution.
- Goal delta from current state is (6.00, 12.00, -0.00) m with distance 13.42 m.
- Obstacle pipeline: depth_camera_to_body_to_ned_current_frame.
- Current depth frame obstacle points projected into NED: 116. Nearest depth obstacle in NED is at (-7.10, 0.93, -1.92) m, relative vector (-1.76, 2.10, 0.57) m, distance 2.80 m.
- Depth validity fraction is 0.61. Global nearest obstacle distance is 2.10 m.
- Sector minimum distances [far_left, left, center, right, far_right] are [2.10, 3.48, 5.10, 5.10, 5.10] m.
- Nearest obstacle sector is far_left at 2.10 m and clearance status is caution.
- Lateral planning hint: right side is clearer.","{""waypoints"":[{""x"":-5.447660408447039,""y"":-0.43405903631181864},{""x"":-5.50363055770077,""y"":0.05847827712101705},{""x"":-5.559600706954502,""y"":0.551015590553853},{""x"":-5.615570856208233,""y"":1.0435529039866887},{""x"":-5.671541005461965,""y"":1.5360902174195243}],""reasoning"":""Selected waypoint 0 moves the reference anchor from 13.23 m to 12.82 m from goal immediately and to 11.25 m by the final waypoint, so progress is 0.41 m selected / 1.98 m final and passes with monotonic goal-distance reduction. Kinematics is evaluated on 5 unique label waypoint(s), excluding consecutive duplicate terminal holds, and checks only that the trajectory stays within the configured bounds speed <= 15.00 m/s and acceleration <= 8.00 m/s^2, so kinematics passes. Goal is not reached within this label waypoint window. Safety passes: minimum clearance 1.60 m against manifest obstacles with 0 violating segment(s).""}",-5.447660408447039,-0.43405903631181864,-2.5,-5.50363055770077,0.05847827712101705,-2.5,-5.559600706954502,0.551015590553853,-2.5,-5.615570856208233,1.0435529039866887,-2.5,-5.671541005461965,1.5360902174195243,-2.5
1773846825.485540390,1773846825.485540390,0.000,offline_ground_truth_window,"Environment section (T(v)):
- Current position NED is (-5.41, -0.68, -2.45) m.
- Current velocity is (-0.02, 0.07, 0.00) m/s (speed 0.07 m/s).
- Goal position NED is (0.66, 10.83, -2.50) m.
- Output contract: predict exactly 5 waypoint x/y pairs in NED. The planner will set every waypoint z to goal z = -2.50 m before execution.
- Goal delta from current state is (6.07, 11.51, -0.05) m with distance 13.01 m.
- Obstacle pipeline: depth_camera_to_body_to_ned_current_frame.
- Current depth frame obstacle points projected into NED: 113. Nearest depth obstacle in NED is at (-7.26, 1.52, -2.34) m, relative vector (-1.85, 2.20, 0.11) m, distance 2.87 m.
- Depth validity fraction is 0.61. Global nearest obstacle distance is 2.21 m.
- Sector minimum distances [far_left, left, center, right, far_right] are [2.21, 3.65, 4.96, 4.97, 4.97] m.
- Nearest obstacle sector is far_left at 2.21 m and clearance status is caution.
- Lateral planning hint: right side is clearer.","{""waypoints"":[{""x"":-5.50363055770077,""y"":0.05847827712101705},{""x"":-5.559600706954502,""y"":0.551015590553853},{""x"":-5.615570856208233,""y"":1.0435529039866887},{""x"":-5.671541005461965,""y"":1.5360902174195243},{""x"":-5.727511154715696,""y"":2.0286275308523605}],""reasoning"":""Selected waypoint 0 moves the reference anchor from 12.82 m to 12.41 m from goal immediately and to 10.88 m by the final waypoint, so progress is 0.40 m selected / 1.94 m final and passes with monotonic goal-distance reduction. Kinematics is evaluated on 5 unique label waypoint(s), excluding consecutive duplicate terminal holds, and checks only that the trajectory stays within the configured bounds speed <= 15.00 m/s and acceleration <= 8.00 m/s^2, so kinematics passes. Goal is not reached within this label waypoint window. Safety passes: minimum clearance 1.66 m against manifest obstacles with 0 violating segment(s).""}",-5.50363055770077,0.05847827712101705,-2.5,-5.559600706954502,0.551015590553853,-2.5,-5.615570856208233,1.0435529039866887,-2.5,-5.671541005461965,1.5360902174195243,-2.5,-5.727511154715696,2.0286275308523605,-2.5
1773846830.396025896,1773846830.396025896,0.000,offline_ground_truth_window,"Environment section (T(v)):
- Current position NED is (-5.46, -0.18, -2.48) m.
- Current velocity is (-0.02, 0.11, -0.00) m/s (speed 0.11 m/s).
- Goal position NED is (0.66, 10.83, -2.50) m.
- Output contract: predict exactly 5 waypoint x/y pairs in NED. The planner will set every waypoint z to goal z = -2.50 m before execution.
- Goal delta from current state is (6.12, 11.01, -0.02) m with distance 12.60 m.
- Obstacle pipeline: depth_camera_to_body_to_ned_current_frame.
- Current depth frame obstacle points projected into NED: 115. Nearest depth obstacle in NED is at (-7.34, 2.06, -2.30) m, relative vector (-1.88, 2.24, 0.18) m, distance 2.93 m.
- Depth validity fraction is 0.61. Global nearest obstacle distance is 2.25 m.
- Sector minimum distances [far_left, left, center, right, far_right] are [2.25, 3.73, 4.98, 4.98, 4.97] m.
- Nearest obstacle sector is far_left at 2.25 m and clearance status is caution.
- Lateral planning hint: right side is clearer.","{""waypoints"":[{""x"":-5.559600706954502,""y"":0.551015590553853},{""x"":-5.615570856208233,""y"":1.0435529039866887},{""x"":-5.671541005461965,""y"":1.5360902174195243},{""x"":-5.727511154715696,""y"":2.0286275308523605},{""x"":-5.7834813039694275,""y"":2.521164844285196}],""reasoning"":""Selected waypoint 0 moves the reference anchor from 12.41 m to 12.02 m from goal immediately and to 10.52 m by the final waypoint, so progress is 0.40 m selected / 1.90 m final and passes with monotonic goal-distance reduction. Kinematics is evaluated on 5 unique label waypoint(s), excluding consecutive duplicate terminal holds, and checks only that the trajectory stays within the configured bounds speed <= 15.00 m/s and acceleration <= 8.00 m/s^2, so kinematics passes. Goal is not reached within this label waypoint window. Safety passes: minimum clearance 1.71 m against manifest obstacles with 0 violating segment(s).""}",-5.559600706954502,0.551015590553853,-2.5,-5.615570856208233,1.0435529039866887,-2.5,-5.671541005461965,1.5360902174195243,-2.5,-5.727511154715696,2.0286275308523605,-2.5,-5.7834813039694275,2.521164844285196,-2.5
1773846835.664047241,1773846835.664047241,0.000,offline_ground_truth_window,"Environment section (T(v)):
- Current position NED is (-5.51, 0.31, -2.49) m.
- Current velocity is (-0.01, 0.10, 0.00) m/s (speed 0.10 m/s).
- Goal position NED is (0.66, 10.83, -2.50) m.
- Output contract: predict exactly 5 waypoint x/y pairs in NED. The planner will set every waypoint z to goal z = -2.50 m before execution.
- Goal delta from current state is (6.18, 10.52, -0.01) m with distance 12.20 m.
- Obstacle pipeline: depth_camera_to_body_to_ned_current_frame.
- Current depth frame obstacle points projected into NED: 116. Nearest depth obstacle in NED is at (-7.45, 2.58, -1.87) m, relative vector (-1.93, 2.27, 0.62) m, distance 3.04 m.
- Depth validity fraction is 0.61. Global nearest obstacle distance is 2.30 m.
- Sector minimum distances [far_left, left, center, right, far_right] are [2.30, 3.81, 4.96, 4.96, 4.95] m.
- Nearest obstacle sector is far_left at 2.30 m and clearance status is caution.
- Lateral planning hint: right side is clearer.","{""waypoints"":[{""x"":-5.615570856208233,""y"":1.0435529039866887},{""x"":-5.671541005461965,""y"":1.5360902174195243},{""x"":-5.727511154715696,""y"":2.0286275308523605},{""x"":-5.7834813039694275,""y"":2.521164844285196},{""x"":-5.839451453223157,""y"":3.013702157718032}],""reasoning"":""Selected waypoint 0 moves the reference anchor from 12.02 m to 11.63 m from goal immediately and to 10.17 m by the final waypoint, so progress is 0.39 m selected / 1.85 m final and passes with monotonic goal-distance reduction. Kinematics is evaluated on 5 unique label waypoint(s), excluding consecutive duplicate terminal holds, and checks only that the trajectory stays within the configured bounds speed <= 15.00 m/s and acceleration <= 8.00 m/s^2, so kinematics passes. Goal is not reached within this label waypoint window. Safety passes: minimum clearance 1.77 m against manifest obstacles with 0 violating segment(s).""}",-5.615570856208233,1.0435529039866887,-2.5,-5.671541005461965,1.5360902174195243,-2.5,-5.727511154715696,2.0286275308523605,-2.5,-5.7834813039694275,2.521164844285196,-2.5,-5.839451453223157,3.013702157718032,-2.5
1773846840.565980673,1773846840.565980673,0.000,offline_ground_truth_window,"Environment section (T(v)):
- Current position NED is (-5.57, 0.80, -2.48) m.
- Current velocity is (-0.01, 0.08, 0.00) m/s (speed 0.08 m/s).
- Goal position NED is (0.66, 10.83, -2.50) m.
- Output contract: predict exactly 5 waypoint x/y pairs in NED. The planner will set every waypoint z to goal z = -2.50 m before execution.
- Goal delta from current state is (6.24, 10.03, -0.02) m with distance 11.81 m.
- Obstacle pipeline: depth_camera_to_body_to_ned_current_frame.
- Current depth frame obstacle points projected into NED: 109. Nearest depth obstacle in NED is at (-7.57, 3.15, -2.33) m, relative vector (-2.00, 2.35, 0.15) m, distance 3.09 m.
- Depth validity fraction is 0.61. Global nearest obstacle distance is 2.38 m.
- Sector minimum distances [far_left, left, center, right, far_right] are [2.38, 3.95, 5.01, 5.01, 5.01] m.
- Nearest obstacle sector is far_left at 2.38 m and clearance status is caution.
- Lateral planning hint: right side is clearer.","{""waypoints"":[{""x"":-5.671541005461965,""y"":1.5360902174195243},{""x"":-5.727511154715696,""y"":2.0286275308523605},{""x"":-5.7834813039694275,""y"":2.521164844285196},{""x"":-5.839451453223157,""y"":3.013702157718032},{""x"":-5.895421602476889,""y"":3.5062394711508675}],""reasoning"":""Selected waypoint 0 moves the reference anchor from 11.63 m to 11.25 m from goal immediately and to 9.83 m by the final waypoint, so progress is 0.38 m selected / 1.80 m final and passes with monotonic goal-distance reduction. Kinematics is evaluated on 5 unique label waypoint(s), excluding consecutive duplicate terminal holds, and checks only that the trajectory stays within the configured bounds speed <= 15.00 m/s and acceleration <= 8.00 m/s^2, so kinematics passes. Goal is not reached within this label waypoint window. Safety passes: minimum clearance 1.83 m against manifest obstacles with 0 violating segment(s).""}",-5.671541005461965,1.5360902174195243,-2.5,-5.727511154715696,2.0286275308523605,-2.5,-5.7834813039694275,2.521164844285196,-2.5,-5.839451453223157,3.013702157718032,-2.5,-5.895421602476889,3.5062394711508675,-2.5
1773846846.866510868,1773846846.866510868,0.000,offline_ground_truth_window,"Environment section (T(v)):
- Current position NED is (-5.64, 1.29, -2.49) m.
- Current velocity is (-0.01, 0.06, 0.01) m/s (speed 0.06 m/s).
- Goal position NED is (0.66, 10.83, -2.50) m.
- Output contract: predict exactly 5 waypoint x/y pairs in NED. The planner will set every waypoint z to goal z = -2.50 m before execution.
- Goal delta from current state is (6.30, 9.54, -0.01) m with distance 11.43 m.
- Obstacle pipeline: depth_camera_to_body_to_ned_current_frame.
- Current depth frame obstacle points projected into NED: 103. Nearest depth obstacle in NED is at (-7.75, 3.79, -2.36) m, relative vector (-2.12, 2.50, 0.13) m, distance 3.28 m.
- Depth validity fraction is 0.60. Global nearest obstacle distance is 2.53 m.
- Sector minimum distances [far_left, left, center, right, far_right] are [2.53, 4.19, 5.06, 5.06, 5.06] m.
- Nearest obstacle sector is far_left at 2.53 m and clearance status is caution.
- Lateral planning hint: right side is clearer.","{""waypoints"":[{""x"":-5.727511154715696,""y"":2.0286275308523605},{""x"":-5.7834813039694275,""y"":2.521164844285196},{""x"":-5.839451453223157,""y"":3.013702157718032},{""x"":-5.895421602476889,""y"":3.5062394711508675},{""x"":-5.95139175173062,""y"":3.998776784583704}],""reasoning"":""Selected waypoint 0 moves the reference anchor from 11.25 m to 10.88 m from goal immediately and to 9.51 m by the final waypoint, so progress is 0.37 m selected / 1.74 m final and passes with monotonic goal-distance reduction. Kinematics is evaluated on 5 unique label waypoint(s), excluding consecutive duplicate terminal holds, and checks only that the trajectory stays within the configured bounds speed <= 15.00 m/s and acceleration <= 8.00 m/s^2, so kinematics passes. Goal is not reached within this label waypoint window. Safety passes: minimum clearance 1.88 m against manifest obstacles with 0 violating segment(s).""}",-5.727511154715696,2.0286275308523605,-2.5,-5.7834813039694275,2.521164844285196,-2.5,-5.839451453223157,3.013702157718032,-2.5,-5.895421602476889,3.5062394711508675,-2.5,-5.95139175173062,3.998776784583704,-2.5
1773846851.858315706,1773846851.858315706,0.000,offline_ground_truth_window,"Environment section (T(v)):
- Current position NED is (-5.71, 1.78, -2.50) m.
- Current velocity is (-0.01, 0.09, 0.00) m/s (speed 0.09 m/s).
- Goal position NED is (0.66, 10.83, -2.50) m.
- Output contract: predict exactly 5 waypoint x/y pairs in NED. The planner will set every waypoint z to goal z = -2.50 m before execution.
- Goal delta from current state is (6.37, 9.05, -0.00) m with distance 11.06 m.
- Obstacle pipeline: depth_camera_to_body_to_ned_current_frame.
- Current depth frame obstacle points projected into NED: 126. Nearest depth obstacle in NED is at (-7.89, 4.32, -2.64) m, relative vector (-2.19, 2.54, -0.14) m, distance 3.35 m.
- Depth validity fraction is 0.60. Global nearest obstacle distance is 2.61 m.
- Sector minimum distances [far_left, left, center, right, far_right] are [2.61, 4.31, 5.05, 5.04, 5.04] m.
- Nearest obstacle sector is far_left at 2.61 m and clearance status is caution.
- Lateral planning hint: right side is clearer.","{""waypoints"":[{""x"":-5.7834813039694275,""y"":2.521164844285196},{""x"":-5.839451453223157,""y"":3.013702157718032},{""x"":-5.895421602476889,""y"":3.5062394711508675},{""x"":-5.95139175173062,""y"":3.998776784583704},{""x"":-6.0073619009843515,""y"":4.491314098016539}],""reasoning"":""Selected waypoint 0 moves the reference anchor from 10.88 m to 10.52 m from goal immediately and to 9.20 m by the final waypoint, so progress is 0.36 m selected / 1.67 m final and passes with monotonic goal-distance reduction. Kinematics is evaluated on 5 unique label waypoint(s), excluding consecutive duplicate terminal holds, and checks only that the trajectory stays within the configured bounds speed <= 15.00 m/s and acceleration <= 8.00 m/s^2, so kinematics passes. Goal is not reached within this label waypoint window. Safety passes: minimum clearance 1.94 m against manifest obstacles with 0 violating segment(s).""}",-5.7834813039694275,2.521164844285196,-2.5,-5.839451453223157,3.013702157718032,-2.5,-5.895421602476889,3.5062394711508675,-2.5,-5.95139175173062,3.998776784583704,-2.5,-6.0073619009843515,4.491314098016539,-2.5
1773846857.434788942,1773846857.434788942,0.000,offline_ground_truth_window,"Environment section (T(v)):
- Current position NED is (-5.75, 2.28, -2.51) m.
- Current velocity is (-0.02, 0.08, 0.01) m/s (speed 0.08 m/s).
- Goal position NED is (0.66, 10.83, -2.50) m.
- Output contract: predict exactly 5 waypoint x/y pairs in NED. The planner will set every waypoint z to goal z = -2.50 m before execution.
- Goal delta from current state is (6.41, 8.55, 0.01) m with distance 10.69 m.
- Obstacle pipeline: depth_camera_to_body_to_ned_current_frame.
- Current depth frame obstacle points projected into NED: 116. Nearest depth obstacle in NED is at (-7.99, 4.89, -2.48) m, relative vector (-2.24, 2.61, 0.03) m, distance 3.44 m.
- Depth validity fraction is 0.60. Global nearest obstacle distance is 2.67 m.
- Sector minimum distances [far_left, left, center, right, far_right] are [2.67, 4.42, 5.13, 5.14, 5.08] m.
- Nearest obstacle sector is far_left at 2.67 m and clearance status is caution.
- Lateral planning hint: right side is clearer.","{""waypoints"":[{""x"":-5.839451453223157,""y"":3.013702157718032},{""x"":-5.895421602476889,""y"":3.5062394711508675},{""x"":-5.95139175173062,""y"":3.998776784583704},{""x"":-6.0073619009843515,""y"":4.491314098016539},{""x"":-6.063332050238083,""y"":4.9838514114493755}],""reasoning"":""Selected waypoint 0 moves the reference anchor from 10.52 m to 10.17 m from goal immediately and to 8.91 m by the final waypoint, so progress is 0.35 m selected / 1.60 m final and passes with monotonic goal-distance reduction. Kinematics is evaluated on 5 unique label waypoint(s), excluding consecutive duplicate terminal holds, and checks only that the trajectory stays within the configured bounds speed <= 15.00 m/s and acceleration <= 8.00 m/s^2, so kinematics passes. Goal is not reached within this label waypoint window. Safety passes: minimum clearance 1.99 m against manifest obstacles with 0 violating segment(s).""}",-5.839451453223157,3.013702157718032,-2.5,-5.895421602476889,3.5062394711508675,-2.5,-5.95139175173062,3.998776784583704,-2.5,-6.0073619009843515,4.491314098016539,-2.5,-6.063332050238083,4.9838514114493755,-2.5
1773846862.110678434,1773846862.110678434,0.000,offline_ground_truth_window,"Environment section (T(v)):
- Current position NED is (-5.80, 2.77, -2.51) m.
- Current velocity is (-0.02, 0.09, 0.01) m/s (speed 0.10 m/s).
- Goal position NED is (0.66, 10.83, -2.50) m.
- Output contract: predict exactly 5 waypoint x/y pairs in NED. The planner will set every waypoint z to goal z = -2.50 m before execution.
- Goal delta from current state is (6.46, 8.06, 0.01) m with distance 10.33 m.
- Obstacle pipeline: depth_camera_to_body_to_ned_current_frame.
- Current depth frame obstacle points projected into NED: 112. Nearest depth obstacle in NED is at (-8.08, 5.43, -2.51) m, relative vector (-2.28, 2.66, -0.00) m, distance 3.50 m.
- Depth validity fraction is 0.60. Global nearest obstacle distance is 2.73 m.
- Sector minimum distances [far_left, left, center, right, far_right] are [2.73, 4.52, 5.12, 5.13, 4.61] m.
- Nearest obstacle sector is far_left at 2.73 m and clearance status is caution.
- Lateral planning hint: right side is clearer.","{""waypoints"":[{""x"":-5.895421602476889,""y"":3.5062394711508675},{""x"":-5.95139175173062,""y"":3.998776784583704},{""x"":-6.0073619009843515,""y"":4.491314098016539},{""x"":-6.063332050238083,""y"":4.9838514114493755},{""x"":-6.119302199491814,""y"":5.476388724882211}],""reasoning"":""Selected waypoint 0 moves the reference anchor from 10.17 m to 9.83 m from goal immediately and to 8.64 m by the final waypoint, so progress is 0.34 m selected / 1.53 m final and passes with monotonic goal-distance reduction. Kinematics is evaluated on 5 unique label waypoint(s), excluding consecutive duplicate terminal holds, and checks only that the trajectory stays within the configured bounds speed <= 15.00 m/s and acceleration <= 8.00 m/s^2, so kinematics passes. Goal is not reached within this label waypoint window. Safety passes: minimum clearance 2.05 m against manifest obstacles with 0 violating segment(s).""}",-5.895421602476889,3.5062394711508675,-2.5,-5.95139175173062,3.998776784583704,-2.5,-6.0073619009843515,4.491314098016539,-2.5,-6.063332050238083,4.9838514114493755,-2.5,-6.119302199491814,5.476388724882211,-2.5
1773846867.498213530,1773846867.498213530,0.000,offline_ground_truth_window,"Environment section (T(v)):
- Current position NED is (-5.88, 3.26, -2.50) m.
- Current velocity is (-0.01, 0.10, 0.01) m/s (speed 0.11 m/s).
- Goal position NED is (0.66, 10.83, -2.50) m.
- Output contract: predict exactly 5 waypoint x/y pairs in NED. The planner will set every waypoint z to goal z = -2.50 m before execution.
- Goal delta from current state is (6.55, 7.57, -0.00) m with distance 10.01 m.
- Obstacle pipeline: depth_camera_to_body_to_ned_current_frame.
- Current depth frame obstacle points projected into NED: 98. Nearest depth obstacle in NED is at (-8.23, 6.04, -2.49) m, relative vector (-2.35, 2.78, 0.01) m, distance 3.64 m.
- Depth validity fraction is 0.60. Global nearest obstacle distance is 2.81 m.
- Sector minimum distances [far_left, left, center, right, far_right] are [2.81, 4.65, 5.05, 5.05, 4.11] m.
- Nearest obstacle sector is far_left at 2.81 m and clearance status is caution.
- Lateral planning hint: right side is clearer.","{""waypoints"":[{""x"":-5.95139175173062,""y"":3.998776784583704},{""x"":-6.0073619009843515,""y"":4.491314098016539},{""x"":-6.063332050238083,""y"":4.9838514114493755},{""x"":-6.119302199491814,""y"":5.476388724882211},{""x"":-6.175272348745546,""y"":5.968926038315048}],""reasoning"":""Selected waypoint 0 moves the reference anchor from 9.83 m to 9.51 m from goal immediately and to 8.39 m by the final waypoint, so progress is 0.32 m selected / 1.44 m final and passes with monotonic goal-distance reduction. Kinematics is evaluated on 5 unique label waypoint(s), excluding consecutive duplicate terminal holds, and checks only that the trajectory stays within the configured bounds speed <= 15.00 m/s and acceleration <= 8.00 m/s^2, so kinematics passes. Goal is not reached within this label waypoint window. Safety passes: minimum clearance 2.11 m against manifest obstacles with 0 violating segment(s).""}",-5.95139175173062,3.998776784583704,-2.5,-6.0073619009843515,4.491314098016539,-2.5,-6.063332050238083,4.9838514114493755,-2.5,-6.119302199491814,5.476388724882211,-2.5,-6.175272348745546,5.968926038315048,-2.5
1773846872.385480881,1773846872.385480881,0.000,offline_ground_truth_window,"Environment section (T(v)):
- Current position NED is (-5.91, 3.76, -2.50) m.
- Current velocity is (-0.02, 0.11, 0.01) m/s (speed 0.12 m/s).
- Goal position NED is (0.66, 10.83, -2.50) m.
- Output contract: predict exactly 5 waypoint x/y pairs in NED. The planner will set every waypoint z to goal z = -2.50 m before execution.
- Goal delta from current state is (6.58, 7.07, 0.00) m with distance 9.66 m.
- Obstacle pipeline: depth_camera_to_body_to_ned_current_frame.
- Current depth frame obstacle points projected into NED: 95. Nearest depth obstacle in NED is at (-8.33, 6.56, -2.06) m, relative vector (-2.41, 2.80, 0.45) m, distance 3.72 m.
- Depth validity fraction is 0.60. Global nearest obstacle distance is 2.88 m.
- Sector minimum distances [far_left, left, center, right, far_right] are [2.88, 4.77, 5.08, 5.07, 3.60] m.
- Nearest obstacle sector is far_left at 2.88 m and clearance status is caution.
- Lateral planning hint: right side is clearer.","{""waypoints"":[{""x"":-6.0073619009843515,""y"":4.491314098016539},{""x"":-6.063332050238083,""y"":4.9838514114493755},{""x"":-6.119302199491814,""y"":5.476388724882211},{""x"":-6.175272348745546,""y"":5.968926038315048},{""x"":-6.231242497999277,""y"":6.4614633517478826}],""reasoning"":""Selected waypoint 0 moves the reference anchor from 9.51 m to 9.20 m from goal immediately and to 8.16 m by the final waypoint, so progress is 0.31 m selected / 1.35 m final and passes with monotonic goal-distance reduction. Kinematics is evaluated on 5 unique label waypoint(s), excluding consecutive duplicate terminal holds, and checks only that the trajectory stays within the configured bounds speed <= 15.00 m/s and acceleration <= 8.00 m/s^2, so kinematics passes. Goal is not reached within this label waypoint window. Safety passes: minimum clearance 2.16 m against manifest obstacles with 0 violating segment(s).""}",-6.0073619009843515,4.491314098016539,-2.5,-6.063332050238083,4.9838514114493755,-2.5,-6.119302199491814,5.476388724882211,-2.5,-6.175272348745546,5.968926038315048,-2.5,-6.231242497999277,6.4614633517478826,-2.5
1773846877.563472748,1773846877.563472748,0.000,offline_ground_truth_window,"Environment section (T(v)):
- Current position NED is (-6.02, 4.24, -2.49) m.
- Current velocity is (-0.01, 0.08, 0.01) m/s (speed 0.08 m/s).
- Goal position NED is (0.66, 10.83, -2.50) m.
- Output contract: predict exactly 5 waypoint x/y pairs in NED. The planner will set every waypoint z to goal z = -2.50 m before execution.
- Goal delta from current state is (6.68, 6.59, -0.01) m with distance 9.39 m.
- Obstacle pipeline: depth_camera_to_body_to_ned_current_frame.
- Current depth frame obstacle points projected into NED: 99. Nearest depth obstacle in NED is at (-8.54, 7.17, -2.39) m, relative vector (-2.52, 2.93, 0.10) m, distance 3.86 m.
- Depth validity fraction is 0.59. Global nearest obstacle distance is 3.00 m.
- Sector minimum distances [far_left, left, center, right, far_right] are [3.00, 4.98, 5.00, 5.01, 3.17] m.
- Nearest obstacle sector is far_left at 3.00 m and clearance status is clear.
- Lateral planning hint: prefer center progress.","{""waypoints"":[{""x"":-6.063332050238083,""y"":4.9838514114493755},{""x"":-6.119302199491814,""y"":5.476388724882211},{""x"":-6.175272348745546,""y"":5.968926038315048},{""x"":-6.231242497999277,""y"":6.4614633517478826},{""x"":-6.287212647253009,""y"":6.954000665180718}],""reasoning"":""Selected waypoint 0 moves the reference anchor from 9.20 m to 8.91 m from goal immediately and to 7.96 m by the final waypoint, so progress is 0.29 m selected / 1.24 m final and passes with monotonic goal-distance reduction. Kinematics is evaluated on 5 unique label waypoint(s), excluding consecutive duplicate terminal holds, and checks only that the trajectory stays within the configured bounds speed <= 15.00 m/s and acceleration <= 8.00 m/s^2, so kinematics passes. Goal is not reached within this label waypoint window. Safety passes: minimum clearance 2.11 m against manifest obstacles with 0 violating segment(s).""}",-6.063332050238083,4.9838514114493755,-2.5,-6.119302199491814,5.476388724882211,-2.5,-6.175272348745546,5.968926038315048,-2.5,-6.231242497999277,6.4614633517478826,-2.5,-6.287212647253009,6.954000665180718,-2.5
1773846882.717313051,1773846882.717313051,0.000,offline_ground_truth_window,"Environment section (T(v)):
- Current position NED is (-6.00, 4.75, -2.48) m.
- Current velocity is (-0.02, 0.07, 0.01) m/s (speed 0.07 m/s).
- Goal position NED is (0.66, 10.83, -2.50) m.
- Output contract: predict exactly 5 waypoint x/y pairs in NED. The planner will set every waypoint z to goal z = -2.50 m before execution.
- Goal delta from current state is (6.67, 6.08, -0.02) m with distance 9.02 m.
- Obstacle pipeline: depth_camera_to_body_to_ned_current_frame.
- Current depth frame obstacle points projected into NED: 88. Nearest depth obstacle in NED is at (-8.51, 7.66, -2.66) m, relative vector (-2.50, 2.91, -0.17) m, distance 3.85 m.
- Depth validity fraction is 0.57. Global nearest obstacle distance is 2.99 m.
- Sector minimum distances [far_left, left, center, right, far_right] are [2.99, 4.96, 5.04, 5.04, 5.04] m.
- Nearest obstacle sector is far_left at 2.99 m and clearance status is caution.
- Lateral planning hint: right side is clearer.","{""waypoints"":[{""x"":-6.119302199491814,""y"":5.476388724882211},{""x"":-6.175272348745546,""y"":5.968926038315048},{""x"":-6.231242497999277,""y"":6.4614633517478826},{""x"":-6.287212647253009,""y"":6.954000665180718},{""x"":-6.34318279650674,""y"":7.446537978613554}],""reasoning"":""Selected waypoint 0 moves the reference anchor from 8.91 m to 8.64 m from goal immediately and to 7.78 m by the final waypoint, so progress is 0.27 m selected / 1.13 m final and passes with monotonic goal-distance reduction. Kinematics is evaluated on 5 unique label waypoint(s), excluding consecutive duplicate terminal holds, and checks only that the trajectory stays within the configured bounds speed <= 15.00 m/s and acceleration <= 8.00 m/s^2, so kinematics passes. Goal is not reached within this label waypoint window. Safety passes: minimum clearance 1.93 m against manifest obstacles with 0 violating segment(s).""}",-6.119302199491814,5.476388724882211,-2.5,-6.175272348745546,5.968926038315048,-2.5,-6.231242497999277,6.4614633517478826,-2.5,-6.287212647253009,6.954000665180718,-2.5,-6.34318279650674,7.446537978613554,-2.5
1773846888.147378683,1773846888.147378683,0.000,offline_ground_truth_window,"Environment section (T(v)):
- Current position NED is (-6.09, 5.23, -2.49) m.
- Current velocity is (-0.03, 0.10, -0.00) m/s (speed 0.10 m/s).
- Goal position NED is (0.66, 10.83, -2.50) m.
- Output contract: predict exactly 5 waypoint x/y pairs in NED. The planner will set every waypoint z to goal z = -2.50 m before execution.
- Goal delta from current state is (6.75, 5.60, -0.01) m with distance 8.77 m.
- Obstacle pipeline: depth_camera_to_body_to_ned_current_frame.
- Current depth frame obstacle points projected into NED: 91. Nearest depth obstacle in NED is at (-8.71, 8.39, -1.71) m, relative vector (-2.63, 3.16, 0.78) m, distance 4.18 m.
- Depth validity fraction is 0.57. Global nearest obstacle distance is 3.13 m.
- Sector minimum distances [far_left, left, center, right, far_right] are [3.13, 5.05, 5.06, 5.06, 5.06] m.
- Nearest obstacle sector is far_left at 3.13 m and clearance status is clear.
- Lateral planning hint: right side is clearer.","{""waypoints"":[{""x"":-6.175272348745546,""y"":5.968926038315048},{""x"":-6.231242497999277,""y"":6.4614633517478826},{""x"":-6.287212647253009,""y"":6.954000665180718},{""x"":-6.34318279650674,""y"":7.446537978613554},{""x"":-6.399152945760472,""y"":7.93907529204639}],""reasoning"":""Selected waypoint 0 moves the reference anchor from 8.64 m to 8.39 m from goal immediately and to 7.63 m by the final waypoint, so progress is 0.25 m selected / 1.01 m final and passes with monotonic goal-distance reduction. Kinematics is evaluated on 5 unique label waypoint(s), excluding consecutive duplicate terminal holds, and checks only that the trajectory stays within the configured bounds speed <= 15.00 m/s and acceleration <= 8.00 m/s^2, so kinematics passes. Goal is not reached within this label waypoint window. Safety passes: minimum clearance 1.84 m against manifest obstacles with 0 violating segment(s).""}",-6.175272348745546,5.968926038315048,-2.5,-6.231242497999277,6.4614633517478826,-2.5,-6.287212647253009,6.954000665180718,-2.5,-6.34318279650674,7.446537978613554,-2.5,-6.399152945760472,7.93907529204639,-2.5
1773846893.947306156,1773846893.947306156,0.000,offline_ground_truth_window,"Environment section (T(v)):
- Current position NED is (-6.17, 5.73, -2.51) m.
- Current velocity is (-0.01, 0.09, 0.01) m/s (speed 0.09 m/s).
- Goal position NED is (0.66, 10.83, -2.50) m.
- Output contract: predict exactly 5 waypoint x/y pairs in NED. The planner will set every waypoint z to goal z = -2.50 m before execution.
- Goal delta from current state is (6.83, 5.10, 0.01) m with distance 8.53 m.
- Obstacle pipeline: depth_camera_to_body_to_ned_current_frame.
- Current depth frame obstacle points projected into NED: 84. Nearest depth obstacle in NED is at (-8.85, 8.89, -2.36) m, relative vector (-2.68, 3.16, 0.16) m, distance 4.15 m.
- Depth validity fraction is 0.56. Global nearest obstacle distance is 3.23 m.
- Sector minimum distances [far_left, left, center, right, far_right] are [3.23, 5.08, 5.09, 5.09, 5.09] m.
- Nearest obstacle sector is far_left at 3.23 m and clearance status is clear.
- Lateral planning hint: right side is clearer.","{""waypoints"":[{""x"":-6.231242497999277,""y"":6.4614633517478826},{""x"":-6.287212647253009,""y"":6.954000665180718},{""x"":-6.34318279650674,""y"":7.446537978613554},{""x"":-6.399152945760472,""y"":7.93907529204639},{""x"":-6.455123095014203,""y"":8.431612605479225}],""reasoning"":""Selected waypoint 0 moves the reference anchor from 8.39 m to 8.16 m from goal immediately and to 7.51 m by the final waypoint, so progress is 0.23 m selected / 0.88 m final and passes with monotonic goal-distance reduction. Kinematics is evaluated on 5 unique label waypoint(s), excluding consecutive duplicate terminal holds, and checks only that the trajectory stays within the configured bounds speed <= 15.00 m/s and acceleration <= 8.00 m/s^2, so kinematics passes. Goal is not reached within this label waypoint window. Safety passes: minimum clearance 1.84 m against manifest obstacles with 0 violating segment(s).""}",-6.231242497999277,6.4614633517478826,-2.5,-6.287212647253009,6.954000665180718,-2.5,-6.34318279650674,7.446537978613554,-2.5,-6.399152945760472,7.93907529204639,-2.5,-6.455123095014203,8.431612605479225,-2.5
1773846898.676091433,1773846898.676091433,0.000,offline_ground_truth_window,"Environment section (T(v)):
- Current position NED is (-6.19, 6.22, -2.50) m.
- Current velocity is (-0.02, 0.11, 0.01) m/s (speed 0.11 m/s).
- Goal position NED is (0.66, 10.83, -2.50) m.
- Output contract: predict exactly 5 waypoint x/y pairs in NED. The planner will set every waypoint z to goal z = -2.50 m before execution.
- Goal delta from current state is (6.86, 4.61, 0.00) m with distance 8.26 m.
- Obstacle pipeline: depth_camera_to_body_to_ned_current_frame.
- Current depth frame obstacle points projected into NED: 89. Nearest depth obstacle in NED is at (-8.90, 9.45, -2.24) m, relative vector (-2.71, 3.23, 0.27) m, distance 4.22 m.
- Depth validity fraction is 0.56. Global nearest obstacle distance is 3.26 m.
- Sector minimum distances [far_left, left, center, right, far_right] are [3.26, 5.09, 5.09, 5.10, 5.10] m.
- Nearest obstacle sector is far_left at 3.26 m and clearance status is clear.
- Lateral planning hint: right side is clearer.","{""waypoints"":[{""x"":-6.287212647253009,""y"":6.954000665180718},{""x"":-6.34318279650674,""y"":7.446537978613554},{""x"":-6.399152945760472,""y"":7.93907529204639},{""x"":-6.455123095014203,""y"":8.431612605479225},{""x"":-6.511093244267935,""y"":8.924149918912063}],""reasoning"":""Selected waypoint 0 moves the reference anchor from 8.16 m to 7.96 m from goal immediately and to 7.42 m by the final waypoint, so progress is 0.20 m selected / 0.74 m final and passes with monotonic goal-distance reduction. Kinematics is evaluated on 5 unique label waypoint(s), excluding consecutive duplicate terminal holds, and checks only that the trajectory stays within the configured bounds speed <= 15.00 m/s and acceleration <= 8.00 m/s^2, so kinematics passes. Goal is not reached within this label waypoint window. Safety passes: minimum clearance 1.84 m against manifest obstacles with 0 violating segment(s).""}",-6.287212647253009,6.954000665180718,-2.5,-6.34318279650674,7.446537978613554,-2.5,-6.399152945760472,7.93907529204639,-2.5,-6.455123095014203,8.431612605479225,-2.5,-6.511093244267935,8.924149918912063,-2.5
1773846904.140907288,1773846904.140907288,0.000,offline_ground_truth_window,"Environment section (T(v)):
- Current position NED is (-6.22, 6.72, -2.49) m.
- Current velocity is (-0.02, 0.08, 0.01) m/s (speed 0.08 m/s).
- Goal position NED is (0.66, 10.83, -2.50) m.
- Output contract: predict exactly 5 waypoint x/y pairs in NED. The planner will set every waypoint z to goal z = -2.50 m before execution.
- Goal delta from current state is (6.89, 4.12, -0.01) m with distance 8.02 m.
- Obstacle pipeline: depth_camera_to_body_to_ned_current_frame.
- Current depth frame obstacle points projected into NED: 89. Nearest depth obstacle in NED is at (-8.97, 9.96, -2.22) m, relative vector (-2.74, 3.24, 0.27) m, distance 4.26 m.
- Depth validity fraction is 0.56. Global nearest obstacle distance is 3.31 m.
- Sector minimum distances [far_left, left, center, right, far_right] are [3.31, 5.07, 5.07, 5.06, 5.06] m.
- Nearest obstacle sector is far_left at 3.31 m and clearance status is clear.
- Lateral planning hint: right side is clearer.","{""waypoints"":[{""x"":-6.34318279650674,""y"":7.446537978613554},{""x"":-6.399152945760472,""y"":7.93907529204639},{""x"":-6.455123095014203,""y"":8.431612605479225},{""x"":-6.511093244267935,""y"":8.924149918912063},{""x"":-6.567063393521666,""y"":9.416687232344898}],""reasoning"":""Selected waypoint 0 moves the reference anchor from 7.96 m to 7.78 m from goal immediately and to 7.37 m by the final waypoint, so progress is 0.18 m selected / 0.59 m final and passes with monotonic goal-distance reduction. Kinematics is evaluated on 5 unique label waypoint(s), excluding consecutive duplicate terminal holds, and checks only that the trajectory stays within the configured bounds speed <= 15.00 m/s and acceleration <= 8.00 m/s^2, so kinematics passes. Goal is not reached within this label waypoint window. Safety passes: minimum clearance 1.84 m against manifest obstacles with 0 violating segment(s).""}",-6.34318279650674,7.446537978613554,-2.5,-6.399152945760472,7.93907529204639,-2.5,-6.455123095014203,8.431612605479225,-2.5,-6.511093244267935,8.924149918912063,-2.5,-6.567063393521666,9.416687232344898,-2.5
1773846909.976346016,1773846909.976346016,0.000,offline_ground_truth_window,"Environment section (T(v)):
- Current position NED is (-6.28, 7.21, -2.49) m.
- Current velocity is (-0.02, 0.11, 0.00) m/s (speed 0.11 m/s).
- Goal position NED is (0.66, 10.83, -2.50) m.
- Output contract: predict exactly 5 waypoint x/y pairs in NED. The planner will set every waypoint z to goal z = -2.50 m before execution.
- Goal delta from current state is (6.94, 3.62, -0.01) m with distance 7.83 m.
- Obstacle pipeline: depth_camera_to_body_to_ned_current_frame.
- Current depth frame obstacle points projected into NED: 90. Nearest depth obstacle in NED is at (-9.09, 10.52, -2.42) m, relative vector (-2.81, 3.31, 0.07) m, distance 4.34 m.
- Depth validity fraction is 0.55. Global nearest obstacle distance is 3.38 m.
- Sector minimum distances [far_left, left, center, right, far_right] are [3.38, 5.10, 5.09, 5.08, 5.08] m.
- Nearest obstacle sector is far_left at 3.38 m and clearance status is clear.
- Lateral planning hint: right side is clearer.","{""waypoints"":[{""x"":-6.399152945760472,""y"":7.93907529204639},{""x"":-6.455123095014203,""y"":8.431612605479225},{""x"":-6.511093244267935,""y"":8.924149918912063},{""x"":-6.567063393521666,""y"":9.416687232344898},{""x"":-6.6230335427753975,""y"":9.909224545777734}],""reasoning"":""Selected waypoint 0 moves the reference anchor from 7.78 m to 7.63 m from goal immediately and to 7.35 m by the final waypoint, so progress is 0.15 m selected / 0.44 m final and passes with monotonic goal-distance reduction. Kinematics is evaluated on 5 unique label waypoint(s), excluding consecutive duplicate terminal holds, and checks only that the trajectory stays within the configured bounds speed <= 15.00 m/s and acceleration <= 8.00 m/s^2, so kinematics passes. Goal is not reached within this label waypoint window. Safety passes: minimum clearance 1.84 m against manifest obstacles with 0 violating segment(s).""}",-6.399152945760472,7.93907529204639,-2.5,-6.455123095014203,8.431612605479225,-2.5,-6.511093244267935,8.924149918912063,-2.5,-6.567063393521666,9.416687232344898,-2.5,-6.6230335427753975,9.909224545777734,-2.5
1773846915.460478067,1773846915.460478067,0.000,offline_ground_truth_window,"Environment section (T(v)):
- Current position NED is (-6.35, 7.71, -2.50) m.
- Current velocity is (-0.02, 0.10, 0.01) m/s (speed 0.10 m/s).
- Goal position NED is (0.66, 10.83, -2.50) m.
- Output contract: predict exactly 5 waypoint x/y pairs in NED. The planner will set every waypoint z to goal z = -2.50 m before execution.
- Goal delta from current state is (7.02, 3.13, 0.00) m with distance 7.68 m.
- Obstacle pipeline: depth_camera_to_body_to_ned_current_frame.
- Current depth frame obstacle points projected into NED: 76. Nearest depth obstacle in NED is at (-9.28, 11.14, -2.46) m, relative vector (-2.92, 3.43, 0.04) m, distance 4.51 m.
- Depth validity fraction is 0.55. Global nearest obstacle distance is 3.53 m.
- Sector minimum distances [far_left, left, center, right, far_right] are [3.53, 5.10, 5.10, 5.10, 5.10] m.
- Nearest obstacle sector is far_left at 3.53 m and clearance status is clear.
- Lateral planning hint: right side is clearer.","{""waypoints"":[{""x"":-6.455123095014203,""y"":8.431612605479225},{""x"":-6.511093244267935,""y"":8.924149918912063},{""x"":-6.567063393521666,""y"":9.416687232344898},{""x"":-6.6230335427753975,""y"":9.909224545777734},{""x"":-6.679003692029127,""y"":10.401761859210568}],""reasoning"":""Selected waypoint 0 moves the reference anchor from 7.63 m to 7.51 m from goal immediately and to 7.36 m by the final waypoint, so progress is 0.12 m selected / 0.28 m final and passes with non-monotonic goal-distance reduction. Kinematics is evaluated on 5 unique label waypoint(s), excluding consecutive duplicate terminal holds, and checks only that the trajectory stays within the configured bounds speed <= 15.00 m/s and acceleration <= 8.00 m/s^2, so kinematics passes. Goal is not reached within this label waypoint window. Safety passes: minimum clearance 1.84 m against manifest obstacles with 0 violating segment(s).""}",-6.455123095014203,8.431612605479225,-2.5,-6.511093244267935,8.924149918912063,-2.5,-6.567063393521666,9.416687232344898,-2.5,-6.6230335427753975,9.909224545777734,-2.5,-6.679003692029127,10.401761859210568,-2.5
1773846921.987673283,1773846921.987673283,0.000,offline_ground_truth_window,"Environment section (T(v)):
- Current position NED is (-6.47, 8.19, -2.51) m.
- Current velocity is (-0.00, 0.08, 0.01) m/s (speed 0.08 m/s).
- Goal position NED is (0.66, 10.83, -2.50) m.
- Output contract: predict exactly 5 waypoint x/y pairs in NED. The planner will set every waypoint z to goal z = -2.50 m before execution.
- Goal delta from current state is (7.14, 2.64, 0.01) m with distance 7.61 m.
- Obstacle pipeline: depth_camera_to_body_to_ned_current_frame.
- Current depth frame obstacle points projected into NED: 90. Nearest depth obstacle in NED is at (-9.45, 11.72, -2.77) m, relative vector (-2.98, 3.53, -0.26) m, distance 4.63 m.
- Depth validity fraction is 0.54. Global nearest obstacle distance is 3.63 m.
- Sector minimum distances [far_left, left, center, right, far_right] are [3.63, 5.08, 5.09, 5.09, 5.10] m.
- Nearest obstacle sector is far_left at 3.63 m and clearance status is clear.
- Lateral planning hint: right side is clearer.","{""waypoints"":[{""x"":-6.511093244267935,""y"":8.924149918912063},{""x"":-6.567063393521666,""y"":9.416687232344898},{""x"":-6.6230335427753975,""y"":9.909224545777734},{""x"":-6.679003692029127,""y"":10.401761859210568},{""x"":-6.734973841282859,""y"":10.894299172643406}],""reasoning"":""Selected waypoint 0 moves the reference anchor from 7.51 m to 7.42 m from goal immediately and to 7.40 m by the final waypoint, so progress is 0.09 m selected / 0.11 m final and passes with non-monotonic goal-distance reduction. Kinematics is evaluated on 5 unique label waypoint(s), excluding consecutive duplicate terminal holds, and checks only that the trajectory stays within the configured bounds speed <= 15.00 m/s and acceleration <= 8.00 m/s^2, so kinematics passes. Goal is not reached within this label waypoint window. Safety passes: minimum clearance 1.87 m against manifest obstacles with 0 violating segment(s).""}",-6.511093244267935,8.924149918912063,-2.5,-6.567063393521666,9.416687232344898,-2.5,-6.6230335427753975,9.909224545777734,-2.5,-6.679003692029127,10.401761859210568,-2.5,-6.734973841282859,10.894299172643406,-2.5
1773846927.077418089,1773846927.077418089,0.000,offline_ground_truth_window,"Environment section (T(v)):
- Current position NED is (-6.46, 8.68, -2.48) m.
- Current velocity is (-0.01, 0.08, 0.00) m/s (speed 0.09 m/s).
- Goal position NED is (0.66, 10.83, -2.50) m.
- Output contract: predict exactly 5 waypoint x/y pairs in NED. The planner will set every waypoint z to goal z = -2.50 m before execution.
- Goal delta from current state is (7.12, 2.15, -0.02) m with distance 7.44 m.
- Obstacle pipeline: depth_camera_to_body_to_ned_current_frame.
- Current depth frame obstacle points projected into NED: 84. Nearest depth obstacle in NED is at (-9.42, 12.21, -1.66) m, relative vector (-2.96, 3.52, 0.82) m, distance 4.67 m.
- Depth validity fraction is 0.55. Global nearest obstacle distance is 3.59 m.
- Sector minimum distances [far_left, left, center, right, far_right] are [3.59, 5.07, 5.07, 5.07, 5.07] m.
- Nearest obstacle sector is far_left at 3.59 m and clearance status is clear.
- Lateral planning hint: right side is clearer.","{""waypoints"":[{""x"":-6.567063393521666,""y"":9.416687232344898},{""x"":-6.6230335427753975,""y"":9.909224545777734},{""x"":-6.679003692029127,""y"":10.401761859210568},{""x"":-6.734973841282859,""y"":10.894299172643406},{""x"":-6.79094399053659,""y"":11.386836486076241}],""reasoning"":""Selected waypoint 0 moves the reference anchor from 7.42 m to 7.37 m from goal immediately and to 7.48 m by the final waypoint, so progress is 0.06 m selected / -0.05 m final and fails with non-monotonic goal-distance reduction. Kinematics is evaluated on 5 unique label waypoint(s), excluding consecutive duplicate terminal holds, and checks only that the trajectory stays within the configured bounds speed <= 15.00 m/s and acceleration <= 8.00 m/s^2, so kinematics passes. Goal is not reached within this label waypoint window. Safety passes: minimum clearance 2.00 m against manifest obstacles with 0 violating segment(s).""}",-6.567063393521666,9.416687232344898,-2.5,-6.6230335427753975,9.909224545777734,-2.5,-6.679003692029127,10.401761859210568,-2.5,-6.734973841282859,10.894299172643406,-2.5,-6.79094399053659,11.386836486076241,-2.5
1773846933.961948633,1773846933.961948633,0.000,offline_ground_truth_window,"Environment section (T(v)):
- Current position NED is (-6.51, 9.18, -2.50) m.
- Current velocity is (-0.03, 0.06, 0.00) m/s (speed 0.07 m/s).
- Goal position NED is (0.66, 10.83, -2.50) m.
- Output contract: predict exactly 5 waypoint x/y pairs in NED. The planner will set every waypoint z to goal z = -2.50 m before execution.
- Goal delta from current state is (7.18, 1.66, 0.00) m with distance 7.37 m.
- Obstacle pipeline: depth_camera_to_body_to_ned_current_frame.
- Current depth frame obstacle points projected into NED: 73. Nearest depth obstacle in NED is at (-9.62, 12.88, -2.44) m, relative vector (-3.10, 3.71, 0.06) m, distance 4.83 m.
- Depth validity fraction is 0.54. Global nearest obstacle distance is 3.75 m.
- Sector minimum distances [far_left, left, center, right, far_right] are [3.75, 5.09, 5.10, 5.10, 5.10] m.
- Nearest obstacle sector is far_left at 3.75 m and clearance status is clear.
- Lateral planning hint: right side is clearer.","{""waypoints"":[{""x"":-6.6230335427753975,""y"":9.909224545777734},{""x"":-6.679003692029127,""y"":10.401761859210568},{""x"":-6.734973841282859,""y"":10.894299172643406},{""x"":-6.79094399053659,""y"":11.386836486076241},{""x"":-6.8469141397903215,""y"":11.879373799509077}],""reasoning"":""Selected waypoint 0 moves the reference anchor from 7.37 m to 7.35 m from goal immediately and to 7.58 m by the final waypoint, so progress is 0.02 m selected / -0.22 m final and fails with non-monotonic goal-distance reduction. Kinematics is evaluated on 5 unique label waypoint(s), excluding consecutive duplicate terminal holds, and checks only that the trajectory stays within the configured bounds speed <= 15.00 m/s and acceleration <= 8.00 m/s^2, so kinematics passes. Goal is not reached within this label waypoint window. Safety passes: minimum clearance 2.23 m against manifest obstacles with 0 violating segment(s).""}",-6.6230335427753975,9.909224545777734,-2.5,-6.679003692029127,10.401761859210568,-2.5,-6.734973841282859,10.894299172643406,-2.5,-6.79094399053659,11.386836486076241,-2.5,-6.8469141397903215,11.879373799509077,-2.5
1773846939.063920736,1773846939.063920736,0.000,offline_ground_truth_window,"Environment section (T(v)):
- Current position NED is (-6.59, 9.66, -2.49) m.
- Current velocity is (-0.01, 0.08, 0.01) m/s (speed 0.08 m/s).
- Goal position NED is (0.66, 10.83, -2.50) m.
- Output contract: predict exactly 5 waypoint x/y pairs in NED. The planner will set every waypoint z to goal z = -2.50 m before execution.
- Goal delta from current state is (7.26, 1.17, -0.01) m with distance 7.35 m.
- Obstacle pipeline: depth_camera_to_body_to_ned_current_frame.
- Current depth frame obstacle points projected into NED: 66. Nearest depth obstacle in NED is at (-9.75, 13.38, -1.80) m, relative vector (-3.16, 3.72, 0.70) m, distance 4.93 m.
- Depth validity fraction is 0.53. Global nearest obstacle distance is 3.83 m.
- Sector minimum distances [far_left, left, center, right, far_right] are [3.83, 5.10, 5.10, 5.10, 5.10] m.
- Nearest obstacle sector is far_left at 3.83 m and clearance status is clear.
- Lateral planning hint: right side is clearer.","{""waypoints"":[{""x"":-6.679003692029127,""y"":10.401761859210568},{""x"":-6.734973841282859,""y"":10.894299172643406},{""x"":-6.79094399053659,""y"":11.386836486076241},{""x"":-6.8469141397903215,""y"":11.879373799509077},{""x"":-6.902884289044053,""y"":12.371911112941913}],""reasoning"":""Selected waypoint 0 moves the reference anchor from 7.35 m to 7.36 m from goal immediately and to 7.72 m by the final waypoint, so progress is -0.01 m selected / -0.38 m final and fails with non-monotonic goal-distance reduction. Kinematics is evaluated on 5 unique label waypoint(s), excluding consecutive duplicate terminal holds, and checks only that the trajectory stays within the configured bounds speed <= 15.00 m/s and acceleration <= 8.00 m/s^2, so kinematics passes. Goal is not reached within this label waypoint window. Safety passes: minimum clearance 2.52 m against manifest obstacles with 0 violating segment(s).""}",-6.679003692029127,10.401761859210568,-2.5,-6.734973841282859,10.894299172643406,-2.5,-6.79094399053659,11.386836486076241,-2.5,-6.8469141397903215,11.879373799509077,-2.5,-6.902884289044053,12.371911112941913,-2.5
1773846945.430596113,1773846945.430596113,0.000,offline_ground_truth_window,"Environment section (T(v)):
- Current position NED is (-6.65, 10.16, -2.51) m.
- Current velocity is (-0.01, 0.08, 0.01) m/s (speed 0.08 m/s).
- Goal position NED is (0.66, 10.83, -2.50) m.
- Output contract: predict exactly 5 waypoint x/y pairs in NED. The planner will set every waypoint z to goal z = -2.50 m before execution.
- Goal delta from current state is (7.31, 0.67, 0.01) m with distance 7.34 m.
- Obstacle pipeline: depth_camera_to_body_to_ned_current_frame.
- Current depth frame obstacle points projected into NED: 74. Nearest depth obstacle in NED is at (-9.89, 14.18, -2.32) m, relative vector (-3.25, 4.02, 0.19) m, distance 5.17 m.
- Depth validity fraction is 0.54. Global nearest obstacle distance is 3.91 m.
- Sector minimum distances [far_left, left, center, right, far_right] are [3.91, 5.05, 5.05, 5.05, 5.05] m.
- Nearest obstacle sector is far_left at 3.91 m and clearance status is clear.
- Lateral planning hint: right side is clearer.","{""waypoints"":[{""x"":-6.734973841282859,""y"":10.894299172643406},{""x"":-6.79094399053659,""y"":11.386836486076241},{""x"":-6.8469141397903215,""y"":11.879373799509077},{""x"":-6.902884289044053,""y"":12.371911112941913},{""x"":-6.958854438297784,""y"":12.864448426374748}],""reasoning"":""Selected waypoint 0 moves the reference anchor from 7.36 m to 7.40 m from goal immediately and to 7.89 m by the final waypoint, so progress is -0.04 m selected / -0.53 m final and fails with non-monotonic goal-distance reduction. Kinematics is evaluated on 5 unique label waypoint(s), excluding consecutive duplicate terminal holds, and checks only that the trajectory stays within the configured bounds speed <= 15.00 m/s and acceleration <= 8.00 m/s^2, so kinematics passes. Goal is not reached within this label waypoint window. Safety passes: minimum clearance 2.87 m against manifest obstacles with 0 violating segment(s).""}",-6.734973841282859,10.894299172643406,-2.5,-6.79094399053659,11.386836486076241,-2.5,-6.8469141397903215,11.879373799509077,-2.5,-6.902884289044053,12.371911112941913,-2.5,-6.958854438297784,12.864448426374748,-2.5
1773846949.707458973,1773846949.707458973,0.000,offline_ground_truth_window,"Environment section (T(v)):
- Current position NED is (-6.68, 10.66, -2.50) m.
- Current velocity is (-0.01, 0.14, 0.01) m/s (speed 0.14 m/s).
- Goal position NED is (0.66, 10.83, -2.50) m.
- Output contract: predict exactly 5 waypoint x/y pairs in NED. The planner will set every waypoint z to goal z = -2.50 m before execution.
- Goal delta from current state is (7.35, 0.17, 0.00) m with distance 7.35 m.
- Obstacle pipeline: depth_camera_to_body_to_ned_current_frame.
- Current depth frame obstacle points projected into NED: 55. Nearest depth obstacle in NED is at (-9.96, 14.57, -2.70) m, relative vector (-3.27, 3.91, -0.20) m, distance 5.10 m.
- Depth validity fraction is 0.54. Global nearest obstacle distance is 3.93 m.
- Sector minimum distances [far_left, left, center, right, far_right] are [3.93, 5.05, 5.04, 5.04, 5.03] m.
- Nearest obstacle sector is far_left at 3.93 m and clearance status is clear.
- Lateral planning hint: right side is clearer.","{""waypoints"":[{""x"":-6.79094399053659,""y"":11.386836486076241},{""x"":-6.8469141397903215,""y"":11.879373799509077},{""x"":-6.902884289044053,""y"":12.371911112941913},{""x"":-6.958854438297784,""y"":12.864448426374748},{""x"":-7.014824587551516,""y"":13.356985739807586}],""reasoning"":""Selected waypoint 0 moves the reference anchor from 7.40 m to 7.48 m from goal immediately and to 8.08 m by the final waypoint, so progress is -0.08 m selected / -0.68 m final and fails with non-monotonic goal-distance reduction. Kinematics is evaluated on 5 unique label waypoint(s), excluding consecutive duplicate terminal holds, and checks only that the trajectory stays within the configured bounds speed <= 15.00 m/s and acceleration <= 8.00 m/s^2, so kinematics passes. Goal is not reached within this label waypoint window. Safety passes: minimum clearance 2.95 m against manifest obstacles with 0 violating segment(s).""}",-6.79094399053659,11.386836486076241,-2.5,-6.8469141397903215,11.879373799509077,-2.5,-6.902884289044053,12.371911112941913,-2.5,-6.958854438297784,12.864448426374748,-2.5,-7.014824587551516,13.356985739807586,-2.5
1773846954.425080061,1773846954.425080061,0.000,offline_ground_truth_window,"Environment section (T(v)):
- Current position NED is (-6.76, 11.14, -2.50) m.
- Current velocity is (-0.02, 0.10, 0.01) m/s (speed 0.10 m/s).
- Goal position NED is (0.66, 10.83, -2.50) m.
- Output contract: predict exactly 5 waypoint x/y pairs in NED. The planner will set every waypoint z to goal z = -2.50 m before execution.
- Goal delta from current state is (7.43, -0.31, 0.00) m with distance 7.43 m.
- Obstacle pipeline: depth_camera_to_body_to_ned_current_frame.
- Current depth frame obstacle points projected into NED: 67. Nearest depth obstacle in NED is at (-10.13, 15.11, -2.11) m, relative vector (-3.37, 3.97, 0.40) m, distance 5.23 m.
- Depth validity fraction is 0.53. Global nearest obstacle distance is 4.06 m.
- Sector minimum distances [far_left, left, center, right, far_right] are [4.06, 5.08, 5.08, 5.09, 5.09] m.
- Nearest obstacle sector is far_left at 4.06 m and clearance status is clear.
- Lateral planning hint: right side is clearer.","{""waypoints"":[{""x"":-6.8469141397903215,""y"":11.879373799509077},{""x"":-6.902884289044053,""y"":12.371911112941913},{""x"":-6.958854438297784,""y"":12.864448426374748},{""x"":-7.014824587551516,""y"":13.356985739807586},{""x"":-7.070794736805247,""y"":13.84952305324042}],""reasoning"":""Selected waypoint 0 moves the reference anchor from 7.48 m to 7.58 m from goal immediately and to 8.30 m by the final waypoint, so progress is -0.11 m selected / -0.83 m final and fails with non-monotonic goal-distance reduction. Kinematics is evaluated on 5 unique label waypoint(s), excluding consecutive duplicate terminal holds, and checks only that the trajectory stays within the configured bounds speed <= 15.00 m/s and acceleration <= 8.00 m/s^2, so kinematics passes. Goal is not reached within this label waypoint window. Safety passes: minimum clearance 3.00 m against manifest obstacles with 0 violating segment(s).""}",-6.8469141397903215,11.879373799509077,-2.5,-6.902884289044053,12.371911112941913,-2.5,-6.958854438297784,12.864448426374748,-2.5,-7.014824587551516,13.356985739807586,-2.5,-7.070794736805247,13.84952305324042,-2.5
1773846959.438224077,1773846959.438224077,0.000,offline_ground_truth_window,"Environment section (T(v)):
- Current position NED is (-6.83, 11.63, -2.46) m.
- Current velocity is (-0.02, 0.09, -0.01) m/s (speed 0.10 m/s).
- Goal position NED is (0.66, 10.83, -2.50) m.
- Output contract: predict exactly 5 waypoint x/y pairs in NED. The planner will set every waypoint z to goal z = -2.50 m before execution.
- Goal delta from current state is (7.49, -0.80, -0.04) m with distance 7.53 m.
- Obstacle pipeline: depth_camera_to_body_to_ned_current_frame.
- Current depth frame obstacle points projected into NED: 66. Nearest depth obstacle in NED is at (-10.25, 15.64, -2.00) m, relative vector (-3.43, 4.00, 0.46) m, distance 5.29 m.
- Depth validity fraction is 0.54. Global nearest obstacle distance is 4.14 m.
- Sector minimum distances [far_left, left, center, right, far_right] are [4.14, 4.93, 4.94, 4.94, 4.95] m.
- Nearest obstacle sector is far_left at 4.14 m and clearance status is clear.
- Lateral planning hint: right side is clearer.","{""waypoints"":[{""x"":-6.902884289044053,""y"":12.371911112941913},{""x"":-6.958854438297784,""y"":12.864448426374748},{""x"":-7.014824587551516,""y"":13.356985739807586},{""x"":-7.070794736805247,""y"":13.84952305324042},{""x"":-7.126764886058979,""y"":14.342060366673255}],""reasoning"":""Selected waypoint 0 moves the reference anchor from 7.58 m to 7.72 m from goal immediately and to 8.55 m by the final waypoint, so progress is -0.14 m selected / -0.96 m final and fails with non-monotonic goal-distance reduction. Kinematics is evaluated on 5 unique label waypoint(s), excluding consecutive duplicate terminal holds, and checks only that the trajectory stays within the configured bounds speed <= 15.00 m/s and acceleration <= 8.00 m/s^2, so kinematics passes. Goal is not reached within this label waypoint window. Safety passes: minimum clearance 3.06 m against manifest obstacles with 0 violating segment(s).""}",-6.902884289044053,12.371911112941913,-2.5,-6.958854438297784,12.864448426374748,-2.5,-7.014824587551516,13.356985739807586,-2.5,-7.070794736805247,13.84952305324042,-2.5,-7.126764886058979,14.342060366673255,-2.5
1773846964.305055618,1773846964.305055618,0.000,offline_ground_truth_window,"Environment section (T(v)):
- Current position NED is (-6.87, 12.13, -2.49) m.
- Current velocity is (-0.01, 0.11, 0.00) m/s (speed 0.11 m/s).
- Goal position NED is (0.66, 10.83, -2.50) m.
- Output contract: predict exactly 5 waypoint x/y pairs in NED. The planner will set every waypoint z to goal z = -2.50 m before execution.
- Goal delta from current state is (7.53, -1.30, -0.01) m with distance 7.64 m.
- Obstacle pipeline: depth_camera_to_body_to_ned_current_frame.
- Current depth frame obstacle points projected into NED: 72. Nearest depth obstacle in NED is at (-10.34, 16.19, -2.07) m, relative vector (-3.47, 4.06, 0.42) m, distance 5.36 m.
- Depth validity fraction is 0.53. Global nearest obstacle distance is 4.19 m.
- Sector minimum distances [far_left, left, center, right, far_right] are [4.19, 5.02, 5.02, 5.02, 5.02] m.
- Nearest obstacle sector is far_left at 4.19 m and clearance status is clear.
- Lateral planning hint: right side is clearer.","{""waypoints"":[{""x"":-6.958854438297784,""y"":12.864448426374748},{""x"":-7.014824587551516,""y"":13.356985739807586},{""x"":-7.070794736805247,""y"":13.84952305324042},{""x"":-7.126764886058979,""y"":14.342060366673255},{""x"":-7.18273503531271,""y"":14.834597680106093}],""reasoning"":""Selected waypoint 0 moves the reference anchor from 7.72 m to 7.89 m from goal immediately and to 8.81 m by the final waypoint, so progress is -0.17 m selected / -1.09 m final and fails with non-monotonic goal-distance reduction. Kinematics is evaluated on 5 unique label waypoint(s), excluding consecutive duplicate terminal holds, and checks only that the trajectory stays within the configured bounds speed <= 15.00 m/s and acceleration <= 8.00 m/s^2, so kinematics passes. Goal is not reached within this label waypoint window. Safety passes: minimum clearance 3.11 m against manifest obstacles with 0 violating segment(s).""}",-6.958854438297784,12.864448426374748,-2.5,-7.014824587551516,13.356985739807586,-2.5,-7.070794736805247,13.84952305324042,-2.5,-7.126764886058979,14.342060366673255,-2.5,-7.18273503531271,14.834597680106093,-2.5
1773846969.521036863,1773846969.521036863,0.000,offline_ground_truth_window,"Environment section (T(v)):
- Current position NED is (-6.92, 12.62, -2.51) m.
- Current velocity is (-0.02, 0.14, 0.01) m/s (speed 0.14 m/s).
- Goal position NED is (0.66, 10.83, -2.50) m.
- Output contract: predict exactly 5 waypoint x/y pairs in NED. The planner will set every waypoint z to goal z = -2.50 m before execution.
- Goal delta from current state is (7.58, -1.79, 0.01) m with distance 7.79 m.
- Obstacle pipeline: depth_camera_to_body_to_ned_current_frame.
- Current depth frame obstacle points projected into NED: 46. Nearest depth obstacle in NED is at (-10.47, 16.80, -2.65) m, relative vector (-3.56, 4.18, -0.15) m, distance 5.49 m.
- Depth validity fraction is 0.52. Global nearest obstacle distance is 4.27 m.
- Sector minimum distances [far_left, left, center, right, far_right] are [4.27, 5.10, 5.10, 5.10, 5.10] m.
- Nearest obstacle sector is far_left at 4.27 m and clearance status is clear.
- Lateral planning hint: right side is clearer.","{""waypoints"":[{""x"":-7.014824587551516,""y"":13.356985739807586},{""x"":-7.070794736805247,""y"":13.84952305324042},{""x"":-7.126764886058979,""y"":14.342060366673255},{""x"":-7.18273503531271,""y"":14.834597680106093},{""x"":-7.238705184566442,""y"":15.327134993538927}],""reasoning"":""Selected waypoint 0 moves the reference anchor from 7.89 m to 8.08 m from goal immediately and to 9.09 m by the final waypoint, so progress is -0.19 m selected / -1.20 m final and fails with non-monotonic goal-distance reduction. Kinematics is evaluated on 5 unique label waypoint(s), excluding consecutive duplicate terminal holds, and checks only that the trajectory stays within the configured bounds speed <= 15.00 m/s and acceleration <= 8.00 m/s^2, so kinematics passes. Goal is not reached within this label waypoint window. Safety passes: minimum clearance 3.17 m against manifest obstacles with 0 violating segment(s).""}",-7.014824587551516,13.356985739807586,-2.5,-7.070794736805247,13.84952305324042,-2.5,-7.126764886058979,14.342060366673255,-2.5,-7.18273503531271,14.834597680106093,-2.5,-7.238705184566442,15.327134993538927,-2.5
1773846974.550481558,1773846974.550481558,0.000,offline_ground_truth_window,"Environment section (T(v)):
- Current position NED is (-6.97, 13.12, -2.50) m.
- Current velocity is (-0.02, 0.13, 0.01) m/s (speed 0.13 m/s).
- Goal position NED is (0.66, 10.83, -2.50) m.
- Output contract: predict exactly 5 waypoint x/y pairs in NED. The planner will set every waypoint z to goal z = -2.50 m before execution.
- Goal delta from current state is (7.64, -2.29, 0.00) m with distance 7.97 m.
- Obstacle pipeline: depth_camera_to_body_to_ned_current_frame.
- Current depth frame obstacle points projected into NED: 58. Nearest depth obstacle in NED is at (-10.61, 17.38, -2.42) m, relative vector (-3.64, 4.26, 0.08) m, distance 5.60 m.
- Depth validity fraction is 0.52. Global nearest obstacle distance is 4.37 m.
- Sector minimum distances [far_left, left, center, right, far_right] are [4.37, 5.07, 5.07, 5.07, 5.06] m.
- Nearest obstacle sector is far_left at 4.37 m and clearance status is clear.
- Lateral planning hint: prefer center progress.","{""waypoints"":[{""x"":-7.070794736805247,""y"":13.84952305324042},{""x"":-7.126764886058979,""y"":14.342060366673255},{""x"":-7.18273503531271,""y"":14.834597680106093},{""x"":-7.238705184566442,""y"":15.327134993538927},{""x"":-7.294675333820173,""y"":15.81967230697176}],""reasoning"":""Selected waypoint 0 moves the reference anchor from 8.08 m to 8.30 m from goal immediately and to 9.39 m by the final waypoint, so progress is -0.22 m selected / -1.31 m final and fails with non-monotonic goal-distance reduction. Kinematics is evaluated on 5 unique label waypoint(s), excluding consecutive duplicate terminal holds, and checks only that the trajectory stays within the configured bounds speed <= 15.00 m/s and acceleration <= 8.00 m/s^2, so kinematics passes. Goal is not reached within this label waypoint window. Safety passes: minimum clearance 3.23 m against manifest obstacles with 0 violating segment(s).""}",-7.070794736805247,13.84952305324042,-2.5,-7.126764886058979,14.342060366673255,-2.5,-7.18273503531271,14.834597680106093,-2.5,-7.238705184566442,15.327134993538927,-2.5,-7.294675333820173,15.81967230697176,-2.5
1773846978.895170689,1773846978.895170689,0.000,offline_ground_truth_window,"Environment section (T(v)):
- Current position NED is (-7.07, 13.60, -2.50) m.
- Current velocity is (-0.01, 0.12, 0.01) m/s (speed 0.12 m/s).
- Goal position NED is (0.66, 10.83, -2.50) m.
- Output contract: predict exactly 5 waypoint x/y pairs in NED. The planner will set every waypoint z to goal z = -2.50 m before execution.
- Goal delta from current state is (7.74, -2.77, -0.00) m with distance 8.22 m.
- Obstacle pipeline: depth_camera_to_body_to_ned_current_frame.
- Current depth frame obstacle points projected into NED: 74. Nearest depth obstacle in NED is at (-10.82, 18.03, -1.72) m, relative vector (-3.75, 4.43, 0.77) m, distance 5.85 m.
- Depth validity fraction is 0.52. Global nearest obstacle distance is 4.48 m.
- Sector minimum distances [far_left, left, center, right, far_right] are [4.48, 5.03, 5.04, 5.05, 5.05] m.
- Nearest obstacle sector is far_left at 4.48 m and clearance status is clear.
- Lateral planning hint: prefer center progress.","{""waypoints"":[{""x"":-7.126764886058979,""y"":14.342060366673255},{""x"":-7.18273503531271,""y"":14.834597680106093},{""x"":-7.238705184566442,""y"":15.327134993538927},{""x"":-7.294675333820173,""y"":15.81967230697176},{""x"":-7.3506454830739045,""y"":16.312209620404598}],""reasoning"":""Selected waypoint 0 moves the reference anchor from 8.30 m to 8.55 m from goal immediately and to 9.71 m by the final waypoint, so progress is -0.24 m selected / -1.41 m final and fails with non-monotonic goal-distance reduction. Kinematics is evaluated on 5 unique label waypoint(s), excluding consecutive duplicate terminal holds, and checks only that the trajectory stays within the configured bounds speed <= 15.00 m/s and acceleration <= 8.00 m/s^2, so kinematics passes. Goal is not reached within this label waypoint window. Safety passes: minimum clearance 3.28 m against manifest obstacles with 0 violating segment(s).""}",-7.126764886058979,14.342060366673255,-2.5,-7.18273503531271,14.834597680106093,-2.5,-7.238705184566442,15.327134993538927,-2.5,-7.294675333820173,15.81967230697176,-2.5,-7.3506454830739045,16.312209620404598,-2.5
1773846984.690405369,1773846984.690405369,0.000,offline_ground_truth_window,"Environment section (T(v)):
- Current position NED is (-7.08, 14.10, -2.49) m.
- Current velocity is (-0.02, 0.09, 0.00) m/s (speed 0.09 m/s).
- Goal position NED is (0.66, 10.83, -2.50) m.
- Output contract: predict exactly 5 waypoint x/y pairs in NED. The planner will set every waypoint z to goal z = -2.50 m before execution.
- Goal delta from current state is (7.75, -3.27, -0.01) m with distance 8.41 m.
- Obstacle pipeline: depth_camera_to_body_to_ned_current_frame.
- Current depth frame obstacle points projected into NED: 43. Nearest depth obstacle in NED is at (-10.82, 18.52, -1.98) m, relative vector (-3.74, 4.42, 0.51) m, distance 5.81 m.
- Depth validity fraction is 0.52. Global nearest obstacle distance is 4.50 m.
- Sector minimum distances [far_left, left, center, right, far_right] are [4.50, 5.04, 5.04, 5.04, 5.04] m.
- Nearest obstacle sector is far_left at 4.50 m and clearance status is clear.
- Lateral planning hint: prefer center progress.","{""waypoints"":[{""x"":-7.18273503531271,""y"":14.834597680106093},{""x"":-7.238705184566442,""y"":15.327134993538927},{""x"":-7.294675333820173,""y"":15.81967230697176},{""x"":-7.3506454830739045,""y"":16.312209620404598},{""x"":-7.406615632327636,""y"":16.804746933837436}],""reasoning"":""Selected waypoint 0 moves the reference anchor from 8.55 m to 8.81 m from goal immediately and to 10.04 m by the final waypoint, so progress is -0.26 m selected / -1.50 m final and fails with non-monotonic goal-distance reduction. Kinematics is evaluated on 5 unique label waypoint(s), excluding consecutive duplicate terminal holds, and checks only that the trajectory stays within the configured bounds speed <= 15.00 m/s and acceleration <= 8.00 m/s^2, so kinematics passes. Goal is not reached within this label waypoint window. Safety passes: minimum clearance 3.34 m against manifest obstacles with 0 violating segment(s).""}",-7.18273503531271,14.834597680106093,-2.5,-7.238705184566442,15.327134993538927,-2.5,-7.294675333820173,15.81967230697176,-2.5,-7.3506454830739045,16.312209620404598,-2.5,-7.406615632327636,16.804746933837436,-2.5
1773846990.299216747,1773846990.299216747,0.000,offline_ground_truth_window,"Environment section (T(v)):
- Current position NED is (-7.14, 14.60, -2.49) m.
- Current velocity is (-0.02, 0.12, 0.00) m/s (speed 0.12 m/s).
- Goal position NED is (0.66, 10.83, -2.50) m.
- Output contract: predict exactly 5 waypoint x/y pairs in NED. The planner will set every waypoint z to goal z = -2.50 m before execution.
- Goal delta from current state is (7.81, -3.77, -0.01) m with distance 8.67 m.
- Obstacle pipeline: depth_camera_to_body_to_ned_current_frame.
- Current depth frame obstacle points projected into NED: 57. Nearest depth obstacle in NED is at (-10.97, 19.05, -2.21) m, relative vector (-3.83, 4.46, 0.28) m, distance 5.88 m.
- Depth validity fraction is 0.52. Global nearest obstacle distance is 4.60 m.
- Sector minimum distances [far_left, left, center, right, far_right] are [4.60, 5.06, 5.06, 5.05, 5.05] m.
- Nearest obstacle sector is far_left at 4.60 m and clearance status is clear.
- Lateral planning hint: prefer center progress.","{""waypoints"":[{""x"":-7.238705184566442,""y"":15.327134993538927},{""x"":-7.294675333820173,""y"":15.81967230697176},{""x"":-7.3506454830739045,""y"":16.312209620404598},{""x"":-7.406615632327636,""y"":16.804746933837436},{""x"":-7.462585781581367,""y"":17.29728424727027}],""reasoning"":""Selected waypoint 0 moves the reference anchor from 8.81 m to 9.09 m from goal immediately and to 10.39 m by the final waypoint, so progress is -0.28 m selected / -1.58 m final and fails with non-monotonic goal-distance reduction. Kinematics is evaluated on 5 unique label waypoint(s), excluding consecutive duplicate terminal holds, and checks only that the trajectory stays within the configured bounds speed <= 15.00 m/s and acceleration <= 8.00 m/s^2, so kinematics passes. Goal is not reached within this label waypoint window. Safety passes: minimum clearance 3.39 m against manifest obstacles with 0 violating segment(s).""}",-7.238705184566442,15.327134993538927,-2.5,-7.294675333820173,15.81967230697176,-2.5,-7.3506454830739045,16.312209620404598,-2.5,-7.406615632327636,16.804746933837436,-2.5,-7.462585781581367,17.29728424727027,-2.5
1773846994.640320778,1773846994.640320778,0.000,offline_ground_truth_window,"Environment section (T(v)):
- Current position NED is (-7.23, 15.08, -2.49) m.
- Current velocity is (-0.01, 0.09, 0.01) m/s (speed 0.10 m/s).
- Goal position NED is (0.66, 10.83, -2.50) m.
- Output contract: predict exactly 5 waypoint x/y pairs in NED. The planner will set every waypoint z to goal z = -2.50 m before execution.
- Goal delta from current state is (7.90, -4.25, -0.01) m with distance 8.97 m.
- Obstacle pipeline: depth_camera_to_body_to_ned_current_frame.
- Current depth frame obstacle points projected into NED: 53. Nearest depth obstacle in NED is at (-11.13, 19.65, -2.01) m, relative vector (-3.90, 4.57, 0.48) m, distance 6.03 m.
- Depth validity fraction is 0.50. Global nearest obstacle distance is 4.69 m.
- Sector minimum distances [far_left, left, center, right, far_right] are [4.69, 5.19, 5.19, 5.19, 5.20] m.
- Nearest obstacle sector is far_left at 4.69 m and clearance status is clear.
- Lateral planning hint: prefer center progress.","{""waypoints"":[{""x"":-7.294675333820173,""y"":15.81967230697176},{""x"":-7.3506454830739045,""y"":16.312209620404598},{""x"":-7.406615632327636,""y"":16.804746933837436},{""x"":-7.462585781581367,""y"":17.29728424727027},{""x"":-7.518555930835099,""y"":17.789821560703107}],""reasoning"":""Selected waypoint 0 moves the reference anchor from 9.09 m to 9.39 m from goal immediately and to 10.74 m by the final waypoint, so progress is -0.30 m selected / -1.65 m final and fails with non-monotonic goal-distance reduction. Kinematics is evaluated on 5 unique label waypoint(s), excluding consecutive duplicate terminal holds, and checks only that the trajectory stays within the configured bounds speed <= 15.00 m/s and acceleration <= 8.00 m/s^2, so kinematics passes. Goal is not reached within this label waypoint window. Safety passes: minimum clearance 3.45 m against manifest obstacles with 0 violating segment(s).""}",-7.294675333820173,15.81967230697176,-2.5,-7.3506454830739045,16.312209620404598,-2.5,-7.406615632327636,16.804746933837436,-2.5,-7.462585781581367,17.29728424727027,-2.5,-7.518555930835099,17.789821560703107,-2.5
1773847000.047846556,1773847000.047846556,0.000,offline_ground_truth_window,"Environment section (T(v)):
- Current position NED is (-7.24, 15.58, -2.50) m.
- Current velocity is (-0.01, 0.13, 0.01) m/s (speed 0.13 m/s).
- Goal position NED is (0.66, 10.83, -2.50) m.
- Output contract: predict exactly 5 waypoint x/y pairs in NED. The planner will set every waypoint z to goal z = -2.50 m before execution.
- Goal delta from current state is (7.91, -4.75, 0.00) m with distance 9.22 m.
- Obstacle pipeline: depth_camera_to_body_to_ned_current_frame.
- Current depth frame obstacle points projected into NED: 58. Nearest depth obstacle in NED is at (-11.17, 20.13, -2.63) m, relative vector (-3.93, 4.54, -0.13) m, distance 6.01 m.
- Depth validity fraction is 0.50. Global nearest obstacle distance is 4.72 m.
- Sector minimum distances [far_left, left, center, right, far_right] are [4.72, 5.18, 5.18, 5.17, 5.16] m.
- Nearest obstacle sector is far_left at 4.72 m and clearance status is clear.
- Lateral planning hint: prefer center progress.","{""waypoints"":[{""x"":-7.3506454830739045,""y"":16.312209620404598},{""x"":-7.406615632327636,""y"":16.804746933837436},{""x"":-7.462585781581367,""y"":17.29728424727027},{""x"":-7.518555930835099,""y"":17.789821560703107},{""x"":-7.57452608008883,""y"":18.28235887413594}],""reasoning"":""Selected waypoint 0 moves the reference anchor from 9.39 m to 9.71 m from goal immediately and to 11.11 m by the final waypoint, so progress is -0.32 m selected / -1.72 m final and fails with non-monotonic goal-distance reduction. Kinematics is evaluated on 5 unique label waypoint(s), excluding consecutive duplicate terminal holds, and checks only that the trajectory stays within the configured bounds speed <= 15.00 m/s and acceleration <= 8.00 m/s^2, so kinematics passes. Goal is not reached within this label waypoint window. Safety passes: minimum clearance 3.51 m against manifest obstacles with 0 violating segment(s).""}",-7.3506454830739045,16.312209620404598,-2.5,-7.406615632327636,16.804746933837436,-2.5,-7.462585781581367,17.29728424727027,-2.5,-7.518555930835099,17.789821560703107,-2.5,-7.57452608008883,18.28235887413594,-2.5
1773847004.925454140,1773847004.925454140,0.000,offline_ground_truth_window,"Environment section (T(v)):
- Current position NED is (-7.32, 16.07, -2.51) m.
- Current velocity is (-0.01, 0.08, 0.01) m/s (speed 0.08 m/s).
- Goal position NED is (0.66, 10.83, -2.50) m.
- Output contract: predict exactly 5 waypoint x/y pairs in NED. The planner will set every waypoint z to goal z = -2.50 m before execution.
- Goal delta from current state is (7.98, -5.24, 0.01) m with distance 9.55 m.
- Obstacle pipeline: depth_camera_to_body_to_ned_current_frame.
- Current depth frame obstacle points projected into NED: 43. Nearest depth obstacle in NED is at (-11.33, 20.70, -1.56) m, relative vector (-4.01, 4.63, 0.95) m, distance 6.20 m.
- Depth validity fraction is 0.51. Global nearest obstacle distance is 4.84 m.
- Sector minimum distances [far_left, left, center, right, far_right] are [4.84, 5.05, 5.05, 5.04, 5.04] m.
- Nearest obstacle sector is far_left at 4.84 m and clearance status is clear.
- Lateral planning hint: prefer center progress.","{""waypoints"":[{""x"":-7.406615632327636,""y"":16.804746933837436},{""x"":-7.462585781581367,""y"":17.29728424727027},{""x"":-7.518555930835099,""y"":17.789821560703107},{""x"":-7.57452608008883,""y"":18.28235887413594},{""x"":-7.630496229342562,""y"":18.77489618756878}],""reasoning"":""Selected waypoint 0 moves the reference anchor from 9.71 m to 10.04 m from goal immediately and to 11.49 m by the final waypoint, so progress is -0.33 m selected / -1.78 m final and fails with non-monotonic goal-distance reduction. Kinematics is evaluated on 5 unique label waypoint(s), excluding consecutive duplicate terminal holds, and checks only that the trajectory stays within the configured bounds speed <= 15.00 m/s and acceleration <= 8.00 m/s^2, so kinematics passes. Goal is not reached within this label waypoint window. Safety passes: minimum clearance 3.56 m against manifest obstacles with 0 violating segment(s).""}",-7.406615632327636,16.804746933837436,-2.5,-7.462585781581367,17.29728424727027,-2.5,-7.518555930835099,17.789821560703107,-2.5,-7.57452608008883,18.28235887413594,-2.5,-7.630496229342562,18.77489618756878,-2.5
1773847011.139444590,1773847011.139444590,0.000,offline_ground_truth_window,"Environment section (T(v)):
- Current position NED is (-7.40, 16.56, -2.50) m.
- Current velocity is (-0.00, 0.08, 0.00) m/s (speed 0.08 m/s).
- Goal position NED is (0.66, 10.83, -2.50) m.
- Output contract: predict exactly 5 waypoint x/y pairs in NED. The planner will set every waypoint z to goal z = -2.50 m before execution.
- Goal delta from current state is (8.06, -5.73, -0.00) m with distance 9.89 m.
- Obstacle pipeline: depth_camera_to_body_to_ned_current_frame.
- Current depth frame obstacle points projected into NED: 67. Nearest depth obstacle in NED is at (-11.50, 21.33, -2.73) m, relative vector (-4.10, 4.77, -0.23) m, distance 6.29 m.
- Depth validity fraction is 0.51. Global nearest obstacle distance is 4.95 m.
- Sector minimum distances [far_left, left, center, right, far_right] are [4.95, 5.06, 5.07, 5.07, 5.07] m.
- Nearest obstacle sector is far_left at 4.95 m and clearance status is clear.
- Lateral planning hint: prefer center progress.","{""waypoints"":[{""x"":-7.462585781581367,""y"":17.29728424727027},{""x"":-7.518555930835099,""y"":17.789821560703107},{""x"":-7.57452608008883,""y"":18.28235887413594},{""x"":-7.630496229342562,""y"":18.77489618756878},{""x"":-7.686466378596293,""y"":19.267433501001616}],""reasoning"":""Selected waypoint 0 moves the reference anchor from 10.04 m to 10.39 m from goal immediately and to 11.87 m by the final waypoint, so progress is -0.34 m selected / -1.83 m final and fails with non-monotonic goal-distance reduction. Kinematics is evaluated on 5 unique label waypoint(s), excluding consecutive duplicate terminal holds, and checks only that the trajectory stays within the configured bounds speed <= 15.00 m/s and acceleration <= 8.00 m/s^2, so kinematics passes. Goal is not reached within this label waypoint window. Safety passes: minimum clearance 3.62 m against manifest obstacles with 0 violating segment(s).""}",-7.462585781581367,17.29728424727027,-2.5,-7.518555930835099,17.789821560703107,-2.5,-7.57452608008883,18.28235887413594,-2.5,-7.630496229342562,18.77489618756878,-2.5,-7.686466378596293,19.267433501001616,-2.5
1773847015.859596968,1773847015.859596968,0.000,offline_ground_truth_window,"Environment section (T(v)):
- Current position NED is (-7.40, 17.06, -2.50) m.
- Current velocity is (-0.02, 0.13, 0.01) m/s (speed 0.13 m/s).
- Goal position NED is (0.66, 10.83, -2.50) m.
- Output contract: predict exactly 5 waypoint x/y pairs in NED. The planner will set every waypoint z to goal z = -2.50 m before execution.
- Goal delta from current state is (8.07, -6.23, 0.00) m with distance 10.19 m.
- Obstacle pipeline: depth_camera_to_body_to_ned_current_frame.
- Current depth frame obstacle points projected into NED: 45. Nearest depth obstacle in NED is at (-11.51, 21.83, -2.43) m, relative vector (-4.11, 4.78, 0.07) m, distance 6.30 m.
- Depth validity fraction is 0.50. Global nearest obstacle distance is 4.95 m.
- Sector minimum distances [far_left, left, center, right, far_right] are [4.95, 5.08, 5.07, 5.06, 5.05] m.
- Nearest obstacle sector is far_left at 4.95 m and clearance status is clear.
- Lateral planning hint: prefer center progress.","{""waypoints"":[{""x"":-7.518555930835099,""y"":17.789821560703107},{""x"":-7.57452608008883,""y"":18.28235887413594},{""x"":-7.630496229342562,""y"":18.77489618756878},{""x"":-7.686466378596293,""y"":19.267433501001616},{""x"":-7.742436527850023,""y"":19.75997081443445}],""reasoning"":""Selected waypoint 0 moves the reference anchor from 10.39 m to 10.74 m from goal immediately and to 12.26 m by the final waypoint, so progress is -0.36 m selected / -1.88 m final and fails with non-monotonic goal-distance reduction. Kinematics is evaluated on 5 unique label waypoint(s), excluding consecutive duplicate terminal holds, and checks only that the trajectory stays within the configured bounds speed <= 15.00 m/s and acceleration <= 8.00 m/s^2, so kinematics passes. Goal is not reached within this label waypoint window. Safety passes: minimum clearance 3.67 m against manifest obstacles with 0 violating segment(s).""}",-7.518555930835099,17.789821560703107,-2.5,-7.57452608008883,18.28235887413594,-2.5,-7.630496229342562,18.77489618756878,-2.5,-7.686466378596293,19.267433501001616,-2.5,-7.742436527850023,19.75997081443445,-2.5
1773847020.403960943,1773847020.403960943,0.000,offline_ground_truth_window,"Environment section (T(v)):
- Current position NED is (-7.49, 17.54, -2.50) m.
- Current velocity is (-0.02, 0.12, 0.01) m/s (speed 0.12 m/s).
- Goal position NED is (0.66, 10.83, -2.50) m.
- Output contract: predict exactly 5 waypoint x/y pairs in NED. The planner will set every waypoint z to goal z = -2.50 m before execution.
- Goal delta from current state is (8.16, -6.71, -0.00) m with distance 10.56 m.
- Obstacle pipeline: depth_camera_to_body_to_ned_current_frame.
- Current depth frame obstacle points projected into NED: 58. Nearest depth obstacle in NED is at (-11.71, 22.45, -2.43) m, relative vector (-4.22, 4.90, 0.07) m, distance 6.47 m.
- Depth validity fraction is 0.50. Global nearest obstacle distance is 5.05 m.
- Sector minimum distances [far_left, left, center, right, far_right] are [5.05, 5.05, 5.05, 5.05, 5.05] m.
- Nearest obstacle sector is far_left at 5.05 m and clearance status is clear.
- Lateral planning hint: prefer center progress.","{""waypoints"":[{""x"":-7.57452608008883,""y"":18.28235887413594},{""x"":-7.630496229342562,""y"":18.77489618756878},{""x"":-7.686466378596293,""y"":19.267433501001616},{""x"":-7.742436527850023,""y"":19.75997081443445},{""x"":-7.798406677103756,""y"":20.252508127867287}],""reasoning"":""Selected waypoint 0 moves the reference anchor from 10.74 m to 11.11 m from goal immediately and to 12.66 m by the final waypoint, so progress is -0.37 m selected / -1.92 m final and fails with non-monotonic goal-distance reduction. Kinematics is evaluated on 5 unique label waypoint(s), excluding consecutive duplicate terminal holds, and checks only that the trajectory stays within the configured bounds speed <= 15.00 m/s and acceleration <= 8.00 m/s^2, so kinematics passes. Goal is not reached within this label waypoint window. Safety passes: minimum clearance 3.73 m against manifest obstacles with 0 violating segment(s).""}",-7.57452608008883,18.28235887413594,-2.5,-7.630496229342562,18.77489618756878,-2.5,-7.686466378596293,19.267433501001616,-2.5,-7.742436527850023,19.75997081443445,-2.5,-7.798406677103756,20.252508127867287,-2.5
1773847026.985191822,1773847026.985191822,0.000,offline_ground_truth_window,"Environment section (T(v)):
- Current position NED is (-7.57, 18.04, -2.50) m.
- Current velocity is (0.00, 0.09, 0.01) m/s (speed 0.09 m/s).
- Goal position NED is (0.66, 10.83, -2.50) m.
- Output contract: predict exactly 5 waypoint x/y pairs in NED. The planner will set every waypoint z to goal z = -2.50 m before execution.
- Goal delta from current state is (8.23, -7.21, -0.00) m with distance 10.94 m.
- Obstacle pipeline: depth_camera_to_body_to_ned_current_frame.
- Current depth frame obstacle points projected into NED: 41. Nearest depth obstacle in NED is at (-11.86, 23.05, -1.81) m, relative vector (-4.29, 5.01, 0.69) m, distance 6.64 m.
- Depth validity fraction is 0.50. Global nearest obstacle distance is 5.03 m.
- Sector minimum distances [far_left, left, center, right, far_right] are [5.03, 5.03, 5.03, 5.03, 5.03] m.
- Nearest obstacle sector is far_right at 5.03 m and clearance status is clear.
- Lateral planning hint: prefer center progress.","{""waypoints"":[{""x"":-7.630496229342562,""y"":18.77489618756878},{""x"":-7.686466378596293,""y"":19.267433501001616},{""x"":-7.742436527850023,""y"":19.75997081443445},{""x"":-7.798406677103756,""y"":20.252508127867287},{""x"":-7.854376826357488,""y"":20.745045441300125}],""reasoning"":""Selected waypoint 0 moves the reference anchor from 11.11 m to 11.49 m from goal immediately and to 13.07 m by the final waypoint, so progress is -0.38 m selected / -1.96 m final and fails with non-monotonic goal-distance reduction. Kinematics is evaluated on 5 unique label waypoint(s), excluding consecutive duplicate terminal holds, and checks only that the trajectory stays within the configured bounds speed <= 15.00 m/s and acceleration <= 8.00 m/s^2, so kinematics passes. Goal is not reached within this label waypoint window. Safety passes: minimum clearance 3.79 m against manifest obstacles with 0 violating segment(s).""}",-7.630496229342562,18.77489618756878,-2.5,-7.686466378596293,19.267433501001616,-2.5,-7.742436527850023,19.75997081443445,-2.5,-7.798406677103756,20.252508127867287,-2.5,-7.854376826357488,20.745045441300125,-2.5
1773847032.643987656,1773847032.643987656,0.000,offline_ground_truth_window,"Environment section (T(v)):
- Current position NED is (-7.64, 18.53, -2.49) m.
- Current velocity is (-0.01, 0.08, 0.01) m/s (speed 0.08 m/s).
- Goal position NED is (0.66, 10.83, -2.50) m.
- Output contract: predict exactly 5 waypoint x/y pairs in NED. The planner will set every waypoint z to goal z = -2.50 m before execution.
- Goal delta from current state is (8.31, -7.70, -0.01) m with distance 11.33 m.
- Obstacle pipeline: depth_camera_to_body_to_ned_current_frame.
- Current depth frame obstacle points projected into NED: 36. Nearest depth obstacle in NED is at (-11.99, 23.59, -1.15) m, relative vector (-4.35, 5.06, 1.33) m, distance 6.81 m.
- Depth validity fraction is 0.50. Global nearest obstacle distance is 5.04 m.
- Sector minimum distances [far_left, left, center, right, far_right] are [5.04, 5.05, 5.05, 5.06, 5.06] m.
- Nearest obstacle sector is far_left at 5.04 m and clearance status is clear.
- Lateral planning hint: prefer center progress.","{""waypoints"":[{""x"":-7.686466378596293,""y"":19.267433501001616},{""x"":-7.742436527850023,""y"":19.75997081443445},{""x"":-7.798406677103756,""y"":20.252508127867287},{""x"":-7.854376826357488,""y"":20.745045441300125},{""x"":-7.910346975611217,""y"":21.23758275473296}],""reasoning"":""Selected waypoint 0 moves the reference anchor from 11.49 m to 11.87 m from goal immediately and to 13.48 m by the final waypoint, so progress is -0.39 m selected / -2.00 m final and fails with non-monotonic goal-distance reduction. Kinematics is evaluated on 5 unique label waypoint(s), excluding consecutive duplicate terminal holds, and checks only that the trajectory stays within the configured bounds speed <= 15.00 m/s and acceleration <= 8.00 m/s^2, so kinematics passes. Goal is not reached within this label waypoint window. Safety passes: minimum clearance 3.84 m against manifest obstacles with 0 violating segment(s).""}",-7.686466378596293,19.267433501001616,-2.5,-7.742436527850023,19.75997081443445,-2.5,-7.798406677103756,20.252508127867287,-2.5,-7.854376826357488,20.745045441300125,-2.5,-7.910346975611217,21.23758275473296,-2.5
1773847038.164630651,1773847038.164630651,0.000,offline_ground_truth_window,"Environment section (T(v)):
- Current position NED is (-7.65, 19.03, -2.49) m.
- Current velocity is (-0.02, 0.10, 0.01) m/s (speed 0.10 m/s).
- Goal position NED is (0.66, 10.83, -2.50) m.
- Output contract: predict exactly 5 waypoint x/y pairs in NED. The planner will set every waypoint z to goal z = -2.50 m before execution.
- Goal delta from current state is (8.31, -8.19, -0.01) m with distance 11.67 m.
- Obstacle pipeline: depth_camera_to_body_to_ned_current_frame.
- Current depth frame obstacle points projected into NED: 54. Nearest depth obstacle in NED is at (-12.04, 24.14, -2.60) m, relative vector (-4.39, 5.12, -0.11) m, distance 6.74 m.
- Depth validity fraction is 0.49. Global nearest obstacle distance is 5.10 m.
- Sector minimum distances [far_left, left, center, right, far_right] are [5.10, 5.10, 5.11, 5.11, 5.11] m.
- Nearest obstacle sector is far_left at 5.10 m and clearance status is clear.
- Lateral planning hint: prefer center progress.","{""waypoints"":[{""x"":-7.742436527850023,""y"":19.75997081443445},{""x"":-7.798406677103756,""y"":20.252508127867287},{""x"":-7.854376826357488,""y"":20.745045441300125},{""x"":-7.910346975611217,""y"":21.23758275473296},{""x"":-7.966317124864949,""y"":21.730120068165796}],""reasoning"":""Selected waypoint 0 moves the reference anchor from 11.87 m to 12.26 m from goal immediately and to 13.90 m by the final waypoint, so progress is -0.39 m selected / -2.03 m final and fails with non-monotonic goal-distance reduction. Kinematics is evaluated on 5 unique label waypoint(s), excluding consecutive duplicate terminal holds, and checks only that the trajectory stays within the configured bounds speed <= 15.00 m/s and acceleration <= 8.00 m/s^2, so kinematics passes. Goal is not reached within this label waypoint window. Safety passes: minimum clearance 3.90 m against manifest obstacles with 0 violating segment(s).""}",-7.742436527850023,19.75997081443445,-2.5,-7.798406677103756,20.252508127867287,-2.5,-7.854376826357488,20.745045441300125,-2.5,-7.910346975611217,21.23758275473296,-2.5,-7.966317124864949,21.730120068165796,-2.5
1773847044.447046757,1773847044.447046757,0.000,offline_ground_truth_window,"Environment section (T(v)):
- Current position NED is (-7.70, 19.52, -2.50) m.
- Current velocity is (-0.02, 0.10, 0.00) m/s (speed 0.10 m/s).
- Goal position NED is (0.66, 10.83, -2.50) m.
- Output contract: predict exactly 5 waypoint x/y pairs in NED. The planner will set every waypoint z to goal z = -2.50 m before execution.
- Goal delta from current state is (8.36, -8.69, -0.00) m with distance 12.06 m.
- Obstacle pipeline: depth_camera_to_body_to_ned_current_frame.
- Current depth frame obstacle points projected into NED: 51. Nearest depth obstacle in NED is at (-12.15, 24.78, -2.56) m, relative vector (-4.45, 5.25, -0.06) m, distance 6.89 m.
- Depth validity fraction is 0.49. Global nearest obstacle distance is 5.04 m.
- Sector minimum distances [far_left, left, center, right, far_right] are [5.05, 5.05, 5.05, 5.04, 5.04] m.
- Nearest obstacle sector is far_right at 5.04 m and clearance status is clear.
- Lateral planning hint: prefer center progress.","{""waypoints"":[{""x"":-7.798406677103756,""y"":20.252508127867287},{""x"":-7.854376826357488,""y"":20.745045441300125},{""x"":-7.910346975611217,""y"":21.23758275473296},{""x"":-7.966317124864949,""y"":21.730120068165796},{""x"":-8.02228727411868,""y"":22.222657381598626}],""reasoning"":""Selected waypoint 0 moves the reference anchor from 12.26 m to 12.66 m from goal immediately and to 14.33 m by the final waypoint, so progress is -0.40 m selected / -2.06 m final and fails with non-monotonic goal-distance reduction. Kinematics is evaluated on 5 unique label waypoint(s), excluding consecutive duplicate terminal holds, and checks only that the trajectory stays within the configured bounds speed <= 15.00 m/s and acceleration <= 8.00 m/s^2, so kinematics passes. Goal is not reached within this label waypoint window. Safety passes: minimum clearance 3.95 m against manifest obstacles with 0 violating segment(s).""}",-7.798406677103756,20.252508127867287,-2.5,-7.854376826357488,20.745045441300125,-2.5,-7.910346975611217,21.23758275473296,-2.5,-7.966317124864949,21.730120068165796,-2.5,-8.02228727411868,22.222657381598626,-2.5
1773847050.099786520,1773847050.099786520,0.000,offline_ground_truth_window,"Environment section (T(v)):
- Current position NED is (-7.78, 20.01, -2.50) m.
- Current velocity is (-0.02, 0.12, 0.01) m/s (speed 0.12 m/s).
- Goal position NED is (0.66, 10.83, -2.50) m.
- Output contract: predict exactly 5 waypoint x/y pairs in NED. The planner will set every waypoint z to goal z = -2.50 m before execution.
- Goal delta from current state is (8.44, -9.18, 0.00) m with distance 12.47 m.
- Obstacle pipeline: depth_camera_to_body_to_ned_current_frame.
- Current depth frame obstacle points projected into NED: 2. Nearest depth obstacle in NED is at (-9.39, 29.58, -1.85) m, relative vector (-1.61, 9.57, 0.66) m, distance 9.73 m.
- Depth validity fraction is 0.48. Global nearest obstacle distance is 5.10 m.
- Sector minimum distances [far_left, left, center, right, far_right] are [5.10, 5.11, 5.12, 5.12, 5.13] m.
- Nearest obstacle sector is far_left at 5.10 m and clearance status is clear.
- Lateral planning hint: prefer center progress.","{""waypoints"":[{""x"":-7.854376826357488,""y"":20.745045441300125},{""x"":-7.910346975611217,""y"":21.23758275473296},{""x"":-7.966317124864949,""y"":21.730120068165796},{""x"":-8.02228727411868,""y"":22.222657381598626},{""x"":-8.078257423372412,""y"":22.715194695031464}],""reasoning"":""Selected waypoint 0 moves the reference anchor from 12.66 m to 13.07 m from goal immediately and to 14.75 m by the final waypoint, so progress is -0.41 m selected / -2.09 m final and fails with non-monotonic goal-distance reduction. Kinematics is evaluated on 5 unique label waypoint(s), excluding consecutive duplicate terminal holds, and checks only that the trajectory stays within the configured bounds speed <= 15.00 m/s and acceleration <= 8.00 m/s^2, so kinematics passes. Goal is not reached within this label waypoint window. Safety passes: minimum clearance 4.01 m against manifest obstacles with 0 violating segment(s).""}",-7.854376826357488,20.745045441300125,-2.5,-7.910346975611217,21.23758275473296,-2.5,-7.966317124864949,21.730120068165796,-2.5,-8.02228727411868,22.222657381598626,-2.5,-8.078257423372412,22.715194695031464,-2.5
1773847055.668947220,1773847055.668947220,0.000,offline_ground_truth_window,"Environment section (T(v)):
- Current position NED is (-7.80, 20.51, -2.51) m.
- Current velocity is (-0.01, 0.09, 0.01) m/s (speed 0.09 m/s).
- Goal position NED is (0.66, 10.83, -2.50) m.
- Output contract: predict exactly 5 waypoint x/y pairs in NED. The planner will set every waypoint z to goal z = -2.50 m before execution.
- Goal delta from current state is (8.47, -9.68, 0.01) m with distance 12.86 m.
- Obstacle pipeline: depth_camera_to_body_to_ned_current_frame.
- Current depth frame obstacle points projected into NED: 5. Nearest depth obstacle in NED is at (-9.39, 29.54, -2.55) m, relative vector (-1.59, 9.03, -0.04) m, distance 9.17 m.
- Depth validity fraction is 0.49. Global nearest obstacle distance is 5.06 m.
- Sector minimum distances [far_left, left, center, right, far_right] are [5.08, 5.07, 5.07, 5.06, 5.06] m.
- Nearest obstacle sector is far_right at 5.06 m and clearance status is clear.
- Lateral planning hint: prefer center progress.","{""waypoints"":[{""x"":-7.910346975611217,""y"":21.23758275473296},{""x"":-7.966317124864949,""y"":21.730120068165796},{""x"":-8.02228727411868,""y"":22.222657381598626},{""x"":-8.078257423372412,""y"":22.715194695031464},{""x"":-8.134227572626143,""y"":23.2077320084643}],""reasoning"":""Selected waypoint 0 moves the reference anchor from 13.07 m to 13.48 m from goal immediately and to 15.19 m by the final waypoint, so progress is -0.41 m selected / -2.11 m final and fails with non-monotonic goal-distance reduction. Kinematics is evaluated on 5 unique label waypoint(s), excluding consecutive duplicate terminal holds, and checks only that the trajectory stays within the configured bounds speed <= 15.00 m/s and acceleration <= 8.00 m/s^2, so kinematics passes. Goal is not reached within this label waypoint window. Safety passes: minimum clearance 4.07 m against manifest obstacles with 0 violating segment(s).""}",-7.910346975611217,21.23758275473296,-2.5,-7.966317124864949,21.730120068165796,-2.5,-8.02228727411868,22.222657381598626,-2.5,-8.078257423372412,22.715194695031464,-2.5,-8.134227572626143,23.2077320084643,-2.5
1773847060.361455441,1773847060.361455441,0.000,offline_ground_truth_window,"Environment section (T(v)):
- Current position NED is (-7.87, 21.00, -2.50) m.
- Current velocity is (-0.02, 0.13, 0.01) m/s (speed 0.14 m/s).
- Goal position NED is (0.66, 10.83, -2.50) m.
- Output contract: predict exactly 5 waypoint x/y pairs in NED. The planner will set every waypoint z to goal z = -2.50 m before execution.
- Goal delta from current state is (8.53, -10.17, -0.00) m with distance 13.27 m.
- Obstacle pipeline: depth_camera_to_body_to_ned_current_frame.
- Current depth frame obstacle points projected into NED: 5. Nearest depth obstacle in NED is at (-9.55, 29.53, -2.08) m, relative vector (-1.68, 8.53, 0.41) m, distance 8.71 m.
- Depth validity fraction is 0.48. Global nearest obstacle distance is 5.05 m.
- Sector minimum distances [far_left, left, center, right, far_right] are [5.05, 5.05, 5.05, 5.05, 5.05] m.
- Nearest obstacle sector is far_right at 5.05 m and clearance status is clear.
- Lateral planning hint: prefer center progress.","{""waypoints"":[{""x"":-7.966317124864949,""y"":21.730120068165796},{""x"":-8.02228727411868,""y"":22.222657381598626},{""x"":-8.078257423372412,""y"":22.715194695031464},{""x"":-8.134227572626143,""y"":23.2077320084643},{""x"":-8.190197721879874,""y"":23.700269321897135}],""reasoning"":""Selected waypoint 0 moves the reference anchor from 13.48 m to 13.90 m from goal immediately and to 15.62 m by the final waypoint, so progress is -0.42 m selected / -2.14 m final and fails with non-monotonic goal-distance reduction. Kinematics is evaluated on 5 unique label waypoint(s), excluding consecutive duplicate terminal holds, and checks only that the trajectory stays within the configured bounds speed <= 15.00 m/s and acceleration <= 8.00 m/s^2, so kinematics passes. Goal is not reached within this label waypoint window. Safety passes: minimum clearance 4.12 m against manifest obstacles with 0 violating segment(s).""}",-7.966317124864949,21.730120068165796,-2.5,-8.02228727411868,22.222657381598626,-2.5,-8.078257423372412,22.715194695031464,-2.5,-8.134227572626143,23.2077320084643,-2.5,-8.190197721879874,23.700269321897135,-2.5
1773847065.304757833,1773847065.304757833,0.000,offline_ground_truth_window,"Environment section (T(v)):
- Current position NED is (-7.96, 21.49, -2.50) m.
- Current velocity is (-0.01, 0.11, 0.00) m/s (speed 0.11 m/s).
- Goal position NED is (0.66, 10.83, -2.50) m.
- Output contract: predict exactly 5 waypoint x/y pairs in NED. The planner will set every waypoint z to goal z = -2.50 m before execution.
- Goal delta from current state is (8.62, -10.66, -0.00) m with distance 13.71 m.
- Obstacle pipeline: depth_camera_to_body_to_ned_current_frame.
- Current depth frame obstacle points projected into NED: 3. Nearest depth obstacle in NED is at (-9.60, 29.55, -2.49) m, relative vector (-1.64, 8.07, 0.01) m, distance 8.23 m.
- Depth validity fraction is 0.48. Global nearest obstacle distance is 5.07 m.
- Sector minimum distances [far_left, left, center, right, far_right] are [5.07, 5.07, 5.07, 5.07, 5.07] m.
- Nearest obstacle sector is far_right at 5.07 m and clearance status is clear.
- Lateral planning hint: prefer center progress.","{""waypoints"":[{""x"":-8.02228727411868,""y"":22.222657381598626},{""x"":-8.078257423372412,""y"":22.715194695031464},{""x"":-8.134227572626143,""y"":23.2077320084643},{""x"":-8.190197721879874,""y"":23.700269321897135},{""x"":-8.246167871133606,""y"":24.192806635329973}],""reasoning"":""Selected waypoint 0 moves the reference anchor from 13.90 m to 14.33 m from goal immediately and to 16.06 m by the final waypoint, so progress is -0.42 m selected / -2.16 m final and fails with non-monotonic goal-distance reduction. Kinematics is evaluated on 5 unique label waypoint(s), excluding consecutive duplicate terminal holds, and checks only that the trajectory stays within the configured bounds speed <= 15.00 m/s and acceleration <= 8.00 m/s^2, so kinematics passes. Goal is not reached within this label waypoint window. Safety passes: minimum clearance 4.18 m against manifest obstacles with 0 violating segment(s).""}",-8.02228727411868,22.222657381598626,-2.5,-8.078257423372412,22.715194695031464,-2.5,-8.134227572626143,23.2077320084643,-2.5,-8.190197721879874,23.700269321897135,-2.5,-8.246167871133606,24.192806635329973,-2.5
1773847069.931471109,1773847069.931471109,0.000,offline_ground_truth_window,"Environment section (T(v)):
- Current position NED is (-8.01, 21.98, -2.48) m.
- Current velocity is (-0.01, 0.12, 0.01) m/s (speed 0.12 m/s).
- Goal position NED is (0.66, 10.83, -2.50) m.
- Output contract: predict exactly 5 waypoint x/y pairs in NED. The planner will set every waypoint z to goal z = -2.50 m before execution.
- Goal delta from current state is (8.68, -11.15, -0.02) m with distance 14.13 m.
- Obstacle pipeline: depth_camera_to_body_to_ned_current_frame.
- Current depth frame obstacle points projected into NED: 3. Nearest depth obstacle in NED is at (-9.71, 29.54, -1.65) m, relative vector (-1.70, 7.56, 0.84) m, distance 7.79 m.
- Depth validity fraction is 0.46. Global nearest obstacle distance is 5.19 m.
- Sector minimum distances [far_left, left, center, right, far_right] are [5.20, 5.20, 5.20, 5.20, 5.19] m.
- Nearest obstacle sector is far_right at 5.19 m and clearance status is clear.
- Lateral planning hint: prefer center progress.","{""waypoints"":[{""x"":-8.078257423372412,""y"":22.715194695031464},{""x"":-8.134227572626143,""y"":23.2077320084643},{""x"":-8.190197721879874,""y"":23.700269321897135},{""x"":-8.246167871133606,""y"":24.192806635329973},{""x"":-8.302138020387337,""y"":24.685343948762807}],""reasoning"":""Selected waypoint 0 moves the reference anchor from 14.33 m to 14.75 m from goal immediately and to 16.50 m by the final waypoint, so progress is -0.43 m selected / -2.18 m final and fails with non-monotonic goal-distance reduction. Kinematics is evaluated on 5 unique label waypoint(s), excluding consecutive duplicate terminal holds, and checks only that the trajectory stays within the configured bounds speed <= 15.00 m/s and acceleration <= 8.00 m/s^2, so kinematics passes. Goal is not reached within this label waypoint window. Safety passes: minimum clearance 4.23 m against manifest obstacles with 0 violating segment(s).""}",-8.078257423372412,22.715194695031464,-2.5,-8.134227572626143,23.2077320084643,-2.5,-8.190197721879874,23.700269321897135,-2.5,-8.246167871133606,24.192806635329973,-2.5,-8.302138020387337,24.685343948762807,-2.5
1773847075.122475147,1773847075.122475147,0.000,offline_ground_truth_window,"Environment section (T(v)):
- Current position NED is (-8.05, 22.47, -2.52) m.
- Current velocity is (-0.01, 0.12, 0.01) m/s (speed 0.12 m/s).
- Goal position NED is (0.66, 10.83, -2.50) m.
- Output contract: predict exactly 5 waypoint x/y pairs in NED. The planner will set every waypoint z to goal z = -2.50 m before execution.
- Goal delta from current state is (8.72, -11.64, 0.02) m with distance 14.54 m.
- Obstacle pipeline: depth_camera_to_body_to_ned_current_frame.
- Current depth frame obstacle points projected into NED: 3. Nearest depth obstacle in NED is at (-9.61, 29.55, -2.76) m, relative vector (-1.56, 7.08, -0.25) m, distance 7.25 m.
- Depth validity fraction is 0.47. Global nearest obstacle distance is 5.15 m.
- Sector minimum distances [far_left, left, center, right, far_right] are [5.17, 5.16, 5.16, 5.16, 5.15] m.
- Nearest obstacle sector is far_right at 5.15 m and clearance status is clear.
- Lateral planning hint: prefer center progress.","{""waypoints"":[{""x"":-8.134227572626143,""y"":23.2077320084643},{""x"":-8.190197721879874,""y"":23.700269321897135},{""x"":-8.246167871133606,""y"":24.192806635329973},{""x"":-8.302138020387337,""y"":24.685343948762807},{""x"":-8.358108169641069,""y"":25.177881262195644}],""reasoning"":""Selected waypoint 0 moves the reference anchor from 14.75 m to 15.19 m from goal immediately and to 16.95 m by the final waypoint, so progress is -0.43 m selected / -2.19 m final and fails with non-monotonic goal-distance reduction. Kinematics is evaluated on 5 unique label waypoint(s), excluding consecutive duplicate terminal holds, and checks only that the trajectory stays within the configured bounds speed <= 15.00 m/s and acceleration <= 8.00 m/s^2, so kinematics passes. Goal is not reached within this label waypoint window. Safety passes: minimum clearance 4.29 m against manifest obstacles with 0 violating segment(s).""}",-8.134227572626143,23.2077320084643,-2.5,-8.190197721879874,23.700269321897135,-2.5,-8.246167871133606,24.192806635329973,-2.5,-8.302138020387337,24.685343948762807,-2.5,-8.358108169641069,25.177881262195644,-2.5
1773847079.863250732,1773847079.863250732,0.000,offline_ground_truth_window,"Environment section (T(v)):
- Current position NED is (-8.11, 22.96, -2.52) m.
- Current velocity is (-0.02, 0.12, 0.02) m/s (speed 0.12 m/s).
- Goal position NED is (0.66, 10.83, -2.50) m.
- Output contract: predict exactly 5 waypoint x/y pairs in NED. The planner will set every waypoint z to goal z = -2.50 m before execution.
- Goal delta from current state is (8.78, -12.13, 0.02) m with distance 14.97 m.
- Obstacle pipeline: depth_camera_to_body_to_ned_current_frame.
- Current depth frame obstacle points projected into NED: 3. Nearest depth obstacle in NED is at (-9.76, 29.55, -1.62) m, relative vector (-1.64, 6.59, 0.90) m, distance 6.85 m.
- Depth validity fraction is 0.47. Global nearest obstacle distance is 5.04 m.
- Sector minimum distances [far_left, left, center, right, far_right] are [5.04, 5.04, 5.04, 5.04, 5.05] m.
- Nearest obstacle sector is far_left at 5.04 m and clearance status is clear.
- Lateral planning hint: prefer center progress.","{""waypoints"":[{""x"":-8.190197721879874,""y"":23.700269321897135},{""x"":-8.246167871133606,""y"":24.192806635329973},{""x"":-8.302138020387337,""y"":24.685343948762807},{""x"":-8.358108169641069,""y"":25.177881262195644},{""x"":-8.4140783188948,""y"":25.67041857562848}],""reasoning"":""Selected waypoint 0 moves the reference anchor from 15.19 m to 15.62 m from goal immediately and to 17.40 m by the final waypoint, so progress is -0.44 m selected / -2.21 m final and fails with non-monotonic goal-distance reduction. Kinematics is evaluated on 5 unique label waypoint(s), excluding consecutive duplicate terminal holds, and checks only that the trajectory stays within the configured bounds speed <= 15.00 m/s and acceleration <= 8.00 m/s^2, so kinematics passes. Goal is not reached within this label waypoint window. Safety passes: minimum clearance 4.25 m against manifest obstacles with 0 violating segment(s).""}",-8.190197721879874,23.700269321897135,-2.5,-8.246167871133606,24.192806635329973,-2.5,-8.302138020387337,24.685343948762807,-2.5,-8.358108169641069,25.177881262195644,-2.5,-8.4140783188948,25.67041857562848,-2.5
1773847085.576107740,1773847085.576107740,0.000,offline_ground_truth_window,"Environment section (T(v)):
- Current position NED is (-8.17, 23.45, -2.50) m.
- Current velocity is (-0.00, 0.09, 0.00) m/s (speed 0.09 m/s).
- Goal position NED is (0.66, 10.83, -2.50) m.
- Output contract: predict exactly 5 waypoint x/y pairs in NED. The planner will set every waypoint z to goal z = -2.50 m before execution.
- Goal delta from current state is (8.83, -12.62, -0.00) m with distance 15.41 m.
- Obstacle pipeline: depth_camera_to_body_to_ned_current_frame.
- Current depth frame obstacle points projected into NED: 7. Nearest depth obstacle in NED is at (-9.82, 29.53, -1.99) m, relative vector (-1.65, 6.07, 0.50) m, distance 6.31 m.
- Depth validity fraction is 0.47. Global nearest obstacle distance is 5.01 m.
- Sector minimum distances [far_left, left, center, right, far_right] are [5.02, 5.02, 5.02, 5.02, 5.01] m.
- Nearest obstacle sector is far_right at 5.01 m and clearance status is clear.
- Lateral planning hint: prefer center progress.","{""waypoints"":[{""x"":-8.246167871133606,""y"":24.192806635329973},{""x"":-8.302138020387337,""y"":24.685343948762807},{""x"":-8.358108169641069,""y"":25.177881262195644},{""x"":-8.4140783188948,""y"":25.67041857562848},{""x"":-8.47004846814853,""y"":26.162955889061315}],""reasoning"":""Selected waypoint 0 moves the reference anchor from 15.62 m to 16.06 m from goal immediately and to 17.85 m by the final waypoint, so progress is -0.44 m selected / -2.23 m final and fails with non-monotonic goal-distance reduction. Kinematics is evaluated on 5 unique label waypoint(s), excluding consecutive duplicate terminal holds, and checks only that the trajectory stays within the configured bounds speed <= 15.00 m/s and acceleration <= 8.00 m/s^2, so kinematics passes. Goal is not reached within this label waypoint window. Safety passes: minimum clearance 3.80 m against manifest obstacles with 0 violating segment(s).""}",-8.246167871133606,24.192806635329973,-2.5,-8.302138020387337,24.685343948762807,-2.5,-8.358108169641069,25.177881262195644,-2.5,-8.4140783188948,25.67041857562848,-2.5,-8.47004846814853,26.162955889061315,-2.5
1773847090.980847359,1773847090.980847359,0.000,offline_ground_truth_window,"Environment section (T(v)):
- Current position NED is (-8.23, 23.95, -2.50) m.
- Current velocity is (-0.00, 0.07, 0.01) m/s (speed 0.07 m/s).
- Goal position NED is (0.66, 10.83, -2.50) m.
- Output contract: predict exactly 5 waypoint x/y pairs in NED. The planner will set every waypoint z to goal z = -2.50 m before execution.
- Goal delta from current state is (8.89, -13.12, 0.00) m with distance 15.85 m.
- Obstacle pipeline: depth_camera_to_body_to_ned_current_frame.
- Current depth frame obstacle points projected into NED: 11. Nearest depth obstacle in NED is at (-9.97, 29.50, -2.18) m, relative vector (-1.75, 5.56, 0.32) m, distance 5.83 m.
- Depth validity fraction is 0.46. Global nearest obstacle distance is 5.05 m.
- Sector minimum distances [far_left, left, center, right, far_right] are [5.05, 5.05, 5.05, 5.05, 5.05] m.
- Nearest obstacle sector is far_right at 5.05 m and clearance status is clear.
- Lateral planning hint: prefer center progress.","{""waypoints"":[{""x"":-8.302138020387337,""y"":24.685343948762807},{""x"":-8.358108169641069,""y"":25.177881262195644},{""x"":-8.4140783188948,""y"":25.67041857562848},{""x"":-8.47004846814853,""y"":26.162955889061315},{""x"":-8.526018617402261,""y"":26.655493202494153}],""reasoning"":""Selected waypoint 0 moves the reference anchor from 16.06 m to 16.50 m from goal immediately and to 18.30 m by the final waypoint, so progress is -0.44 m selected / -2.24 m final and fails with non-monotonic goal-distance reduction. Kinematics is evaluated on 5 unique label waypoint(s), excluding consecutive duplicate terminal holds, and checks only that the trajectory stays within the configured bounds speed <= 15.00 m/s and acceleration <= 8.00 m/s^2, so kinematics passes. Goal is not reached within this label waypoint window. Safety passes: minimum clearance 3.36 m against manifest obstacles with 0 violating segment(s).""}",-8.302138020387337,24.685343948762807,-2.5,-8.358108169641069,25.177881262195644,-2.5,-8.4140783188948,25.67041857562848,-2.5,-8.47004846814853,26.162955889061315,-2.5,-8.526018617402261,26.655493202494153,-2.5
1773847096.431980371,1773847096.431980371,0.000,offline_ground_truth_window,"Environment section (T(v)):
- Current position NED is (-8.28, 24.45, -2.49) m.
- Current velocity is (-0.01, 0.09, 0.01) m/s (speed 0.09 m/s).
- Goal position NED is (0.66, 10.83, -2.50) m.
- Output contract: predict exactly 5 waypoint x/y pairs in NED. The planner will set every waypoint z to goal z = -2.50 m before execution.
- Goal delta from current state is (8.94, -13.62, -0.01) m with distance 16.29 m.
- Obstacle pipeline: depth_camera_to_body_to_ned_current_frame.
- Current depth frame obstacle points projected into NED: 6. Nearest depth obstacle in NED is at (-9.99, 29.49, -2.64) m, relative vector (-1.71, 5.04, -0.14) m, distance 5.33 m.
- Depth validity fraction is 0.45. Global nearest obstacle distance is 5.02 m.
- Sector minimum distances [far_left, left, center, right, far_right] are [5.09, 5.02, 5.09, 5.08, 5.08] m.
- Nearest obstacle sector is left at 5.02 m and clearance status is clear.
- Lateral planning hint: prefer center progress.","{""waypoints"":[{""x"":-8.358108169641069,""y"":25.177881262195644},{""x"":-8.4140783188948,""y"":25.67041857562848},{""x"":-8.47004846814853,""y"":26.162955889061315},{""x"":-8.526018617402261,""y"":26.655493202494153},{""x"":-8.581988766655993,""y"":27.148030515926987}],""reasoning"":""Selected waypoint 0 moves the reference anchor from 16.50 m to 16.95 m from goal immediately and to 18.75 m by the final waypoint, so progress is -0.45 m selected / -2.25 m final and fails with non-monotonic goal-distance reduction. Kinematics is evaluated on 5 unique label waypoint(s), excluding consecutive duplicate terminal holds, and checks only that the trajectory stays within the configured bounds speed <= 15.00 m/s and acceleration <= 8.00 m/s^2, so kinematics passes. Goal is not reached within this label waypoint window. Safety passes: minimum clearance 2.94 m against manifest obstacles with 0 violating segment(s).""}",-8.358108169641069,25.177881262195644,-2.5,-8.4140783188948,25.67041857562848,-2.5,-8.47004846814853,26.162955889061315,-2.5,-8.526018617402261,26.655493202494153,-2.5,-8.581988766655993,27.148030515926987,-2.5
1773847102.124004364,1773847102.124004364,0.000,offline_ground_truth_window,"Environment section (T(v)):
- Current position NED is (-8.33, 24.93, -2.48) m.
- Current velocity is (-0.00, 0.09, -0.00) m/s (speed 0.09 m/s).
- Goal position NED is (0.66, 10.83, -2.50) m.
- Output contract: predict exactly 5 waypoint x/y pairs in NED. The planner will set every waypoint z to goal z = -2.50 m before execution.
- Goal delta from current state is (8.99, -14.10, -0.02) m with distance 16.72 m.
- Obstacle pipeline: depth_camera_to_body_to_ned_current_frame.
- Current depth frame obstacle points projected into NED: 24. Nearest depth obstacle in NED is at (-10.00, 29.50, -2.33) m, relative vector (-1.67, 4.57, 0.15) m, distance 4.86 m.
- Depth validity fraction is 0.46. Global nearest obstacle distance is 4.55 m.
- Sector minimum distances [far_left, left, center, right, far_right] are [4.98, 4.55, 4.98, 4.97, 4.97] m.
- Nearest obstacle sector is left at 4.55 m and clearance status is clear.
- Lateral planning hint: prefer center progress.","{""waypoints"":[{""x"":-8.4140783188948,""y"":25.67041857562848},{""x"":-8.47004846814853,""y"":26.162955889061315},{""x"":-8.526018617402261,""y"":26.655493202494153},{""x"":-8.581988766655993,""y"":27.148030515926987},{""x"":-8.637958915909724,""y"":27.640567829359824}],""reasoning"":""Selected waypoint 0 moves the reference anchor from 16.95 m to 17.40 m from goal immediately and to 19.21 m by the final waypoint, so progress is -0.45 m selected / -2.26 m final and fails with non-monotonic goal-distance reduction. Kinematics is evaluated on 5 unique label waypoint(s), excluding consecutive duplicate terminal holds, and checks only that the trajectory stays within the configured bounds speed <= 15.00 m/s and acceleration <= 8.00 m/s^2, so kinematics passes. Goal is not reached within this label waypoint window. Safety passes: minimum clearance 2.55 m against manifest obstacles with 0 violating segment(s).""}",-8.4140783188948,25.67041857562848,-2.5,-8.47004846814853,26.162955889061315,-2.5,-8.526018617402261,26.655493202494153,-2.5,-8.581988766655993,27.148030515926987,-2.5,-8.637958915909724,27.640567829359824,-2.5
1773847106.655176401,1773847106.655176401,0.000,offline_ground_truth_window,"Environment section (T(v)):
- Current position NED is (-8.41, 25.43, -2.48) m.
- Current velocity is (-0.02, 0.10, 0.00) m/s (speed 0.11 m/s).
- Goal position NED is (0.66, 10.83, -2.50) m.
- Output contract: predict exactly 5 waypoint x/y pairs in NED. The planner will set every waypoint z to goal z = -2.50 m before execution.
- Goal delta from current state is (9.08, -14.60, -0.02) m with distance 17.19 m.
- Obstacle pipeline: depth_camera_to_body_to_ned_current_frame.
- Current depth frame obstacle points projected into NED: 14. Nearest depth obstacle in NED is at (-10.13, 29.49, -2.42) m, relative vector (-1.72, 4.06, 0.06) m, distance 4.41 m.
- Depth validity fraction is 0.45. Global nearest obstacle distance is 4.04 m.
- Sector minimum distances [far_left, left, center, right, far_right] are [5.10, 4.04, 5.11, 5.11, 5.12] m.
- Nearest obstacle sector is left at 4.04 m and clearance status is clear.
- Lateral planning hint: right side is clearer.","{""waypoints"":[{""x"":-8.47004846814853,""y"":26.162955889061315},{""x"":-8.526018617402261,""y"":26.655493202494153},{""x"":-8.581988766655993,""y"":27.148030515926987},{""x"":-8.637958915909724,""y"":27.640567829359824},{""x"":-8.693929065163456,""y"":28.13310514279266}],""reasoning"":""Selected waypoint 0 moves the reference anchor from 17.40 m to 17.85 m from goal immediately and to 19.67 m by the final waypoint, so progress is -0.45 m selected / -2.27 m final and fails with non-monotonic goal-distance reduction. Kinematics is evaluated on 5 unique label waypoint(s), excluding consecutive duplicate terminal holds, and checks only that the trajectory stays within the configured bounds speed <= 15.00 m/s and acceleration <= 8.00 m/s^2, so kinematics passes. Goal is not reached within this label waypoint window. Safety passes: minimum clearance 2.18 m against manifest obstacles with 0 violating segment(s).""}",-8.47004846814853,26.162955889061315,-2.5,-8.526018617402261,26.655493202494153,-2.5,-8.581988766655993,27.148030515926987,-2.5,-8.637958915909724,27.640567829359824,-2.5,-8.693929065163456,28.13310514279266,-2.5
1773847112.438837290,1773847112.438837290,0.000,offline_ground_truth_window,"Environment section (T(v)):
- Current position NED is (-8.46, 25.92, -2.49) m.
- Current velocity is (0.00, 0.08, 0.00) m/s (speed 0.08 m/s).
- Goal position NED is (0.66, 10.83, -2.50) m.
- Output contract: predict exactly 5 waypoint x/y pairs in NED. The planner will set every waypoint z to goal z = -2.50 m before execution.
- Goal delta from current state is (9.12, -15.09, -0.01) m with distance 17.63 m.
- Obstacle pipeline: depth_camera_to_body_to_ned_current_frame.
- Current depth frame obstacle points projected into NED: 23. Nearest depth obstacle in NED is at (-10.13, 29.52, -2.57) m, relative vector (-1.67, 3.60, -0.07) m, distance 3.97 m.
- Depth validity fraction is 0.45. Global nearest obstacle distance is 3.58 m.
- Sector minimum distances [far_left, left, center, right, far_right] are [3.66, 3.58, 5.05, 5.05, 5.05] m.
- Nearest obstacle sector is left at 3.58 m and clearance status is clear.
- Lateral planning hint: right side is clearer.","{""waypoints"":[{""x"":-8.526018617402261,""y"":26.655493202494153},{""x"":-8.581988766655993,""y"":27.148030515926987},{""x"":-8.637958915909724,""y"":27.640567829359824},{""x"":-8.693929065163456,""y"":28.13310514279266},{""x"":-8.749899214417187,""y"":28.625642456225492}],""reasoning"":""Selected waypoint 0 moves the reference anchor from 17.85 m to 18.30 m from goal immediately and to 20.13 m by the final waypoint, so progress is -0.45 m selected / -2.28 m final and fails with non-monotonic goal-distance reduction. Kinematics is evaluated on 5 unique label waypoint(s), excluding consecutive duplicate terminal holds, and checks only that the trajectory stays within the configured bounds speed <= 15.00 m/s and acceleration <= 8.00 m/s^2, so kinematics passes. Goal is not reached within this label waypoint window. Safety passes: minimum clearance 1.88 m against manifest obstacles with 0 violating segment(s).""}",-8.526018617402261,26.655493202494153,-2.5,-8.581988766655993,27.148030515926987,-2.5,-8.637958915909724,27.640567829359824,-2.5,-8.693929065163456,28.13310514279266,-2.5,-8.749899214417187,28.625642456225492,-2.5
1773847118.149264097,1773847118.149264097,0.000,offline_ground_truth_window,"Environment section (T(v)):
- Current position NED is (-8.49, 26.41, -2.50) m.
- Current velocity is (-0.01, 0.13, 0.01) m/s (speed 0.13 m/s).
- Goal position NED is (0.66, 10.83, -2.50) m.
- Output contract: predict exactly 5 waypoint x/y pairs in NED. The planner will set every waypoint z to goal z = -2.50 m before execution.
- Goal delta from current state is (9.15, -15.58, -0.00) m with distance 18.07 m.
- Obstacle pipeline: depth_camera_to_body_to_ned_current_frame.
- Current depth frame obstacle points projected into NED: 31. Nearest depth obstacle in NED is at (-10.17, 29.51, -2.24) m, relative vector (-1.68, 3.09, 0.26) m, distance 3.53 m.
- Depth validity fraction is 0.45. Global nearest obstacle distance is 3.07 m.
- Sector minimum distances [far_left, left, center, right, far_right] are [3.07, 3.09, 5.10, 5.10, 5.10] m.
- Nearest obstacle sector is far_left at 3.07 m and clearance status is clear.
- Lateral planning hint: right side is clearer.","{""waypoints"":[{""x"":-8.581988766655993,""y"":27.148030515926987},{""x"":-8.637958915909724,""y"":27.640567829359824},{""x"":-8.693929065163456,""y"":28.13310514279266},{""x"":-8.749899214417187,""y"":28.625642456225492},{""x"":-8.805869363670919,""y"":29.11817976965833}],""reasoning"":""Selected waypoint 0 moves the reference anchor from 18.30 m to 18.75 m from goal immediately and to 20.59 m by the final waypoint, so progress is -0.46 m selected / -2.29 m final and fails with non-monotonic goal-distance reduction. Kinematics is evaluated on 5 unique label waypoint(s), excluding consecutive duplicate terminal holds, and checks only that the trajectory stays within the configured bounds speed <= 15.00 m/s and acceleration <= 8.00 m/s^2, so kinematics passes. Goal is not reached within this label waypoint window. Safety passes: minimum clearance 1.65 m against manifest obstacles with 0 violating segment(s).""}",-8.581988766655993,27.148030515926987,-2.5,-8.637958915909724,27.640567829359824,-2.5,-8.693929065163456,28.13310514279266,-2.5,-8.749899214417187,28.625642456225492,-2.5,-8.805869363670919,29.11817976965833,-2.5
1773847123.441289186,1773847123.441289186,0.000,offline_ground_truth_window,"Environment section (T(v)):
- Current position NED is (-8.58, 26.90, -2.48) m.
- Current velocity is (-0.01, 0.10, 0.00) m/s (speed 0.10 m/s).
- Goal position NED is (0.66, 10.83, -2.50) m.
- Output contract: predict exactly 5 waypoint x/y pairs in NED. The planner will set every waypoint z to goal z = -2.50 m before execution.
- Goal delta from current state is (9.25, -16.07, -0.02) m with distance 18.54 m.
- Obstacle pipeline: depth_camera_to_body_to_ned_current_frame.
- Current depth frame obstacle points projected into NED: 41. Nearest depth obstacle in NED is at (-10.26, 29.54, -2.61) m, relative vector (-1.68, 2.64, -0.13) m, distance 3.13 m.
- Depth validity fraction is 0.44. Global nearest obstacle distance is 2.60 m.
- Sector minimum distances [far_left, left, center, right, far_right] are [2.60, 2.89, 5.04, 5.04, 5.05] m.
- Nearest obstacle sector is far_left at 2.60 m and clearance status is caution.
- Lateral planning hint: right side is clearer.","{""waypoints"":[{""x"":-8.637958915909724,""y"":27.640567829359824},{""x"":-8.693929065163456,""y"":28.13310514279266},{""x"":-8.749899214417187,""y"":28.625642456225492},{""x"":-8.805869363670919,""y"":29.11817976965833},{""x"":-8.86183951292465,""y"":29.610717083091167}],""reasoning"":""Selected waypoint 0 moves the reference anchor from 18.75 m to 19.21 m from goal immediately and to 21.06 m by the final waypoint, so progress is -0.46 m selected / -2.30 m final and fails with non-monotonic goal-distance reduction. Kinematics is evaluated on 5 unique label waypoint(s), excluding consecutive duplicate terminal holds, and checks only that the trajectory stays within the configured bounds speed <= 15.00 m/s and acceleration <= 8.00 m/s^2, so kinematics passes. Goal is not reached within this label waypoint window. Safety passes: minimum clearance 1.53 m against manifest obstacles with 0 violating segment(s).""}",-8.637958915909724,27.640567829359824,-2.5,-8.693929065163456,28.13310514279266,-2.5,-8.749899214417187,28.625642456225492,-2.5,-8.805869363670919,29.11817976965833,-2.5,-8.86183951292465,29.610717083091167,-2.5
1773847129.130711079,1773847129.130711079,0.000,offline_ground_truth_window,"Environment section (T(v)):
- Current position NED is (-8.61, 27.40, -2.50) m.
- Current velocity is (-0.00, 0.10, 0.01) m/s (speed 0.10 m/s).
- Goal position NED is (0.66, 10.83, -2.50) m.
- Output contract: predict exactly 5 waypoint x/y pairs in NED. The planner will set every waypoint z to goal z = -2.50 m before execution.
- Goal delta from current state is (9.27, -16.57, -0.00) m with distance 18.99 m.
- Obstacle pipeline: depth_camera_to_body_to_ned_current_frame.
- Current depth frame obstacle points projected into NED: 46. Nearest depth obstacle in NED is at (-10.27, 29.53, -2.45) m, relative vector (-1.66, 2.13, 0.05) m, distance 2.70 m.
- Depth validity fraction is 0.42. Global nearest obstacle distance is 2.10 m.
- Sector minimum distances [far_left, left, center, right, far_right] are [2.10, 5.13, 5.13, 5.13, 5.13] m.
- Nearest obstacle sector is far_left at 2.10 m and clearance status is caution.
- Lateral planning hint: right side is clearer.","{""waypoints"":[{""x"":-8.693929065163456,""y"":28.13310514279266},{""x"":-8.749899214417187,""y"":28.625642456225492},{""x"":-8.805869363670919,""y"":29.11817976965833},{""x"":-8.86183951292465,""y"":29.610717083091167},{""x"":-8.917809662178382,""y"":30.103254396524}],""reasoning"":""Selected waypoint 0 moves the reference anchor from 19.21 m to 19.67 m from goal immediately and to 21.52 m by the final waypoint, so progress is -0.46 m selected / -2.31 m final and fails with non-monotonic goal-distance reduction. Kinematics is evaluated on 5 unique label waypoint(s), excluding consecutive duplicate terminal holds, and checks only that the trajectory stays within the configured bounds speed <= 15.00 m/s and acceleration <= 8.00 m/s^2, so kinematics passes. Goal is not reached within this label waypoint window. Safety passes: minimum clearance 1.52 m against manifest obstacles with 0 violating segment(s).""}",-8.693929065163456,28.13310514279266,-2.5,-8.749899214417187,28.625642456225492,-2.5,-8.805869363670919,29.11817976965833,-2.5,-8.86183951292465,29.610717083091167,-2.5,-8.917809662178382,30.103254396524,-2.5
1773847134.118666410,1773847134.118666410,0.000,offline_ground_truth_window,"Environment section (T(v)):
- Current position NED is (-8.65, 27.89, -2.50) m.
- Current velocity is (-0.01, 0.11, 0.01) m/s (speed 0.11 m/s).
- Goal position NED is (0.66, 10.83, -2.50) m.
- Output contract: predict exactly 5 waypoint x/y pairs in NED. The planner will set every waypoint z to goal z = -2.50 m before execution.
- Goal delta from current state is (9.32, -17.06, -0.00) m with distance 19.44 m.
- Obstacle pipeline: depth_camera_to_body_to_ned_current_frame.
- Current depth frame obstacle points projected into NED: 24. Nearest depth obstacle in NED is at (-10.17, 29.70, -2.61) m, relative vector (-1.52, 1.81, -0.11) m, distance 2.37 m.
- Depth validity fraction is 0.38. Global nearest obstacle distance is 1.81 m.
- Sector minimum distances [far_left, left, center, right, far_right] are [1.81, 5.10, 5.10, 5.10, 5.09] m.
- Nearest obstacle sector is far_left at 1.81 m and clearance status is caution.
- Lateral planning hint: right side is clearer.","{""waypoints"":[{""x"":-8.749899214417187,""y"":28.625642456225492},{""x"":-8.805869363670919,""y"":29.11817976965833},{""x"":-8.86183951292465,""y"":29.610717083091167},{""x"":-8.917809662178382,""y"":30.103254396524},{""x"":-8.973779811432113,""y"":30.595791709956842}],""reasoning"":""Selected waypoint 0 moves the reference anchor from 19.67 m to 20.13 m from goal immediately and to 21.99 m by the final waypoint, so progress is -0.46 m selected / -2.32 m final and fails with non-monotonic goal-distance reduction. Kinematics is evaluated on 5 unique label waypoint(s), excluding consecutive duplicate terminal holds, and checks only that the trajectory stays within the configured bounds speed <= 15.00 m/s and acceleration <= 8.00 m/s^2, so kinematics passes. Goal is not reached within this label waypoint window. Safety passes: minimum clearance 1.52 m against manifest obstacles with 0 violating segment(s).""}",-8.749899214417187,28.625642456225492,-2.5,-8.805869363670919,29.11817976965833,-2.5,-8.86183951292465,29.610717083091167,-2.5,-8.917809662178382,30.103254396524,-2.5,-8.973779811432113,30.595791709956842,-2.5
1773847140.472968578,1773847140.472968578,0.000,offline_ground_truth_window,"Environment section (T(v)):
- Current position NED is (-8.73, 28.38, -2.50) m.
- Current velocity is (-0.02, 0.08, 0.01) m/s (speed 0.08 m/s).
- Goal position NED is (0.66, 10.83, -2.50) m.
- Output contract: predict exactly 5 waypoint x/y pairs in NED. The planner will set every waypoint z to goal z = -2.50 m before execution.
- Goal delta from current state is (9.40, -17.55, -0.00) m with distance 19.91 m.
- Obstacle pipeline: depth_camera_to_body_to_ned_current_frame.
- Current depth frame obstacle points projected into NED: 0. Nearest depth obstacle in NED is at (-8.73, 28.38, -2.50) m, relative vector (20.00, 0.00, 0.00) m, distance 20.00 m.
- Depth validity fraction is 0.35. Global nearest obstacle distance is 5.01 m.
- Sector minimum distances [far_left, left, center, right, far_right] are [5.01, 5.02, 5.02, 5.02, 5.03] m.
- Nearest obstacle sector is far_left at 5.01 m and clearance status is clear.
- Lateral planning hint: prefer center progress.","{""waypoints"":[{""x"":-8.805869363670919,""y"":29.11817976965833},{""x"":-8.86183951292465,""y"":29.610717083091167},{""x"":-8.917809662178382,""y"":30.103254396524},{""x"":-8.973779811432113,""y"":30.595791709956842},{""x"":-9.029749960685844,""y"":31.088329023389676}],""reasoning"":""Selected waypoint 0 moves the reference anchor from 20.13 m to 20.59 m from goal immediately and to 22.46 m by the final waypoint, so progress is -0.46 m selected / -2.33 m final and fails with non-monotonic goal-distance reduction. Kinematics is evaluated on 5 unique label waypoint(s), excluding consecutive duplicate terminal holds, and checks only that the trajectory stays within the configured bounds speed <= 15.00 m/s and acceleration <= 8.00 m/s^2, so kinematics passes. Goal is not reached within this label waypoint window. Safety passes: minimum clearance 1.52 m against manifest obstacles with 0 violating segment(s).""}",-8.805869363670919,29.11817976965833,-2.5,-8.86183951292465,29.610717083091167,-2.5,-8.917809662178382,30.103254396524,-2.5,-8.973779811432113,30.595791709956842,-2.5,-9.029749960685844,31.088329023389676,-2.5
1773847146.051073074,1773847146.051073074,0.000,offline_ground_truth_window,"Environment section (T(v)):
- Current position NED is (-8.76, 28.88, -2.48) m.
- Current velocity is (-0.00, 0.09, 0.00) m/s (speed 0.09 m/s).
- Goal position NED is (0.66, 10.83, -2.50) m.
- Output contract: predict exactly 5 waypoint x/y pairs in NED. The planner will set every waypoint z to goal z = -2.50 m before execution.
- Goal delta from current state is (9.43, -18.05, -0.02) m with distance 20.36 m.
- Obstacle pipeline: depth_camera_to_body_to_ned_current_frame.
- Current depth frame obstacle points projected into NED: 0. Nearest depth obstacle in NED is at (-8.76, 28.88, -2.48) m, relative vector (20.00, 0.00, 0.00) m, distance 20.00 m.
- Depth validity fraction is 0.35. Global nearest obstacle distance is 5.02 m.
- Sector minimum distances [far_left, left, center, right, far_right] are [5.03, 5.03, 5.02, 5.02, 5.02] m.
- Nearest obstacle sector is far_right at 5.02 m and clearance status is clear.
- Lateral planning hint: prefer center progress.","{""waypoints"":[{""x"":-8.86183951292465,""y"":29.610717083091167},{""x"":-8.917809662178382,""y"":30.103254396524},{""x"":-8.973779811432113,""y"":30.595791709956842},{""x"":-9.029749960685844,""y"":31.088329023389676},{""x"":-9.085720109939576,""y"":31.58086633682251}],""reasoning"":""Selected waypoint 0 moves the reference anchor from 20.59 m to 21.06 m from goal immediately and to 22.93 m by the final waypoint, so progress is -0.46 m selected / -2.33 m final and fails with non-monotonic goal-distance reduction. Kinematics is evaluated on 5 unique label waypoint(s), excluding consecutive duplicate terminal holds, and checks only that the trajectory stays within the configured bounds speed <= 15.00 m/s and acceleration <= 8.00 m/s^2, so kinematics passes. Goal is not reached within this label waypoint window. Safety passes: minimum clearance 1.52 m against manifest obstacles with 0 violating segment(s).""}",-8.86183951292465,29.610717083091167,-2.5,-8.917809662178382,30.103254396524,-2.5,-8.973779811432113,30.595791709956842,-2.5,-9.029749960685844,31.088329023389676,-2.5,-9.085720109939576,31.58086633682251,-2.5
1773847152.180945873,1773847152.180945873,0.000,offline_ground_truth_window,"Environment section (T(v)):
- Current position NED is (-8.82, 29.38, -2.49) m.
- Current velocity is (-0.01, 0.11, 0.00) m/s (speed 0.11 m/s).
- Goal position NED is (0.66, 10.83, -2.50) m.
- Output contract: predict exactly 5 waypoint x/y pairs in NED. The planner will set every waypoint z to goal z = -2.50 m before execution.
- Goal delta from current state is (9.48, -18.55, -0.01) m with distance 20.83 m.
- Obstacle pipeline: depth_camera_to_body_to_ned_current_frame.
- Current depth frame obstacle points projected into NED: 0. Nearest depth obstacle in NED is at (-8.82, 29.38, -2.49) m, relative vector (20.00, 0.00, 0.00) m, distance 20.00 m.
- Depth validity fraction is 0.35. Global nearest obstacle distance is 5.01 m.
- Sector minimum distances [far_left, left, center, right, far_right] are [5.03, 5.03, 5.02, 5.02, 5.01] m.
- Nearest obstacle sector is far_right at 5.01 m and clearance status is clear.
- Lateral planning hint: prefer center progress.","{""waypoints"":[{""x"":-8.917809662178382,""y"":30.103254396524},{""x"":-8.973779811432113,""y"":30.595791709956842},{""x"":-9.029749960685844,""y"":31.088329023389676},{""x"":-9.085720109939576,""y"":31.58086633682251},{""x"":-8.764291538511005,""y"":31.938009193965367}],""reasoning"":""Selected waypoint 0 moves the reference anchor from 21.06 m to 21.52 m from goal immediately and to 23.12 m by the final waypoint, so progress is -0.47 m selected / -2.06 m final and fails with non-monotonic goal-distance reduction. Kinematics is evaluated on 5 unique label waypoint(s), excluding consecutive duplicate terminal holds, and checks only that the trajectory stays within the configured bounds speed <= 15.00 m/s and acceleration <= 8.00 m/s^2, so kinematics passes. Goal is not reached within this label waypoint window. Safety passes: minimum clearance 1.52 m against manifest obstacles with 0 violating segment(s).""}",-8.917809662178382,30.103254396524,-2.5,-8.973779811432113,30.595791709956842,-2.5,-9.029749960685844,31.088329023389676,-2.5,-9.085720109939576,31.58086633682251,-2.5,-8.764291538511005,31.938009193965367,-2.5
1773847158.180889368,1773847158.180889368,0.000,offline_ground_truth_window,"Environment section (T(v)):
- Current position NED is (-8.91, 29.86, -2.49) m.
- Current velocity is (-0.00, 0.07, 0.00) m/s (speed 0.07 m/s).
- Goal position NED is (0.66, 10.83, -2.50) m.
- Output contract: predict exactly 5 waypoint x/y pairs in NED. The planner will set every waypoint z to goal z = -2.50 m before execution.
- Goal delta from current state is (9.58, -19.03, -0.01) m with distance 21.30 m.
- Obstacle pipeline: depth_camera_to_body_to_ned_current_frame.
- Current depth frame obstacle points projected into NED: 0. Nearest depth obstacle in NED is at (-8.91, 29.86, -2.49) m, relative vector (20.00, 0.00, 0.00) m, distance 20.00 m.
- Depth validity fraction is 0.35. Global nearest obstacle distance is 5.07 m.
- Sector minimum distances [far_left, left, center, right, far_right] are [5.07, 5.07, 5.07, 5.07, 5.07] m.
- Nearest obstacle sector is far_left at 5.07 m and clearance status is clear.
- Lateral planning hint: prefer center progress.","{""waypoints"":[{""x"":-8.973779811432113,""y"":30.595791709956842},{""x"":-9.029749960685844,""y"":31.088329023389676},{""x"":-9.085720109939576,""y"":31.58086633682251},{""x"":-8.764291538511005,""y"":31.938009193965367},{""x"":-8.442862967082434,""y"":32.295152051108225}],""reasoning"":""Selected waypoint 0 moves the reference anchor from 21.52 m to 21.99 m from goal immediately and to 23.32 m by the final waypoint, so progress is -0.47 m selected / -1.79 m final and fails with non-monotonic goal-distance reduction. Kinematics is evaluated on 5 unique label waypoint(s), excluding consecutive duplicate terminal holds, and checks only that the trajectory stays within the configured bounds speed <= 15.00 m/s and acceleration <= 8.00 m/s^2, so kinematics passes. Goal is not reached within this label waypoint window. Safety passes: minimum clearance 1.54 m against manifest obstacles with 0 violating segment(s).""}",-8.973779811432113,30.595791709956842,-2.5,-9.029749960685844,31.088329023389676,-2.5,-9.085720109939576,31.58086633682251,-2.5,-8.764291538511005,31.938009193965367,-2.5,-8.442862967082434,32.295152051108225,-2.5
1773847163.316780090,1773847163.316780090,0.000,offline_ground_truth_window,"Environment section (T(v)):
- Current position NED is (-8.92, 30.37, -2.50) m.
- Current velocity is (-0.03, 0.13, 0.01) m/s (speed 0.13 m/s).
- Goal position NED is (0.66, 10.83, -2.50) m.
- Output contract: predict exactly 5 waypoint x/y pairs in NED. The planner will set every waypoint z to goal z = -2.50 m before execution.
- Goal delta from current state is (9.59, -19.53, 0.00) m with distance 21.76 m.
- Obstacle pipeline: depth_camera_to_body_to_ned_current_frame.
- Current depth frame obstacle points projected into NED: 0. Nearest depth obstacle in NED is at (-8.92, 30.37, -2.50) m, relative vector (20.00, 0.00, 0.00) m, distance 20.00 m.
- Depth validity fraction is 0.35. Global nearest obstacle distance is 5.06 m.
- Sector minimum distances [far_left, left, center, right, far_right] are [5.07, 5.06, 5.06, 5.06, 5.06] m.
- Nearest obstacle sector is far_right at 5.06 m and clearance status is clear.
- Lateral planning hint: prefer center progress.","{""waypoints"":[{""x"":-9.029749960685844,""y"":31.088329023389676},{""x"":-9.085720109939576,""y"":31.58086633682251},{""x"":-8.764291538511005,""y"":31.938009193965367},{""x"":-8.442862967082434,""y"":32.295152051108225},{""x"":-8.121434395653862,""y"":32.65229490825108}],""reasoning"":""Selected waypoint 0 moves the reference anchor from 21.99 m to 22.46 m from goal immediately and to 23.52 m by the final waypoint, so progress is -0.47 m selected / -1.53 m final and fails with non-monotonic goal-distance reduction. Kinematics is evaluated on 5 unique label waypoint(s), excluding consecutive duplicate terminal holds, and checks only that the trajectory stays within the configured bounds speed <= 15.00 m/s and acceleration <= 8.00 m/s^2, so kinematics passes. Goal is not reached within this label waypoint window. Safety passes: minimum clearance 1.68 m against manifest obstacles with 0 violating segment(s).""}",-9.029749960685844,31.088329023389676,-2.5,-9.085720109939576,31.58086633682251,-2.5,-8.764291538511005,31.938009193965367,-2.5,-8.442862967082434,32.295152051108225,-2.5,-8.121434395653862,32.65229490825108,-2.5
1773847168.062075853,1773847168.062075853,0.000,offline_ground_truth_window,"Environment section (T(v)):
- Current position NED is (-9.01, 30.84, -2.49) m.
- Current velocity is (-0.01, 0.10, 0.00) m/s (speed 0.10 m/s).
- Goal position NED is (0.66, 10.83, -2.50) m.
- Output contract: predict exactly 5 waypoint x/y pairs in NED. The planner will set every waypoint z to goal z = -2.50 m before execution.
- Goal delta from current state is (9.67, -20.01, -0.01) m with distance 22.23 m.
- Obstacle pipeline: depth_camera_to_body_to_ned_current_frame.
- Current depth frame obstacle points projected into NED: 0. Nearest depth obstacle in NED is at (-9.01, 30.84, -2.49) m, relative vector (20.00, 0.00, 0.00) m, distance 20.00 m.
- Depth validity fraction is 0.35. Global nearest obstacle distance is 5.07 m.
- Sector minimum distances [far_left, left, center, right, far_right] are [5.07, 5.07, 5.07, 5.07, 5.07] m.
- Nearest obstacle sector is far_left at 5.07 m and clearance status is clear.
- Lateral planning hint: prefer center progress.","{""waypoints"":[{""x"":-9.085720109939576,""y"":31.58086633682251},{""x"":-8.764291538511005,""y"":31.938009193965367},{""x"":-8.442862967082434,""y"":32.295152051108225},{""x"":-8.121434395653862,""y"":32.65229490825108},{""x"":-7.800005824225291,""y"":33.00943776539394}],""reasoning"":""Selected waypoint 0 moves the reference anchor from 22.46 m to 22.93 m from goal immediately and to 23.74 m by the final waypoint, so progress is -0.47 m selected / -1.28 m final and fails with non-monotonic goal-distance reduction. Kinematics is evaluated on 5 unique label waypoint(s), excluding consecutive duplicate terminal holds, and checks only that the trajectory stays within the configured bounds speed <= 15.00 m/s and acceleration <= 8.00 m/s^2, so kinematics passes. Goal is not reached within this label waypoint window. Safety passes: minimum clearance 1.93 m against manifest obstacles with 0 violating segment(s).""}",-9.085720109939576,31.58086633682251,-2.5,-8.764291538511005,31.938009193965367,-2.5,-8.442862967082434,32.295152051108225,-2.5,-8.121434395653862,32.65229490825108,-2.5,-7.800005824225291,33.00943776539394,-2.5
1773847173.064777136,1773847173.064777136,0.000,offline_ground_truth_window,"Environment section (T(v)):
- Current position NED is (-9.05, 31.34, -2.48) m.
- Current velocity is (-0.02, 0.11, -0.00) m/s (speed 0.11 m/s).
- Goal position NED is (0.66, 10.83, -2.50) m.
- Output contract: predict exactly 5 waypoint x/y pairs in NED. The planner will set every waypoint z to goal z = -2.50 m before execution.
- Goal delta from current state is (9.72, -20.51, -0.02) m with distance 22.69 m.
- Obstacle pipeline: depth_camera_to_body_to_ned_current_frame.
- Current depth frame obstacle points projected into NED: 0. Nearest depth obstacle in NED is at (-9.05, 31.34, -2.48) m, relative vector (20.00, 0.00, 0.00) m, distance 20.00 m.
- Depth validity fraction is 0.35. Global nearest obstacle distance is 5.05 m.
- Sector minimum distances [far_left, left, center, right, far_right] are [5.05, 5.06, 5.06, 5.06, 5.06] m.
- Nearest obstacle sector is far_left at 5.05 m and clearance status is clear.
- Lateral planning hint: prefer center progress.","{""waypoints"":[{""x"":-8.764291538511005,""y"":31.938009193965367},{""x"":-8.442862967082434,""y"":32.295152051108225},{""x"":-8.121434395653862,""y"":32.65229490825108},{""x"":-7.800005824225291,""y"":33.00943776539394},{""x"":-7.478577252796718,""y"":33.366580622536794}],""reasoning"":""Selected waypoint 0 moves the reference anchor from 22.93 m to 23.12 m from goal immediately and to 23.96 m by the final waypoint, so progress is -0.19 m selected / -1.04 m final and fails with non-monotonic goal-distance reduction. Kinematics is evaluated on 5 unique label waypoint(s), excluding consecutive duplicate terminal holds, and checks only that the trajectory stays within the configured bounds speed <= 15.00 m/s and acceleration <= 8.00 m/s^2, so kinematics passes. Goal is not reached within this label waypoint window. Safety passes: minimum clearance 2.24 m against manifest obstacles with 0 violating segment(s).""}",-8.764291538511005,31.938009193965367,-2.5,-8.442862967082434,32.295152051108225,-2.5,-8.121434395653862,32.65229490825108,-2.5,-7.800005824225291,33.00943776539394,-2.5,-7.478577252796718,33.366580622536794,-2.5
1773847178.302327394,1773847178.302327394,0.000,offline_ground_truth_window,"Environment section (T(v)):
- Current position NED is (-8.86, 31.71, -2.49) m.
- Current velocity is (0.03, 0.06, 0.00) m/s (speed 0.07 m/s).
- Goal position NED is (0.66, 10.83, -2.50) m.
- Output contract: predict exactly 5 waypoint x/y pairs in NED. The planner will set every waypoint z to goal z = -2.50 m before execution.
- Goal delta from current state is (9.53, -20.88, -0.01) m with distance 22.95 m.
- Obstacle pipeline: depth_camera_to_body_to_ned_current_frame.
- Current depth frame obstacle points projected into NED: 0. Nearest depth obstacle in NED is at (-8.86, 31.71, -2.49) m, relative vector (20.00, 0.00, 0.00) m, distance 20.00 m.
- Depth validity fraction is 0.36. Global nearest obstacle distance is 5.03 m.
- Sector minimum distances [far_left, left, center, right, far_right] are [5.03, 5.03, 5.03, 5.04, 5.04] m.
- Nearest obstacle sector is far_left at 5.03 m and clearance status is clear.
- Lateral planning hint: prefer center progress.","{""waypoints"":[{""x"":-8.442862967082434,""y"":32.295152051108225},{""x"":-8.121434395653862,""y"":32.65229490825108},{""x"":-7.800005824225291,""y"":33.00943776539394},{""x"":-7.478577252796718,""y"":33.366580622536794},{""x"":-7.157148681368147,""y"":33.723723479679656}],""reasoning"":""Selected waypoint 0 moves the reference anchor from 23.12 m to 23.32 m from goal immediately and to 24.19 m by the final waypoint, so progress is -0.20 m selected / -1.07 m final and fails with non-monotonic goal-distance reduction. Kinematics is evaluated on 5 unique label waypoint(s), excluding consecutive duplicate terminal holds, and checks only that the trajectory stays within the configured bounds speed <= 15.00 m/s and acceleration <= 8.00 m/s^2, so kinematics passes. Goal is not reached within this label waypoint window. Safety passes: minimum clearance 2.25 m against manifest obstacles with 0 violating segment(s).""}",-8.442862967082434,32.295152051108225,-2.5,-8.121434395653862,32.65229490825108,-2.5,-7.800005824225291,33.00943776539394,-2.5,-7.478577252796718,33.366580622536794,-2.5,-7.157148681368147,33.723723479679656,-2.5
1773847184.242863178,1773847184.242863178,0.000,offline_ground_truth_window,"Environment section (T(v)):
- Current position NED is (-8.59, 32.11, -2.51) m.
- Current velocity is (0.05, 0.09, 0.01) m/s (speed 0.10 m/s).
- Goal position NED is (0.66, 10.83, -2.50) m.
- Output contract: predict exactly 5 waypoint x/y pairs in NED. The planner will set every waypoint z to goal z = -2.50 m before execution.
- Goal delta from current state is (9.25, -21.28, 0.01) m with distance 23.21 m.
- Obstacle pipeline: depth_camera_to_body_to_ned_current_frame.
- Current depth frame obstacle points projected into NED: 0. Nearest depth obstacle in NED is at (-8.59, 32.11, -2.51) m, relative vector (20.00, 0.00, 0.00) m, distance 20.00 m.
- Depth validity fraction is 0.35. Global nearest obstacle distance is 5.19 m.
- Sector minimum distances [far_left, left, center, right, far_right] are [5.19, 5.19, 5.19, 5.19, 5.19] m.
- Nearest obstacle sector is far_left at 5.19 m and clearance status is clear.
- Lateral planning hint: prefer center progress.","{""waypoints"":[{""x"":-8.121434395653862,""y"":32.65229490825108},{""x"":-7.800005824225291,""y"":33.00943776539394},{""x"":-7.478577252796718,""y"":33.366580622536794},{""x"":-7.157148681368147,""y"":33.723723479679656},{""x"":-6.835720109939576,""y"":34.08086633682251}],""reasoning"":""Selected waypoint 0 moves the reference anchor from 23.32 m to 23.52 m from goal immediately and to 24.43 m by the final waypoint, so progress is -0.21 m selected / -1.11 m final and fails with non-monotonic goal-distance reduction. Kinematics is evaluated on 5 unique label waypoint(s), excluding consecutive duplicate terminal holds, and checks only that the trajectory stays within the configured bounds speed <= 15.00 m/s and acceleration <= 8.00 m/s^2, so kinematics passes. Goal is not reached within this label waypoint window. Safety passes: minimum clearance 2.35 m against manifest obstacles with 0 violating segment(s).""}",-8.121434395653862,32.65229490825108,-2.5,-7.800005824225291,33.00943776539394,-2.5,-7.478577252796718,33.366580622536794,-2.5,-7.157148681368147,33.723723479679656,-2.5,-6.835720109939576,34.08086633682251,-2.5
1773847189.794382334,1773847189.794382334,0.000,offline_ground_truth_window,"Environment section (T(v)):
- Current position NED is (-8.26, 32.46, -2.52) m.
- Current velocity is (0.06, 0.07, 0.01) m/s (speed 0.09 m/s).
- Goal position NED is (0.66, 10.83, -2.50) m.
- Output contract: predict exactly 5 waypoint x/y pairs in NED. The planner will set every waypoint z to goal z = -2.50 m before execution.
- Goal delta from current state is (8.93, -21.63, 0.02) m with distance 23.40 m.
- Obstacle pipeline: depth_camera_to_body_to_ned_current_frame.
- Current depth frame obstacle points projected into NED: 0. Nearest depth obstacle in NED is at (-8.26, 32.46, -2.52) m, relative vector (20.00, 0.00, 0.00) m, distance 20.00 m.
- Depth validity fraction is 0.35. Global nearest obstacle distance is 5.13 m.
- Sector minimum distances [far_left, left, center, right, far_right] are [5.20, 5.18, 5.17, 5.15, 5.13] m.
- Nearest obstacle sector is far_right at 5.13 m and clearance status is clear.
- Lateral planning hint: prefer center progress.","{""waypoints"":[{""x"":-7.800005824225291,""y"":33.00943776539394},{""x"":-7.478577252796718,""y"":33.366580622536794},{""x"":-7.157148681368147,""y"":33.723723479679656},{""x"":-6.835720109939576,""y"":34.08086633682251},{""x"":-6.514291538511005,""y"":34.438009193965364}],""reasoning"":""Selected waypoint 0 moves the reference anchor from 23.52 m to 23.74 m from goal immediately and to 24.67 m by the final waypoint, so progress is -0.22 m selected / -1.15 m final and fails with non-monotonic goal-distance reduction. Kinematics is evaluated on 5 unique label waypoint(s), excluding consecutive duplicate terminal holds, and checks only that the trajectory stays within the configured bounds speed <= 15.00 m/s and acceleration <= 8.00 m/s^2, so kinematics passes. Goal is not reached within this label waypoint window. Safety passes: minimum clearance 2.53 m against manifest obstacles with 0 violating segment(s).""}",-7.800005824225291,33.00943776539394,-2.5,-7.478577252796718,33.366580622536794,-2.5,-7.157148681368147,33.723723479679656,-2.5,-6.835720109939576,34.08086633682251,-2.5,-6.514291538511005,34.438009193965364,-2.5
1773847195.053982496,1773847195.053982496,0.000,offline_ground_truth_window,"Environment section (T(v)):
- Current position NED is (-7.93, 32.81, -2.50) m.
- Current velocity is (0.05, 0.08, 0.00) m/s (speed 0.09 m/s).
- Goal position NED is (0.66, 10.83, -2.50) m.
- Output contract: predict exactly 5 waypoint x/y pairs in NED. The planner will set every waypoint z to goal z = -2.50 m before execution.
- Goal delta from current state is (8.59, -21.97, -0.00) m with distance 23.59 m.
- Obstacle pipeline: depth_camera_to_body_to_ned_current_frame.
- Current depth frame obstacle points projected into NED: 0. Nearest depth obstacle in NED is at (-7.93, 32.81, -2.50) m, relative vector (20.00, 0.00, 0.00) m, distance 20.00 m.
- Depth validity fraction is 0.36. Global nearest obstacle distance is 5.06 m.
- Sector minimum distances [far_left, left, center, right, far_right] are [5.06, 5.06, 5.06, 5.06, 5.06] m.
- Nearest obstacle sector is far_left at 5.06 m and clearance status is clear.
- Lateral planning hint: prefer center progress.","{""waypoints"":[{""x"":-7.478577252796718,""y"":33.366580622536794},{""x"":-7.157148681368147,""y"":33.723723479679656},{""x"":-6.835720109939576,""y"":34.08086633682251},{""x"":-6.514291538511005,""y"":34.438009193965364},{""x"":-6.192862967082434,""y"":34.795152051108225}],""reasoning"":""Selected waypoint 0 moves the reference anchor from 23.74 m to 23.96 m from goal immediately and to 24.93 m by the final waypoint, so progress is -0.22 m selected / -1.19 m final and fails with non-monotonic goal-distance reduction. Kinematics is evaluated on 5 unique label waypoint(s), excluding consecutive duplicate terminal holds, and checks only that the trajectory stays within the configured bounds speed <= 15.00 m/s and acceleration <= 8.00 m/s^2, so kinematics passes. Goal is not reached within this label waypoint window. Safety passes: minimum clearance 2.40 m against manifest obstacles with 0 violating segment(s).""}",-7.478577252796718,33.366580622536794,-2.5,-7.157148681368147,33.723723479679656,-2.5,-6.835720109939576,34.08086633682251,-2.5,-6.514291538511005,34.438009193965364,-2.5,-6.192862967082434,34.795152051108225,-2.5
1773847201.893273115,1773847201.893273115,0.000,offline_ground_truth_window,"Environment section (T(v)):
- Current position NED is (-7.63, 33.19, -2.50) m.
- Current velocity is (0.05, 0.06, 0.01) m/s (speed 0.08 m/s).
- Goal position NED is (0.66, 10.83, -2.50) m.
- Output contract: predict exactly 5 waypoint x/y pairs in NED. The planner will set every waypoint z to goal z = -2.50 m before execution.
- Goal delta from current state is (8.30, -22.36, 0.00) m with distance 23.85 m.
- Obstacle pipeline: depth_camera_to_body_to_ned_current_frame.
- Current depth frame obstacle points projected into NED: 0. Nearest depth obstacle in NED is at (-7.63, 33.19, -2.50) m, relative vector (20.00, 0.00, 0.00) m, distance 20.00 m.
- Depth validity fraction is 0.35. Global nearest obstacle distance is 5.05 m.
- Sector minimum distances [far_left, left, center, right, far_right] are [5.07, 5.06, 5.06, 5.05, 5.05] m.
- Nearest obstacle sector is far_right at 5.05 m and clearance status is clear.
- Lateral planning hint: prefer center progress.","{""waypoints"":[{""x"":-7.157148681368147,""y"":33.723723479679656},{""x"":-6.835720109939576,""y"":34.08086633682251},{""x"":-6.514291538511005,""y"":34.438009193965364},{""x"":-6.192862967082434,""y"":34.795152051108225},{""x"":-5.871434395653861,""y"":35.15229490825108}],""reasoning"":""Selected waypoint 0 moves the reference anchor from 23.96 m to 24.19 m from goal immediately and to 25.18 m by the final waypoint, so progress is -0.23 m selected / -1.22 m final and fails with non-monotonic goal-distance reduction. Kinematics is evaluated on 5 unique label waypoint(s), excluding consecutive duplicate terminal holds, and checks only that the trajectory stays within the configured bounds speed <= 15.00 m/s and acceleration <= 8.00 m/s^2, so kinematics passes. Goal is not reached within this label waypoint window. Safety passes: minimum clearance 2.08 m against manifest obstacles with 0 violating segment(s).""}",-7.157148681368147,33.723723479679656,-2.5,-6.835720109939576,34.08086633682251,-2.5,-6.514291538511005,34.438009193965364,-2.5,-6.192862967082434,34.795152051108225,-2.5,-5.871434395653861,35.15229490825108,-2.5
1773847208.111563444,1773847208.111563444,0.000,offline_ground_truth_window,"Environment section (T(v)):
- Current position NED is (-7.31, 33.55, -2.49) m.
- Current velocity is (0.06, 0.07, 0.00) m/s (speed 0.09 m/s).
- Goal position NED is (0.66, 10.83, -2.50) m.
- Output contract: predict exactly 5 waypoint x/y pairs in NED. The planner will set every waypoint z to goal z = -2.50 m before execution.
- Goal delta from current state is (7.97, -22.72, -0.01) m with distance 24.08 m.
- Obstacle pipeline: depth_camera_to_body_to_ned_current_frame.
- Current depth frame obstacle points projected into NED: 0. Nearest depth obstacle in NED is at (-7.31, 33.55, -2.49) m, relative vector (20.00, 0.00, 0.00) m, distance 20.00 m.
- Depth validity fraction is 0.36. Global nearest obstacle distance is 5.03 m.
- Sector minimum distances [far_left, left, center, right, far_right] are [5.03, 5.03, 5.04, 5.04, 5.04] m.
- Nearest obstacle sector is far_left at 5.03 m and clearance status is clear.
- Lateral planning hint: prefer center progress.","{""waypoints"":[{""x"":-6.835720109939576,""y"":34.08086633682251},{""x"":-6.514291538511005,""y"":34.438009193965364},{""x"":-6.192862967082434,""y"":34.795152051108225},{""x"":-5.871434395653861,""y"":35.15229490825108},{""x"":-5.550005824225291,""y"":35.50943776539394}],""reasoning"":""Selected waypoint 0 moves the reference anchor from 24.19 m to 24.43 m from goal immediately and to 25.45 m by the final waypoint, so progress is -0.24 m selected / -1.26 m final and fails with non-monotonic goal-distance reduction. Kinematics is evaluated on 5 unique label waypoint(s), excluding consecutive duplicate terminal holds, and checks only that the trajectory stays within the configured bounds speed <= 15.00 m/s and acceleration <= 8.00 m/s^2, so kinematics passes. Goal is not reached within this label waypoint window. Safety passes: minimum clearance 1.81 m against manifest obstacles with 0 violating segment(s).""}",-6.835720109939576,34.08086633682251,-2.5,-6.514291538511005,34.438009193965364,-2.5,-6.192862967082434,34.795152051108225,-2.5,-5.871434395653861,35.15229490825108,-2.5,-5.550005824225291,35.50943776539394,-2.5
1773847213.008961201,1773847213.008961201,0.000,offline_ground_truth_window,"Environment section (T(v)):
- Current position NED is (-6.96, 33.88, -2.49) m.
- Current velocity is (0.06, 0.08, -0.00) m/s (speed 0.10 m/s).
- Goal position NED is (0.66, 10.83, -2.50) m.
- Output contract: predict exactly 5 waypoint x/y pairs in NED. The planner will set every waypoint z to goal z = -2.50 m before execution.
- Goal delta from current state is (7.63, -23.05, -0.01) m with distance 24.28 m.
- Obstacle pipeline: depth_camera_to_body_to_ned_current_frame.
- Current depth frame obstacle points projected into NED: 0. Nearest depth obstacle in NED is at (-6.96, 33.88, -2.49) m, relative vector (20.00, 0.00, 0.00) m, distance 20.00 m.
- Depth validity fraction is 0.36. Global nearest obstacle distance is 5.05 m.
- Sector minimum distances [far_left, left, center, right, far_right] are [5.07, 5.06, 5.06, 5.05, 5.05] m.
- Nearest obstacle sector is far_right at 5.05 m and clearance status is clear.
- Lateral planning hint: prefer center progress.","{""waypoints"":[{""x"":-6.514291538511005,""y"":34.438009193965364},{""x"":-6.192862967082434,""y"":34.795152051108225},{""x"":-5.871434395653861,""y"":35.15229490825108},{""x"":-5.550005824225291,""y"":35.50943776539394},{""x"":-5.228577252796719,""y"":35.866580622536794}],""reasoning"":""Selected waypoint 0 moves the reference anchor from 24.43 m to 24.67 m from goal immediately and to 25.72 m by the final waypoint, so progress is -0.24 m selected / -1.29 m final and fails with non-monotonic goal-distance reduction. Kinematics is evaluated on 5 unique label waypoint(s), excluding consecutive duplicate terminal holds, and checks only that the trajectory stays within the configured bounds speed <= 15.00 m/s and acceleration <= 8.00 m/s^2, so kinematics passes. Goal is not reached within this label waypoint window. Safety passes: minimum clearance 1.64 m against manifest obstacles with 0 violating segment(s).""}",-6.514291538511005,34.438009193965364,-2.5,-6.192862967082434,34.795152051108225,-2.5,-5.871434395653861,35.15229490825108,-2.5,-5.550005824225291,35.50943776539394,-2.5,-5.228577252796719,35.866580622536794,-2.5
1773847219.084721804,1773847219.084721804,0.000,offline_ground_truth_window,"Environment section (T(v)):
- Current position NED is (-6.68, 34.26, -2.49) m.
- Current velocity is (0.05, 0.04, 0.00) m/s (speed 0.07 m/s).
- Goal position NED is (0.66, 10.83, -2.50) m.
- Output contract: predict exactly 5 waypoint x/y pairs in NED. The planner will set every waypoint z to goal z = -2.50 m before execution.
- Goal delta from current state is (7.34, -23.43, -0.01) m with distance 24.56 m.
- Obstacle pipeline: depth_camera_to_body_to_ned_current_frame.
- Current depth frame obstacle points projected into NED: 0. Nearest depth obstacle in NED is at (-6.68, 34.26, -2.49) m, relative vector (20.00, 0.00, 0.00) m, distance 20.00 m.
- Depth validity fraction is 0.36. Global nearest obstacle distance is 5.03 m.
- Sector minimum distances [far_left, left, center, right, far_right] are [5.04, 5.04, 5.03, 5.03, 5.03] m.
- Nearest obstacle sector is far_right at 5.03 m and clearance status is clear.
- Lateral planning hint: prefer center progress.","{""waypoints"":[{""x"":-6.192862967082434,""y"":34.795152051108225},{""x"":-5.871434395653861,""y"":35.15229490825108},{""x"":-5.550005824225291,""y"":35.50943776539394},{""x"":-5.228577252796719,""y"":35.866580622536794},{""x"":-4.907148681368147,""y"":36.223723479679656}],""reasoning"":""Selected waypoint 0 moves the reference anchor from 24.67 m to 24.93 m from goal immediately and to 26.00 m by the final waypoint, so progress is -0.25 m selected / -1.32 m final and fails with non-monotonic goal-distance reduction. Kinematics is evaluated on 5 unique label waypoint(s), excluding consecutive duplicate terminal holds, and checks only that the trajectory stays within the configured bounds speed <= 15.00 m/s and acceleration <= 8.00 m/s^2, so kinematics passes. Goal is not reached within this label waypoint window. Safety passes: minimum clearance 1.60 m against manifest obstacles with 0 violating segment(s).""}",-6.192862967082434,34.795152051108225,-2.5,-5.871434395653861,35.15229490825108,-2.5,-5.550005824225291,35.50943776539394,-2.5,-5.228577252796719,35.866580622536794,-2.5,-4.907148681368147,36.223723479679656,-2.5
1773847223.781678200,1773847223.781678200,0.000,offline_ground_truth_window,"Environment section (T(v)):
- Current position NED is (-6.34, 34.61, -2.50) m.
- Current velocity is (0.05, 0.05, 0.01) m/s (speed 0.07 m/s).
- Goal position NED is (0.66, 10.83, -2.50) m.
- Output contract: predict exactly 5 waypoint x/y pairs in NED. The planner will set every waypoint z to goal z = -2.50 m before execution.
- Goal delta from current state is (7.00, -23.78, 0.00) m with distance 24.79 m.
- Obstacle pipeline: depth_camera_to_body_to_ned_current_frame.
- Current depth frame obstacle points projected into NED: 0. Nearest depth obstacle in NED is at (-6.34, 34.61, -2.50) m, relative vector (20.00, 0.00, 0.00) m, distance 20.00 m.
- Depth validity fraction is 0.35. Global nearest obstacle distance is 5.04 m.
- Sector minimum distances [far_left, left, center, right, far_right] are [5.12, 5.10, 5.08, 5.06, 5.04] m.
- Nearest obstacle sector is far_right at 5.04 m and clearance status is clear.
- Lateral planning hint: prefer center progress.","{""waypoints"":[{""x"":-5.871434395653861,""y"":35.15229490825108},{""x"":-5.550005824225291,""y"":35.50943776539394},{""x"":-5.228577252796719,""y"":35.866580622536794},{""x"":-4.907148681368147,""y"":36.223723479679656},{""x"":-4.585720109939576,""y"":36.58086633682251}],""reasoning"":""Selected waypoint 0 moves the reference anchor from 24.93 m to 25.18 m from goal immediately and to 26.28 m by the final waypoint, so progress is -0.26 m selected / -1.35 m final and fails with non-monotonic goal-distance reduction. Kinematics is evaluated on 5 unique label waypoint(s), excluding consecutive duplicate terminal holds, and checks only that the trajectory stays within the configured bounds speed <= 15.00 m/s and acceleration <= 8.00 m/s^2, so kinematics passes. Goal is not reached within this label waypoint window. Safety passes: minimum clearance 1.60 m against manifest obstacles with 0 violating segment(s).""}",-5.871434395653861,35.15229490825108,-2.5,-5.550005824225291,35.50943776539394,-2.5,-5.228577252796719,35.866580622536794,-2.5,-4.907148681368147,36.223723479679656,-2.5,-4.585720109939576,36.58086633682251,-2.5
1773847229.847254038,1773847229.847254038,0.000,offline_ground_truth_window,"Environment section (T(v)):
- Current position NED is (-6.03, 34.97, -2.49) m.
- Current velocity is (0.06, 0.06, 0.01) m/s (speed 0.08 m/s).
- Goal position NED is (0.66, 10.83, -2.50) m.
- Output contract: predict exactly 5 waypoint x/y pairs in NED. The planner will set every waypoint z to goal z = -2.50 m before execution.
- Goal delta from current state is (6.69, -24.14, -0.01) m with distance 25.05 m.
- Obstacle pipeline: depth_camera_to_body_to_ned_current_frame.
- Current depth frame obstacle points projected into NED: 0. Nearest depth obstacle in NED is at (-6.03, 34.97, -2.49) m, relative vector (20.00, 0.00, 0.00) m, distance 20.00 m.
- Depth validity fraction is 0.35. Global nearest obstacle distance is 5.00 m.
- Sector minimum distances [far_left, left, center, right, far_right] are [5.07, 5.06, 5.04, 5.02, 5.00] m.
- Nearest obstacle sector is far_right at 5.00 m and clearance status is clear.
- Lateral planning hint: prefer center progress.","{""waypoints"":[{""x"":-5.550005824225291,""y"":35.50943776539394},{""x"":-5.228577252796719,""y"":35.866580622536794},{""x"":-4.907148681368147,""y"":36.223723479679656},{""x"":-4.585720109939576,""y"":36.58086633682251},{""x"":-4.169053443272909,""y"":36.664199670155845}],""reasoning"":""Selected waypoint 0 moves the reference anchor from 25.18 m to 25.45 m from goal immediately and to 26.28 m by the final waypoint, so progress is -0.26 m selected / -1.10 m final and fails with non-monotonic goal-distance reduction. Kinematics is evaluated on 5 unique label waypoint(s), excluding consecutive duplicate terminal holds, and checks only that the trajectory stays within the configured bounds speed <= 15.00 m/s and acceleration <= 8.00 m/s^2, so kinematics passes. Goal is not reached within this label waypoint window. Safety passes: minimum clearance 1.60 m against manifest obstacles with 0 violating segment(s).""}",-5.550005824225291,35.50943776539394,-2.5,-5.228577252796719,35.866580622536794,-2.5,-4.907148681368147,36.223723479679656,-2.5,-4.585720109939576,36.58086633682251,-2.5,-4.169053443272909,36.664199670155845,-2.5
1773847235.148733616,1773847235.148733616,0.000,offline_ground_truth_window,"Environment section (T(v)):
- Current position NED is (-5.70, 35.33, -2.47) m.
- Current velocity is (0.05, 0.08, -0.01) m/s (speed 0.09 m/s).
- Goal position NED is (0.66, 10.83, -2.50) m.
- Output contract: predict exactly 5 waypoint x/y pairs in NED. The planner will set every waypoint z to goal z = -2.50 m before execution.
- Goal delta from current state is (6.37, -24.49, -0.03) m with distance 25.31 m.
- Obstacle pipeline: depth_camera_to_body_to_ned_current_frame.
- Current depth frame obstacle points projected into NED: 0. Nearest depth obstacle in NED is at (-5.70, 35.33, -2.47) m, relative vector (20.00, 0.00, 0.00) m, distance 20.00 m.
- Depth validity fraction is 0.36. Global nearest obstacle distance is 5.00 m.
- Sector minimum distances [far_left, left, center, right, far_right] are [5.00, 5.01, 5.02, 5.02, 5.03] m.
- Nearest obstacle sector is far_left at 5.00 m and clearance status is clear.
- Lateral planning hint: prefer center progress.","{""waypoints"":[{""x"":-5.228577252796719,""y"":35.866580622536794},{""x"":-4.907148681368147,""y"":36.223723479679656},{""x"":-4.585720109939576,""y"":36.58086633682251},{""x"":-4.169053443272909,""y"":36.664199670155845},{""x"":-3.752386776606243,""y"":36.747533003489174}],""reasoning"":""Selected waypoint 0 moves the reference anchor from 25.45 m to 25.72 m from goal immediately and to 26.29 m by the final waypoint, so progress is -0.27 m selected / -0.84 m final and fails with non-monotonic goal-distance reduction. Kinematics is evaluated on 5 unique label waypoint(s), excluding consecutive duplicate terminal holds, and checks only that the trajectory stays within the configured bounds speed <= 15.00 m/s and acceleration <= 8.00 m/s^2, so kinematics passes. Goal is not reached within this label waypoint window. Safety passes: minimum clearance 1.60 m against manifest obstacles with 0 violating segment(s).""}",-5.228577252796719,35.866580622536794,-2.5,-4.907148681368147,36.223723479679656,-2.5,-4.585720109939576,36.58086633682251,-2.5,-4.169053443272909,36.664199670155845,-2.5,-3.752386776606243,36.747533003489174,-2.5
1773847241.044035435,1773847241.044035435,0.000,offline_ground_truth_window,"Environment section (T(v)):
- Current position NED is (-5.40, 35.70, -2.49) m.
- Current velocity is (0.07, 0.07, 0.00) m/s (speed 0.10 m/s).
- Goal position NED is (0.66, 10.83, -2.50) m.
- Output contract: predict exactly 5 waypoint x/y pairs in NED. The planner will set every waypoint z to goal z = -2.50 m before execution.
- Goal delta from current state is (6.07, -24.87, -0.01) m with distance 25.60 m.
- Obstacle pipeline: depth_camera_to_body_to_ned_current_frame.
- Current depth frame obstacle points projected into NED: 0. Nearest depth obstacle in NED is at (-5.40, 35.70, -2.49) m, relative vector (20.00, 0.00, 0.00) m, distance 20.00 m.
- Depth validity fraction is 0.35. Global nearest obstacle distance is 5.10 m.
- Sector minimum distances [far_left, left, center, right, far_right] are [5.11, 5.11, 5.11, 5.10, 5.10] m.
- Nearest obstacle sector is far_right at 5.10 m and clearance status is clear.
- Lateral planning hint: prefer center progress.","{""waypoints"":[{""x"":-4.907148681368147,""y"":36.223723479679656},{""x"":-4.585720109939576,""y"":36.58086633682251},{""x"":-4.169053443272909,""y"":36.664199670155845},{""x"":-3.752386776606243,""y"":36.747533003489174},{""x"":-3.335720109939576,""y"":36.83086633682251}],""reasoning"":""Selected waypoint 0 moves the reference anchor from 25.72 m to 26.00 m from goal immediately and to 26.31 m by the final waypoint, so progress is -0.28 m selected / -0.59 m final and fails with non-monotonic goal-distance reduction. Kinematics is evaluated on 5 unique label waypoint(s), excluding consecutive duplicate terminal holds, and checks only that the trajectory stays within the configured bounds speed <= 15.00 m/s and acceleration <= 8.00 m/s^2, so kinematics passes. Goal is not reached within this label waypoint window. Safety passes: minimum clearance 1.60 m against manifest obstacles with 0 violating segment(s).""}",-4.907148681368147,36.223723479679656,-2.5,-4.585720109939576,36.58086633682251,-2.5,-4.169053443272909,36.664199670155845,-2.5,-3.752386776606243,36.747533003489174,-2.5,-3.335720109939576,36.83086633682251,-2.5
1773847245.926117420,1773847245.926117420,0.000,offline_ground_truth_window,"Environment section (T(v)):
- Current position NED is (-5.05, 36.03, -2.51) m.
- Current velocity is (0.04, 0.05, 0.01) m/s (speed 0.06 m/s).
- Goal position NED is (0.66, 10.83, -2.50) m.
- Output contract: predict exactly 5 waypoint x/y pairs in NED. The planner will set every waypoint z to goal z = -2.50 m before execution.
- Goal delta from current state is (5.71, -25.20, 0.01) m with distance 25.84 m.
- Obstacle pipeline: depth_camera_to_body_to_ned_current_frame.
- Current depth frame obstacle points projected into NED: 0. Nearest depth obstacle in NED is at (-5.05, 36.03, -2.51) m, relative vector (20.00, 0.00, 0.00) m, distance 20.00 m.
- Depth validity fraction is 0.36. Global nearest obstacle distance is 5.03 m.
- Sector minimum distances [far_left, left, center, right, far_right] are [5.03, 5.04, 5.04, 5.04, 5.04] m.
- Nearest obstacle sector is far_left at 5.03 m and clearance status is clear.
- Lateral planning hint: prefer center progress.","{""waypoints"":[{""x"":-4.585720109939576,""y"":36.58086633682251},{""x"":-4.169053443272909,""y"":36.664199670155845},{""x"":-3.752386776606243,""y"":36.747533003489174},{""x"":-3.335720109939576,""y"":36.83086633682251},{""x"":-3.002386776606243,""y"":36.664199670155845}],""reasoning"":""Selected waypoint 0 moves the reference anchor from 26.00 m to 26.28 m from goal immediately and to 26.09 m by the final waypoint, so progress is -0.28 m selected / -0.10 m final and fails with non-monotonic goal-distance reduction. Kinematics is evaluated on 5 unique label waypoint(s), excluding consecutive duplicate terminal holds, and checks only that the trajectory stays within the configured bounds speed <= 15.00 m/s and acceleration <= 8.00 m/s^2, so kinematics passes. Goal is not reached within this label waypoint window. Safety passes: minimum clearance 1.60 m against manifest obstacles with 0 violating segment(s).""}",-4.585720109939576,36.58086633682251,-2.5,-4.169053443272909,36.664199670155845,-2.5,-3.752386776606243,36.747533003489174,-2.5,-3.335720109939576,36.83086633682251,-2.5,-3.002386776606243,36.664199670155845,-2.5
1773847251.728529692,1773847251.728529692,0.000,offline_ground_truth_window,"Environment section (T(v)):
- Current position NED is (-4.73, 36.40, -2.49) m.
- Current velocity is (0.03, 0.07, -0.00) m/s (speed 0.07 m/s).
- Goal position NED is (0.66, 10.83, -2.50) m.
- Output contract: predict exactly 5 waypoint x/y pairs in NED. The planner will set every waypoint z to goal z = -2.50 m before execution.
- Goal delta from current state is (5.40, -25.56, -0.01) m with distance 26.13 m.
- Obstacle pipeline: depth_camera_to_body_to_ned_current_frame.
- Current depth frame obstacle points projected into NED: 0. Nearest depth obstacle in NED is at (-4.73, 36.40, -2.49) m, relative vector (20.00, 0.00, 0.00) m, distance 20.00 m.
- Depth validity fraction is 0.36. Global nearest obstacle distance is 4.99 m.
- Sector minimum distances [far_left, left, center, right, far_right] are [4.99, 5.00, 5.01, 5.02, 5.03] m.
- Nearest obstacle sector is far_left at 4.99 m and clearance status is clear.
- Lateral planning hint: prefer center progress.","{""waypoints"":[{""x"":-4.169053443272909,""y"":36.664199670155845},{""x"":-3.752386776606243,""y"":36.747533003489174},{""x"":-3.335720109939576,""y"":36.83086633682251},{""x"":-3.002386776606243,""y"":36.664199670155845},{""x"":-2.669053443272909,""y"":36.497533003489174}],""reasoning"":""Selected waypoint 0 moves the reference anchor from 26.28 m to 26.28 m from goal immediately and to 25.88 m by the final waypoint, so progress is -0.00 m selected / 0.40 m final and fails with non-monotonic goal-distance reduction. Kinematics is evaluated on 5 unique label waypoint(s), excluding consecutive duplicate terminal holds, and checks only that the trajectory stays within the configured bounds speed <= 15.00 m/s and acceleration <= 8.00 m/s^2, so kinematics passes. Goal is not reached within this label waypoint window. Safety passes: minimum clearance 1.55 m against manifest obstacles with 0 violating segment(s).""}",-4.169053443272909,36.664199670155845,-2.5,-3.752386776606243,36.747533003489174,-2.5,-3.335720109939576,36.83086633682251,-2.5,-3.002386776606243,36.664199670155845,-2.5,-2.669053443272909,36.497533003489174,-2.5
1773847256.941930771,1773847256.941930771,0.000,offline_ground_truth_window,"Environment section (T(v)):
- Current position NED is (-4.37, 36.60, -2.48) m.
- Current velocity is (0.07, 0.03, -0.00) m/s (speed 0.08 m/s).
- Goal position NED is (0.66, 10.83, -2.50) m.
- Output contract: predict exactly 5 waypoint x/y pairs in NED. The planner will set every waypoint z to goal z = -2.50 m before execution.
- Goal delta from current state is (5.03, -25.77, -0.02) m with distance 26.25 m.
- Obstacle pipeline: depth_camera_to_body_to_ned_current_frame.
- Current depth frame obstacle points projected into NED: 0. Nearest depth obstacle in NED is at (-4.37, 36.60, -2.48) m, relative vector (20.00, 0.00, 0.00) m, distance 20.00 m.
- Depth validity fraction is 0.35. Global nearest obstacle distance is 5.03 m.
- Sector minimum distances [far_left, left, center, right, far_right] are [5.06, 5.05, 5.04, 5.04, 5.03] m.
- Nearest obstacle sector is far_right at 5.03 m and clearance status is clear.
- Lateral planning hint: prefer center progress.","{""waypoints"":[{""x"":-3.752386776606243,""y"":36.747533003489174},{""x"":-3.335720109939576,""y"":36.83086633682251},{""x"":-3.002386776606243,""y"":36.664199670155845},{""x"":-2.669053443272909,""y"":36.497533003489174},{""x"":-2.335720109939576,""y"":36.33086633682251}],""reasoning"":""Selected waypoint 0 moves the reference anchor from 26.28 m to 26.29 m from goal immediately and to 25.68 m by the final waypoint, so progress is -0.01 m selected / 0.61 m final and fails with non-monotonic goal-distance reduction. Kinematics is evaluated on 5 unique label waypoint(s), excluding consecutive duplicate terminal holds, and checks only that the trajectory stays within the configured bounds speed <= 15.00 m/s and acceleration <= 8.00 m/s^2, so kinematics passes. Goal is not reached within this label waypoint window. Safety passes: minimum clearance 1.55 m against manifest obstacles with 0 violating segment(s).""}",-3.752386776606243,36.747533003489174,-2.5,-3.335720109939576,36.83086633682251,-2.5,-3.002386776606243,36.664199670155845,-2.5,-2.669053443272909,36.497533003489174,-2.5,-2.335720109939576,36.33086633682251,-2.5
1773847262.990188837,1773847262.990188837,0.000,offline_ground_truth_window,"Environment section (T(v)):
- Current position NED is (-3.96, 36.71, -2.49) m.
- Current velocity is (0.05, 0.01, 0.00) m/s (speed 0.06 m/s).
- Goal position NED is (0.66, 10.83, -2.50) m.
- Output contract: predict exactly 5 waypoint x/y pairs in NED. The planner will set every waypoint z to goal z = -2.50 m before execution.
- Goal delta from current state is (4.62, -25.88, -0.01) m with distance 26.29 m.
- Obstacle pipeline: depth_camera_to_body_to_ned_current_frame.
- Current depth frame obstacle points projected into NED: 0. Nearest depth obstacle in NED is at (-3.96, 36.71, -2.49) m, relative vector (20.00, 0.00, 0.00) m, distance 20.00 m.
- Depth validity fraction is 0.36. Global nearest obstacle distance is 5.00 m.
- Sector minimum distances [far_left, left, center, right, far_right] are [5.07, 5.05, 5.03, 5.02, 5.00] m.
- Nearest obstacle sector is far_right at 5.00 m and clearance status is clear.
- Lateral planning hint: prefer center progress.","{""waypoints"":[{""x"":-3.335720109939576,""y"":36.83086633682251},{""x"":-3.002386776606243,""y"":36.664199670155845},{""x"":-2.669053443272909,""y"":36.497533003489174},{""x"":-2.335720109939576,""y"":36.33086633682251},{""x"":-2.085720109939576,""y"":35.997533003489174}],""reasoning"":""Selected waypoint 0 moves the reference anchor from 26.29 m to 26.31 m from goal immediately and to 25.32 m by the final waypoint, so progress is -0.02 m selected / 0.97 m final and fails with non-monotonic goal-distance reduction. Kinematics is evaluated on 5 unique label waypoint(s), excluding consecutive duplicate terminal holds, and checks only that the trajectory stays within the configured bounds speed <= 15.00 m/s and acceleration <= 8.00 m/s^2, so kinematics passes. Goal is not reached within this label waypoint window. Safety passes: minimum clearance 1.51 m against manifest obstacles with 0 violating segment(s).""}",-3.335720109939576,36.83086633682251,-2.5,-3.002386776606243,36.664199670155845,-2.5,-2.669053443272909,36.497533003489174,-2.5,-2.335720109939576,36.33086633682251,-2.5,-2.085720109939576,35.997533003489174,-2.5
1773847268.782788277,1773847268.782788277,0.000,offline_ground_truth_window,"Environment section (T(v)):
- Current position NED is (-3.55, 36.81, -2.50) m.
- Current velocity is (0.08, 0.01, 0.00) m/s (speed 0.08 m/s).
- Goal position NED is (0.66, 10.83, -2.50) m.
- Output contract: predict exactly 5 waypoint x/y pairs in NED. The planner will set every waypoint z to goal z = -2.50 m before execution.
- Goal delta from current state is (4.21, -25.98, 0.00) m with distance 26.32 m.
- Obstacle pipeline: depth_camera_to_body_to_ned_current_frame.
- Current depth frame obstacle points projected into NED: 0. Nearest depth obstacle in NED is at (-3.55, 36.81, -2.50) m, relative vector (20.00, 0.00, 0.00) m, distance 20.00 m.
- Depth validity fraction is 0.35. Global nearest obstacle distance is 5.13 m.
- Sector minimum distances [far_left, left, center, right, far_right] are [5.13, 5.13, 5.13, 5.13, 5.13] m.
- Nearest obstacle sector is far_left at 5.13 m and clearance status is clear.
- Lateral planning hint: prefer center progress.","{""waypoints"":[{""x"":-3.002386776606243,""y"":36.664199670155845},{""x"":-2.669053443272909,""y"":36.497533003489174},{""x"":-2.335720109939576,""y"":36.33086633682251},{""x"":-2.085720109939576,""y"":35.997533003489174},{""x"":-1.835720109939576,""y"":35.664199670155845}],""reasoning"":""Selected waypoint 0 moves the reference anchor from 26.31 m to 26.09 m from goal immediately and to 24.96 m by the final waypoint, so progress is 0.21 m selected / 1.35 m final and passes with monotonic goal-distance reduction. Kinematics is evaluated on 5 unique label waypoint(s), excluding consecutive duplicate terminal holds, and checks only that the trajectory stays within the configured bounds speed <= 15.00 m/s and acceleration <= 8.00 m/s^2, so kinematics passes. Goal is not reached within this label waypoint window. Safety passes: minimum clearance 1.51 m against manifest obstacles with 0 violating segment(s).""}",-3.002386776606243,36.664199670155845,-2.5,-2.669053443272909,36.497533003489174,-2.5,-2.335720109939576,36.33086633682251,-2.5,-2.085720109939576,35.997533003489174,-2.5,-1.835720109939576,35.664199670155845,-2.5
1773847274.412614584,1773847274.412614584,0.000,offline_ground_truth_window,"Environment section (T(v)):
- Current position NED is (-3.20, 36.68, -2.49) m.
- Current velocity is (0.05, -0.00, 0.00) m/s (speed 0.05 m/s).
- Goal position NED is (0.66, 10.83, -2.50) m.
- Output contract: predict exactly 5 waypoint x/y pairs in NED. The planner will set every waypoint z to goal z = -2.50 m before execution.
- Goal delta from current state is (3.86, -25.85, -0.01) m with distance 26.14 m.
- Obstacle pipeline: depth_camera_to_body_to_ned_current_frame.
- Current depth frame obstacle points projected into NED: 0. Nearest depth obstacle in NED is at (-3.20, 36.68, -2.49) m, relative vector (20.00, 0.00, 0.00) m, distance 20.00 m.
- Depth validity fraction is 0.36. Global nearest obstacle distance is 5.03 m.
- Sector minimum distances [far_left, left, center, right, far_right] are [5.03, 5.04, 5.04, 5.04, 5.04] m.
- Nearest obstacle sector is far_left at 5.03 m and clearance status is clear.
- Lateral planning hint: prefer center progress.","{""waypoints"":[{""x"":-2.669053443272909,""y"":36.497533003489174},{""x"":-2.335720109939576,""y"":36.33086633682251},{""x"":-2.085720109939576,""y"":35.997533003489174},{""x"":-1.835720109939576,""y"":35.664199670155845},{""x"":-1.585720109939576,""y"":35.33086633682251}],""reasoning"":""Selected waypoint 0 moves the reference anchor from 26.09 m to 25.88 m from goal immediately and to 24.60 m by the final waypoint, so progress is 0.21 m selected / 1.49 m final and passes with monotonic goal-distance reduction. Kinematics is evaluated on 5 unique label waypoint(s), excluding consecutive duplicate terminal holds, and checks only that the trajectory stays within the configured bounds speed <= 15.00 m/s and acceleration <= 8.00 m/s^2, so kinematics passes. Goal is not reached within this label waypoint window. Safety passes: minimum clearance 1.51 m against manifest obstacles with 0 violating segment(s).""}",-2.669053443272909,36.497533003489174,-2.5,-2.335720109939576,36.33086633682251,-2.5,-2.085720109939576,35.997533003489174,-2.5,-1.835720109939576,35.664199670155845,-2.5,-1.585720109939576,35.33086633682251,-2.5
1773847280.514608383,1773847280.514608383,0.000,offline_ground_truth_window,"Environment section (T(v)):
- Current position NED is (-2.83, 36.58, -2.50) m.
- Current velocity is (0.03, -0.01, -0.00) m/s (speed 0.03 m/s).
- Goal position NED is (0.66, 10.83, -2.50) m.
- Output contract: predict exactly 5 waypoint x/y pairs in NED. The planner will set every waypoint z to goal z = -2.50 m before execution.
- Goal delta from current state is (3.50, -25.75, -0.00) m with distance 25.99 m.
- Obstacle pipeline: depth_camera_to_body_to_ned_current_frame.
- Current depth frame obstacle points projected into NED: 0. Nearest depth obstacle in NED is at (-2.83, 36.58, -2.50) m, relative vector (20.00, 0.00, 0.00) m, distance 20.00 m.
- Depth validity fraction is 0.35. Global nearest obstacle distance is 5.08 m.
- Sector minimum distances [far_left, left, center, right, far_right] are [5.08, 5.08, 5.08, 5.08, 5.08] m.
- Nearest obstacle sector is far_left at 5.08 m and clearance status is clear.
- Lateral planning hint: prefer center progress.","{""waypoints"":[{""x"":-2.335720109939576,""y"":36.33086633682251},{""x"":-2.085720109939576,""y"":35.997533003489174},{""x"":-1.835720109939576,""y"":35.664199670155845},{""x"":-1.585720109939576,""y"":35.33086633682251},{""x"":-1.5748505447221843,""y"":34.85260546725729}],""reasoning"":""Selected waypoint 0 moves the reference anchor from 25.88 m to 25.68 m from goal immediately and to 24.13 m by the final waypoint, so progress is 0.21 m selected / 1.76 m final and passes with monotonic goal-distance reduction. Kinematics is evaluated on 5 unique label waypoint(s), excluding consecutive duplicate terminal holds, and checks only that the trajectory stays within the configured bounds speed <= 15.00 m/s and acceleration <= 8.00 m/s^2, so kinematics passes. Goal is not reached within this label waypoint window. Safety passes: minimum clearance 1.51 m against manifest obstacles with 0 violating segment(s).""}",-2.335720109939576,36.33086633682251,-2.5,-2.085720109939576,35.997533003489174,-2.5,-1.835720109939576,35.664199670155845,-2.5,-1.585720109939576,35.33086633682251,-2.5,-1.5748505447221843,34.85260546725729,-2.5
1773847285.483712435,1773847285.483712435,0.000,offline_ground_truth_window,"Environment section (T(v)):
- Current position NED is (-2.52, 36.37, -2.51) m.
- Current velocity is (0.06, -0.02, 0.01) m/s (speed 0.06 m/s).
- Goal position NED is (0.66, 10.83, -2.50) m.
- Output contract: predict exactly 5 waypoint x/y pairs in NED. The planner will set every waypoint z to goal z = -2.50 m before execution.
- Goal delta from current state is (3.18, -25.54, 0.01) m with distance 25.74 m.
- Obstacle pipeline: depth_camera_to_body_to_ned_current_frame.
- Current depth frame obstacle points projected into NED: 0. Nearest depth obstacle in NED is at (-2.52, 36.37, -2.51) m, relative vector (20.00, 0.00, 0.00) m, distance 20.00 m.
- Depth validity fraction is 0.36. Global nearest obstacle distance is 4.99 m.
- Sector minimum distances [far_left, left, center, right, far_right] are [5.02, 5.01, 5.01, 5.00, 4.99] m.
- Nearest obstacle sector is far_right at 4.99 m and clearance status is clear.
- Lateral planning hint: prefer center progress.","{""waypoints"":[{""x"":-2.085720109939576,""y"":35.997533003489174},{""x"":-1.835720109939576,""y"":35.664199670155845},{""x"":-1.585720109939576,""y"":35.33086633682251},{""x"":-1.5748505447221843,""y"":34.85260546725729},{""x"":-1.5639809795047936,""y"":34.37434459769207}],""reasoning"":""Selected waypoint 0 moves the reference anchor from 25.68 m to 25.32 m from goal immediately and to 23.65 m by the final waypoint, so progress is 0.36 m selected / 2.03 m final and passes with monotonic goal-distance reduction. Kinematics is evaluated on 5 unique label waypoint(s), excluding consecutive duplicate terminal holds, and checks only that the trajectory stays within the configured bounds speed <= 15.00 m/s and acceleration <= 8.00 m/s^2, so kinematics passes. Goal is not reached within this label waypoint window. Safety passes: minimum clearance 1.51 m against manifest obstacles with 0 violating segment(s).""}",-2.085720109939576,35.997533003489174,-2.5,-1.835720109939576,35.664199670155845,-2.5,-1.585720109939576,35.33086633682251,-2.5,-1.5748505447221843,34.85260546725729,-2.5,-1.5639809795047936,34.37434459769207,-2.5
1773847292.652039289,1773847292.652039289,0.000,offline_ground_truth_window,"Environment section (T(v)):
- Current position NED is (-2.22, 36.16, -2.48) m.
- Current velocity is (0.02, -0.04, -0.00) m/s (speed 0.04 m/s).
- Goal position NED is (0.66, 10.83, -2.50) m.
- Output contract: predict exactly 5 waypoint x/y pairs in NED. The planner will set every waypoint z to goal z = -2.50 m before execution.
- Goal delta from current state is (2.88, -25.33, -0.02) m with distance 25.49 m.
- Obstacle pipeline: depth_camera_to_body_to_ned_current_frame.
- Current depth frame obstacle points projected into NED: 0. Nearest depth obstacle in NED is at (-2.22, 36.16, -2.48) m, relative vector (20.00, 0.00, 0.00) m, distance 20.00 m.
- Depth validity fraction is 0.36. Global nearest obstacle distance is 4.99 m.
- Sector minimum distances [far_left, left, center, right, far_right] are [5.00, 4.99, 4.99, 4.99, 4.99] m.
- Nearest obstacle sector is far_right at 4.99 m and clearance status is clear.
- Lateral planning hint: prefer center progress.","{""waypoints"":[{""x"":-1.835720109939576,""y"":35.664199670155845},{""x"":-1.585720109939576,""y"":35.33086633682251},{""x"":-1.5748505447221843,""y"":34.85260546725729},{""x"":-1.5639809795047936,""y"":34.37434459769207},{""x"":-1.553111414287402,""y"":33.89608372812686}],""reasoning"":""Selected waypoint 0 moves the reference anchor from 25.32 m to 24.96 m from goal immediately and to 23.17 m by the final waypoint, so progress is 0.36 m selected / 2.14 m final and passes with monotonic goal-distance reduction. Kinematics is evaluated on 5 unique label waypoint(s), excluding consecutive duplicate terminal holds, and checks only that the trajectory stays within the configured bounds speed <= 15.00 m/s and acceleration <= 8.00 m/s^2, so kinematics passes. Goal is not reached within this label waypoint window. Safety passes: minimum clearance 1.51 m against manifest obstacles with 0 violating segment(s).""}",-1.835720109939576,35.664199670155845,-2.5,-1.585720109939576,35.33086633682251,-2.5,-1.5748505447221843,34.85260546725729,-2.5,-1.5639809795047936,34.37434459769207,-2.5,-1.553111414287402,33.89608372812686,-2.5
1773847298.910417795,1773847298.910417795,0.000,offline_ground_truth_window,"Environment section (T(v)):
- Current position NED is (-1.95, 35.83, -2.49) m.
- Current velocity is (0.05, -0.07, 0.00) m/s (speed 0.09 m/s).
- Goal position NED is (0.66, 10.83, -2.50) m.
- Output contract: predict exactly 5 waypoint x/y pairs in NED. The planner will set every waypoint z to goal z = -2.50 m before execution.
- Goal delta from current state is (2.62, -25.00, -0.01) m with distance 25.14 m.
- Obstacle pipeline: depth_camera_to_body_to_ned_current_frame.
- Current depth frame obstacle points projected into NED: 0. Nearest depth obstacle in NED is at (-1.95, 35.83, -2.49) m, relative vector (20.00, 0.00, 0.00) m, distance 20.00 m.
- Depth validity fraction is 0.36. Global nearest obstacle distance is 5.04 m.
- Sector minimum distances [far_left, left, center, right, far_right] are [5.06, 5.06, 5.05, 5.05, 5.04] m.
- Nearest obstacle sector is far_right at 5.04 m and clearance status is clear.
- Lateral planning hint: prefer center progress.","{""waypoints"":[{""x"":-1.585720109939576,""y"":35.33086633682251},{""x"":-1.5748505447221843,""y"":34.85260546725729},{""x"":-1.5639809795047936,""y"":34.37434459769207},{""x"":-1.553111414287402,""y"":33.89608372812686},{""x"":-1.5422418490700105,""y"":33.41782285856164}],""reasoning"":""Selected waypoint 0 moves the reference anchor from 24.96 m to 24.60 m from goal immediately and to 22.69 m by the final waypoint, so progress is 0.36 m selected / 2.26 m final and passes with monotonic goal-distance reduction. Kinematics is evaluated on 5 unique label waypoint(s), excluding consecutive duplicate terminal holds, and checks only that the trajectory stays within the configured bounds speed <= 15.00 m/s and acceleration <= 8.00 m/s^2, so kinematics passes. Goal is not reached within this label waypoint window. Safety passes: minimum clearance 1.57 m against manifest obstacles with 0 violating segment(s).""}",-1.585720109939576,35.33086633682251,-2.5,-1.5748505447221843,34.85260546725729,-2.5,-1.5639809795047936,34.37434459769207,-2.5,-1.553111414287402,33.89608372812686,-2.5,-1.5422418490700105,33.41782285856164,-2.5
1773847304.844820738,1773847304.844820738,0.000,offline_ground_truth_window,"Environment section (T(v)):
- Current position NED is (-1.70, 35.51, -2.49) m.
- Current velocity is (0.03, -0.04, 0.00) m/s (speed 0.06 m/s).
- Goal position NED is (0.66, 10.83, -2.50) m.
- Output contract: predict exactly 5 waypoint x/y pairs in NED. The planner will set every waypoint z to goal z = -2.50 m before execution.
- Goal delta from current state is (2.36, -24.67, -0.01) m with distance 24.79 m.
- Obstacle pipeline: depth_camera_to_body_to_ned_current_frame.
- Current depth frame obstacle points projected into NED: 0. Nearest depth obstacle in NED is at (-1.70, 35.51, -2.49) m, relative vector (20.00, 0.00, 0.00) m, distance 20.00 m.
- Depth validity fraction is 0.35. Global nearest obstacle distance is 5.09 m.
- Sector minimum distances [far_left, left, center, right, far_right] are [5.09, 5.09, 5.09, 5.09, 5.09] m.
- Nearest obstacle sector is far_left at 5.09 m and clearance status is clear.
- Lateral planning hint: prefer center progress.","{""waypoints"":[{""x"":-1.5748505447221843,""y"":34.85260546725729},{""x"":-1.5639809795047936,""y"":34.37434459769207},{""x"":-1.553111414287402,""y"":33.89608372812686},{""x"":-1.5422418490700105,""y"":33.41782285856164},{""x"":-1.5313722838526194,""y"":32.939561988996424}],""reasoning"":""Selected waypoint 0 moves the reference anchor from 24.60 m to 24.13 m from goal immediately and to 22.22 m by the final waypoint, so progress is 0.48 m selected / 2.39 m final and passes with monotonic goal-distance reduction. Kinematics is evaluated on 5 unique label waypoint(s), excluding consecutive duplicate terminal holds, and checks only that the trajectory stays within the configured bounds speed <= 15.00 m/s and acceleration <= 8.00 m/s^2, so kinematics passes. Goal is not reached within this label waypoint window. Safety passes: minimum clearance 1.71 m against manifest obstacles with 0 violating segment(s).""}",-1.5748505447221843,34.85260546725729,-2.5,-1.5639809795047936,34.37434459769207,-2.5,-1.553111414287402,33.89608372812686,-2.5,-1.5422418490700105,33.41782285856164,-2.5,-1.5313722838526194,32.939561988996424,-2.5
1773847310.284053802,1773847310.284053802,0.000,offline_ground_truth_window,"Environment section (T(v)):
- Current position NED is (-1.63, 35.09, -2.49) m.
- Current velocity is (0.02, -0.08, -0.00) m/s (speed 0.09 m/s).
- Goal position NED is (0.66, 10.83, -2.50) m.
- Output contract: predict exactly 5 waypoint x/y pairs in NED. The planner will set every waypoint z to goal z = -2.50 m before execution.
- Goal delta from current state is (2.29, -24.26, -0.01) m with distance 24.36 m.
- Obstacle pipeline: depth_camera_to_body_to_ned_current_frame.
- Current depth frame obstacle points projected into NED: 0. Nearest depth obstacle in NED is at (-1.63, 35.09, -2.49) m, relative vector (20.00, 0.00, 0.00) m, distance 20.00 m.
- Depth validity fraction is 0.35. Global nearest obstacle distance is 5.09 m.
- Sector minimum distances [far_left, left, center, right, far_right] are [5.10, 5.09, 5.09, 5.09, 5.09] m.
- Nearest obstacle sector is far_right at 5.09 m and clearance status is clear.
- Lateral planning hint: prefer center progress.","{""waypoints"":[{""x"":-1.5639809795047936,""y"":34.37434459769207},{""x"":-1.553111414287402,""y"":33.89608372812686},{""x"":-1.5422418490700105,""y"":33.41782285856164},{""x"":-1.5313722838526194,""y"":32.939561988996424},{""x"":-1.5205027186352282,""y"":32.461301119431205}],""reasoning"":""Selected waypoint 0 moves the reference anchor from 24.13 m to 23.65 m from goal immediately and to 21.74 m by the final waypoint, so progress is 0.48 m selected / 2.39 m final and passes with monotonic goal-distance reduction. Kinematics is evaluated on 5 unique label waypoint(s), excluding consecutive duplicate terminal holds, and checks only that the trajectory stays within the configured bounds speed <= 15.00 m/s and acceleration <= 8.00 m/s^2, so kinematics passes. Goal is not reached within this label waypoint window. Safety passes: minimum clearance 1.71 m against manifest obstacles with 0 violating segment(s).""}",-1.5639809795047936,34.37434459769207,-2.5,-1.553111414287402,33.89608372812686,-2.5,-1.5422418490700105,33.41782285856164,-2.5,-1.5313722838526194,32.939561988996424,-2.5,-1.5205027186352282,32.461301119431205,-2.5
1773847315.178817749,1773847315.178817749,0.000,offline_ground_truth_window,"Environment section (T(v)):
- Current position NED is (-1.61, 34.60, -2.51) m.
- Current velocity is (0.01, -0.08, 0.01) m/s (speed 0.08 m/s).
- Goal position NED is (0.66, 10.83, -2.50) m.
- Output contract: predict exactly 5 waypoint x/y pairs in NED. The planner will set every waypoint z to goal z = -2.50 m before execution.
- Goal delta from current state is (2.27, -23.77, 0.01) m with distance 23.88 m.
- Obstacle pipeline: depth_camera_to_body_to_ned_current_frame.
- Current depth frame obstacle points projected into NED: 0. Nearest depth obstacle in NED is at (-1.61, 34.60, -2.51) m, relative vector (20.00, 0.00, 0.00) m, distance 20.00 m.
- Depth validity fraction is 0.35. Global nearest obstacle distance is 5.12 m.
- Sector minimum distances [far_left, left, center, right, far_right] are [5.12, 5.13, 5.13, 5.14, 5.14] m.
- Nearest obstacle sector is far_left at 5.12 m and clearance status is clear.
- Lateral planning hint: prefer center progress.","{""waypoints"":[{""x"":-1.553111414287402,""y"":33.89608372812686},{""x"":-1.5422418490700105,""y"":33.41782285856164},{""x"":-1.5313722838526194,""y"":32.939561988996424},{""x"":-1.5205027186352282,""y"":32.461301119431205},{""x"":-1.5096331534178367,""y"":31.983040249865986}],""reasoning"":""Selected waypoint 0 moves the reference anchor from 23.65 m to 23.17 m from goal immediately and to 21.26 m by the final waypoint, so progress is 0.48 m selected / 2.39 m final and passes with monotonic goal-distance reduction. Kinematics is evaluated on 5 unique label waypoint(s), excluding consecutive duplicate terminal holds, and checks only that the trajectory stays within the configured bounds speed <= 15.00 m/s and acceleration <= 8.00 m/s^2, so kinematics passes. Goal is not reached within this label waypoint window. Safety passes: minimum clearance 1.73 m against manifest obstacles with 0 violating segment(s).""}",-1.553111414287402,33.89608372812686,-2.5,-1.5422418490700105,33.41782285856164,-2.5,-1.5313722838526194,32.939561988996424,-2.5,-1.5205027186352282,32.461301119431205,-2.5,-1.5096331534178367,31.983040249865986,-2.5
1773847320.251009941,1773847320.251009941,0.000,offline_ground_truth_window,"Environment section (T(v)):
- Current position NED is (-1.56, 34.13, -2.52) m.
- Current velocity is (0.02, -0.09, 0.01) m/s (speed 0.09 m/s).
- Goal position NED is (0.66, 10.83, -2.50) m.
- Output contract: predict exactly 5 waypoint x/y pairs in NED. The planner will set every waypoint z to goal z = -2.50 m before execution.
- Goal delta from current state is (2.22, -23.30, 0.02) m with distance 23.41 m.
- Obstacle pipeline: depth_camera_to_body_to_ned_current_frame.
- Current depth frame obstacle points projected into NED: 0. Nearest depth obstacle in NED is at (-1.56, 34.13, -2.52) m, relative vector (20.00, 0.00, 0.00) m, distance 20.00 m.
- Depth validity fraction is 0.36. Global nearest obstacle distance is 5.08 m.
- Sector minimum distances [far_left, left, center, right, far_right] are [5.10, 5.09, 5.09, 5.08, 5.08] m.
- Nearest obstacle sector is far_right at 5.08 m and clearance status is clear.
- Lateral planning hint: prefer center progress.","{""waypoints"":[{""x"":-1.5422418490700105,""y"":33.41782285856164},{""x"":-1.5313722838526194,""y"":32.939561988996424},{""x"":-1.5205027186352282,""y"":32.461301119431205},{""x"":-1.5096331534178367,""y"":31.983040249865986},{""x"":-1.4987635882004455,""y"":31.50477938030077}],""reasoning"":""Selected waypoint 0 moves the reference anchor from 23.17 m to 22.69 m from goal immediately and to 20.79 m by the final waypoint, so progress is 0.48 m selected / 2.38 m final and passes with monotonic goal-distance reduction. Kinematics is evaluated on 5 unique label waypoint(s), excluding consecutive duplicate terminal holds, and checks only that the trajectory stays within the configured bounds speed <= 15.00 m/s and acceleration <= 8.00 m/s^2, so kinematics passes. Goal is not reached within this label waypoint window. Safety passes: minimum clearance 1.74 m against manifest obstacles with 0 violating segment(s).""}",-1.5422418490700105,33.41782285856164,-2.5,-1.5313722838526194,32.939561988996424,-2.5,-1.5205027186352282,32.461301119431205,-2.5,-1.5096331534178367,31.983040249865986,-2.5,-1.4987635882004455,31.50477938030077,-2.5
1773847325.788305521,1773847325.788305521,0.000,offline_ground_truth_window,"Environment section (T(v)):
- Current position NED is (-1.52, 33.66, -2.50) m.
- Current velocity is (0.01, -0.07, 0.01) m/s (speed 0.07 m/s).
- Goal position NED is (0.66, 10.83, -2.50) m.
- Output contract: predict exactly 5 waypoint x/y pairs in NED. The planner will set every waypoint z to goal z = -2.50 m before execution.
- Goal delta from current state is (2.18, -22.83, 0.00) m with distance 22.93 m.
- Obstacle pipeline: depth_camera_to_body_to_ned_current_frame.
- Current depth frame obstacle points projected into NED: 0. Nearest depth obstacle in NED is at (-1.52, 33.66, -2.50) m, relative vector (20.00, 0.00, 0.00) m, distance 20.00 m.
- Depth validity fraction is 0.35. Global nearest obstacle distance is 5.11 m.
- Sector minimum distances [far_left, left, center, right, far_right] are [5.14, 5.13, 5.12, 5.11, 5.11] m.
- Nearest obstacle sector is far_right at 5.11 m and clearance status is clear.
- Lateral planning hint: prefer center progress.","{""waypoints"":[{""x"":-1.5313722838526194,""y"":32.939561988996424},{""x"":-1.5205027186352282,""y"":32.461301119431205},{""x"":-1.5096331534178367,""y"":31.983040249865986},{""x"":-1.4987635882004455,""y"":31.50477938030077},{""x"":-1.487894022983054,""y"":31.026518510735553}],""reasoning"":""Selected waypoint 0 moves the reference anchor from 22.69 m to 22.22 m from goal immediately and to 20.31 m by the final waypoint, so progress is 0.48 m selected / 2.38 m final and passes with monotonic goal-distance reduction. Kinematics is evaluated on 5 unique label waypoint(s), excluding consecutive duplicate terminal holds, and checks only that the trajectory stays within the configured bounds speed <= 15.00 m/s and acceleration <= 8.00 m/s^2, so kinematics passes. Goal is not reached within this label waypoint window. Safety passes: minimum clearance 1.75 m against manifest obstacles with 0 violating segment(s).""}",-1.5313722838526194,32.939561988996424,-2.5,-1.5205027186352282,32.461301119431205,-2.5,-1.5096331534178367,31.983040249865986,-2.5,-1.4987635882004455,31.50477938030077,-2.5,-1.487894022983054,31.026518510735553,-2.5
1773847332.146314621,1773847332.146314621,0.000,offline_ground_truth_window,"Environment section (T(v)):
- Current position NED is (-1.56, 33.18, -2.51) m.
- Current velocity is (0.01, -0.09, 0.01) m/s (speed 0.09 m/s).
- Goal position NED is (0.66, 10.83, -2.50) m.
- Output contract: predict exactly 5 waypoint x/y pairs in NED. The planner will set every waypoint z to goal z = -2.50 m before execution.
- Goal delta from current state is (2.23, -22.35, 0.01) m with distance 22.46 m.
- Obstacle pipeline: depth_camera_to_body_to_ned_current_frame.
- Current depth frame obstacle points projected into NED: 0. Nearest depth obstacle in NED is at (-1.56, 33.18, -2.51) m, relative vector (20.00, 0.00, 0.00) m, distance 20.00 m.
- Depth validity fraction is 0.36. Global nearest obstacle distance is 5.08 m.
- Sector minimum distances [far_left, left, center, right, far_right] are [5.08, 5.08, 5.09, 5.09, 5.09] m.
- Nearest obstacle sector is far_left at 5.08 m and clearance status is clear.
- Lateral planning hint: prefer center progress.","{""waypoints"":[{""x"":-1.5205027186352282,""y"":32.461301119431205},{""x"":-1.5096331534178367,""y"":31.983040249865986},{""x"":-1.4987635882004455,""y"":31.50477938030077},{""x"":-1.487894022983054,""y"":31.026518510735553},{""x"":-1.4770244577656628,""y"":30.548257641170338}],""reasoning"":""Selected waypoint 0 moves the reference anchor from 22.22 m to 21.74 m from goal immediately and to 19.83 m by the final waypoint, so progress is 0.48 m selected / 2.38 m final and passes with monotonic goal-distance reduction. Kinematics is evaluated on 5 unique label waypoint(s), excluding consecutive duplicate terminal holds, and checks only that the trajectory stays within the configured bounds speed <= 15.00 m/s and acceleration <= 8.00 m/s^2, so kinematics passes. Goal is not reached within this label waypoint window. Safety passes: minimum clearance 1.76 m against manifest obstacles with 0 violating segment(s).""}",-1.5205027186352282,32.461301119431205,-2.5,-1.5096331534178367,31.983040249865986,-2.5,-1.4987635882004455,31.50477938030077,-2.5,-1.487894022983054,31.026518510735553,-2.5,-1.4770244577656628,30.548257641170338,-2.5
1773847337.418505669,1773847337.418505669,0.000,offline_ground_truth_window,"Environment section (T(v)):
- Current position NED is (-1.56, 32.70, -2.51) m.
- Current velocity is (0.01, -0.10, 0.01) m/s (speed 0.10 m/s).
- Goal position NED is (0.66, 10.83, -2.50) m.
- Output contract: predict exactly 5 waypoint x/y pairs in NED. The planner will set every waypoint z to goal z = -2.50 m before execution.
- Goal delta from current state is (2.23, -21.87, 0.01) m with distance 21.98 m.
- Obstacle pipeline: depth_camera_to_body_to_ned_current_frame.
- Current depth frame obstacle points projected into NED: 0. Nearest depth obstacle in NED is at (-1.56, 32.70, -2.51) m, relative vector (20.00, 0.00, 0.00) m, distance 20.00 m.
- Depth validity fraction is 0.36. Global nearest obstacle distance is 5.02 m.
- Sector minimum distances [far_left, left, center, right, far_right] are [5.02, 5.02, 5.03, 5.04, 5.05] m.
- Nearest obstacle sector is far_left at 5.02 m and clearance status is clear.
- Lateral planning hint: prefer center progress.","{""waypoints"":[{""x"":-1.5096331534178367,""y"":31.983040249865986},{""x"":-1.4987635882004455,""y"":31.50477938030077},{""x"":-1.487894022983054,""y"":31.026518510735553},{""x"":-1.4770244577656628,""y"":30.548257641170338},{""x"":-1.4661548925482717,""y"":30.06999677160512}],""reasoning"":""Selected waypoint 0 moves the reference anchor from 21.74 m to 21.26 m from goal immediately and to 19.36 m by the final waypoint, so progress is 0.48 m selected / 2.38 m final and passes with monotonic goal-distance reduction. Kinematics is evaluated on 5 unique label waypoint(s), excluding consecutive duplicate terminal holds, and checks only that the trajectory stays within the configured bounds speed <= 15.00 m/s and acceleration <= 8.00 m/s^2, so kinematics passes. Goal is not reached within this label waypoint window. Safety passes: minimum clearance 1.77 m against manifest obstacles with 0 violating segment(s).""}",-1.5096331534178367,31.983040249865986,-2.5,-1.4987635882004455,31.50477938030077,-2.5,-1.487894022983054,31.026518510735553,-2.5,-1.4770244577656628,30.548257641170338,-2.5,-1.4661548925482717,30.06999677160512,-2.5
1773847343.453593731,1773847343.453593731,0.000,offline_ground_truth_window,"Environment section (T(v)):
- Current position NED is (-1.52, 32.22, -2.50) m.
- Current velocity is (-0.00, -0.12, 0.01) m/s (speed 0.12 m/s).
- Goal position NED is (0.66, 10.83, -2.50) m.
- Output contract: predict exactly 5 waypoint x/y pairs in NED. The planner will set every waypoint z to goal z = -2.50 m before execution.
- Goal delta from current state is (2.18, -21.39, 0.00) m with distance 21.50 m.
- Obstacle pipeline: depth_camera_to_body_to_ned_current_frame.
- Current depth frame obstacle points projected into NED: 5. Nearest depth obstacle in NED is at (0.16, 34.91, -2.67) m, relative vector (1.68, 2.68, -0.16) m, distance 3.17 m.
- Depth validity fraction is 0.38. Global nearest obstacle distance is 2.44 m.
- Sector minimum distances [far_left, left, center, right, far_right] are [4.95, 4.96, 4.96, 4.96, 2.44] m.
- Nearest obstacle sector is far_right at 2.44 m and clearance status is caution.
- Lateral planning hint: left side is clearer.","{""waypoints"":[{""x"":-1.4987635882004455,""y"":31.50477938030077},{""x"":-1.487894022983054,""y"":31.026518510735553},{""x"":-1.4770244577656628,""y"":30.548257641170338},{""x"":-1.4661548925482717,""y"":30.06999677160512},{""x"":-1.4552853273308801,""y"":29.5917359020399}],""reasoning"":""Selected waypoint 0 moves the reference anchor from 21.26 m to 20.79 m from goal immediately and to 18.88 m by the final waypoint, so progress is 0.48 m selected / 2.38 m final and passes with monotonic goal-distance reduction. Kinematics is evaluated on 5 unique label waypoint(s), excluding consecutive duplicate terminal holds, and checks only that the trajectory stays within the configured bounds speed <= 15.00 m/s and acceleration <= 8.00 m/s^2, so kinematics passes. Goal is not reached within this label waypoint window. Safety passes: minimum clearance 1.78 m against manifest obstacles with 0 violating segment(s).""}",-1.4987635882004455,31.50477938030077,-2.5,-1.487894022983054,31.026518510735553,-2.5,-1.4770244577656628,30.548257641170338,-2.5,-1.4661548925482717,30.06999677160512,-2.5,-1.4552853273308801,29.5917359020399,-2.5
1773847347.928950071,1773847347.928950071,0.000,offline_ground_truth_window,"Environment section (T(v)):
- Current position NED is (-1.47, 31.74, -2.48) m.
- Current velocity is (-0.00, -0.10, 0.01) m/s (speed 0.10 m/s).
- Goal position NED is (0.66, 10.83, -2.50) m.
- Output contract: predict exactly 5 waypoint x/y pairs in NED. The planner will set every waypoint z to goal z = -2.50 m before execution.
- Goal delta from current state is (2.14, -20.91, -0.02) m with distance 21.02 m.
- Obstacle pipeline: depth_camera_to_body_to_ned_current_frame.
- Current depth frame obstacle points projected into NED: 25. Nearest depth obstacle in NED is at (0.24, 34.51, -2.27) m, relative vector (1.71, 2.76, 0.21) m, distance 3.26 m.
- Depth validity fraction is 0.42. Global nearest obstacle distance is 2.49 m.
- Sector minimum distances [far_left, left, center, right, far_right] are [4.95, 4.94, 4.94, 4.94, 2.49] m.
- Nearest obstacle sector is far_right at 2.49 m and clearance status is caution.
- Lateral planning hint: left side is clearer.","{""waypoints"":[{""x"":-1.487894022983054,""y"":31.026518510735553},{""x"":-1.4770244577656628,""y"":30.548257641170338},{""x"":-1.4661548925482717,""y"":30.06999677160512},{""x"":-1.4552853273308801,""y"":29.5917359020399},{""x"":-1.444415762113489,""y"":29.113475032474685}],""reasoning"":""Selected waypoint 0 moves the reference anchor from 20.79 m to 20.31 m from goal immediately and to 18.40 m by the final waypoint, so progress is 0.48 m selected / 2.38 m final and passes with monotonic goal-distance reduction. Kinematics is evaluated on 5 unique label waypoint(s), excluding consecutive duplicate terminal holds, and checks only that the trajectory stays within the configured bounds speed <= 15.00 m/s and acceleration <= 8.00 m/s^2, so kinematics passes. Goal is not reached within this label waypoint window. Safety passes: minimum clearance 1.79 m against manifest obstacles with 0 violating segment(s).""}",-1.487894022983054,31.026518510735553,-2.5,-1.4770244577656628,30.548257641170338,-2.5,-1.4661548925482717,30.06999677160512,-2.5,-1.4552853273308801,29.5917359020399,-2.5,-1.444415762113489,29.113475032474685,-2.5
1773847352.877230167,1773847352.877230167,0.000,offline_ground_truth_window,"Environment section (T(v)):
- Current position NED is (-1.49, 31.26, -2.50) m.
- Current velocity is (0.00, -0.09, 0.01) m/s (speed 0.09 m/s).
- Goal position NED is (0.66, 10.83, -2.50) m.
- Output contract: predict exactly 5 waypoint x/y pairs in NED. The planner will set every waypoint z to goal z = -2.50 m before execution.
- Goal delta from current state is (2.16, -20.43, -0.00) m with distance 20.55 m.
- Obstacle pipeline: depth_camera_to_body_to_ned_current_frame.
- Current depth frame obstacle points projected into NED: 45. Nearest depth obstacle in NED is at (0.19, 33.92, -2.20) m, relative vector (1.68, 2.66, 0.30) m, distance 3.16 m.
- Depth validity fraction is 0.46. Global nearest obstacle distance is 2.44 m.
- Sector minimum distances [far_left, left, center, right, far_right] are [5.04, 5.04, 5.05, 5.05, 2.44] m.
- Nearest obstacle sector is far_right at 2.44 m and clearance status is caution.
- Lateral planning hint: left side is clearer.","{""waypoints"":[{""x"":-1.4770244577656628,""y"":30.548257641170338},{""x"":-1.4661548925482717,""y"":30.06999677160512},{""x"":-1.4552853273308801,""y"":29.5917359020399},{""x"":-1.444415762113489,""y"":29.113475032474685},{""x"":-1.4335461968960974,""y"":28.635214162909467}],""reasoning"":""Selected waypoint 0 moves the reference anchor from 20.31 m to 19.83 m from goal immediately and to 17.93 m by the final waypoint, so progress is 0.48 m selected / 2.38 m final and passes with monotonic goal-distance reduction. Kinematics is evaluated on 5 unique label waypoint(s), excluding consecutive duplicate terminal holds, and checks only that the trajectory stays within the configured bounds speed <= 15.00 m/s and acceleration <= 8.00 m/s^2, so kinematics passes. Goal is not reached within this label waypoint window. Safety passes: minimum clearance 1.80 m against manifest obstacles with 0 violating segment(s).""}",-1.4770244577656628,30.548257641170338,-2.5,-1.4661548925482717,30.06999677160512,-2.5,-1.4552853273308801,29.5917359020399,-2.5,-1.444415762113489,29.113475032474685,-2.5,-1.4335461968960974,28.635214162909467,-2.5
1773847357.599355459,1773847357.599355459,0.000,offline_ground_truth_window,"Environment section (T(v)):
- Current position NED is (-1.50, 30.78, -2.51) m.
- Current velocity is (0.01, -0.09, 0.01) m/s (speed 0.09 m/s).
- Goal position NED is (0.66, 10.83, -2.50) m.
- Output contract: predict exactly 5 waypoint x/y pairs in NED. The planner will set every waypoint z to goal z = -2.50 m before execution.
- Goal delta from current state is (2.17, -19.95, 0.01) m with distance 20.07 m.
- Obstacle pipeline: depth_camera_to_body_to_ned_current_frame.
- Current depth frame obstacle points projected into NED: 51. Nearest depth obstacle in NED is at (0.18, 33.45, -2.63) m, relative vector (1.68, 2.66, -0.12) m, distance 3.15 m.
- Depth validity fraction is 0.48. Global nearest obstacle distance is 2.44 m.
- Sector minimum distances [far_left, left, center, right, far_right] are [5.09, 5.09, 5.09, 5.09, 2.44] m.
- Nearest obstacle sector is far_right at 2.44 m and clearance status is caution.
- Lateral planning hint: left side is clearer.","{""waypoints"":[{""x"":-1.4661548925482717,""y"":30.06999677160512},{""x"":-1.4552853273308801,""y"":29.5917359020399},{""x"":-1.444415762113489,""y"":29.113475032474685},{""x"":-1.4335461968960974,""y"":28.635214162909467},{""x"":-1.4226766316787063,""y"":28.156953293344248}],""reasoning"":""Selected waypoint 0 moves the reference anchor from 19.83 m to 19.36 m from goal immediately and to 17.45 m by the final waypoint, so progress is 0.48 m selected / 2.38 m final and passes with monotonic goal-distance reduction. Kinematics is evaluated on 5 unique label waypoint(s), excluding consecutive duplicate terminal holds, and checks only that the trajectory stays within the configured bounds speed <= 15.00 m/s and acceleration <= 8.00 m/s^2, so kinematics passes. Goal is not reached within this label waypoint window. Safety passes: minimum clearance 1.81 m against manifest obstacles with 0 violating segment(s).""}",-1.4661548925482717,30.06999677160512,-2.5,-1.4552853273308801,29.5917359020399,-2.5,-1.444415762113489,29.113475032474685,-2.5,-1.4335461968960974,28.635214162909467,-2.5,-1.4226766316787063,28.156953293344248,-2.5
1773847362.053228617,1773847362.053228617,0.000,offline_ground_truth_window,"Environment section (T(v)):
- Current position NED is (-1.48, 30.31, -2.53) m.
- Current velocity is (0.01, -0.11, 0.01) m/s (speed 0.11 m/s).
- Goal position NED is (0.66, 10.83, -2.50) m.
- Output contract: predict exactly 5 waypoint x/y pairs in NED. The planner will set every waypoint z to goal z = -2.50 m before execution.
- Goal delta from current state is (2.14, -19.48, 0.03) m with distance 19.59 m.
- Obstacle pipeline: depth_camera_to_body_to_ned_current_frame.
- Current depth frame obstacle points projected into NED: 59. Nearest depth obstacle in NED is at (0.25, 33.04, -2.70) m, relative vector (1.73, 2.73, -0.17) m, distance 3.24 m.
- Depth validity fraction is 0.50. Global nearest obstacle distance is 2.50 m.
- Sector minimum distances [far_left, left, center, right, far_right] are [5.10, 5.10, 5.10, 4.24, 2.50] m.
- Nearest obstacle sector is far_right at 2.50 m and clearance status is caution.
- Lateral planning hint: left side is clearer.","{""waypoints"":[{""x"":-1.4552853273308801,""y"":29.5917359020399},{""x"":-1.444415762113489,""y"":29.113475032474685},{""x"":-1.4335461968960974,""y"":28.635214162909467},{""x"":-1.4226766316787063,""y"":28.156953293344248},{""x"":-1.4118070664613152,""y"":27.678692423779033}],""reasoning"":""Selected waypoint 0 moves the reference anchor from 19.36 m to 18.88 m from goal immediately and to 16.98 m by the final waypoint, so progress is 0.48 m selected / 2.38 m final and passes with monotonic goal-distance reduction. Kinematics is evaluated on 5 unique label waypoint(s), excluding consecutive duplicate terminal holds, and checks only that the trajectory stays within the configured bounds speed <= 15.00 m/s and acceleration <= 8.00 m/s^2, so kinematics passes. Goal is not reached within this label waypoint window. Safety passes: minimum clearance 1.82 m against manifest obstacles with 0 violating segment(s).""}",-1.4552853273308801,29.5917359020399,-2.5,-1.444415762113489,29.113475032474685,-2.5,-1.4335461968960974,28.635214162909467,-2.5,-1.4226766316787063,28.156953293344248,-2.5,-1.4118070664613152,27.678692423779033,-2.5
1773847366.147126675,1773847366.147126675,0.000,offline_ground_truth_window,"Environment section (T(v)):
- Current position NED is (-1.46, 29.83, -2.51) m.
- Current velocity is (-0.00, -0.09, 0.01) m/s (speed 0.09 m/s).
- Goal position NED is (0.66, 10.83, -2.50) m.
- Output contract: predict exactly 5 waypoint x/y pairs in NED. The planner will set every waypoint z to goal z = -2.50 m before execution.
- Goal delta from current state is (2.13, -18.99, 0.01) m with distance 19.11 m.
- Obstacle pipeline: depth_camera_to_body_to_ned_current_frame.
- Current depth frame obstacle points projected into NED: 71. Nearest depth obstacle in NED is at (0.26, 32.58, -2.12) m, relative vector (1.72, 2.75, 0.39) m, distance 3.27 m.
- Depth validity fraction is 0.51. Global nearest obstacle distance is 2.50 m.
- Sector minimum distances [far_left, left, center, right, far_right] are [5.00, 5.01, 5.01, 4.23, 2.50] m.
- Nearest obstacle sector is far_right at 2.50 m and clearance status is caution.
- Lateral planning hint: left side is clearer.","{""waypoints"":[{""x"":-1.444415762113489,""y"":29.113475032474685},{""x"":-1.4335461968960974,""y"":28.635214162909467},{""x"":-1.4226766316787063,""y"":28.156953293344248},{""x"":-1.4118070664613152,""y"":27.678692423779033},{""x"":-1.4009375012439236,""y"":27.200431554213814}],""reasoning"":""Selected waypoint 0 moves the reference anchor from 18.88 m to 18.40 m from goal immediately and to 16.50 m by the final waypoint, so progress is 0.48 m selected / 2.38 m final and passes with monotonic goal-distance reduction. Kinematics is evaluated on 5 unique label waypoint(s), excluding consecutive duplicate terminal holds, and checks only that the trajectory stays within the configured bounds speed <= 15.00 m/s and acceleration <= 8.00 m/s^2, so kinematics passes. Goal is not reached within this label waypoint window. Safety passes: minimum clearance 1.80 m against manifest obstacles with 0 violating segment(s).""}",-1.444415762113489,29.113475032474685,-2.5,-1.4335461968960974,28.635214162909467,-2.5,-1.4226766316787063,28.156953293344248,-2.5,-1.4118070664613152,27.678692423779033,-2.5,-1.4009375012439236,27.200431554213814,-2.5
1773847370.511761665,1773847370.511761665,0.000,offline_ground_truth_window,"Environment section (T(v)):
- Current position NED is (-1.46, 29.35, -2.50) m.
- Current velocity is (0.00, -0.11, 0.01) m/s (speed 0.11 m/s).
- Goal position NED is (0.66, 10.83, -2.50) m.
- Output contract: predict exactly 5 waypoint x/y pairs in NED. The planner will set every waypoint z to goal z = -2.50 m before execution.
- Goal delta from current state is (2.12, -18.52, -0.00) m with distance 18.64 m.
- Obstacle pipeline: depth_camera_to_body_to_ned_current_frame.
- Current depth frame obstacle points projected into NED: 69. Nearest depth obstacle in NED is at (0.26, 32.07, -2.63) m, relative vector (1.72, 2.72, -0.13) m, distance 3.22 m.
- Depth validity fraction is 0.53. Global nearest obstacle distance is 2.49 m.
- Sector minimum distances [far_left, left, center, right, far_right] are [4.99, 4.99, 4.99, 4.21, 2.49] m.
- Nearest obstacle sector is far_right at 2.49 m and clearance status is caution.
- Lateral planning hint: left side is clearer.","{""waypoints"":[{""x"":-1.4335461968960974,""y"":28.635214162909467},{""x"":-1.4226766316787063,""y"":28.156953293344248},{""x"":-1.4118070664613152,""y"":27.678692423779033},{""x"":-1.4009375012439236,""y"":27.200431554213814},{""x"":-1.3900679360265324,""y"":26.722170684648596}],""reasoning"":""Selected waypoint 0 moves the reference anchor from 18.40 m to 17.93 m from goal immediately and to 16.02 m by the final waypoint, so progress is 0.48 m selected / 2.38 m final and passes with monotonic goal-distance reduction. Kinematics is evaluated on 5 unique label waypoint(s), excluding consecutive duplicate terminal holds, and checks only that the trajectory stays within the configured bounds speed <= 15.00 m/s and acceleration <= 8.00 m/s^2, so kinematics passes. Goal is not reached within this label waypoint window. Safety passes: minimum clearance 1.71 m against manifest obstacles with 0 violating segment(s).""}",-1.4335461968960974,28.635214162909467,-2.5,-1.4226766316787063,28.156953293344248,-2.5,-1.4118070664613152,27.678692423779033,-2.5,-1.4009375012439236,27.200431554213814,-2.5,-1.3900679360265324,26.722170684648596,-2.5
1773847374.371848345,1773847374.371848345,0.000,offline_ground_truth_window,"Environment section (T(v)):
- Current position NED is (-1.44, 28.87, -2.48) m.
- Current velocity is (0.00, -0.13, 0.01) m/s (speed 0.13 m/s).
- Goal position NED is (0.66, 10.83, -2.50) m.
- Output contract: predict exactly 5 waypoint x/y pairs in NED. The planner will set every waypoint z to goal z = -2.50 m before execution.
- Goal delta from current state is (2.10, -18.04, -0.02) m with distance 18.16 m.
- Obstacle pipeline: depth_camera_to_body_to_ned_current_frame.
- Current depth frame obstacle points projected into NED: 79. Nearest depth obstacle in NED is at (0.29, 31.58, -2.11) m, relative vector (1.73, 2.71, 0.37) m, distance 3.24 m.
- Depth validity fraction is 0.55. Global nearest obstacle distance is 2.50 m.
- Sector minimum distances [far_left, left, center, right, far_right] are [4.96, 4.96, 4.96, 4.24, 2.50] m.
- Nearest obstacle sector is far_right at 2.50 m and clearance status is caution.
- Lateral planning hint: left side is clearer.","{""waypoints"":[{""x"":-1.4226766316787063,""y"":28.156953293344248},{""x"":-1.4118070664613152,""y"":27.678692423779033},{""x"":-1.4009375012439236,""y"":27.200431554213814},{""x"":-1.3900679360265324,""y"":26.722170684648596},{""x"":-1.3791983708091413,""y"":26.243909815083377}],""reasoning"":""Selected waypoint 0 moves the reference anchor from 17.93 m to 17.45 m from goal immediately and to 15.55 m by the final waypoint, so progress is 0.48 m selected / 2.38 m final and passes with monotonic goal-distance reduction. Kinematics is evaluated on 5 unique label waypoint(s), excluding consecutive duplicate terminal holds, and checks only that the trajectory stays within the configured bounds speed <= 15.00 m/s and acceleration <= 8.00 m/s^2, so kinematics passes. Goal is not reached within this label waypoint window. Safety passes: minimum clearance 1.70 m against manifest obstacles with 0 violating segment(s).""}",-1.4226766316787063,28.156953293344248,-2.5,-1.4118070664613152,27.678692423779033,-2.5,-1.4009375012439236,27.200431554213814,-2.5,-1.3900679360265324,26.722170684648596,-2.5,-1.3791983708091413,26.243909815083377,-2.5
1773847379.889240503,1773847379.889240503,0.000,offline_ground_truth_window,"Environment section (T(v)):
- Current position NED is (-1.43, 28.40, -2.49) m.
- Current velocity is (0.00, -0.09, 0.01) m/s (speed 0.09 m/s).
- Goal position NED is (0.66, 10.83, -2.50) m.
- Output contract: predict exactly 5 waypoint x/y pairs in NED. The planner will set every waypoint z to goal z = -2.50 m before execution.
- Goal delta from current state is (2.09, -17.57, -0.01) m with distance 17.69 m.
- Obstacle pipeline: depth_camera_to_body_to_ned_current_frame.
- Current depth frame obstacle points projected into NED: 79. Nearest depth obstacle in NED is at (0.31, 31.17, -2.36) m, relative vector (1.74, 2.77, 0.13) m, distance 3.28 m.
- Depth validity fraction is 0.58. Global nearest obstacle distance is 2.52 m.
- Sector minimum distances [far_left, left, center, right, far_right] are [4.97, 4.97, 4.97, 4.27, 2.52] m.
- Nearest obstacle sector is far_right at 2.52 m and clearance status is caution.
- Lateral planning hint: left side is clearer.","{""waypoints"":[{""x"":-1.4118070664613152,""y"":27.678692423779033},{""x"":-1.4009375012439236,""y"":27.200431554213814},{""x"":-1.3900679360265324,""y"":26.722170684648596},{""x"":-1.3791983708091413,""y"":26.243909815083377},{""x"":-1.3683288055917497,""y"":25.765648945518162}],""reasoning"":""Selected waypoint 0 moves the reference anchor from 17.45 m to 16.98 m from goal immediately and to 15.07 m by the final waypoint, so progress is 0.48 m selected / 2.38 m final and passes with monotonic goal-distance reduction. Kinematics is evaluated on 5 unique label waypoint(s), excluding consecutive duplicate terminal holds, and checks only that the trajectory stays within the configured bounds speed <= 15.00 m/s and acceleration <= 8.00 m/s^2, so kinematics passes. Goal is not reached within this label waypoint window. Safety passes: minimum clearance 1.70 m against manifest obstacles with 0 violating segment(s).""}",-1.4118070664613152,27.678692423779033,-2.5,-1.4009375012439236,27.200431554213814,-2.5,-1.3900679360265324,26.722170684648596,-2.5,-1.3791983708091413,26.243909815083377,-2.5,-1.3683288055917497,25.765648945518162,-2.5
1773847384.526540279,1773847384.526540279,0.000,offline_ground_truth_window,"Environment section (T(v)):
- Current position NED is (-1.43, 27.91, -2.48) m.
- Current velocity is (0.01, -0.07, 0.00) m/s (speed 0.07 m/s).
- Goal position NED is (0.66, 10.83, -2.50) m.
- Output contract: predict exactly 5 waypoint x/y pairs in NED. The planner will set every waypoint z to goal z = -2.50 m before execution.
- Goal delta from current state is (2.09, -17.08, -0.02) m with distance 17.21 m.
- Obstacle pipeline: depth_camera_to_body_to_ned_current_frame.
- Current depth frame obstacle points projected into NED: 99. Nearest depth obstacle in NED is at (0.32, 30.67, -2.50) m, relative vector (1.75, 2.76, -0.02) m, distance 3.27 m.
- Depth validity fraction is 0.59. Global nearest obstacle distance is 2.54 m.
- Sector minimum distances [far_left, left, center, right, far_right] are [5.02, 5.03, 5.03, 4.31, 2.54] m.
- Nearest obstacle sector is far_right at 2.54 m and clearance status is caution.
- Lateral planning hint: left side is clearer.","{""waypoints"":[{""x"":-1.4009375012439236,""y"":27.200431554213814},{""x"":-1.3900679360265324,""y"":26.722170684648596},{""x"":-1.3791983708091413,""y"":26.243909815083377},{""x"":-1.3683288055917497,""y"":25.765648945518162},{""x"":-1.3574592403743586,""y"":25.287388075952947}],""reasoning"":""Selected waypoint 0 moves the reference anchor from 16.98 m to 16.50 m from goal immediately and to 14.60 m by the final waypoint, so progress is 0.48 m selected / 2.38 m final and passes with monotonic goal-distance reduction. Kinematics is evaluated on 5 unique label waypoint(s), excluding consecutive duplicate terminal holds, and checks only that the trajectory stays within the configured bounds speed <= 15.00 m/s and acceleration <= 8.00 m/s^2, so kinematics passes. Goal is not reached within this label waypoint window. Safety passes: minimum clearance 1.70 m against manifest obstacles with 0 violating segment(s).""}",-1.4009375012439236,27.200431554213814,-2.5,-1.3900679360265324,26.722170684648596,-2.5,-1.3791983708091413,26.243909815083377,-2.5,-1.3683288055917497,25.765648945518162,-2.5,-1.3574592403743586,25.287388075952947,-2.5
1773847389.658637762,1773847389.658637762,0.000,offline_ground_truth_window,"Environment section (T(v)):
- Current position NED is (-1.41, 27.44, -2.49) m.
- Current velocity is (0.00, -0.09, 0.00) m/s (speed 0.09 m/s).
- Goal position NED is (0.66, 10.83, -2.50) m.
- Output contract: predict exactly 5 waypoint x/y pairs in NED. The planner will set every waypoint z to goal z = -2.50 m before execution.
- Goal delta from current state is (2.08, -16.60, -0.01) m with distance 16.73 m.
- Obstacle pipeline: depth_camera_to_body_to_ned_current_frame.
- Current depth frame obstacle points projected into NED: 96. Nearest depth obstacle in NED is at (0.33, 30.18, -2.40) m, relative vector (1.74, 2.75, 0.09) m, distance 3.25 m.
- Depth validity fraction is 0.61. Global nearest obstacle distance is 2.53 m.
- Sector minimum distances [far_left, left, center, right, far_right] are [5.00, 5.00, 5.00, 4.28, 2.53] m.
- Nearest obstacle sector is far_right at 2.53 m and clearance status is caution.
- Lateral planning hint: left side is clearer.","{""waypoints"":[{""x"":-1.3900679360265324,""y"":26.722170684648596},{""x"":-1.3791983708091413,""y"":26.243909815083377},{""x"":-1.3683288055917497,""y"":25.765648945518162},{""x"":-1.3574592403743586,""y"":25.287388075952947},{""x"":-1.346589675156967,""y"":24.80912720638773}],""reasoning"":""Selected waypoint 0 moves the reference anchor from 16.50 m to 16.02 m from goal immediately and to 14.12 m by the final waypoint, so progress is 0.48 m selected / 2.38 m final and passes with monotonic goal-distance reduction. Kinematics is evaluated on 5 unique label waypoint(s), excluding consecutive duplicate terminal holds, and checks only that the trajectory stays within the configured bounds speed <= 15.00 m/s and acceleration <= 8.00 m/s^2, so kinematics passes. Goal is not reached within this label waypoint window. Safety passes: minimum clearance 1.70 m against manifest obstacles with 0 violating segment(s).""}",-1.3900679360265324,26.722170684648596,-2.5,-1.3791983708091413,26.243909815083377,-2.5,-1.3683288055917497,25.765648945518162,-2.5,-1.3574592403743586,25.287388075952947,-2.5,-1.346589675156967,24.80912720638773,-2.5
1773847395.333823204,1773847395.333823204,0.000,offline_ground_truth_window,"Environment section (T(v)):
- Current position NED is (-1.42, 26.96, -2.49) m.
- Current velocity is (0.01, -0.08, 0.00) m/s (speed 0.08 m/s).
- Goal position NED is (0.66, 10.83, -2.50) m.
- Output contract: predict exactly 5 waypoint x/y pairs in NED. The planner will set every waypoint z to goal z = -2.50 m before execution.
- Goal delta from current state is (2.08, -16.13, -0.01) m with distance 16.26 m.
- Obstacle pipeline: depth_camera_to_body_to_ned_current_frame.
- Current depth frame obstacle points projected into NED: 89. Nearest depth obstacle in NED is at (0.36, 29.76, -2.64) m, relative vector (1.78, 2.80, -0.15) m, distance 3.32 m.
- Depth validity fraction is 0.62. Global nearest obstacle distance is 2.58 m.
- Sector minimum distances [far_left, left, center, right, far_right] are [5.05, 5.05, 5.05, 4.36, 2.58] m.
- Nearest obstacle sector is far_right at 2.58 m and clearance status is caution.
- Lateral planning hint: left side is clearer.","{""waypoints"":[{""x"":-1.3791983708091413,""y"":26.243909815083377},{""x"":-1.3683288055917497,""y"":25.765648945518162},{""x"":-1.3574592403743586,""y"":25.287388075952947},{""x"":-1.346589675156967,""y"":24.80912720638773},{""x"":-1.335720109939576,""y"":24.33086633682251}],""reasoning"":""Selected waypoint 0 moves the reference anchor from 16.02 m to 15.55 m from goal immediately and to 13.65 m by the final waypoint, so progress is 0.48 m selected / 2.38 m final and passes with monotonic goal-distance reduction. Kinematics is evaluated on 5 unique label waypoint(s), excluding consecutive duplicate terminal holds, and checks only that the trajectory stays within the configured bounds speed <= 15.00 m/s and acceleration <= 8.00 m/s^2, so kinematics passes. Goal is not reached within this label waypoint window. Safety passes: minimum clearance 1.70 m against manifest obstacles with 0 violating segment(s).""}",-1.3791983708091413,26.243909815083377,-2.5,-1.3683288055917497,25.765648945518162,-2.5,-1.3574592403743586,25.287388075952947,-2.5,-1.346589675156967,24.80912720638773,-2.5,-1.335720109939576,24.33086633682251,-2.5
1773847403.039494276,1773847403.039494276,0.000,offline_ground_truth_window,"Environment section (T(v)):
- Current position NED is (-1.36, 26.48, -2.50) m.
- Current velocity is (-0.01, -0.08, 0.00) m/s (speed 0.09 m/s).
- Goal position NED is (0.66, 10.83, -2.50) m.
- Output contract: predict exactly 5 waypoint x/y pairs in NED. The planner will set every waypoint z to goal z = -2.50 m before execution.
- Goal delta from current state is (2.03, -15.65, -0.00) m with distance 15.78 m.
- Obstacle pipeline: depth_camera_to_body_to_ned_current_frame.
- Current depth frame obstacle points projected into NED: 96. Nearest depth obstacle in NED is at (0.47, 29.35, -2.26) m, relative vector (1.83, 2.87, 0.23) m, distance 3.41 m.
- Depth validity fraction is 0.63. Global nearest obstacle distance is 2.65 m.
- Sector minimum distances [far_left, left, center, right, far_right] are [5.03, 5.03, 5.04, 4.50, 2.65] m.
- Nearest obstacle sector is far_right at 2.65 m and clearance status is caution.
- Lateral planning hint: left side is clearer.","{""waypoints"":[{""x"":-1.3683288055917497,""y"":25.765648945518162},{""x"":-1.3574592403743586,""y"":25.287388075952947},{""x"":-1.346589675156967,""y"":24.80912720638773},{""x"":-1.335720109939576,""y"":24.33086633682251},{""x"":-0.9857201099395758,""y"":23.98086633682251}],""reasoning"":""Selected waypoint 0 moves the reference anchor from 15.55 m to 15.07 m from goal immediately and to 13.25 m by the final waypoint, so progress is 0.48 m selected / 2.29 m final and passes with monotonic goal-distance reduction. Kinematics is evaluated on 5 unique label waypoint(s), excluding consecutive duplicate terminal holds, and checks only that the trajectory stays within the configured bounds speed <= 15.00 m/s and acceleration <= 8.00 m/s^2, so kinematics passes. Goal is not reached within this label waypoint window. Safety passes: minimum clearance 1.70 m against manifest obstacles with 0 violating segment(s).""}",-1.3683288055917497,25.765648945518162,-2.5,-1.3574592403743586,25.287388075952947,-2.5,-1.346589675156967,24.80912720638773,-2.5,-1.335720109939576,24.33086633682251,-2.5,-0.9857201099395758,23.98086633682251,-2.5
1773847408.895330906,1773847408.895330906,0.000,offline_ground_truth_window,"Environment section (T(v)):
- Current position NED is (-1.37, 26.00, -2.49) m.
- Current velocity is (0.00, -0.07, 0.01) m/s (speed 0.07 m/s).
- Goal position NED is (0.66, 10.83, -2.50) m.
- Output contract: predict exactly 5 waypoint x/y pairs in NED. The planner will set every waypoint z to goal z = -2.50 m before execution.
- Goal delta from current state is (2.03, -15.17, -0.01) m with distance 15.31 m.
- Obstacle pipeline: depth_camera_to_body_to_ned_current_frame.
- Current depth frame obstacle points projected into NED: 81. Nearest depth obstacle in NED is at (0.43, 28.83, -2.45) m, relative vector (1.80, 2.82, 0.04) m, distance 3.35 m.
- Depth validity fraction is 0.65. Global nearest obstacle distance is 2.61 m.
- Sector minimum distances [far_left, left, center, right, far_right] are [5.00, 5.00, 5.00, 4.41, 2.61] m.
- Nearest obstacle sector is far_right at 2.61 m and clearance status is caution.
- Lateral planning hint: left side is clearer.","{""waypoints"":[{""x"":-1.3574592403743586,""y"":25.287388075952947},{""x"":-1.346589675156967,""y"":24.80912720638773},{""x"":-1.335720109939576,""y"":24.33086633682251},{""x"":-0.9857201099395758,""y"":23.98086633682251},{""x"":-0.6357201099395757,""y"":23.63086633682251}],""reasoning"":""Selected waypoint 0 moves the reference anchor from 15.07 m to 14.60 m from goal immediately and to 12.87 m by the final waypoint, so progress is 0.48 m selected / 2.21 m final and passes with monotonic goal-distance reduction. Kinematics is evaluated on 5 unique label waypoint(s), excluding consecutive duplicate terminal holds, and checks only that the trajectory stays within the configured bounds speed <= 15.00 m/s and acceleration <= 8.00 m/s^2, so kinematics passes. Goal is not reached within this label waypoint window. Safety passes: minimum clearance 1.72 m against manifest obstacles with 0 violating segment(s).""}",-1.3574592403743586,25.287388075952947,-2.5,-1.346589675156967,24.80912720638773,-2.5,-1.335720109939576,24.33086633682251,-2.5,-0.9857201099395758,23.98086633682251,-2.5,-0.6357201099395757,23.63086633682251,-2.5
1773847415.336060524,1773847415.336060524,0.000,offline_ground_truth_window,"Environment section (T(v)):
- Current position NED is (-1.38, 25.52, -2.49) m.
- Current velocity is (0.01, -0.08, 0.00) m/s (speed 0.08 m/s).
- Goal position NED is (0.66, 10.83, -2.50) m.
- Output contract: predict exactly 5 waypoint x/y pairs in NED. The planner will set every waypoint z to goal z = -2.50 m before execution.
- Goal delta from current state is (2.04, -14.69, -0.01) m with distance 14.83 m.
- Obstacle pipeline: depth_camera_to_body_to_ned_current_frame.
- Current depth frame obstacle points projected into NED: 105. Nearest depth obstacle in NED is at (0.41, 28.34, -2.54) m, relative vector (1.79, 2.81, -0.05) m, distance 3.34 m.
- Depth validity fraction is 0.65. Global nearest obstacle distance is 2.60 m.
- Sector minimum distances [far_left, left, center, right, far_right] are [5.06, 5.06, 5.06, 4.40, 2.60] m.
- Nearest obstacle sector is far_right at 2.60 m and clearance status is caution.
- Lateral planning hint: left side is clearer.","{""waypoints"":[{""x"":-1.346589675156967,""y"":24.80912720638773},{""x"":-1.335720109939576,""y"":24.33086633682251},{""x"":-0.9857201099395758,""y"":23.98086633682251},{""x"":-0.6357201099395757,""y"":23.63086633682251},{""x"":-0.2857201099395761,""y"":23.28086633682251}],""reasoning"":""Selected waypoint 0 moves the reference anchor from 14.60 m to 14.12 m from goal immediately and to 12.49 m by the final waypoint, so progress is 0.48 m selected / 2.11 m final and passes with monotonic goal-distance reduction. Kinematics is evaluated on 5 unique label waypoint(s), excluding consecutive duplicate terminal holds, and checks only that the trajectory stays within the configured bounds speed <= 15.00 m/s and acceleration <= 8.00 m/s^2, so kinematics passes. Goal is not reached within this label waypoint window. Safety passes: minimum clearance 1.55 m against manifest obstacles with 0 violating segment(s).""}",-1.346589675156967,24.80912720638773,-2.5,-1.335720109939576,24.33086633682251,-2.5,-0.9857201099395758,23.98086633682251,-2.5,-0.6357201099395757,23.63086633682251,-2.5,-0.2857201099395761,23.28086633682251,-2.5
1773847420.976739645,1773847420.976739645,0.000,offline_ground_truth_window,"Environment section (T(v)):
- Current position NED is (-1.37, 25.05, -2.50) m.
- Current velocity is (0.01, -0.07, 0.01) m/s (speed 0.07 m/s).
- Goal position NED is (0.66, 10.83, -2.50) m.
- Output contract: predict exactly 5 waypoint x/y pairs in NED. The planner will set every waypoint z to goal z = -2.50 m before execution.
- Goal delta from current state is (2.03, -14.22, 0.00) m with distance 14.36 m.
- Obstacle pipeline: depth_camera_to_body_to_ned_current_frame.
- Current depth frame obstacle points projected into NED: 91. Nearest depth obstacle in NED is at (0.47, 27.96, -2.00) m, relative vector (1.83, 2.92, 0.51) m, distance 3.48 m.
- Depth validity fraction is 0.65. Global nearest obstacle distance is 2.65 m.
- Sector minimum distances [far_left, left, center, right, far_right] are [5.16, 5.16, 5.16, 4.49, 2.65] m.
- Nearest obstacle sector is far_right at 2.65 m and clearance status is caution.
- Lateral planning hint: left side is clearer.","{""waypoints"":[{""x"":-1.335720109939576,""y"":24.33086633682251},{""x"":-0.9857201099395758,""y"":23.98086633682251},{""x"":-0.6357201099395757,""y"":23.63086633682251},{""x"":-0.2857201099395761,""y"":23.28086633682251},{""x"":0.06427989006042445,""y"":22.93086633682251}],""reasoning"":""Selected waypoint 0 moves the reference anchor from 14.12 m to 13.65 m from goal immediately and to 12.11 m by the final waypoint, so progress is 0.47 m selected / 2.01 m final and passes with monotonic goal-distance reduction. Kinematics is evaluated on 5 unique label waypoint(s), excluding consecutive duplicate terminal holds, and checks only that the trajectory stays within the configured bounds speed <= 15.00 m/s and acceleration <= 8.00 m/s^2, so kinematics passes. Goal is not reached within this label waypoint window. Safety passes: minimum clearance 1.51 m against manifest obstacles with 0 violating segment(s).""}",-1.335720109939576,24.33086633682251,-2.5,-0.9857201099395758,23.98086633682251,-2.5,-0.6357201099395757,23.63086633682251,-2.5,-0.2857201099395761,23.28086633682251,-2.5,0.06427989006042445,22.93086633682251,-2.5
1773847426.637464285,1773847426.637464285,0.000,offline_ground_truth_window,"Environment section (T(v)):
- Current position NED is (-1.32, 24.57, -2.51) m.
- Current velocity is (0.00, -0.07, 0.01) m/s (speed 0.07 m/s).
- Goal position NED is (0.66, 10.83, -2.50) m.
- Output contract: predict exactly 5 waypoint x/y pairs in NED. The planner will set every waypoint z to goal z = -2.50 m before execution.
- Goal delta from current state is (1.99, -13.74, 0.01) m with distance 13.88 m.
- Obstacle pipeline: depth_camera_to_body_to_ned_current_frame.
- Current depth frame obstacle points projected into NED: 122. Nearest depth obstacle in NED is at (0.55, 27.56, -2.13) m, relative vector (1.87, 2.99, 0.38) m, distance 3.55 m.
- Depth validity fraction is 0.66. Global nearest obstacle distance is 2.71 m.
- Sector minimum distances [far_left, left, center, right, far_right] are [5.10, 5.10, 5.10, 4.59, 2.71] m.
- Nearest obstacle sector is far_right at 2.71 m and clearance status is caution.
- Lateral planning hint: left side is clearer.","{""waypoints"":[{""x"":-0.9857201099395758,""y"":23.98086633682251},{""x"":-0.6357201099395757,""y"":23.63086633682251},{""x"":-0.2857201099395761,""y"":23.28086633682251},{""x"":0.06427989006042445,""y"":22.93086633682251},{""x"":0.4142798900604241,""y"":22.58086633682251}],""reasoning"":""Selected waypoint 0 moves the reference anchor from 13.65 m to 13.25 m from goal immediately and to 11.75 m by the final waypoint, so progress is 0.39 m selected / 1.89 m final and passes with monotonic goal-distance reduction. Kinematics is evaluated on 5 unique label waypoint(s), excluding consecutive duplicate terminal holds, and checks only that the trajectory stays within the configured bounds speed <= 15.00 m/s and acceleration <= 8.00 m/s^2, so kinematics passes. Goal is not reached within this label waypoint window. Safety passes: minimum clearance 1.51 m against manifest obstacles with 0 violating segment(s).""}",-0.9857201099395758,23.98086633682251,-2.5,-0.6357201099395757,23.63086633682251,-2.5,-0.2857201099395761,23.28086633682251,-2.5,0.06427989006042445,22.93086633682251,-2.5,0.4142798900604241,22.58086633682251,-2.5
1773847431.715534210,1773847431.715534210,0.000,offline_ground_truth_window,"Environment section (T(v)):
- Current position NED is (-1.13, 24.18, -2.51) m.
- Current velocity is (0.04, -0.08, 0.01) m/s (speed 0.09 m/s).
- Goal position NED is (0.66, 10.83, -2.50) m.
- Output contract: predict exactly 5 waypoint x/y pairs in NED. The planner will set every waypoint z to goal z = -2.50 m before execution.
- Goal delta from current state is (1.80, -13.35, 0.01) m with distance 13.47 m.
- Obstacle pipeline: depth_camera_to_body_to_ned_current_frame.
- Current depth frame obstacle points projected into NED: 157. Nearest depth obstacle in NED is at (-2.73, 26.24, -2.64) m, relative vector (-1.60, 2.06, -0.13) m, distance 2.61 m.
- Depth validity fraction is 0.68. Global nearest obstacle distance is 2.01 m.
- Sector minimum distances [far_left, left, center, right, far_right] are [2.01, 5.05, 5.05, 4.82, 2.88] m.
- Nearest obstacle sector is far_left at 2.01 m and clearance status is caution.
- Lateral planning hint: prefer center progress.","{""waypoints"":[{""x"":-0.6357201099395757,""y"":23.63086633682251},{""x"":-0.2857201099395761,""y"":23.28086633682251},{""x"":0.06427989006042445,""y"":22.93086633682251},{""x"":0.4142798900604241,""y"":22.58086633682251},{""x"":0.4246965567270906,""y"":22.091283003489178}],""reasoning"":""Selected waypoint 0 moves the reference anchor from 13.25 m to 12.87 m from goal immediately and to 11.26 m by the final waypoint, so progress is 0.39 m selected / 1.99 m final and passes with monotonic goal-distance reduction. Kinematics is evaluated on 5 unique label waypoint(s), excluding consecutive duplicate terminal holds, and checks only that the trajectory stays within the configured bounds speed <= 15.00 m/s and acceleration <= 8.00 m/s^2, so kinematics passes. Goal is not reached within this label waypoint window. Safety passes: minimum clearance 1.51 m against manifest obstacles with 0 violating segment(s).""}",-0.6357201099395757,23.63086633682251,-2.5,-0.2857201099395761,23.28086633682251,-2.5,0.06427989006042445,22.93086633682251,-2.5,0.4142798900604241,22.58086633682251,-2.5,0.4246965567270906,22.091283003489178,-2.5
1773847436.650655031,1773847436.650655031,0.000,offline_ground_truth_window,"Environment section (T(v)):
- Current position NED is (-0.82, 23.79, -2.51) m.
- Current velocity is (0.09, -0.09, 0.01) m/s (speed 0.13 m/s).
- Goal position NED is (0.66, 10.83, -2.50) m.
- Output contract: predict exactly 5 waypoint x/y pairs in NED. The planner will set every waypoint z to goal z = -2.50 m before execution.
- Goal delta from current state is (1.49, -12.96, 0.01) m with distance 13.05 m.
- Obstacle pipeline: depth_camera_to_body_to_ned_current_frame.
- Current depth frame obstacle points projected into NED: 181. Nearest depth obstacle in NED is at (-2.16, 25.97, -2.62) m, relative vector (-1.34, 2.18, -0.12) m, distance 2.56 m.
- Depth validity fraction is 0.70. Global nearest obstacle distance is 2.12 m.
- Sector minimum distances [far_left, left, center, right, far_right] are [2.12, 5.10, 5.10, 5.09, 3.26] m.
- Nearest obstacle sector is far_left at 2.12 m and clearance status is caution.
- Lateral planning hint: right side is clearer.","{""waypoints"":[{""x"":-0.2857201099395761,""y"":23.28086633682251},{""x"":0.06427989006042445,""y"":22.93086633682251},{""x"":0.4142798900604241,""y"":22.58086633682251},{""x"":0.4246965567270906,""y"":22.091283003489178},{""x"":0.4351132233937576,""y"":21.601699670155842}],""reasoning"":""Selected waypoint 0 moves the reference anchor from 12.87 m to 12.49 m from goal immediately and to 10.77 m by the final waypoint, so progress is 0.38 m selected / 2.09 m final and passes with monotonic goal-distance reduction. Kinematics is evaluated on 5 unique label waypoint(s), excluding consecutive duplicate terminal holds, and checks only that the trajectory stays within the configured bounds speed <= 15.00 m/s and acceleration <= 8.00 m/s^2, so kinematics passes. Goal is not reached within this label waypoint window. Safety passes: minimum clearance 1.51 m against manifest obstacles with 0 violating segment(s).""}",-0.2857201099395761,23.28086633682251,-2.5,0.06427989006042445,22.93086633682251,-2.5,0.4142798900604241,22.58086633682251,-2.5,0.4246965567270906,22.091283003489178,-2.5,0.4351132233937576,21.601699670155842,-2.5
1773847442.971867323,1773847442.971867323,0.000,offline_ground_truth_window,"Environment section (T(v)):
- Current position NED is (-0.43, 23.48, -2.52) m.
- Current velocity is (0.04, -0.06, 0.01) m/s (speed 0.07 m/s).
- Goal position NED is (0.66, 10.83, -2.50) m.
- Output contract: predict exactly 5 waypoint x/y pairs in NED. The planner will set every waypoint z to goal z = -2.50 m before execution.
- Goal delta from current state is (1.10, -12.65, 0.02) m with distance 12.70 m.
- Obstacle pipeline: depth_camera_to_body_to_ned_current_frame.
- Current depth frame obstacle points projected into NED: 152. Nearest depth obstacle in NED is at (-1.46, 26.00, -2.26) m, relative vector (-1.03, 2.52, 0.26) m, distance 2.74 m.
- Depth validity fraction is 0.72. Global nearest obstacle distance is 2.44 m.
- Sector minimum distances [far_left, left, center, right, far_right] are [2.44, 2.44, 5.13, 5.14, 3.77] m.
- Nearest obstacle sector is far_left at 2.44 m and clearance status is caution.
- Lateral planning hint: right side is clearer.","{""waypoints"":[{""x"":0.06427989006042445,""y"":22.93086633682251},{""x"":0.4142798900604241,""y"":22.58086633682251},{""x"":0.4246965567270906,""y"":22.091283003489178},{""x"":0.4351132233937576,""y"":21.601699670155842},{""x"":0.4455298900604241,""y"":21.11211633682251}],""reasoning"":""Selected waypoint 0 moves the reference anchor from 12.49 m to 12.11 m from goal immediately and to 10.28 m by the final waypoint, so progress is 0.37 m selected / 2.20 m final and passes with monotonic goal-distance reduction. Kinematics is evaluated on 5 unique label waypoint(s), excluding consecutive duplicate terminal holds, and checks only that the trajectory stays within the configured bounds speed <= 15.00 m/s and acceleration <= 8.00 m/s^2, so kinematics passes. Goal is not reached within this label waypoint window. Safety passes: minimum clearance 1.51 m against manifest obstacles with 0 violating segment(s).""}",0.06427989006042445,22.93086633682251,-2.5,0.4142798900604241,22.58086633682251,-2.5,0.4246965567270906,22.091283003489178,-2.5,0.4351132233937576,21.601699670155842,-2.5,0.4455298900604241,21.11211633682251,-2.5
1773847448.314691544,1773847448.314691544,0.000,offline_ground_truth_window,"Environment section (T(v)):
- Current position NED is (-0.10, 23.11, -2.51) m.
- Current velocity is (0.07, -0.07, 0.01) m/s (speed 0.09 m/s).
- Goal position NED is (0.66, 10.83, -2.50) m.
- Output contract: predict exactly 5 waypoint x/y pairs in NED. The planner will set every waypoint z to goal z = -2.50 m before execution.
- Goal delta from current state is (0.77, -12.28, 0.01) m with distance 12.31 m.
- Obstacle pipeline: depth_camera_to_body_to_ned_current_frame.
- Current depth frame obstacle points projected into NED: 206. Nearest depth obstacle in NED is at (-0.95, 26.00, -2.32) m, relative vector (-0.85, 2.88, 0.18) m, distance 3.01 m.
- Depth validity fraction is 0.77. Global nearest obstacle distance is 2.78 m.
- Sector minimum distances [far_left, left, center, right, far_right] are [2.78, 2.79, 5.01, 5.00, 4.16] m.
- Nearest obstacle sector is far_left at 2.78 m and clearance status is caution.
- Lateral planning hint: right side is clearer.","{""waypoints"":[{""x"":0.4142798900604241,""y"":22.58086633682251},{""x"":0.4246965567270906,""y"":22.091283003489178},{""x"":0.4351132233937576,""y"":21.601699670155842},{""x"":0.4455298900604241,""y"":21.11211633682251},{""x"":0.4559465567270906,""y"":20.622533003489178}],""reasoning"":""Selected waypoint 0 moves the reference anchor from 12.11 m to 11.75 m from goal immediately and to 9.79 m by the final waypoint, so progress is 0.36 m selected / 2.32 m final and passes with monotonic goal-distance reduction. Kinematics is evaluated on 5 unique label waypoint(s), excluding consecutive duplicate terminal holds, and checks only that the trajectory stays within the configured bounds speed <= 15.00 m/s and acceleration <= 8.00 m/s^2, so kinematics passes. Goal is not reached within this label waypoint window. Safety passes: minimum clearance 1.52 m against manifest obstacles with 0 violating segment(s).""}",0.4142798900604241,22.58086633682251,-2.5,0.4246965567270906,22.091283003489178,-2.5,0.4351132233937576,21.601699670155842,-2.5,0.4455298900604241,21.11211633682251,-2.5,0.4559465567270906,20.622533003489178,-2.5
1773847454.742791891,1773847454.742791891,0.000,offline_ground_truth_window,"Environment section (T(v)):
- Current position NED is (0.23, 22.75, -2.48) m.
- Current velocity is (0.04, -0.04, -0.00) m/s (speed 0.06 m/s).
- Goal position NED is (0.66, 10.83, -2.50) m.
- Output contract: predict exactly 5 waypoint x/y pairs in NED. The planner will set every waypoint z to goal z = -2.50 m before execution.
- Goal delta from current state is (0.43, -11.91, -0.02) m with distance 11.92 m.
- Obstacle pipeline: depth_camera_to_body_to_ned_current_frame.
- Current depth frame obstacle points projected into NED: 212. Nearest depth obstacle in NED is at (-0.21, 26.04, -2.53) m, relative vector (-0.44, 3.30, -0.05) m, distance 3.33 m.
- Depth validity fraction is 0.80. Global nearest obstacle distance is 3.15 m.
- Sector minimum distances [far_left, left, center, right, far_right] are [3.15, 3.16, 3.18, 5.05, 4.60] m.
- Nearest obstacle sector is far_left at 3.15 m and clearance status is clear.
- Lateral planning hint: right side is clearer.","{""waypoints"":[{""x"":0.4246965567270906,""y"":22.091283003489178},{""x"":0.4351132233937576,""y"":21.601699670155842},{""x"":0.4455298900604241,""y"":21.11211633682251},{""x"":0.4559465567270906,""y"":20.622533003489178},{""x"":0.46636322339375735,""y"":20.132949670155842}],""reasoning"":""Selected waypoint 0 moves the reference anchor from 11.75 m to 11.26 m from goal immediately and to 9.30 m by the final waypoint, so progress is 0.49 m selected / 2.45 m final and passes with monotonic goal-distance reduction. Kinematics is evaluated on 5 unique label waypoint(s), excluding consecutive duplicate terminal holds, and checks only that the trajectory stays within the configured bounds speed <= 15.00 m/s and acceleration <= 8.00 m/s^2, so kinematics passes. Goal is not reached within this label waypoint window. Safety passes: minimum clearance 1.55 m against manifest obstacles with 0 violating segment(s).""}",0.4246965567270906,22.091283003489178,-2.5,0.4351132233937576,21.601699670155842,-2.5,0.4455298900604241,21.11211633682251,-2.5,0.4559465567270906,20.622533003489178,-2.5,0.46636322339375735,20.132949670155842,-2.5
1773847461.048229456,1773847461.048229456,0.000,offline_ground_truth_window,"Environment section (T(v)):
- Current position NED is (0.36, 22.33, -2.50) m.
- Current velocity is (0.02, -0.09, 0.00) m/s (speed 0.10 m/s).
- Goal position NED is (0.66, 10.83, -2.50) m.
- Output contract: predict exactly 5 waypoint x/y pairs in NED. The planner will set every waypoint z to goal z = -2.50 m before execution.
- Goal delta from current state is (0.30, -11.50, 0.00) m with distance 11.50 m.
- Obstacle pipeline: depth_camera_to_body_to_ned_current_frame.
- Current depth frame obstacle points projected into NED: 219. Nearest depth obstacle in NED is at (0.06, 26.06, -2.43) m, relative vector (-0.30, 3.74, 0.07) m, distance 3.75 m.
- Depth validity fraction is 0.81. Global nearest obstacle distance is 3.35 m.
- Sector minimum distances [far_left, left, center, right, far_right] are [3.35, 3.59, 3.60, 5.09, 4.81] m.
- Nearest obstacle sector is far_left at 3.35 m and clearance status is clear.
- Lateral planning hint: right side is clearer.","{""waypoints"":[{""x"":0.4351132233937576,""y"":21.601699670155842},{""x"":0.4455298900604241,""y"":21.11211633682251},{""x"":0.4559465567270906,""y"":20.622533003489178},{""x"":0.46636322339375735,""y"":20.132949670155842},{""x"":0.4767798900604241,""y"":19.64336633682251}],""reasoning"":""Selected waypoint 0 moves the reference anchor from 11.26 m to 10.77 m from goal immediately and to 8.81 m by the final waypoint, so progress is 0.49 m selected / 2.45 m final and passes with monotonic goal-distance reduction. Kinematics is evaluated on 5 unique label waypoint(s), excluding consecutive duplicate terminal holds, and checks only that the trajectory stays within the configured bounds speed <= 15.00 m/s and acceleration <= 8.00 m/s^2, so kinematics passes. Goal is not reached within this label waypoint window. Safety passes: minimum clearance 1.55 m against manifest obstacles with 0 violating segment(s).""}",0.4351132233937576,21.601699670155842,-2.5,0.4455298900604241,21.11211633682251,-2.5,0.4559465567270906,20.622533003489178,-2.5,0.46636322339375735,20.132949670155842,-2.5,0.4767798900604241,19.64336633682251,-2.5
1773847465.097548962,1773847465.097548962,0.000,offline_ground_truth_window,"Environment section (T(v)):
- Current position NED is (0.38, 21.84, -2.50) m.
- Current velocity is (0.02, -0.10, 0.01) m/s (speed 0.11 m/s).
- Goal position NED is (0.66, 10.83, -2.50) m.
- Output contract: predict exactly 5 waypoint x/y pairs in NED. The planner will set every waypoint z to goal z = -2.50 m before execution.
- Goal delta from current state is (0.28, -11.01, 0.00) m with distance 11.02 m.
- Obstacle pipeline: depth_camera_to_body_to_ned_current_frame.
- Current depth frame obstacle points projected into NED: 229. Nearest depth obstacle in NED is at (-0.13, 26.04, -2.35) m, relative vector (-0.51, 4.19, 0.15) m, distance 4.23 m.
- Depth validity fraction is 0.81. Global nearest obstacle distance is 3.29 m.
- Sector minimum distances [far_left, left, center, right, far_right] are [3.29, 4.07, 4.08, 5.06, 4.87] m.
- Nearest obstacle sector is far_left at 3.29 m and clearance status is clear.
- Lateral planning hint: right side is clearer.","{""waypoints"":[{""x"":0.4455298900604241,""y"":21.11211633682251},{""x"":0.4559465567270906,""y"":20.622533003489178},{""x"":0.46636322339375735,""y"":20.132949670155842},{""x"":0.4767798900604241,""y"":19.64336633682251},{""x"":0.48719655672709083,""y"":19.153783003489178}],""reasoning"":""Selected waypoint 0 moves the reference anchor from 10.77 m to 10.28 m from goal immediately and to 8.32 m by the final waypoint, so progress is 0.49 m selected / 2.45 m final and passes with monotonic goal-distance reduction. Kinematics is evaluated on 5 unique label waypoint(s), excluding consecutive duplicate terminal holds, and checks only that the trajectory stays within the configured bounds speed <= 15.00 m/s and acceleration <= 8.00 m/s^2, so kinematics passes. Goal is not reached within this label waypoint window. Safety passes: minimum clearance 1.56 m against manifest obstacles with 0 violating segment(s).""}",0.4455298900604241,21.11211633682251,-2.5,0.4559465567270906,20.622533003489178,-2.5,0.46636322339375735,20.132949670155842,-2.5,0.4767798900604241,19.64336633682251,-2.5,0.48719655672709083,19.153783003489178,-2.5
1773847469.571972132,1773847469.571972132,0.000,offline_ground_truth_window,"Environment section (T(v)):
- Current position NED is (0.44, 21.35, -2.48) m.
- Current velocity is (0.01, -0.11, 0.01) m/s (speed 0.11 m/s).
- Goal position NED is (0.66, 10.83, -2.50) m.
- Output contract: predict exactly 5 waypoint x/y pairs in NED. The planner will set every waypoint z to goal z = -2.50 m before execution.
- Goal delta from current state is (0.23, -10.52, -0.02) m with distance 10.52 m.
- Obstacle pipeline: depth_camera_to_body_to_ned_current_frame.
- Current depth frame obstacle points projected into NED: 199. Nearest depth obstacle in NED is at (-2.15, 24.66, -2.27) m, relative vector (-2.59, 3.31, 0.21) m, distance 4.20 m.
- Depth validity fraction is 0.80. Global nearest obstacle distance is 3.22 m.
- Sector minimum distances [far_left, left, center, right, far_right] are [3.22, 4.55, 4.56, 4.98, 4.95] m.
- Nearest obstacle sector is far_left at 3.22 m and clearance status is clear.
- Lateral planning hint: right side is clearer.","{""waypoints"":[{""x"":0.4559465567270906,""y"":20.622533003489178},{""x"":0.46636322339375735,""y"":20.132949670155842},{""x"":0.4767798900604241,""y"":19.64336633682251},{""x"":0.48719655672709083,""y"":19.153783003489178},{""x"":0.49761322339375735,""y"":18.664199670155842}],""reasoning"":""Selected waypoint 0 moves the reference anchor from 10.28 m to 9.79 m from goal immediately and to 7.84 m by the final waypoint, so progress is 0.49 m selected / 2.45 m final and passes with monotonic goal-distance reduction. Kinematics is evaluated on 5 unique label waypoint(s), excluding consecutive duplicate terminal holds, and checks only that the trajectory stays within the configured bounds speed <= 15.00 m/s and acceleration <= 8.00 m/s^2, so kinematics passes. Goal is not reached within this label waypoint window. Safety passes: minimum clearance 1.61 m against manifest obstacles with 0 violating segment(s).""}",0.4559465567270906,20.622533003489178,-2.5,0.46636322339375735,20.132949670155842,-2.5,0.4767798900604241,19.64336633682251,-2.5,0.48719655672709083,19.153783003489178,-2.5,0.49761322339375735,18.664199670155842,-2.5
1773847474.558352947,1773847474.558352947,0.000,offline_ground_truth_window,"Environment section (T(v)):
- Current position NED is (0.45, 20.86, -2.50) m.
- Current velocity is (0.01, -0.10, 0.00) m/s (speed 0.10 m/s).
- Goal position NED is (0.66, 10.83, -2.50) m.
- Output contract: predict exactly 5 waypoint x/y pairs in NED. The planner will set every waypoint z to goal z = -2.50 m before execution.
- Goal delta from current state is (0.21, -10.03, -0.00) m with distance 10.04 m.
- Obstacle pipeline: depth_camera_to_body_to_ned_current_frame.
- Current depth frame obstacle points projected into NED: 190. Nearest depth obstacle in NED is at (-2.14, 24.11, -2.34) m, relative vector (-2.59, 3.25, 0.15) m, distance 4.15 m.
- Depth validity fraction is 0.78. Global nearest obstacle distance is 3.23 m.
- Sector minimum distances [far_left, left, center, right, far_right] are [3.23, 5.03, 5.03, 5.02, 4.94] m.
- Nearest obstacle sector is far_left at 3.23 m and clearance status is clear.
- Lateral planning hint: right side is clearer.","{""waypoints"":[{""x"":0.46636322339375735,""y"":20.132949670155842},{""x"":0.4767798900604241,""y"":19.64336633682251},{""x"":0.48719655672709083,""y"":19.153783003489178},{""x"":0.49761322339375735,""y"":18.664199670155842},{""x"":0.5080298900604241,""y"":18.17461633682251}],""reasoning"":""Selected waypoint 0 moves the reference anchor from 9.79 m to 9.30 m from goal immediately and to 7.35 m by the final waypoint, so progress is 0.49 m selected / 2.45 m final and passes with monotonic goal-distance reduction. Kinematics is evaluated on 5 unique label waypoint(s), excluding consecutive duplicate terminal holds, and checks only that the trajectory stays within the configured bounds speed <= 15.00 m/s and acceleration <= 8.00 m/s^2, so kinematics passes. Goal is not reached within this label waypoint window. Safety passes: minimum clearance 1.79 m against manifest obstacles with 0 violating segment(s).""}",0.46636322339375735,20.132949670155842,-2.5,0.4767798900604241,19.64336633682251,-2.5,0.48719655672709083,19.153783003489178,-2.5,0.49761322339375735,18.664199670155842,-2.5,0.5080298900604241,18.17461633682251,-2.5
1773847478.707602262,1773847478.707602262,0.000,offline_ground_truth_window,"Environment section (T(v)):
- Current position NED is (0.44, 20.37, -2.49) m.
- Current velocity is (0.01, -0.11, 0.01) m/s (speed 0.11 m/s).
- Goal position NED is (0.66, 10.83, -2.50) m.
- Output contract: predict exactly 5 waypoint x/y pairs in NED. The planner will set every waypoint z to goal z = -2.50 m before execution.
- Goal delta from current state is (0.23, -9.54, -0.01) m with distance 9.55 m.
- Obstacle pipeline: depth_camera_to_body_to_ned_current_frame.
- Current depth frame obstacle points projected into NED: 187. Nearest depth obstacle in NED is at (-2.13, 23.62, -2.07) m, relative vector (-2.56, 3.25, 0.42) m, distance 4.16 m.
- Depth validity fraction is 0.77. Global nearest obstacle distance is 3.20 m.
- Sector minimum distances [far_left, left, center, right, far_right] are [3.20, 4.99, 4.99, 4.99, 4.97] m.
- Nearest obstacle sector is far_left at 3.20 m and clearance status is clear.
- Lateral planning hint: right side is clearer.","{""waypoints"":[{""x"":0.4767798900604241,""y"":19.64336633682251},{""x"":0.48719655672709083,""y"":19.153783003489178},{""x"":0.49761322339375735,""y"":18.664199670155842},{""x"":0.5080298900604241,""y"":18.17461633682251},{""x"":0.5184465567270908,""y"":17.685033003489174}],""reasoning"":""Selected waypoint 0 moves the reference anchor from 9.30 m to 8.81 m from goal immediately and to 6.86 m by the final waypoint, so progress is 0.49 m selected / 2.45 m final and passes with monotonic goal-distance reduction. Kinematics is evaluated on 5 unique label waypoint(s), excluding consecutive duplicate terminal holds, and checks only that the trajectory stays within the configured bounds speed <= 15.00 m/s and acceleration <= 8.00 m/s^2, so kinematics passes. Goal is not reached within this label waypoint window. Safety passes: minimum clearance 2.08 m against manifest obstacles with 0 violating segment(s).""}",0.4767798900604241,19.64336633682251,-2.5,0.48719655672709083,19.153783003489178,-2.5,0.49761322339375735,18.664199670155842,-2.5,0.5080298900604241,18.17461633682251,-2.5,0.5184465567270908,17.685033003489174,-2.5
1773847483.469651222,1773847483.469651222,0.000,offline_ground_truth_window,"Environment section (T(v)):
- Current position NED is (0.47, 19.88, -2.50) m.
- Current velocity is (-0.01, -0.09, 0.01) m/s (speed 0.10 m/s).
- Goal position NED is (0.66, 10.83, -2.50) m.
- Output contract: predict exactly 5 waypoint x/y pairs in NED. The planner will set every waypoint z to goal z = -2.50 m before execution.
- Goal delta from current state is (0.20, -9.05, -0.00) m with distance 9.06 m.
- Obstacle pipeline: depth_camera_to_body_to_ned_current_frame.
- Current depth frame obstacle points projected into NED: 163. Nearest depth obstacle in NED is at (-2.07, 23.07, -2.64) m, relative vector (-2.54, 3.19, -0.14) m, distance 4.08 m.
- Depth validity fraction is 0.76. Global nearest obstacle distance is 3.18 m.
- Sector minimum distances [far_left, left, center, right, far_right] are [3.18, 5.03, 5.03, 5.03, 4.98] m.
- Nearest obstacle sector is far_left at 3.18 m and clearance status is clear.
- Lateral planning hint: right side is clearer.","{""waypoints"":[{""x"":0.48719655672709083,""y"":19.153783003489178},{""x"":0.49761322339375735,""y"":18.664199670155842},{""x"":0.5080298900604241,""y"":18.17461633682251},{""x"":0.5184465567270908,""y"":17.685033003489174},{""x"":0.5288632233937574,""y"":17.195449670155845}],""reasoning"":""Selected waypoint 0 moves the reference anchor from 8.81 m to 8.32 m from goal immediately and to 6.37 m by the final waypoint, so progress is 0.49 m selected / 2.45 m final and passes with monotonic goal-distance reduction. Kinematics is evaluated on 5 unique label waypoint(s), excluding consecutive duplicate terminal holds, and checks only that the trajectory stays within the configured bounds speed <= 15.00 m/s and acceleration <= 8.00 m/s^2, so kinematics passes. Goal is not reached within this label waypoint window. Safety passes: minimum clearance 2.23 m against manifest obstacles with 0 violating segment(s).""}",0.48719655672709083,19.153783003489178,-2.5,0.49761322339375735,18.664199670155842,-2.5,0.5080298900604241,18.17461633682251,-2.5,0.5184465567270908,17.685033003489174,-2.5,0.5288632233937574,17.195449670155845,-2.5
1773847489.136383533,1773847489.136383533,0.000,offline_ground_truth_window,"Environment section (T(v)):
- Current position NED is (0.45, 19.40, -2.51) m.
- Current velocity is (0.01, -0.08, 0.01) m/s (speed 0.08 m/s).
- Goal position NED is (0.66, 10.83, -2.50) m.
- Output contract: predict exactly 5 waypoint x/y pairs in NED. The planner will set every waypoint z to goal z = -2.50 m before execution.
- Goal delta from current state is (0.21, -8.57, 0.01) m with distance 8.57 m.
- Obstacle pipeline: depth_camera_to_body_to_ned_current_frame.
- Current depth frame obstacle points projected into NED: 149. Nearest depth obstacle in NED is at (1.86, 21.71, -2.46) m, relative vector (1.41, 2.32, 0.06) m, distance 2.71 m.
- Depth validity fraction is 0.76. Global nearest obstacle distance is 2.09 m.
- Sector minimum distances [far_left, left, center, right, far_right] are [3.17, 5.10, 5.10, 5.10, 2.09] m.
- Nearest obstacle sector is far_right at 2.09 m and clearance status is caution.
- Lateral planning hint: left side is clearer.","{""waypoints"":[{""x"":0.49761322339375735,""y"":18.664199670155842},{""x"":0.5080298900604241,""y"":18.17461633682251},{""x"":0.5184465567270908,""y"":17.685033003489174},{""x"":0.5288632233937574,""y"":17.195449670155845},{""x"":0.5392798900604241,""y"":16.70586633682251}],""reasoning"":""Selected waypoint 0 moves the reference anchor from 8.32 m to 7.84 m from goal immediately and to 5.88 m by the final waypoint, so progress is 0.49 m selected / 2.45 m final and passes with monotonic goal-distance reduction. Kinematics is evaluated on 5 unique label waypoint(s), excluding consecutive duplicate terminal holds, and checks only that the trajectory stays within the configured bounds speed <= 15.00 m/s and acceleration <= 8.00 m/s^2, so kinematics passes. Goal is not reached within this label waypoint window. Safety passes: minimum clearance 2.22 m against manifest obstacles with 0 violating segment(s).""}",0.49761322339375735,18.664199670155842,-2.5,0.5080298900604241,18.17461633682251,-2.5,0.5184465567270908,17.685033003489174,-2.5,0.5288632233937574,17.195449670155845,-2.5,0.5392798900604241,16.70586633682251,-2.5
1773847492.807590961,1773847492.807590961,0.000,offline_ground_truth_window,"Environment section (T(v)):
- Current position NED is (0.50, 18.91, -2.49) m.
- Current velocity is (0.00, -0.14, 0.01) m/s (speed 0.14 m/s).
- Goal position NED is (0.66, 10.83, -2.50) m.
- Output contract: predict exactly 5 waypoint x/y pairs in NED. The planner will set every waypoint z to goal z = -2.50 m before execution.
- Goal delta from current state is (0.16, -8.08, -0.01) m with distance 8.08 m.
- Obstacle pipeline: depth_camera_to_body_to_ned_current_frame.
- Current depth frame obstacle points projected into NED: 210. Nearest depth obstacle in NED is at (1.95, 21.50, -2.56) m, relative vector (1.45, 2.59, -0.06) m, distance 2.97 m.
- Depth validity fraction is 0.78. Global nearest obstacle distance is 2.35 m.
- Sector minimum distances [far_left, left, center, right, far_right] are [3.09, 4.98, 4.98, 4.98, 2.35] m.
- Nearest obstacle sector is far_right at 2.35 m and clearance status is caution.
- Lateral planning hint: prefer center progress.","{""waypoints"":[{""x"":0.5080298900604241,""y"":18.17461633682251},{""x"":0.5184465567270908,""y"":17.685033003489174},{""x"":0.5288632233937574,""y"":17.195449670155845},{""x"":0.5392798900604241,""y"":16.70586633682251},{""x"":0.5496965567270908,""y"":16.216283003489178}],""reasoning"":""Selected waypoint 0 moves the reference anchor from 7.84 m to 7.35 m from goal immediately and to 5.39 m by the final waypoint, so progress is 0.49 m selected / 2.45 m final and passes with monotonic goal-distance reduction. Kinematics is evaluated on 5 unique label waypoint(s), excluding consecutive duplicate terminal holds, and checks only that the trajectory stays within the configured bounds speed <= 15.00 m/s and acceleration <= 8.00 m/s^2, so kinematics passes. Goal is not reached within this label waypoint window. Safety passes: minimum clearance 2.21 m against manifest obstacles with 0 violating segment(s).""}",0.5080298900604241,18.17461633682251,-2.5,0.5184465567270908,17.685033003489174,-2.5,0.5288632233937574,17.195449670155845,-2.5,0.5392798900604241,16.70586633682251,-2.5,0.5496965567270908,16.216283003489178,-2.5
1773847498.140146255,1773847498.140146255,0.000,offline_ground_truth_window,"Environment section (T(v)):
- Current position NED is (0.51, 18.42, -2.49) m.
- Current velocity is (-0.01, -0.08, 0.00) m/s (speed 0.08 m/s).
- Goal position NED is (0.66, 10.83, -2.50) m.
- Output contract: predict exactly 5 waypoint x/y pairs in NED. The planner will set every waypoint z to goal z = -2.50 m before execution.
- Goal delta from current state is (0.15, -7.59, -0.01) m with distance 7.59 m.
- Obstacle pipeline: depth_camera_to_body_to_ned_current_frame.
- Current depth frame obstacle points projected into NED: 196. Nearest depth obstacle in NED is at (1.99, 21.49, -2.40) m, relative vector (1.48, 3.07, 0.08) m, distance 3.41 m.
- Depth validity fraction is 0.78. Global nearest obstacle distance is 2.85 m.
- Sector minimum distances [far_left, left, center, right, far_right] are [3.07, 5.06, 5.06, 5.06, 2.85] m.
- Nearest obstacle sector is far_right at 2.85 m and clearance status is caution.
- Lateral planning hint: prefer center progress.","{""waypoints"":[{""x"":0.5184465567270908,""y"":17.685033003489174},{""x"":0.5288632233937574,""y"":17.195449670155845},{""x"":0.5392798900604241,""y"":16.70586633682251},{""x"":0.5496965567270908,""y"":16.216283003489178},{""x"":0.5601132233937574,""y"":15.726699670155842}],""reasoning"":""Selected waypoint 0 moves the reference anchor from 7.35 m to 6.86 m from goal immediately and to 4.90 m by the final waypoint, so progress is 0.49 m selected / 2.45 m final and passes with monotonic goal-distance reduction. Kinematics is evaluated on 5 unique label waypoint(s), excluding consecutive duplicate terminal holds, and checks only that the trajectory stays within the configured bounds speed <= 15.00 m/s and acceleration <= 8.00 m/s^2, so kinematics passes. Goal is not reached within this label waypoint window. Safety passes: minimum clearance 2.20 m against manifest obstacles with 0 violating segment(s).""}",0.5184465567270908,17.685033003489174,-2.5,0.5288632233937574,17.195449670155845,-2.5,0.5392798900604241,16.70586633682251,-2.5,0.5496965567270908,16.216283003489178,-2.5,0.5601132233937574,15.726699670155842,-2.5
1773847503.110918283,1773847503.110918283,0.000,offline_ground_truth_window,"Environment section (T(v)):
- Current position NED is (0.50, 17.93, -2.52) m.
- Current velocity is (0.01, -0.10, 0.02) m/s (speed 0.10 m/s).
- Goal position NED is (0.66, 10.83, -2.50) m.
- Output contract: predict exactly 5 waypoint x/y pairs in NED. The planner will set every waypoint z to goal z = -2.50 m before execution.
- Goal delta from current state is (0.17, -7.10, 0.02) m with distance 7.10 m.
- Obstacle pipeline: depth_camera_to_body_to_ned_current_frame.
- Current depth frame obstacle points projected into NED: 177. Nearest depth obstacle in NED is at (1.92, 21.49, -2.38) m, relative vector (1.43, 3.56, 0.14) m, distance 3.84 m.
- Depth validity fraction is 0.79. Global nearest obstacle distance is 3.11 m.
- Sector minimum distances [far_left, left, center, right, far_right] are [3.11, 5.07, 5.07, 3.56, 3.34] m.
- Nearest obstacle sector is far_left at 3.11 m and clearance status is clear.
- Lateral planning hint: left side is clearer.","{""waypoints"":[{""x"":0.5288632233937574,""y"":17.195449670155845},{""x"":0.5392798900604241,""y"":16.70586633682251},{""x"":0.5496965567270908,""y"":16.216283003489178},{""x"":0.5601132233937574,""y"":15.726699670155842},{""x"":0.5705298900604241,""y"":15.23711633682251}],""reasoning"":""Selected waypoint 0 moves the reference anchor from 6.86 m to 6.37 m from goal immediately and to 4.41 m by the final waypoint, so progress is 0.49 m selected / 2.45 m final and passes with monotonic goal-distance reduction. Kinematics is evaluated on 5 unique label waypoint(s), excluding consecutive duplicate terminal holds, and checks only that the trajectory stays within the configured bounds speed <= 15.00 m/s and acceleration <= 8.00 m/s^2, so kinematics passes. Goal is not reached within this label waypoint window. Safety passes: minimum clearance 2.19 m against manifest obstacles with 0 violating segment(s).""}",0.5288632233937574,17.195449670155845,-2.5,0.5392798900604241,16.70586633682251,-2.5,0.5496965567270908,16.216283003489178,-2.5,0.5601132233937574,15.726699670155842,-2.5,0.5705298900604241,15.23711633682251,-2.5
1773847507.316372395,1773847507.316372395,0.000,offline_ground_truth_window,"Environment section (T(v)):
- Current position NED is (0.52, 17.44, -2.49) m.
- Current velocity is (-0.01, -0.10, 0.00) m/s (speed 0.10 m/s).
- Goal position NED is (0.66, 10.83, -2.50) m.
- Output contract: predict exactly 5 waypoint x/y pairs in NED. The planner will set every waypoint z to goal z = -2.50 m before execution.
- Goal delta from current state is (0.15, -6.61, -0.01) m with distance 6.61 m.
- Obstacle pipeline: depth_camera_to_body_to_ned_current_frame.
- Current depth frame obstacle points projected into NED: 201. Nearest depth obstacle in NED is at (-1.98, 20.58, -2.27) m, relative vector (-2.50, 3.15, 0.22) m, distance 4.02 m.
- Depth validity fraction is 0.80. Global nearest obstacle distance is 3.13 m.
- Sector minimum distances [far_left, left, center, right, far_right] are [3.13, 5.04, 5.05, 3.81, 3.81] m.
- Nearest obstacle sector is far_left at 3.13 m and clearance status is clear.
- Lateral planning hint: prefer center progress.","{""waypoints"":[{""x"":0.5392798900604241,""y"":16.70586633682251},{""x"":0.5496965567270908,""y"":16.216283003489178},{""x"":0.5601132233937574,""y"":15.726699670155842},{""x"":0.5705298900604241,""y"":15.23711633682251},{""x"":0.5809465567270908,""y"":14.747533003489178}],""reasoning"":""Selected waypoint 0 moves the reference anchor from 6.37 m to 5.88 m from goal immediately and to 3.92 m by the final waypoint, so progress is 0.49 m selected / 2.45 m final and passes with monotonic goal-distance reduction. Kinematics is evaluated on 5 unique label waypoint(s), excluding consecutive duplicate terminal holds, and checks only that the trajectory stays within the configured bounds speed <= 15.00 m/s and acceleration <= 8.00 m/s^2, so kinematics passes. Goal is not reached within this label waypoint window. Safety passes: minimum clearance 2.18 m against manifest obstacles with 0 violating segment(s).""}",0.5392798900604241,16.70586633682251,-2.5,0.5496965567270908,16.216283003489178,-2.5,0.5601132233937574,15.726699670155842,-2.5,0.5705298900604241,15.23711633682251,-2.5,0.5809465567270908,14.747533003489178,-2.5
1773847512.336510181,1773847512.336510181,0.000,offline_ground_truth_window,"Environment section (T(v)):
- Current position NED is (0.52, 16.95, -2.51) m.
- Current velocity is (0.02, -0.11, 0.01) m/s (speed 0.11 m/s).
- Goal position NED is (0.66, 10.83, -2.50) m.
- Output contract: predict exactly 5 waypoint x/y pairs in NED. The planner will set every waypoint z to goal z = -2.50 m before execution.
- Goal delta from current state is (0.15, -6.12, 0.01) m with distance 6.12 m.
- Obstacle pipeline: depth_camera_to_body_to_ned_current_frame.
- Current depth frame obstacle points projected into NED: 171. Nearest depth obstacle in NED is at (-1.95, 20.08, -2.35) m, relative vector (-2.47, 3.13, 0.16) m, distance 3.99 m.
- Depth validity fraction is 0.79. Global nearest obstacle distance is 3.09 m.
- Sector minimum distances [far_left, left, center, right, far_right] are [3.09, 5.06, 5.06, 4.33, 4.33] m.
- Nearest obstacle sector is far_left at 3.09 m and clearance status is clear.
- Lateral planning hint: prefer center progress.","{""waypoints"":[{""x"":0.5496965567270908,""y"":16.216283003489178},{""x"":0.5601132233937574,""y"":15.726699670155842},{""x"":0.5705298900604241,""y"":15.23711633682251},{""x"":0.5809465567270908,""y"":14.747533003489178},{""x"":0.5913632233937574,""y"":14.257949670155842}],""reasoning"":""Selected waypoint 0 moves the reference anchor from 5.88 m to 5.39 m from goal immediately and to 3.43 m by the final waypoint, so progress is 0.49 m selected / 2.45 m final and passes with monotonic goal-distance reduction. Kinematics is evaluated on 5 unique label waypoint(s), excluding consecutive duplicate terminal holds, and checks only that the trajectory stays within the configured bounds speed <= 15.00 m/s and acceleration <= 8.00 m/s^2, so kinematics passes. Goal is not reached within this label waypoint window. Safety passes: minimum clearance 2.17 m against manifest obstacles with 0 violating segment(s).""}",0.5496965567270908,16.216283003489178,-2.5,0.5601132233937574,15.726699670155842,-2.5,0.5705298900604241,15.23711633682251,-2.5,0.5809465567270908,14.747533003489178,-2.5,0.5913632233937574,14.257949670155842,-2.5
1773847518.126156330,1773847518.126156330,0.000,offline_ground_truth_window,"Environment section (T(v)):
- Current position NED is (0.59, 16.46, -2.48) m.
- Current velocity is (0.00, -0.07, -0.00) m/s (speed 0.07 m/s).
- Goal position NED is (0.66, 10.83, -2.50) m.
- Output contract: predict exactly 5 waypoint x/y pairs in NED. The planner will set every waypoint z to goal z = -2.50 m before execution.
- Goal delta from current state is (0.08, -5.63, -0.02) m with distance 5.63 m.
- Obstacle pipeline: depth_camera_to_body_to_ned_current_frame.
- Current depth frame obstacle points projected into NED: 189. Nearest depth obstacle in NED is at (-1.83, 19.52, -2.48) m, relative vector (-2.42, 3.06, 0.01) m, distance 3.90 m.
- Depth validity fraction is 0.78. Global nearest obstacle distance is 3.03 m.
- Sector minimum distances [far_left, left, center, right, far_right] are [3.03, 5.06, 5.05, 4.83, 4.83] m.
- Nearest obstacle sector is far_left at 3.03 m and clearance status is clear.
- Lateral planning hint: right side is clearer.","{""waypoints"":[{""x"":0.5601132233937574,""y"":15.726699670155842},{""x"":0.5705298900604241,""y"":15.23711633682251},{""x"":0.5809465567270908,""y"":14.747533003489178},{""x"":0.5913632233937574,""y"":14.257949670155842},{""x"":0.6017798900604241,""y"":13.76836633682251}],""reasoning"":""Selected waypoint 0 moves the reference anchor from 5.39 m to 4.90 m from goal immediately and to 2.94 m by the final waypoint, so progress is 0.49 m selected / 2.45 m final and passes with monotonic goal-distance reduction. Kinematics is evaluated on 5 unique label waypoint(s), excluding consecutive duplicate terminal holds, and checks only that the trajectory stays within the configured bounds speed <= 15.00 m/s and acceleration <= 8.00 m/s^2, so kinematics passes. Goal is not reached within this label waypoint window. Safety passes: minimum clearance 2.16 m against manifest obstacles with 0 violating segment(s).""}",0.5601132233937574,15.726699670155842,-2.5,0.5705298900604241,15.23711633682251,-2.5,0.5809465567270908,14.747533003489178,-2.5,0.5913632233937574,14.257949670155842,-2.5,0.6017798900604241,13.76836633682251,-2.5
1773847524.390783310,1773847524.390783310,0.000,offline_ground_truth_window,"Environment section (T(v)):
- Current position NED is (0.53, 15.97, -2.49) m.
- Current velocity is (0.02, -0.07, -0.00) m/s (speed 0.07 m/s).
- Goal position NED is (0.66, 10.83, -2.50) m.
- Output contract: predict exactly 5 waypoint x/y pairs in NED. The planner will set every waypoint z to goal z = -2.50 m before execution.
- Goal delta from current state is (0.14, -5.14, -0.01) m with distance 5.14 m.
- Obstacle pipeline: depth_camera_to_body_to_ned_current_frame.
- Current depth frame obstacle points projected into NED: 170. Nearest depth obstacle in NED is at (-1.93, 19.11, -2.16) m, relative vector (-2.46, 3.14, 0.33) m, distance 4.00 m.
- Depth validity fraction is 0.77. Global nearest obstacle distance is 3.07 m.
- Sector minimum distances [far_left, left, center, right, far_right] are [3.07, 5.12, 5.12, 5.12, 5.09] m.
- Nearest obstacle sector is far_left at 3.07 m and clearance status is clear.
- Lateral planning hint: right side is clearer.","{""waypoints"":[{""x"":0.5705298900604241,""y"":15.23711633682251},{""x"":0.5809465567270908,""y"":14.747533003489178},{""x"":0.5913632233937574,""y"":14.257949670155842},{""x"":0.6017798900604241,""y"":13.76836633682251},{""x"":0.6121965567270908,""y"":13.278783003489178}],""reasoning"":""Selected waypoint 0 moves the reference anchor from 4.90 m to 4.41 m from goal immediately and to 2.45 m by the final waypoint, so progress is 0.49 m selected / 2.45 m final and passes with monotonic goal-distance reduction. Kinematics is evaluated on 5 unique label waypoint(s), excluding consecutive duplicate terminal holds, and checks only that the trajectory stays within the configured bounds speed <= 15.00 m/s and acceleration <= 8.00 m/s^2, so kinematics passes. Goal is not reached within this label waypoint window. Safety passes: minimum clearance 2.14 m against manifest obstacles with 0 violating segment(s).""}",0.5705298900604241,15.23711633682251,-2.5,0.5809465567270908,14.747533003489178,-2.5,0.5913632233937574,14.257949670155842,-2.5,0.6017798900604241,13.76836633682251,-2.5,0.6121965567270908,13.278783003489178,-2.5
1773847529.820064306,1773847529.820064306,0.000,offline_ground_truth_window,"Environment section (T(v)):
- Current position NED is (0.55, 15.48, -2.51) m.
- Current velocity is (-0.00, -0.06, 0.01) m/s (speed 0.06 m/s).
- Goal position NED is (0.66, 10.83, -2.50) m.
- Output contract: predict exactly 5 waypoint x/y pairs in NED. The planner will set every waypoint z to goal z = -2.50 m before execution.
- Goal delta from current state is (0.11, -4.65, 0.01) m with distance 4.65 m.
- Obstacle pipeline: depth_camera_to_body_to_ned_current_frame.
- Current depth frame obstacle points projected into NED: 167. Nearest depth obstacle in NED is at (-1.86, 18.51, -2.66) m, relative vector (-2.42, 3.03, -0.15) m, distance 3.88 m.
- Depth validity fraction is 0.77. Global nearest obstacle distance is 3.03 m.
- Sector minimum distances [far_left, left, center, right, far_right] are [3.03, 5.06, 5.06, 5.07, 5.07] m.
- Nearest obstacle sector is far_left at 3.03 m and clearance status is clear.
- Lateral planning hint: right side is clearer.","{""waypoints"":[{""x"":0.5809465567270908,""y"":14.747533003489178},{""x"":0.5913632233937574,""y"":14.257949670155842},{""x"":0.6017798900604241,""y"":13.76836633682251},{""x"":0.6121965567270908,""y"":13.278783003489178},{""x"":0.6226132233937574,""y"":12.789199670155842}],""reasoning"":""Selected waypoint 0 moves the reference anchor from 4.41 m to 3.92 m from goal immediately and to 1.96 m by the final waypoint, so progress is 0.49 m selected / 2.45 m final and passes with monotonic goal-distance reduction. Kinematics is evaluated on 5 unique label waypoint(s), excluding consecutive duplicate terminal holds, and checks only that the trajectory stays within the configured bounds speed <= 15.00 m/s and acceleration <= 8.00 m/s^2, so kinematics passes. Goal is not reached within this label waypoint window. Safety passes: minimum clearance 2.13 m against manifest obstacles with 0 violating segment(s).""}",0.5809465567270908,14.747533003489178,-2.5,0.5913632233937574,14.257949670155842,-2.5,0.6017798900604241,13.76836633682251,-2.5,0.6121965567270908,13.278783003489178,-2.5,0.6226132233937574,12.789199670155842,-2.5
1773847534.180349588,1773847534.180349588,0.000,offline_ground_truth_window,"Environment section (T(v)):
- Current position NED is (0.57, 14.99, -2.51) m.
- Current velocity is (-0.00, -0.10, 0.01) m/s (speed 0.10 m/s).
- Goal position NED is (0.66, 10.83, -2.50) m.
- Output contract: predict exactly 5 waypoint x/y pairs in NED. The planner will set every waypoint z to goal z = -2.50 m before execution.
- Goal delta from current state is (0.09, -4.16, 0.01) m with distance 4.16 m.
- Obstacle pipeline: depth_camera_to_body_to_ned_current_frame.
- Current depth frame obstacle points projected into NED: 173. Nearest depth obstacle in NED is at (-1.80, 17.97, -1.96) m, relative vector (-2.37, 2.98, 0.55) m, distance 3.85 m.
- Depth validity fraction is 0.77. Global nearest obstacle distance is 2.98 m.
- Sector minimum distances [far_left, left, center, right, far_right] are [2.98, 4.99, 5.02, 5.03, 5.03] m.
- Nearest obstacle sector is far_left at 2.98 m and clearance status is caution.
- Lateral planning hint: right side is clearer.","{""waypoints"":[{""x"":0.5913632233937574,""y"":14.257949670155842},{""x"":0.6017798900604241,""y"":13.76836633682251},{""x"":0.6121965567270908,""y"":13.278783003489178},{""x"":0.6226132233937574,""y"":12.789199670155842},{""x"":0.6330298900604241,""y"":12.29961633682251}],""reasoning"":""Selected waypoint 0 moves the reference anchor from 3.92 m to 3.43 m from goal immediately and to 1.47 m by the final waypoint, so progress is 0.49 m selected / 2.45 m final and passes with monotonic goal-distance reduction. Kinematics is evaluated on 5 unique label waypoint(s), excluding consecutive duplicate terminal holds, and checks only that the trajectory stays within the configured bounds speed <= 15.00 m/s and acceleration <= 8.00 m/s^2, so kinematics passes. Goal is not reached within this label waypoint window. Safety passes: minimum clearance 2.12 m against manifest obstacles with 0 violating segment(s).""}",0.5913632233937574,14.257949670155842,-2.5,0.6017798900604241,13.76836633682251,-2.5,0.6121965567270908,13.278783003489178,-2.5,0.6226132233937574,12.789199670155842,-2.5,0.6330298900604241,12.29961633682251,-2.5
1773847538.531101704,1773847538.531101704,0.000,offline_ground_truth_window,"Environment section (T(v)):
- Current position NED is (0.60, 14.50, -2.49) m.
- Current velocity is (-0.00, -0.13, 0.01) m/s (speed 0.13 m/s).
- Goal position NED is (0.66, 10.83, -2.50) m.
- Output contract: predict exactly 5 waypoint x/y pairs in NED. The planner will set every waypoint z to goal z = -2.50 m before execution.
- Goal delta from current state is (0.06, -3.67, -0.01) m with distance 3.67 m.
- Obstacle pipeline: depth_camera_to_body_to_ned_current_frame.
- Current depth frame obstacle points projected into NED: 170. Nearest depth obstacle in NED is at (-1.75, 17.61, -2.29) m, relative vector (-2.35, 3.11, 0.19) m, distance 3.91 m.
- Depth validity fraction is 0.77. Global nearest obstacle distance is 2.95 m.
- Sector minimum distances [far_left, left, center, right, far_right] are [2.95, 4.95, 4.97, 4.97, 4.97] m.
- Nearest obstacle sector is far_left at 2.95 m and clearance status is caution.
- Lateral planning hint: right side is clearer.","{""waypoints"":[{""x"":0.6017798900604241,""y"":13.76836633682251},{""x"":0.6121965567270908,""y"":13.278783003489178},{""x"":0.6226132233937574,""y"":12.789199670155842},{""x"":0.6330298900604241,""y"":12.29961633682251},{""x"":0.6434465567270908,""y"":11.810033003489178}],""reasoning"":""Selected waypoint 0 moves the reference anchor from 3.43 m to 2.94 m from goal immediately and to 0.98 m by the final waypoint, so progress is 0.49 m selected / 2.45 m final and passes with monotonic goal-distance reduction. Kinematics is evaluated on 5 unique label waypoint(s), excluding consecutive duplicate terminal holds, and checks only that the trajectory stays within the configured bounds speed <= 15.00 m/s and acceleration <= 8.00 m/s^2, so kinematics passes. Goal is not reached within this label waypoint window. Safety passes: minimum clearance 2.11 m against manifest obstacles with 0 violating segment(s).""}",0.6017798900604241,13.76836633682251,-2.5,0.6121965567270908,13.278783003489178,-2.5,0.6226132233937574,12.789199670155842,-2.5,0.6330298900604241,12.29961633682251,-2.5,0.6434465567270908,11.810033003489178,-2.5
1773847543.169661283,1773847543.169661283,0.000,offline_ground_truth_window,"Environment section (T(v)):
- Current position NED is (0.61, 14.01, -2.50) m.
- Current velocity is (-0.01, -0.09, 0.01) m/s (speed 0.10 m/s).
- Goal position NED is (0.66, 10.83, -2.50) m.
- Output contract: predict exactly 5 waypoint x/y pairs in NED. The planner will set every waypoint z to goal z = -2.50 m before execution.
- Goal delta from current state is (0.05, -3.18, 0.00) m with distance 3.18 m.
- Obstacle pipeline: depth_camera_to_body_to_ned_current_frame.
- Current depth frame obstacle points projected into NED: 153. Nearest depth obstacle in NED is at (-1.76, 17.03, -2.40) m, relative vector (-2.37, 3.02, 0.10) m, distance 3.84 m.
- Depth validity fraction is 0.76. Global nearest obstacle distance is 2.98 m.
- Sector minimum distances [far_left, left, center, right, far_right] are [2.98, 4.99, 5.02, 5.02, 5.02] m.
- Nearest obstacle sector is far_left at 2.98 m and clearance status is caution.
- Lateral planning hint: right side is clearer.","{""waypoints"":[{""x"":0.6121965567270908,""y"":13.278783003489178},{""x"":0.6226132233937574,""y"":12.789199670155842},{""x"":0.6330298900604241,""y"":12.29961633682251},{""x"":0.6434465567270908,""y"":11.810033003489178},{""x"":0.6538632233937574,""y"":11.320449670155842}],""reasoning"":""Selected waypoint 0 moves the reference anchor from 2.94 m to 2.45 m from goal immediately and to 0.49 m by the final waypoint, so progress is 0.49 m selected / 2.45 m final and passes with monotonic goal-distance reduction. Kinematics is evaluated on 5 unique label waypoint(s), excluding consecutive duplicate terminal holds, and checks only that the trajectory stays within the configured bounds speed <= 15.00 m/s and acceleration <= 8.00 m/s^2, so kinematics passes. Goal is not reached within this label waypoint window. Safety passes: minimum clearance 2.10 m against manifest obstacles with 0 violating segment(s).""}",0.6121965567270908,13.278783003489178,-2.5,0.6226132233937574,12.789199670155842,-2.5,0.6330298900604241,12.29961633682251,-2.5,0.6434465567270908,11.810033003489178,-2.5,0.6538632233937574,11.320449670155842,-2.5
1773847547.716351509,1773847547.716351509,0.000,offline_ground_truth_window,"Environment section (T(v)):
- Current position NED is (0.60, 13.52, -2.49) m.
- Current velocity is (0.01, -0.11, 0.01) m/s (speed 0.11 m/s).
- Goal position NED is (0.66, 10.83, -2.50) m.
- Output contract: predict exactly 5 waypoint x/y pairs in NED. The planner will set every waypoint z to goal z = -2.50 m before execution.
- Goal delta from current state is (0.06, -2.69, -0.01) m with distance 2.69 m.
- Obstacle pipeline: depth_camera_to_body_to_ned_current_frame.
- Current depth frame obstacle points projected into NED: 160. Nearest depth obstacle in NED is at (-1.77, 16.58, -2.50) m, relative vector (-2.37, 3.06, -0.01) m, distance 3.87 m.
- Depth validity fraction is 0.76. Global nearest obstacle distance is 2.98 m.
- Sector minimum distances [far_left, left, center, right, far_right] are [2.98, 4.99, 4.99, 4.99, 5.00] m.
- Nearest obstacle sector is far_left at 2.98 m and clearance status is caution.
- Lateral planning hint: right side is clearer.","{""waypoints"":[{""x"":0.6226132233937574,""y"":12.789199670155842},{""x"":0.6330298900604241,""y"":12.29961633682251},{""x"":0.6434465567270908,""y"":11.810033003489178},{""x"":0.6538632233937574,""y"":11.320449670155842},{""x"":0.6642798900604241,""y"":10.83086633682251}],""reasoning"":""Selected waypoint 0 moves the reference anchor from 2.45 m to 1.96 m from goal immediately and to 0.00 m by the final waypoint, so progress is 0.49 m selected / 2.45 m final and passes with monotonic goal-distance reduction. Kinematics is evaluated on 5 unique label waypoint(s), excluding consecutive duplicate terminal holds, and checks only that the trajectory stays within the configured bounds speed <= 15.00 m/s and acceleration <= 8.00 m/s^2, so kinematics passes. Goal will be reached in 5 waypoint(s) within 0.35 m tolerance. Safety passes: minimum clearance 1.99 m against manifest obstacles with 0 violating segment(s).""}",0.6226132233937574,12.789199670155842,-2.5,0.6330298900604241,12.29961633682251,-2.5,0.6434465567270908,11.810033003489178,-2.5,0.6538632233937574,11.320449670155842,-2.5,0.6642798900604241,10.83086633682251,-2.5
1773847552.650303364,1773847552.650303364,0.000,offline_ground_truth_window,"Environment section (T(v)):
- Current position NED is (0.61, 13.03, -2.49) m.
- Current velocity is (0.01, -0.10, 0.00) m/s (speed 0.10 m/s).
- Goal position NED is (0.66, 10.83, -2.50) m.
- Output contract: predict exactly 5 waypoint x/y pairs in NED. The planner will set every waypoint z to goal z = -2.50 m before execution.
- Goal delta from current state is (0.05, -2.20, -0.01) m with distance 2.20 m.
- Obstacle pipeline: depth_camera_to_body_to_ned_current_frame.
- Current depth frame obstacle points projected into NED: 153. Nearest depth obstacle in NED is at (-1.75, 16.05, -2.40) m, relative vector (-2.36, 3.03, 0.09) m, distance 3.84 m.
- Depth validity fraction is 0.75. Global nearest obstacle distance is 2.97 m.
- Sector minimum distances [far_left, left, center, right, far_right] are [2.97, 4.97, 5.02, 5.02, 5.03] m.
- Nearest obstacle sector is far_left at 2.97 m and clearance status is caution.
- Lateral planning hint: right side is clearer.","{""waypoints"":[{""x"":0.6642798900604241,""y"":10.83086633682251},{""x"":0.6642798900604241,""y"":10.83086633682251},{""x"":0.6642798900604241,""y"":10.83086633682251},{""x"":0.6642798900604241,""y"":10.83086633682251},{""x"":0.6642798900604241,""y"":10.83086633682251}],""reasoning"":""Selected waypoint 0 moves the reference anchor from 1.96 m to 0.00 m from goal immediately and to 0.00 m by the final waypoint, so progress is 1.96 m selected / 1.96 m final and passes with monotonic goal-distance reduction. Kinematics is evaluated on 1 unique label waypoint(s), excluding consecutive duplicate terminal holds, and checks only that the trajectory stays within the configured bounds speed <= 15.00 m/s and acceleration <= 8.00 m/s^2, so kinematics passes. Goal will be reached in 1 waypoint(s) within 0.35 m tolerance. Safety passes: minimum clearance 1.99 m against manifest obstacles with 0 violating segment(s).""}",0.6642798900604241,10.83086633682251,-2.5,0.6642798900604241,10.83086633682251,-2.5,0.6642798900604241,10.83086633682251,-2.5,0.6642798900604241,10.83086633682251,-2.5,0.6642798900604241,10.83086633682251,-2.5
1773847557.152340412,1773847557.152340412,0.000,offline_ground_truth_window,"Environment section (T(v)):
- Current position NED is (0.64, 12.54, -2.47) m.
- Current velocity is (0.01, -0.10, -0.00) m/s (speed 0.10 m/s).
- Goal position NED is (0.66, 10.83, -2.50) m.
- Output contract: predict exactly 5 waypoint x/y pairs in NED. The planner will set every waypoint z to goal z = -2.50 m before execution.
- Goal delta from current state is (0.02, -1.71, -0.03) m with distance 1.71 m.
- Obstacle pipeline: depth_camera_to_body_to_ned_current_frame.
- Current depth frame obstacle points projected into NED: 147. Nearest depth obstacle in NED is at (-1.68, 15.51, -1.73) m, relative vector (-2.32, 2.97, 0.75) m, distance 3.84 m.
- Depth validity fraction is 0.76. Global nearest obstacle distance is 2.92 m.
- Sector minimum distances [far_left, left, center, right, far_right] are [2.92, 4.89, 5.01, 5.01, 5.00] m.
- Nearest obstacle sector is far_left at 2.92 m and clearance status is caution.
- Lateral planning hint: right side is clearer.","{""waypoints"":[{""x"":0.6642798900604241,""y"":10.83086633682251},{""x"":0.6642798900604241,""y"":10.83086633682251},{""x"":0.6642798900604241,""y"":10.83086633682251},{""x"":0.6642798900604241,""y"":10.83086633682251},{""x"":0.6642798900604241,""y"":10.83086633682251}],""reasoning"":""Selected waypoint 0 moves the reference anchor from 1.47 m to 0.00 m from goal immediately and to 0.00 m by the final waypoint, so progress is 1.47 m selected / 1.47 m final and passes with monotonic goal-distance reduction. Kinematics is evaluated on 1 unique label waypoint(s), excluding consecutive duplicate terminal holds, and checks only that the trajectory stays within the configured bounds speed <= 15.00 m/s and acceleration <= 8.00 m/s^2, so kinematics passes. Goal will be reached in 1 waypoint(s) within 0.35 m tolerance. Safety passes: minimum clearance 1.99 m against manifest obstacles with 0 violating segment(s).""}",0.6642798900604241,10.83086633682251,-2.5,0.6642798900604241,10.83086633682251,-2.5,0.6642798900604241,10.83086633682251,-2.5,0.6642798900604241,10.83086633682251,-2.5,0.6642798900604241,10.83086633682251,-2.5
1773847561.884100914,1773847561.884100914,0.000,offline_ground_truth_window,"Environment section (T(v)):
- Current position NED is (0.60, 12.05, -2.50) m.
- Current velocity is (-0.01, -0.09, 0.01) m/s (speed 0.09 m/s).
- Goal position NED is (0.66, 10.83, -2.50) m.
- Output contract: predict exactly 5 waypoint x/y pairs in NED. The planner will set every waypoint z to goal z = -2.50 m before execution.
- Goal delta from current state is (0.06, -1.22, -0.00) m with distance 1.22 m.
- Obstacle pipeline: depth_camera_to_body_to_ned_current_frame.
- Current depth frame obstacle points projected into NED: 142. Nearest depth obstacle in NED is at (-1.75, 15.04, -2.15) m, relative vector (-2.36, 2.99, 0.35) m, distance 3.82 m.
- Depth validity fraction is 0.75. Global nearest obstacle distance is 2.96 m.
- Sector minimum distances [far_left, left, center, right, far_right] are [2.96, 4.96, 5.06, 5.07, 5.08] m.
- Nearest obstacle sector is far_left at 2.96 m and clearance status is caution.
- Lateral planning hint: right side is clearer.","{""waypoints"":[{""x"":0.6642798900604241,""y"":10.83086633682251},{""x"":0.6642798900604241,""y"":10.83086633682251},{""x"":0.6642798900604241,""y"":10.83086633682251},{""x"":0.6642798900604241,""y"":10.83086633682251},{""x"":0.6642798900604241,""y"":10.83086633682251}],""reasoning"":""Selected waypoint 0 moves the reference anchor from 0.98 m to 0.00 m from goal immediately and to 0.00 m by the final waypoint, so progress is 0.98 m selected / 0.98 m final and passes with monotonic goal-distance reduction. Kinematics is evaluated on 1 unique label waypoint(s), excluding consecutive duplicate terminal holds, and checks only that the trajectory stays within the configured bounds speed <= 15.00 m/s and acceleration <= 8.00 m/s^2, so kinematics passes. Goal will be reached in 1 waypoint(s) within 0.35 m tolerance. Safety passes: minimum clearance 1.99 m against manifest obstacles with 0 violating segment(s).""}",0.6642798900604241,10.83086633682251,-2.5,0.6642798900604241,10.83086633682251,-2.5,0.6642798900604241,10.83086633682251,-2.5,0.6642798900604241,10.83086633682251,-2.5,0.6642798900604241,10.83086633682251,-2.5
1773847566.444939375,1773847566.444939375,0.000,offline_ground_truth_window,"Environment section (T(v)):
- Current position NED is (0.62, 11.56, -2.50) m.
- Current velocity is (0.01, -0.09, 0.01) m/s (speed 0.10 m/s).
- Goal position NED is (0.66, 10.83, -2.50) m.
- Output contract: predict exactly 5 waypoint x/y pairs in NED. The planner will set every waypoint z to goal z = -2.50 m before execution.
- Goal delta from current state is (0.05, -0.73, 0.00) m with distance 0.73 m.
- Obstacle pipeline: depth_camera_to_body_to_ned_current_frame.
- Current depth frame obstacle points projected into NED: 141. Nearest depth obstacle in NED is at (-1.69, 14.50, -2.59) m, relative vector (-2.31, 2.94, -0.09) m, distance 3.74 m.
- Depth validity fraction is 0.75. Global nearest obstacle distance is 2.91 m.
- Sector minimum distances [far_left, left, center, right, far_right] are [2.91, 4.87, 5.02, 5.03, 5.03] m.
- Nearest obstacle sector is far_left at 2.91 m and clearance status is caution.
- Lateral planning hint: right side is clearer.","{""waypoints"":[{""x"":0.6642798900604241,""y"":10.83086633682251},{""x"":0.6642798900604241,""y"":10.83086633682251},{""x"":0.6642798900604241,""y"":10.83086633682251},{""x"":0.6642798900604241,""y"":10.83086633682251},{""x"":0.6642798900604241,""y"":10.83086633682251}],""reasoning"":""Selected waypoint 0 moves the reference anchor from 0.49 m to 0.00 m from goal immediately and to 0.00 m by the final waypoint, so progress is 0.49 m selected / 0.49 m final and passes with monotonic goal-distance reduction. Kinematics is evaluated on 1 unique label waypoint(s), excluding consecutive duplicate terminal holds, and checks only that the trajectory stays within the configured bounds speed <= 15.00 m/s and acceleration <= 8.00 m/s^2, so kinematics passes. Goal will be reached in 1 waypoint(s) within 0.35 m tolerance. Safety passes: minimum clearance 1.99 m against manifest obstacles with 0 violating segment(s).""}",0.6642798900604241,10.83086633682251,-2.5,0.6642798900604241,10.83086633682251,-2.5,0.6642798900604241,10.83086633682251,-2.5,0.6642798900604241,10.83086633682251,-2.5,0.6642798900604241,10.83086633682251,-2.5
1773847570.684679508,1773847570.684679508,0.000,offline_ground_truth_window,"Environment section (T(v)):
- Current position NED is (0.67, 11.08, -2.48) m.
- Current velocity is (-0.01, -0.10, 0.00) m/s (speed 0.10 m/s).
- Goal position NED is (0.66, 10.83, -2.50) m.
- Output contract: predict exactly 5 waypoint x/y pairs in NED. The planner will set every waypoint z to goal z = -2.50 m before execution.
- Goal delta from current state is (-0.00, -0.24, -0.02) m with distance 0.25 m.
- Obstacle pipeline: depth_camera_to_body_to_ned_current_frame.
- Current depth frame obstacle points projected into NED: 163. Nearest depth obstacle in NED is at (-1.60, 13.99, -2.01) m, relative vector (-2.27, 2.92, 0.47) m, distance 3.73 m.
- Depth validity fraction is 0.75. Global nearest obstacle distance is 2.86 m.
- Sector minimum distances [far_left, left, center, right, far_right] are [2.86, 4.78, 5.02, 5.02, 5.03] m.
- Nearest obstacle sector is far_left at 2.86 m and clearance status is caution.
- Lateral planning hint: right side is clearer.","{""waypoints"":[{""x"":0.6642798900604241,""y"":10.83086633682251},{""x"":0.6642798900604241,""y"":10.83086633682251},{""x"":0.6642798900604241,""y"":10.83086633682251},{""x"":0.6642798900604241,""y"":10.83086633682251},{""x"":0.6642798900604241,""y"":10.83086633682251}],""reasoning"":""Selected waypoint 0 moves the reference anchor from 0.00 m to 0.00 m from goal immediately and to 0.00 m by the final waypoint, so progress is 0.00 m selected / 0.00 m final and fails with monotonic goal-distance reduction. Kinematics is evaluated on 1 unique label waypoint(s), excluding consecutive duplicate terminal holds, and checks only that the trajectory stays within the configured bounds speed <= 15.00 m/s and acceleration <= 8.00 m/s^2, so kinematics passes. Goal has already been reached at the reference anchor within 0.35 m tolerance. Safety passes: minimum clearance 1.99 m against manifest obstacles with 0 violating segment(s).""}",0.6642798900604241,10.83086633682251,-2.5,0.6642798900604241,10.83086633682251,-2.5,0.6642798900604241,10.83086633682251,-2.5,0.6642798900604241,10.83086633682251,-2.5,0.6642798900604241,10.83086633682251,-2.5
