anchor_stamp_s,scene_stamp_s,sync_dt_ms,label_mode,prompt,label_waypoints_json,wp0_x,wp0_y,wp0_z,wp1_x,wp1_y,wp1_z,wp2_x,wp2_y,wp2_z,wp3_x,wp3_y,wp3_z,wp4_x,wp4_y,wp4_z
1773853441.628758669,1773853441.628758669,0.000,offline_ground_truth_window,"Environment section (T(v)):
- Current position NED is (-0.06, 0.01, -2.42) m.
- Current velocity is (-0.01, 0.00, 0.00) m/s (speed 0.01 m/s).
- Goal position NED is (-6.33, 30.00, -2.50) m.
- Output contract: predict exactly 5 waypoint x/y pairs in NED. The planner will set every waypoint z to goal z = -2.50 m before execution.
- Goal delta from current state is (-6.27, 29.99, -0.08) m with distance 30.64 m.
- Obstacle pipeline: depth_camera_to_body_to_ned_current_frame.
- Current depth frame obstacle points projected into NED: 8. Nearest depth obstacle in NED is at (0.81, 7.03, -2.44) m, relative vector (0.87, 7.02, -0.02) m, distance 7.07 m.
- Depth validity fraction is 0.57. Global nearest obstacle distance is 4.78 m.
- Sector minimum distances [far_left, left, center, right, far_right] are [4.78, 4.79, 4.79, 4.79, 4.79] m.
- Nearest obstacle sector is far_left at 4.78 m and clearance status is clear.
- Lateral planning hint: prefer center progress.","{""waypoints"":[{""x"":-0.14125318518518437,""y"":0.49074124074074255},{""x"":-0.2014383703703697,""y"":0.9814819814814832},{""x"":-0.26162355555555483,""y"":1.472222722222224},{""x"":-0.32180874074073995,""y"":1.9629634629629646},{""x"":-0.3819939259259253,""y"":2.4537042037037056}],""reasoning"":""Selected waypoint 0 moves the reference anchor from 30.64 m to 30.15 m from goal immediately and to 28.18 m by the final waypoint, so progress is 0.49 m selected / 2.46 m final and passes with monotonic goal-distance reduction. Kinematics is evaluated on 5 unique label waypoint(s), excluding consecutive duplicate terminal holds, and checks only that the trajectory stays within the configured bounds speed <= 15.00 m/s and acceleration <= 8.00 m/s^2, so kinematics passes. Goal is not reached within this label waypoint window. Safety passes: minimum clearance 3.92 m against manifest obstacles with 0 violating segment(s).""}",-0.14125318518518437,0.49074124074074255,-2.5,-0.2014383703703697,0.9814819814814832,-2.5,-0.26162355555555483,1.472222722222224,-2.5,-0.32180874074073995,1.9629634629629646,-2.5,-0.3819939259259253,2.4537042037037056,-2.5
1773853444.804703712,1773853444.804703712,0.000,offline_ground_truth_window,"Environment section (T(v)):
- Current position NED is (-0.07, 0.25, -2.46) m.
- Current velocity is (-0.02, 0.08, -0.01) m/s (speed 0.08 m/s).
- Goal position NED is (-6.33, 30.00, -2.50) m.
- Output contract: predict exactly 5 waypoint x/y pairs in NED. The planner will set every waypoint z to goal z = -2.50 m before execution.
- Goal delta from current state is (-6.26, 29.75, -0.04) m with distance 30.40 m.
- Obstacle pipeline: depth_camera_to_body_to_ned_current_frame.
- Current depth frame obstacle points projected into NED: 8. Nearest depth obstacle in NED is at (0.84, 7.07, -2.08) m, relative vector (0.91, 6.81, 0.38) m, distance 6.89 m.
- Depth validity fraction is 0.56. Global nearest obstacle distance is 4.90 m.
- Sector minimum distances [far_left, left, center, right, far_right] are [4.91, 4.91, 4.90, 4.90, 4.90] m.
- Nearest obstacle sector is far_right at 4.90 m and clearance status is clear.
- Lateral planning hint: prefer center progress.","{""waypoints"":[{""x"":-0.2014383703703697,""y"":0.9814819814814832},{""x"":-0.26162355555555483,""y"":1.472222722222224},{""x"":-0.32180874074073995,""y"":1.9629634629629646},{""x"":-0.3819939259259253,""y"":2.4537042037037056},{""x"":-0.4421791111111104,""y"":2.944444944444446}],""reasoning"":""Selected waypoint 0 moves the reference anchor from 30.15 m to 29.66 m from goal immediately and to 27.69 m by the final waypoint, so progress is 0.49 m selected / 2.46 m final and passes with monotonic goal-distance reduction. Kinematics is evaluated on 5 unique label waypoint(s), excluding consecutive duplicate terminal holds, and checks only that the trajectory stays within the configured bounds speed <= 15.00 m/s and acceleration <= 8.00 m/s^2, so kinematics passes. Goal is not reached within this label waypoint window. Safety passes: minimum clearance 3.98 m against manifest obstacles with 0 violating segment(s).""}",-0.2014383703703697,0.9814819814814832,-2.5,-0.26162355555555483,1.472222722222224,-2.5,-0.32180874074073995,1.9629634629629646,-2.5,-0.3819939259259253,2.4537042037037056,-2.5,-0.4421791111111104,2.944444944444446,-2.5
1773853450.180017471,1773853450.180017471,0.000,offline_ground_truth_window,"Environment section (T(v)):
- Current position NED is (-0.17, 0.74, -2.48) m.
- Current velocity is (-0.02, 0.11, -0.00) m/s (speed 0.11 m/s).
- Goal position NED is (-6.33, 30.00, -2.50) m.
- Output contract: predict exactly 5 waypoint x/y pairs in NED. The planner will set every waypoint z to goal z = -2.50 m before execution.
- Goal delta from current state is (-6.17, 29.26, -0.02) m with distance 29.90 m.
- Obstacle pipeline: depth_camera_to_body_to_ned_current_frame.
- Current depth frame obstacle points projected into NED: 5. Nearest depth obstacle in NED is at (0.74, 7.03, -2.39) m, relative vector (0.90, 6.29, 0.09) m, distance 6.35 m.
- Depth validity fraction is 0.56. Global nearest obstacle distance is 4.90 m.
- Sector minimum distances [far_left, left, center, right, far_right] are [4.90, 4.90, 4.90, 4.91, 4.91] m.
- Nearest obstacle sector is far_left at 4.90 m and clearance status is clear.
- Lateral planning hint: prefer center progress.","{""waypoints"":[{""x"":-0.26162355555555483,""y"":1.472222722222224},{""x"":-0.32180874074073995,""y"":1.9629634629629646},{""x"":-0.3819939259259253,""y"":2.4537042037037056},{""x"":-0.4421791111111104,""y"":2.944444944444446},{""x"":-0.5023642962962955,""y"":3.435185685185187}],""reasoning"":""Selected waypoint 0 moves the reference anchor from 29.66 m to 29.17 m from goal immediately and to 27.20 m by the final waypoint, so progress is 0.49 m selected / 2.46 m final and passes with monotonic goal-distance reduction. Kinematics is evaluated on 5 unique label waypoint(s), excluding consecutive duplicate terminal holds, and checks only that the trajectory stays within the configured bounds speed <= 15.00 m/s and acceleration <= 8.00 m/s^2, so kinematics passes. Goal is not reached within this label waypoint window. Safety passes: minimum clearance 4.04 m against manifest obstacles with 0 violating segment(s).""}",-0.26162355555555483,1.472222722222224,-2.5,-0.32180874074073995,1.9629634629629646,-2.5,-0.3819939259259253,2.4537042037037056,-2.5,-0.4421791111111104,2.944444944444446,-2.5,-0.5023642962962955,3.435185685185187,-2.5
1773853454.929147482,1773853454.929147482,0.000,offline_ground_truth_window,"Environment section (T(v)):
- Current position NED is (-0.21, 1.23, -2.47) m.
- Current velocity is (-0.01, 0.10, 0.00) m/s (speed 0.10 m/s).
- Goal position NED is (-6.33, 30.00, -2.50) m.
- Output contract: predict exactly 5 waypoint x/y pairs in NED. The planner will set every waypoint z to goal z = -2.50 m before execution.
- Goal delta from current state is (-6.13, 28.77, -0.03) m with distance 29.41 m.
- Obstacle pipeline: depth_camera_to_body_to_ned_current_frame.
- Current depth frame obstacle points projected into NED: 9. Nearest depth obstacle in NED is at (0.69, 7.05, -2.27) m, relative vector (0.89, 5.82, 0.21) m, distance 5.89 m.
- Depth validity fraction is 0.56. Global nearest obstacle distance is 4.93 m.
- Sector minimum distances [far_left, left, center, right, far_right] are [4.95, 4.94, 4.94, 4.93, 4.93] m.
- Nearest obstacle sector is far_right at 4.93 m and clearance status is clear.
- Lateral planning hint: prefer center progress.","{""waypoints"":[{""x"":-0.32180874074073995,""y"":1.9629634629629646},{""x"":-0.3819939259259253,""y"":2.4537042037037056},{""x"":-0.4421791111111104,""y"":2.944444944444446},{""x"":-0.5023642962962955,""y"":3.435185685185187},{""x"":-0.5625494814814807,""y"":3.9259264259259274}],""reasoning"":""Selected waypoint 0 moves the reference anchor from 29.17 m to 28.67 m from goal immediately and to 26.70 m by the final waypoint, so progress is 0.49 m selected / 2.46 m final and passes with monotonic goal-distance reduction. Kinematics is evaluated on 5 unique label waypoint(s), excluding consecutive duplicate terminal holds, and checks only that the trajectory stays within the configured bounds speed <= 15.00 m/s and acceleration <= 8.00 m/s^2, so kinematics passes. Goal is not reached within this label waypoint window. Safety passes: minimum clearance 4.00 m against manifest obstacles with 0 violating segment(s).""}",-0.32180874074073995,1.9629634629629646,-2.5,-0.3819939259259253,2.4537042037037056,-2.5,-0.4421791111111104,2.944444944444446,-2.5,-0.5023642962962955,3.435185685185187,-2.5,-0.5625494814814807,3.9259264259259274,-2.5
1773853459.536924124,1773853459.536924124,0.000,offline_ground_truth_window,"Environment section (T(v)):
- Current position NED is (-0.31, 1.72, -2.48) m.
- Current velocity is (-0.01, 0.10, 0.00) m/s (speed 0.10 m/s).
- Goal position NED is (-6.33, 30.00, -2.50) m.
- Output contract: predict exactly 5 waypoint x/y pairs in NED. The planner will set every waypoint z to goal z = -2.50 m before execution.
- Goal delta from current state is (-6.02, 28.28, -0.02) m with distance 28.92 m.
- Obstacle pipeline: depth_camera_to_body_to_ned_current_frame.
- Current depth frame obstacle points projected into NED: 10. Nearest depth obstacle in NED is at (0.63, 7.02, -2.33) m, relative vector (0.93, 5.30, 0.15) m, distance 5.39 m.
- Depth validity fraction is 0.56. Global nearest obstacle distance is 4.96 m.
- Sector minimum distances [far_left, left, center, right, far_right] are [4.96, 4.96, 4.96, 4.96, 4.97] m.
- Nearest obstacle sector is far_left at 4.96 m and clearance status is clear.
- Lateral planning hint: prefer center progress.","{""waypoints"":[{""x"":-0.3819939259259253,""y"":2.4537042037037056},{""x"":-0.4421791111111104,""y"":2.944444944444446},{""x"":-0.5023642962962955,""y"":3.435185685185187},{""x"":-0.5625494814814807,""y"":3.9259264259259274},{""x"":-0.6227346666666658,""y"":4.416667166666668}],""reasoning"":""Selected waypoint 0 moves the reference anchor from 28.67 m to 28.18 m from goal immediately and to 26.21 m by the final waypoint, so progress is 0.49 m selected / 2.46 m final and passes with monotonic goal-distance reduction. Kinematics is evaluated on 5 unique label waypoint(s), excluding consecutive duplicate terminal holds, and checks only that the trajectory stays within the configured bounds speed <= 15.00 m/s and acceleration <= 8.00 m/s^2, so kinematics passes. Goal is not reached within this label waypoint window. Safety passes: minimum clearance 3.65 m against manifest obstacles with 0 violating segment(s).""}",-0.3819939259259253,2.4537042037037056,-2.5,-0.4421791111111104,2.944444944444446,-2.5,-0.5023642962962955,3.435185685185187,-2.5,-0.5625494814814807,3.9259264259259274,-2.5,-0.6227346666666658,4.416667166666668,-2.5
1773853465.323669434,1773853465.323669434,0.000,offline_ground_truth_window,"Environment section (T(v)):
- Current position NED is (-0.37, 2.21, -2.48) m.
- Current velocity is (-0.01, 0.10, 0.00) m/s (speed 0.10 m/s).
- Goal position NED is (-6.33, 30.00, -2.50) m.
- Output contract: predict exactly 5 waypoint x/y pairs in NED. The planner will set every waypoint z to goal z = -2.50 m before execution.
- Goal delta from current state is (-5.96, 27.79, -0.02) m with distance 28.42 m.
- Obstacle pipeline: depth_camera_to_body_to_ned_current_frame.
- Current depth frame obstacle points projected into NED: 11. Nearest depth obstacle in NED is at (0.46, 7.03, -2.50) m, relative vector (0.83, 4.82, -0.02) m, distance 4.89 m.
- Depth validity fraction is 0.55. Global nearest obstacle distance is 4.53 m.
- Sector minimum distances [far_left, left, center, right, far_right] are [5.02, 5.03, 5.03, 4.53, 5.03] m.
- Nearest obstacle sector is right at 4.53 m and clearance status is clear.
- Lateral planning hint: prefer center progress.","{""waypoints"":[{""x"":-0.4421791111111104,""y"":2.944444944444446},{""x"":-0.5023642962962955,""y"":3.435185685185187},{""x"":-0.5625494814814807,""y"":3.9259264259259274},{""x"":-0.6227346666666658,""y"":4.416667166666668},{""x"":-0.6829198518518511,""y"":4.907407907407409}],""reasoning"":""Selected waypoint 0 moves the reference anchor from 28.18 m to 27.69 m from goal immediately and to 25.72 m by the final waypoint, so progress is 0.49 m selected / 2.46 m final and passes with monotonic goal-distance reduction. Kinematics is evaluated on 5 unique label waypoint(s), excluding consecutive duplicate terminal holds, and checks only that the trajectory stays within the configured bounds speed <= 15.00 m/s and acceleration <= 8.00 m/s^2, so kinematics passes. Goal is not reached within this label waypoint window. Safety passes: minimum clearance 3.33 m against manifest obstacles with 0 violating segment(s).""}",-0.4421791111111104,2.944444944444446,-2.5,-0.5023642962962955,3.435185685185187,-2.5,-0.5625494814814807,3.9259264259259274,-2.5,-0.6227346666666658,4.416667166666668,-2.5,-0.6829198518518511,4.907407907407409,-2.5
1773853469.855557919,1773853469.855557919,0.000,offline_ground_truth_window,"Environment section (T(v)):
- Current position NED is (-0.41, 2.70, -2.51) m.
- Current velocity is (-0.01, 0.09, 0.01) m/s (speed 0.09 m/s).
- Goal position NED is (-6.33, 30.00, -2.50) m.
- Output contract: predict exactly 5 waypoint x/y pairs in NED. The planner will set every waypoint z to goal z = -2.50 m before execution.
- Goal delta from current state is (-5.92, 27.30, 0.01) m with distance 27.93 m.
- Obstacle pipeline: depth_camera_to_body_to_ned_current_frame.
- Current depth frame obstacle points projected into NED: 14. Nearest depth obstacle in NED is at (0.51, 6.98, -2.40) m, relative vector (0.92, 4.28, 0.11) m, distance 4.38 m.
- Depth validity fraction is 0.55. Global nearest obstacle distance is 4.01 m.
- Sector minimum distances [far_left, left, center, right, far_right] are [5.06, 5.06, 5.06, 4.01, 4.22] m.
- Nearest obstacle sector is right at 4.01 m and clearance status is clear.
- Lateral planning hint: left side is clearer.","{""waypoints"":[{""x"":-0.5023642962962955,""y"":3.435185685185187},{""x"":-0.5625494814814807,""y"":3.9259264259259274},{""x"":-0.6227346666666658,""y"":4.416667166666668},{""x"":-0.6829198518518511,""y"":4.907407907407409},{""x"":-0.7431050370370362,""y"":5.398148648148149}],""reasoning"":""Selected waypoint 0 moves the reference anchor from 27.69 m to 27.20 m from goal immediately and to 25.23 m by the final waypoint, so progress is 0.49 m selected / 2.46 m final and passes with monotonic goal-distance reduction. Kinematics is evaluated on 5 unique label waypoint(s), excluding consecutive duplicate terminal holds, and checks only that the trajectory stays within the configured bounds speed <= 15.00 m/s and acceleration <= 8.00 m/s^2, so kinematics passes. Goal is not reached within this label waypoint window. Safety passes: minimum clearance 3.05 m against manifest obstacles with 0 violating segment(s).""}",-0.5023642962962955,3.435185685185187,-2.5,-0.5625494814814807,3.9259264259259274,-2.5,-0.6227346666666658,4.416667166666668,-2.5,-0.6829198518518511,4.907407907407409,-2.5,-0.7431050370370362,5.398148648148149,-2.5
1773853475.859397650,1773853475.859397650,0.000,offline_ground_truth_window,"Environment section (T(v)):
- Current position NED is (-0.47, 3.19, -2.50) m.
- Current velocity is (-0.01, 0.05, 0.01) m/s (speed 0.05 m/s).
- Goal position NED is (-6.33, 30.00, -2.50) m.
- Output contract: predict exactly 5 waypoint x/y pairs in NED. The planner will set every waypoint z to goal z = -2.50 m before execution.
- Goal delta from current state is (-5.86, 26.81, -0.00) m with distance 27.44 m.
- Obstacle pipeline: depth_camera_to_body_to_ned_current_frame.
- Current depth frame obstacle points projected into NED: 26. Nearest depth obstacle in NED is at (0.41, 7.01, -2.48) m, relative vector (0.89, 3.82, 0.02) m, distance 3.92 m.
- Depth validity fraction is 0.56. Global nearest obstacle distance is 3.55 m.
- Sector minimum distances [far_left, left, center, right, far_right] are [4.98, 4.98, 4.98, 3.55, 3.59] m.
- Nearest obstacle sector is right at 3.55 m and clearance status is clear.
- Lateral planning hint: left side is clearer.","{""waypoints"":[{""x"":-0.5625494814814807,""y"":3.9259264259259274},{""x"":-0.6227346666666658,""y"":4.416667166666668},{""x"":-0.6829198518518511,""y"":4.907407907407409},{""x"":-0.7431050370370362,""y"":5.398148648148149},{""x"":-0.8032902222222216,""y"":5.88888938888889}],""reasoning"":""Selected waypoint 0 moves the reference anchor from 27.20 m to 26.70 m from goal immediately and to 24.74 m by the final waypoint, so progress is 0.49 m selected / 2.46 m final and passes with monotonic goal-distance reduction. Kinematics is evaluated on 5 unique label waypoint(s), excluding consecutive duplicate terminal holds, and checks only that the trajectory stays within the configured bounds speed <= 15.00 m/s and acceleration <= 8.00 m/s^2, so kinematics passes. Goal is not reached within this label waypoint window. Safety passes: minimum clearance 2.82 m against manifest obstacles with 0 violating segment(s).""}",-0.5625494814814807,3.9259264259259274,-2.5,-0.6227346666666658,4.416667166666668,-2.5,-0.6829198518518511,4.907407907407409,-2.5,-0.7431050370370362,5.398148648148149,-2.5,-0.8032902222222216,5.88888938888889,-2.5
1773853482.084277391,1773853482.084277391,0.000,offline_ground_truth_window,"Environment section (T(v)):
- Current position NED is (-0.52, 3.68, -2.49) m.
- Current velocity is (-0.01, 0.09, 0.00) m/s (speed 0.09 m/s).
- Goal position NED is (-6.33, 30.00, -2.50) m.
- Output contract: predict exactly 5 waypoint x/y pairs in NED. The planner will set every waypoint z to goal z = -2.50 m before execution.
- Goal delta from current state is (-5.81, 26.32, -0.01) m with distance 26.95 m.
- Obstacle pipeline: depth_camera_to_body_to_ned_current_frame.
- Current depth frame obstacle points projected into NED: 30. Nearest depth obstacle in NED is at (0.33, 7.01, -2.56) m, relative vector (0.85, 3.33, -0.07) m, distance 3.44 m.
- Depth validity fraction is 0.57. Global nearest obstacle distance is 3.07 m.
- Sector minimum distances [far_left, left, center, right, far_right] are [4.86, 4.86, 4.85, 3.07, 3.08] m.
- Nearest obstacle sector is right at 3.07 m and clearance status is clear.
- Lateral planning hint: left side is clearer.","{""waypoints"":[{""x"":-0.6227346666666658,""y"":4.416667166666668},{""x"":-0.6829198518518511,""y"":4.907407907407409},{""x"":-0.7431050370370362,""y"":5.398148648148149},{""x"":-0.8032902222222216,""y"":5.88888938888889},{""x"":-0.8634754074074067,""y"":6.37963012962963}],""reasoning"":""Selected waypoint 0 moves the reference anchor from 26.70 m to 26.21 m from goal immediately and to 24.24 m by the final waypoint, so progress is 0.49 m selected / 2.46 m final and passes with monotonic goal-distance reduction. Kinematics is evaluated on 5 unique label waypoint(s), excluding consecutive duplicate terminal holds, and checks only that the trajectory stays within the configured bounds speed <= 15.00 m/s and acceleration <= 8.00 m/s^2, so kinematics passes. Goal is not reached within this label waypoint window. Safety passes: minimum clearance 2.64 m against manifest obstacles with 0 violating segment(s).""}",-0.6227346666666658,4.416667166666668,-2.5,-0.6829198518518511,4.907407907407409,-2.5,-0.7431050370370362,5.398148648148149,-2.5,-0.8032902222222216,5.88888938888889,-2.5,-0.8634754074074067,6.37963012962963,-2.5
1773853486.710722446,1773853486.710722446,0.000,offline_ground_truth_window,"Environment section (T(v)):
- Current position NED is (-0.60, 4.17, -2.47) m.
- Current velocity is (-0.02, 0.10, -0.01) m/s (speed 0.10 m/s).
- Goal position NED is (-6.33, 30.00, -2.50) m.
- Output contract: predict exactly 5 waypoint x/y pairs in NED. The planner will set every waypoint z to goal z = -2.50 m before execution.
- Goal delta from current state is (-5.73, 25.83, -0.03) m with distance 26.46 m.
- Obstacle pipeline: depth_camera_to_body_to_ned_current_frame.
- Current depth frame obstacle points projected into NED: 46. Nearest depth obstacle in NED is at (0.19, 7.01, -2.59) m, relative vector (0.79, 2.84, -0.12) m, distance 2.95 m.
- Depth validity fraction is 0.56. Global nearest obstacle distance is 2.58 m.
- Sector minimum distances [far_left, left, center, right, far_right] are [4.89, 4.89, 4.90, 2.59, 2.58] m.
- Nearest obstacle sector is far_right at 2.58 m and clearance status is caution.
- Lateral planning hint: left side is clearer.","{""waypoints"":[{""x"":-0.6829198518518511,""y"":4.907407907407409},{""x"":-0.7431050370370362,""y"":5.398148648148149},{""x"":-0.8032902222222216,""y"":5.88888938888889},{""x"":-0.8634754074074067,""y"":6.37963012962963},{""x"":-0.9236605925925918,""y"":6.8703708703703725}],""reasoning"":""Selected waypoint 0 moves the reference anchor from 26.21 m to 25.72 m from goal immediately and to 23.75 m by the final waypoint, so progress is 0.49 m selected / 2.46 m final and passes with monotonic goal-distance reduction. Kinematics is evaluated on 5 unique label waypoint(s), excluding consecutive duplicate terminal holds, and checks only that the trajectory stays within the configured bounds speed <= 15.00 m/s and acceleration <= 8.00 m/s^2, so kinematics passes. Goal is not reached within this label waypoint window. Safety passes: minimum clearance 2.55 m against manifest obstacles with 0 violating segment(s).""}",-0.6829198518518511,4.907407907407409,-2.5,-0.7431050370370362,5.398148648148149,-2.5,-0.8032902222222216,5.88888938888889,-2.5,-0.8634754074074067,6.37963012962963,-2.5,-0.9236605925925918,6.8703708703703725,-2.5
1773853491.381089449,1773853491.381089449,0.000,offline_ground_truth_window,"Environment section (T(v)):
- Current position NED is (-0.63, 4.67, -2.49) m.
- Current velocity is (-0.02, 0.09, 0.00) m/s (speed 0.09 m/s).
- Goal position NED is (-6.33, 30.00, -2.50) m.
- Output contract: predict exactly 5 waypoint x/y pairs in NED. The planner will set every waypoint z to goal z = -2.50 m before execution.
- Goal delta from current state is (-5.70, 25.33, -0.01) m with distance 25.97 m.
- Obstacle pipeline: depth_camera_to_body_to_ned_current_frame.
- Current depth frame obstacle points projected into NED: 53. Nearest depth obstacle in NED is at (0.22, 7.00, -2.52) m, relative vector (0.86, 2.33, -0.03) m, distance 2.48 m.
- Depth validity fraction is 0.56. Global nearest obstacle distance is 2.08 m.
- Sector minimum distances [far_left, left, center, right, far_right] are [4.92, 4.91, 4.91, 2.16, 2.08] m.
- Nearest obstacle sector is far_right at 2.08 m and clearance status is caution.
- Lateral planning hint: left side is clearer.","{""waypoints"":[{""x"":-0.7431050370370362,""y"":5.398148648148149},{""x"":-0.8032902222222216,""y"":5.88888938888889},{""x"":-0.8634754074074067,""y"":6.37963012962963},{""x"":-0.9236605925925918,""y"":6.8703708703703725},{""x"":-0.9838457777777769,""y"":7.361111611111113}],""reasoning"":""Selected waypoint 0 moves the reference anchor from 25.72 m to 25.23 m from goal immediately and to 23.26 m by the final waypoint, so progress is 0.49 m selected / 2.46 m final and passes with monotonic goal-distance reduction. Kinematics is evaluated on 5 unique label waypoint(s), excluding consecutive duplicate terminal holds, and checks only that the trajectory stays within the configured bounds speed <= 15.00 m/s and acceleration <= 8.00 m/s^2, so kinematics passes. Goal is not reached within this label waypoint window. Safety passes: minimum clearance 2.52 m against manifest obstacles with 0 violating segment(s).""}",-0.7431050370370362,5.398148648148149,-2.5,-0.8032902222222216,5.88888938888889,-2.5,-0.8634754074074067,6.37963012962963,-2.5,-0.9236605925925918,6.8703708703703725,-2.5,-0.9838457777777769,7.361111611111113,-2.5
1773853496.077622890,1773853496.077622890,0.000,offline_ground_truth_window,"Environment section (T(v)):
- Current position NED is (-0.69, 5.16, -2.49) m.
- Current velocity is (-0.02, 0.09, 0.00) m/s (speed 0.10 m/s).
- Goal position NED is (-6.33, 30.00, -2.50) m.
- Output contract: predict exactly 5 waypoint x/y pairs in NED. The planner will set every waypoint z to goal z = -2.50 m before execution.
- Goal delta from current state is (-5.64, 24.84, -0.01) m with distance 25.47 m.
- Obstacle pipeline: depth_camera_to_body_to_ned_current_frame.
- Current depth frame obstacle points projected into NED: 70. Nearest depth obstacle in NED is at (0.05, 7.01, -2.43) m, relative vector (0.75, 1.85, 0.07) m, distance 1.99 m.
- Depth validity fraction is 0.57. Global nearest obstacle distance is 1.57 m.
- Sector minimum distances [far_left, left, center, right, far_right] are [4.92, 4.91, 4.91, 1.75, 1.57] m.
- Nearest obstacle sector is far_right at 1.57 m and clearance status is caution.
- Lateral planning hint: left side is clearer.","{""waypoints"":[{""x"":-0.8032902222222216,""y"":5.88888938888889},{""x"":-0.8634754074074067,""y"":6.37963012962963},{""x"":-0.9236605925925918,""y"":6.8703708703703725},{""x"":-0.9838457777777769,""y"":7.361111611111113},{""x"":-1.044030962962962,""y"":7.8518523518518535}],""reasoning"":""Selected waypoint 0 moves the reference anchor from 25.23 m to 24.74 m from goal immediately and to 22.77 m by the final waypoint, so progress is 0.49 m selected / 2.46 m final and passes with monotonic goal-distance reduction. Kinematics is evaluated on 5 unique label waypoint(s), excluding consecutive duplicate terminal holds, and checks only that the trajectory stays within the configured bounds speed <= 15.00 m/s and acceleration <= 8.00 m/s^2, so kinematics passes. Goal is not reached within this label waypoint window. Safety passes: minimum clearance 2.52 m against manifest obstacles with 0 violating segment(s).""}",-0.8032902222222216,5.88888938888889,-2.5,-0.8634754074074067,6.37963012962963,-2.5,-0.9236605925925918,6.8703708703703725,-2.5,-0.9838457777777769,7.361111611111113,-2.5,-1.044030962962962,7.8518523518518535,-2.5
1773853500.549716473,1773853500.549716473,0.000,offline_ground_truth_window,"Environment section (T(v)):
- Current position NED is (-0.81, 5.64, -2.49) m.
- Current velocity is (-0.01, 0.09, -0.00) m/s (speed 0.09 m/s).
- Goal position NED is (-6.33, 30.00, -2.50) m.
- Output contract: predict exactly 5 waypoint x/y pairs in NED. The planner will set every waypoint z to goal z = -2.50 m before execution.
- Goal delta from current state is (-5.52, 24.36, -0.01) m with distance 24.97 m.
- Obstacle pipeline: depth_camera_to_body_to_ned_current_frame.
- Current depth frame obstacle points projected into NED: 83. Nearest depth obstacle in NED is at (-0.11, 7.01, -2.46) m, relative vector (0.70, 1.36, 0.03) m, distance 1.53 m.
- Depth validity fraction is 0.58. Global nearest obstacle distance is 1.15 m.
- Sector minimum distances [far_left, left, center, right, far_right] are [4.96, 4.97, 4.97, 1.39, 1.15] m.
- Nearest obstacle sector is far_right at 1.15 m and clearance status is blocked.
- Lateral planning hint: left side is clearer.","{""waypoints"":[{""x"":-0.8634754074074067,""y"":6.37963012962963},{""x"":-0.9236605925925918,""y"":6.8703708703703725},{""x"":-0.9838457777777769,""y"":7.361111611111113},{""x"":-1.044030962962962,""y"":7.8518523518518535},{""x"":-1.1042161481481474,""y"":8.342593092592596}],""reasoning"":""Selected waypoint 0 moves the reference anchor from 24.74 m to 24.24 m from goal immediately and to 22.28 m by the final waypoint, so progress is 0.49 m selected / 2.46 m final and passes with monotonic goal-distance reduction. Kinematics is evaluated on 5 unique label waypoint(s), excluding consecutive duplicate terminal holds, and checks only that the trajectory stays within the configured bounds speed <= 15.00 m/s and acceleration <= 8.00 m/s^2, so kinematics passes. Goal is not reached within this label waypoint window. Safety passes: minimum clearance 2.52 m against manifest obstacles with 0 violating segment(s).""}",-0.8634754074074067,6.37963012962963,-2.5,-0.9236605925925918,6.8703708703703725,-2.5,-0.9838457777777769,7.361111611111113,-2.5,-1.044030962962962,7.8518523518518535,-2.5,-1.1042161481481474,8.342593092592596,-2.5
1773853505.469621420,1773853505.469621420,0.000,offline_ground_truth_window,"Environment section (T(v)):
- Current position NED is (-0.79, 6.14, -2.50) m.
- Current velocity is (-0.03, 0.10, 0.01) m/s (speed 0.10 m/s).
- Goal position NED is (-6.33, 30.00, -2.50) m.
- Output contract: predict exactly 5 waypoint x/y pairs in NED. The planner will set every waypoint z to goal z = -2.50 m before execution.
- Goal delta from current state is (-5.54, 23.86, 0.00) m with distance 24.49 m.
- Obstacle pipeline: depth_camera_to_body_to_ned_current_frame.
- Current depth frame obstacle points projected into NED: 75. Nearest depth obstacle in NED is at (-0.26, 7.19, -2.55) m, relative vector (0.53, 1.05, -0.05) m, distance 1.17 m.
- Depth validity fraction is 0.58. Global nearest obstacle distance is 0.85 m.
- Sector minimum distances [far_left, left, center, right, far_right] are [4.98, 4.98, 4.97, 4.97, 0.85] m.
- Nearest obstacle sector is far_right at 0.85 m and clearance status is blocked.
- Lateral planning hint: left side is clearer.","{""waypoints"":[{""x"":-0.9236605925925918,""y"":6.8703708703703725},{""x"":-0.9838457777777769,""y"":7.361111611111113},{""x"":-1.044030962962962,""y"":7.8518523518518535},{""x"":-1.1042161481481474,""y"":8.342593092592596},{""x"":-1.1644013333333325,""y"":8.833333833333334}],""reasoning"":""Selected waypoint 0 moves the reference anchor from 24.24 m to 23.75 m from goal immediately and to 21.79 m by the final waypoint, so progress is 0.49 m selected / 2.46 m final and passes with monotonic goal-distance reduction. Kinematics is evaluated on 5 unique label waypoint(s), excluding consecutive duplicate terminal holds, and checks only that the trajectory stays within the configured bounds speed <= 15.00 m/s and acceleration <= 8.00 m/s^2, so kinematics passes. Goal is not reached within this label waypoint window. Safety passes: minimum clearance 2.52 m against manifest obstacles with 0 violating segment(s).""}",-0.9236605925925918,6.8703708703703725,-2.5,-0.9838457777777769,7.361111611111113,-2.5,-1.044030962962962,7.8518523518518535,-2.5,-1.1042161481481474,8.342593092592596,-2.5,-1.1644013333333325,8.833333833333334,-2.5
1773853509.226444960,1773853509.226444960,0.000,offline_ground_truth_window,"Environment section (T(v)):
- Current position NED is (-0.86, 6.63, -2.51) m.
- Current velocity is (-0.02, 0.12, 0.01) m/s (speed 0.12 m/s).
- Goal position NED is (-6.33, 30.00, -2.50) m.
- Output contract: predict exactly 5 waypoint x/y pairs in NED. The planner will set every waypoint z to goal z = -2.50 m before execution.
- Goal delta from current state is (-5.47, 23.37, 0.01) m with distance 24.00 m.
- Obstacle pipeline: depth_camera_to_body_to_ned_current_frame.
- Current depth frame obstacle points projected into NED: 34. Nearest depth obstacle in NED is at (-0.45, 7.47, -2.53) m, relative vector (0.42, 0.84, -0.02) m, distance 0.93 m.
- Depth validity fraction is 0.56. Global nearest obstacle distance is 0.66 m.
- Sector minimum distances [far_left, left, center, right, far_right] are [5.13, 5.13, 5.13, 5.13, 0.66] m.
- Nearest obstacle sector is far_right at 0.66 m and clearance status is blocked.
- Lateral planning hint: left side is clearer.","{""waypoints"":[{""x"":-0.9838457777777769,""y"":7.361111611111113},{""x"":-1.044030962962962,""y"":7.8518523518518535},{""x"":-1.1042161481481474,""y"":8.342593092592596},{""x"":-1.1644013333333325,""y"":8.833333833333334},{""x"":-1.2245865185185179,""y"":9.324074574074077}],""reasoning"":""Selected waypoint 0 moves the reference anchor from 23.75 m to 23.26 m from goal immediately and to 21.30 m by the final waypoint, so progress is 0.49 m selected / 2.46 m final and passes with monotonic goal-distance reduction. Kinematics is evaluated on 5 unique label waypoint(s), excluding consecutive duplicate terminal holds, and checks only that the trajectory stays within the configured bounds speed <= 15.00 m/s and acceleration <= 8.00 m/s^2, so kinematics passes. Goal is not reached within this label waypoint window. Safety passes: minimum clearance 2.52 m against manifest obstacles with 0 violating segment(s).""}",-0.9838457777777769,7.361111611111113,-2.5,-1.044030962962962,7.8518523518518535,-2.5,-1.1042161481481474,8.342593092592596,-2.5,-1.1644013333333325,8.833333833333334,-2.5,-1.2245865185185179,9.324074574074077,-2.5
1773853514.083049774,1773853514.083049774,0.000,offline_ground_truth_window,"Environment section (T(v)):
- Current position NED is (-0.94, 7.12, -2.48) m.
- Current velocity is (-0.01, 0.11, 0.00) m/s (speed 0.11 m/s).
- Goal position NED is (-6.33, 30.00, -2.50) m.
- Output contract: predict exactly 5 waypoint x/y pairs in NED. The planner will set every waypoint z to goal z = -2.50 m before execution.
- Goal delta from current state is (-5.39, 22.88, -0.02) m with distance 23.51 m.
- Obstacle pipeline: depth_camera_to_body_to_ned_current_frame.
- Current depth frame obstacle points projected into NED: 5. Nearest depth obstacle in NED is at (1.42, 15.91, -2.16) m, relative vector (2.36, 8.79, 0.32) m, distance 9.11 m.
- Depth validity fraction is 0.56. Global nearest obstacle distance is 4.99 m.
- Sector minimum distances [far_left, left, center, right, far_right] are [5.02, 5.01, 5.01, 5.00, 4.99] m.
- Nearest obstacle sector is far_right at 4.99 m and clearance status is clear.
- Lateral planning hint: prefer center progress.","{""waypoints"":[{""x"":-1.044030962962962,""y"":7.8518523518518535},{""x"":-1.1042161481481474,""y"":8.342593092592596},{""x"":-1.1644013333333325,""y"":8.833333833333334},{""x"":-1.2245865185185179,""y"":9.324074574074077},{""x"":-1.284771703703703,""y"":9.814815314814817}],""reasoning"":""Selected waypoint 0 moves the reference anchor from 23.26 m to 22.77 m from goal immediately and to 20.81 m by the final waypoint, so progress is 0.49 m selected / 2.46 m final and passes with monotonic goal-distance reduction. Kinematics is evaluated on 5 unique label waypoint(s), excluding consecutive duplicate terminal holds, and checks only that the trajectory stays within the configured bounds speed <= 15.00 m/s and acceleration <= 8.00 m/s^2, so kinematics passes. Goal is not reached within this label waypoint window. Safety passes: minimum clearance 2.52 m against manifest obstacles with 0 violating segment(s).""}",-1.044030962962962,7.8518523518518535,-2.5,-1.1042161481481474,8.342593092592596,-2.5,-1.1644013333333325,8.833333833333334,-2.5,-1.2245865185185179,9.324074574074077,-2.5,-1.284771703703703,9.814815314814817,-2.5
1773853518.614326954,1773853518.614326954,0.000,offline_ground_truth_window,"Environment section (T(v)):
- Current position NED is (-1.01, 7.61, -2.50) m.
- Current velocity is (-0.01, 0.08, 0.01) m/s (speed 0.08 m/s).
- Goal position NED is (-6.33, 30.00, -2.50) m.
- Output contract: predict exactly 5 waypoint x/y pairs in NED. The planner will set every waypoint z to goal z = -2.50 m before execution.
- Goal delta from current state is (-5.32, 22.39, -0.00) m with distance 23.02 m.
- Obstacle pipeline: depth_camera_to_body_to_ned_current_frame.
- Current depth frame obstacle points projected into NED: 5. Nearest depth obstacle in NED is at (1.46, 15.87, -2.72) m, relative vector (2.47, 8.27, -0.22) m, distance 8.63 m.
- Depth validity fraction is 0.55. Global nearest obstacle distance is 5.09 m.
- Sector minimum distances [far_left, left, center, right, far_right] are [5.10, 5.09, 5.09, 5.09, 5.09] m.
- Nearest obstacle sector is far_right at 5.09 m and clearance status is clear.
- Lateral planning hint: prefer center progress.","{""waypoints"":[{""x"":-1.1042161481481474,""y"":8.342593092592596},{""x"":-1.1644013333333325,""y"":8.833333833333334},{""x"":-1.2245865185185179,""y"":9.324074574074077},{""x"":-1.284771703703703,""y"":9.814815314814817},{""x"":-1.344956888888888,""y"":10.305556055555558}],""reasoning"":""Selected waypoint 0 moves the reference anchor from 22.77 m to 22.28 m from goal immediately and to 20.32 m by the final waypoint, so progress is 0.49 m selected / 2.45 m final and passes with monotonic goal-distance reduction. Kinematics is evaluated on 5 unique label waypoint(s), excluding consecutive duplicate terminal holds, and checks only that the trajectory stays within the configured bounds speed <= 15.00 m/s and acceleration <= 8.00 m/s^2, so kinematics passes. Goal is not reached within this label waypoint window. Safety passes: minimum clearance 2.58 m against manifest obstacles with 0 violating segment(s).""}",-1.1042161481481474,8.342593092592596,-2.5,-1.1644013333333325,8.833333833333334,-2.5,-1.2245865185185179,9.324074574074077,-2.5,-1.284771703703703,9.814815314814817,-2.5,-1.344956888888888,10.305556055555558,-2.5
1773853522.968249559,1773853522.968249559,0.000,offline_ground_truth_window,"Environment section (T(v)):
- Current position NED is (-1.06, 8.10, -2.51) m.
- Current velocity is (-0.02, 0.12, 0.01) m/s (speed 0.12 m/s).
- Goal position NED is (-6.33, 30.00, -2.50) m.
- Output contract: predict exactly 5 waypoint x/y pairs in NED. The planner will set every waypoint z to goal z = -2.50 m before execution.
- Goal delta from current state is (-5.27, 21.90, 0.01) m with distance 22.53 m.
- Obstacle pipeline: depth_camera_to_body_to_ned_current_frame.
- Current depth frame obstacle points projected into NED: 7. Nearest depth obstacle in NED is at (1.28, 15.90, -2.09) m, relative vector (2.34, 7.80, 0.42) m, distance 8.15 m.
- Depth validity fraction is 0.55. Global nearest obstacle distance is 5.09 m.
- Sector minimum distances [far_left, left, center, right, far_right] are [5.11, 5.10, 5.10, 5.10, 5.09] m.
- Nearest obstacle sector is far_right at 5.09 m and clearance status is clear.
- Lateral planning hint: prefer center progress.","{""waypoints"":[{""x"":-1.1644013333333325,""y"":8.833333833333334},{""x"":-1.2245865185185179,""y"":9.324074574074077},{""x"":-1.284771703703703,""y"":9.814815314814817},{""x"":-1.344956888888888,""y"":10.305556055555558},{""x"":-1.4051420740740732,""y"":10.796296796296298}],""reasoning"":""Selected waypoint 0 moves the reference anchor from 22.28 m to 21.79 m from goal immediately and to 19.83 m by the final waypoint, so progress is 0.49 m selected / 2.45 m final and passes with monotonic goal-distance reduction. Kinematics is evaluated on 5 unique label waypoint(s), excluding consecutive duplicate terminal holds, and checks only that the trajectory stays within the configured bounds speed <= 15.00 m/s and acceleration <= 8.00 m/s^2, so kinematics passes. Goal is not reached within this label waypoint window. Safety passes: minimum clearance 2.72 m against manifest obstacles with 0 violating segment(s).""}",-1.1644013333333325,8.833333833333334,-2.5,-1.2245865185185179,9.324074574074077,-2.5,-1.284771703703703,9.814815314814817,-2.5,-1.344956888888888,10.305556055555558,-2.5,-1.4051420740740732,10.796296796296298,-2.5
1773853527.682466269,1773853527.682466269,0.000,offline_ground_truth_window,"Environment section (T(v)):
- Current position NED is (-1.13, 8.59, -2.51) m.
- Current velocity is (-0.01, 0.08, 0.01) m/s (speed 0.08 m/s).
- Goal position NED is (-6.33, 30.00, -2.50) m.
- Output contract: predict exactly 5 waypoint x/y pairs in NED. The planner will set every waypoint z to goal z = -2.50 m before execution.
- Goal delta from current state is (-5.21, 21.41, 0.01) m with distance 22.03 m.
- Obstacle pipeline: depth_camera_to_body_to_ned_current_frame.
- Current depth frame obstacle points projected into NED: 12. Nearest depth obstacle in NED is at (1.16, 15.90, -2.48) m, relative vector (2.28, 7.31, 0.04) m, distance 7.66 m.
- Depth validity fraction is 0.56. Global nearest obstacle distance is 5.00 m.
- Sector minimum distances [far_left, left, center, right, far_right] are [5.02, 5.01, 5.01, 5.00, 5.00] m.
- Nearest obstacle sector is far_right at 5.00 m and clearance status is clear.
- Lateral planning hint: prefer center progress.","{""waypoints"":[{""x"":-1.2245865185185179,""y"":9.324074574074077},{""x"":-1.284771703703703,""y"":9.814815314814817},{""x"":-1.344956888888888,""y"":10.305556055555558},{""x"":-1.4051420740740732,""y"":10.796296796296298},{""x"":-1.4653272592592586,""y"":11.287037537037039}],""reasoning"":""Selected waypoint 0 moves the reference anchor from 21.79 m to 21.30 m from goal immediately and to 19.34 m by the final waypoint, so progress is 0.49 m selected / 2.45 m final and passes with monotonic goal-distance reduction. Kinematics is evaluated on 5 unique label waypoint(s), excluding consecutive duplicate terminal holds, and checks only that the trajectory stays within the configured bounds speed <= 15.00 m/s and acceleration <= 8.00 m/s^2, so kinematics passes. Goal is not reached within this label waypoint window. Safety passes: minimum clearance 2.92 m against manifest obstacles with 0 violating segment(s).""}",-1.2245865185185179,9.324074574074077,-2.5,-1.284771703703703,9.814815314814817,-2.5,-1.344956888888888,10.305556055555558,-2.5,-1.4051420740740732,10.796296796296298,-2.5,-1.4653272592592586,11.287037537037039,-2.5
1773853531.769226313,1773853531.769226313,0.000,offline_ground_truth_window,"Environment section (T(v)):
- Current position NED is (-1.20, 9.08, -2.50) m.
- Current velocity is (-0.02, 0.12, 0.01) m/s (speed 0.12 m/s).
- Goal position NED is (-6.33, 30.00, -2.50) m.
- Output contract: predict exactly 5 waypoint x/y pairs in NED. The planner will set every waypoint z to goal z = -2.50 m before execution.
- Goal delta from current state is (-5.13, 20.92, 0.00) m with distance 21.54 m.
- Obstacle pipeline: depth_camera_to_body_to_ned_current_frame.
- Current depth frame obstacle points projected into NED: 8. Nearest depth obstacle in NED is at (1.02, 15.92, -2.35) m, relative vector (2.23, 6.84, 0.15) m, distance 7.19 m.
- Depth validity fraction is 0.55. Global nearest obstacle distance is 5.00 m.
- Sector minimum distances [far_left, left, center, right, far_right] are [5.01, 5.01, 5.01, 5.00, 5.00] m.
- Nearest obstacle sector is far_right at 5.00 m and clearance status is clear.
- Lateral planning hint: prefer center progress.","{""waypoints"":[{""x"":-1.284771703703703,""y"":9.814815314814817},{""x"":-1.344956888888888,""y"":10.305556055555558},{""x"":-1.4051420740740732,""y"":10.796296796296298},{""x"":-1.4653272592592586,""y"":11.287037537037039},{""x"":-1.5255124444444437,""y"":11.777778277777779}],""reasoning"":""Selected waypoint 0 moves the reference anchor from 21.30 m to 20.81 m from goal immediately and to 18.85 m by the final waypoint, so progress is 0.49 m selected / 2.45 m final and passes with monotonic goal-distance reduction. Kinematics is evaluated on 5 unique label waypoint(s), excluding consecutive duplicate terminal holds, and checks only that the trajectory stays within the configured bounds speed <= 15.00 m/s and acceleration <= 8.00 m/s^2, so kinematics passes. Goal is not reached within this label waypoint window. Safety passes: minimum clearance 3.08 m against manifest obstacles with 0 violating segment(s).""}",-1.284771703703703,9.814815314814817,-2.5,-1.344956888888888,10.305556055555558,-2.5,-1.4051420740740732,10.796296796296298,-2.5,-1.4653272592592586,11.287037537037039,-2.5,-1.5255124444444437,11.777778277777779,-2.5
1773853536.590541124,1773853536.590541124,0.000,offline_ground_truth_window,"Environment section (T(v)):
- Current position NED is (-1.26, 9.57, -2.50) m.
- Current velocity is (-0.00, 0.08, 0.00) m/s (speed 0.08 m/s).
- Goal position NED is (-6.33, 30.00, -2.50) m.
- Output contract: predict exactly 5 waypoint x/y pairs in NED. The planner will set every waypoint z to goal z = -2.50 m before execution.
- Goal delta from current state is (-5.07, 20.43, -0.00) m with distance 21.05 m.
- Obstacle pipeline: depth_camera_to_body_to_ned_current_frame.
- Current depth frame obstacle points projected into NED: 11. Nearest depth obstacle in NED is at (1.04, 15.88, -2.58) m, relative vector (2.30, 6.31, -0.08) m, distance 6.72 m.
- Depth validity fraction is 0.56. Global nearest obstacle distance is 4.94 m.
- Sector minimum distances [far_left, left, center, right, far_right] are [4.96, 4.95, 4.95, 4.95, 4.94] m.
- Nearest obstacle sector is far_right at 4.94 m and clearance status is clear.
- Lateral planning hint: prefer center progress.","{""waypoints"":[{""x"":-1.344956888888888,""y"":10.305556055555558},{""x"":-1.4051420740740732,""y"":10.796296796296298},{""x"":-1.4653272592592586,""y"":11.287037537037039},{""x"":-1.5255124444444437,""y"":11.777778277777779},{""x"":-1.5856976296296288,""y"":12.268519018518521}],""reasoning"":""Selected waypoint 0 moves the reference anchor from 20.81 m to 20.32 m from goal immediately and to 18.36 m by the final waypoint, so progress is 0.49 m selected / 2.45 m final and passes with monotonic goal-distance reduction. Kinematics is evaluated on 5 unique label waypoint(s), excluding consecutive duplicate terminal holds, and checks only that the trajectory stays within the configured bounds speed <= 15.00 m/s and acceleration <= 8.00 m/s^2, so kinematics passes. Goal is not reached within this label waypoint window. Safety passes: minimum clearance 3.08 m against manifest obstacles with 0 violating segment(s).""}",-1.344956888888888,10.305556055555558,-2.5,-1.4051420740740732,10.796296796296298,-2.5,-1.4653272592592586,11.287037537037039,-2.5,-1.5255124444444437,11.777778277777779,-2.5,-1.5856976296296288,12.268519018518521,-2.5
1773853542.509136677,1773853542.509136677,0.000,offline_ground_truth_window,"Environment section (T(v)):
- Current position NED is (-1.36, 10.06, -2.49) m.
- Current velocity is (-0.01, 0.09, -0.00) m/s (speed 0.09 m/s).
- Goal position NED is (-6.33, 30.00, -2.50) m.
- Output contract: predict exactly 5 waypoint x/y pairs in NED. The planner will set every waypoint z to goal z = -2.50 m before execution.
- Goal delta from current state is (-4.97, 19.94, -0.01) m with distance 20.55 m.
- Obstacle pipeline: depth_camera_to_body_to_ned_current_frame.
- Current depth frame obstacle points projected into NED: 9. Nearest depth obstacle in NED is at (0.85, 15.88, -2.13) m, relative vector (2.21, 5.83, 0.36) m, distance 6.24 m.
- Depth validity fraction is 0.56. Global nearest obstacle distance is 4.96 m.
- Sector minimum distances [far_left, left, center, right, far_right] are [4.96, 4.97, 4.98, 4.99, 4.99] m.
- Nearest obstacle sector is far_left at 4.96 m and clearance status is clear.
- Lateral planning hint: prefer center progress.","{""waypoints"":[{""x"":-1.4051420740740732,""y"":10.796296796296298},{""x"":-1.4653272592592586,""y"":11.287037537037039},{""x"":-1.5255124444444437,""y"":11.777778277777779},{""x"":-1.5856976296296288,""y"":12.268519018518521},{""x"":-1.645882814814814,""y"":12.75925975925926}],""reasoning"":""Selected waypoint 0 moves the reference anchor from 20.32 m to 19.83 m from goal immediately and to 17.87 m by the final waypoint, so progress is 0.49 m selected / 2.45 m final and passes with monotonic goal-distance reduction. Kinematics is evaluated on 5 unique label waypoint(s), excluding consecutive duplicate terminal holds, and checks only that the trajectory stays within the configured bounds speed <= 15.00 m/s and acceleration <= 8.00 m/s^2, so kinematics passes. Goal is not reached within this label waypoint window. Safety passes: minimum clearance 3.08 m against manifest obstacles with 0 violating segment(s).""}",-1.4051420740740732,10.796296796296298,-2.5,-1.4653272592592586,11.287037537037039,-2.5,-1.5255124444444437,11.777778277777779,-2.5,-1.5856976296296288,12.268519018518521,-2.5,-1.645882814814814,12.75925975925926,-2.5
1773853549.862480640,1773853549.862480640,0.000,offline_ground_truth_window,"Environment section (T(v)):
- Current position NED is (-1.38, 10.55, -2.50) m.
- Current velocity is (-0.01, 0.05, 0.01) m/s (speed 0.05 m/s).
- Goal position NED is (-6.33, 30.00, -2.50) m.
- Output contract: predict exactly 5 waypoint x/y pairs in NED. The planner will set every waypoint z to goal z = -2.50 m before execution.
- Goal delta from current state is (-4.95, 19.45, 0.00) m with distance 20.07 m.
- Obstacle pipeline: depth_camera_to_body_to_ned_current_frame.
- Current depth frame obstacle points projected into NED: 10. Nearest depth obstacle in NED is at (0.84, 15.86, -2.70) m, relative vector (2.23, 5.31, -0.20) m, distance 5.76 m.
- Depth validity fraction is 0.56. Global nearest obstacle distance is 4.92 m.
- Sector minimum distances [far_left, left, center, right, far_right] are [4.92, 4.92, 4.92, 4.92, 4.93] m.
- Nearest obstacle sector is far_left at 4.92 m and clearance status is clear.
- Lateral planning hint: prefer center progress.","{""waypoints"":[{""x"":-1.4653272592592586,""y"":11.287037537037039},{""x"":-1.5255124444444437,""y"":11.777778277777779},{""x"":-1.5856976296296288,""y"":12.268519018518521},{""x"":-1.645882814814814,""y"":12.75925975925926},{""x"":-1.7060679999999993,""y"":13.250000500000002}],""reasoning"":""Selected waypoint 0 moves the reference anchor from 19.83 m to 19.34 m from goal immediately and to 17.38 m by the final waypoint, so progress is 0.49 m selected / 2.45 m final and passes with monotonic goal-distance reduction. Kinematics is evaluated on 5 unique label waypoint(s), excluding consecutive duplicate terminal holds, and checks only that the trajectory stays within the configured bounds speed <= 15.00 m/s and acceleration <= 8.00 m/s^2, so kinematics passes. Goal is not reached within this label waypoint window. Safety passes: minimum clearance 3.08 m against manifest obstacles with 0 violating segment(s).""}",-1.4653272592592586,11.287037537037039,-2.5,-1.5255124444444437,11.777778277777779,-2.5,-1.5856976296296288,12.268519018518521,-2.5,-1.645882814814814,12.75925975925926,-2.5,-1.7060679999999993,13.250000500000002,-2.5
1773853555.945280075,1773853555.945280075,0.000,offline_ground_truth_window,"Environment section (T(v)):
- Current position NED is (-1.40, 11.05, -2.50) m.
- Current velocity is (-0.02, 0.08, 0.00) m/s (speed 0.08 m/s).
- Goal position NED is (-6.33, 30.00, -2.50) m.
- Output contract: predict exactly 5 waypoint x/y pairs in NED. The planner will set every waypoint z to goal z = -2.50 m before execution.
- Goal delta from current state is (-4.93, 18.95, 0.00) m with distance 19.58 m.
- Obstacle pipeline: depth_camera_to_body_to_ned_current_frame.
- Current depth frame obstacle points projected into NED: 16. Nearest depth obstacle in NED is at (0.85, 15.86, -2.46) m, relative vector (2.25, 4.81, 0.04) m, distance 5.32 m.
- Depth validity fraction is 0.57. Global nearest obstacle distance is 4.47 m.
- Sector minimum distances [far_left, left, center, right, far_right] are [4.91, 4.91, 4.91, 4.90, 4.47] m.
- Nearest obstacle sector is far_right at 4.47 m and clearance status is clear.
- Lateral planning hint: prefer center progress.","{""waypoints"":[{""x"":-1.5255124444444437,""y"":11.777778277777779},{""x"":-1.5856976296296288,""y"":12.268519018518521},{""x"":-1.645882814814814,""y"":12.75925975925926},{""x"":-1.7060679999999993,""y"":13.250000500000002},{""x"":-1.7662531851851844,""y"":13.740741240740743}],""reasoning"":""Selected waypoint 0 moves the reference anchor from 19.34 m to 18.85 m from goal immediately and to 16.89 m by the final waypoint, so progress is 0.49 m selected / 2.45 m final and passes with monotonic goal-distance reduction. Kinematics is evaluated on 5 unique label waypoint(s), excluding consecutive duplicate terminal holds, and checks only that the trajectory stays within the configured bounds speed <= 15.00 m/s and acceleration <= 8.00 m/s^2, so kinematics passes. Goal is not reached within this label waypoint window. Safety passes: minimum clearance 3.08 m against manifest obstacles with 0 violating segment(s).""}",-1.5255124444444437,11.777778277777779,-2.5,-1.5856976296296288,12.268519018518521,-2.5,-1.645882814814814,12.75925975925926,-2.5,-1.7060679999999993,13.250000500000002,-2.5,-1.7662531851851844,13.740741240740743,-2.5
1773853561.083076954,1773853561.083076954,0.000,offline_ground_truth_window,"Environment section (T(v)):
- Current position NED is (-1.49, 11.53, -2.49) m.
- Current velocity is (-0.01, 0.09, 0.01) m/s (speed 0.10 m/s).
- Goal position NED is (-6.33, 30.00, -2.50) m.
- Output contract: predict exactly 5 waypoint x/y pairs in NED. The planner will set every waypoint z to goal z = -2.50 m before execution.
- Goal delta from current state is (-4.84, 18.47, -0.01) m with distance 19.09 m.
- Obstacle pipeline: depth_camera_to_body_to_ned_current_frame.
- Current depth frame obstacle points projected into NED: 21. Nearest depth obstacle in NED is at (0.66, 15.87, -2.63) m, relative vector (2.14, 4.34, -0.14) m, distance 4.84 m.
- Depth validity fraction is 0.56. Global nearest obstacle distance is 3.98 m.
- Sector minimum distances [far_left, left, center, right, far_right] are [4.99, 4.99, 4.99, 4.98, 3.98] m.
- Nearest obstacle sector is far_right at 3.98 m and clearance status is clear.
- Lateral planning hint: left side is clearer.","{""waypoints"":[{""x"":-1.5856976296296288,""y"":12.268519018518521},{""x"":-1.645882814814814,""y"":12.75925975925926},{""x"":-1.7060679999999993,""y"":13.250000500000002},{""x"":-1.7662531851851844,""y"":13.740741240740743},{""x"":-1.8264383703703697,""y"":14.231481981481485}],""reasoning"":""Selected waypoint 0 moves the reference anchor from 18.85 m to 18.36 m from goal immediately and to 16.40 m by the final waypoint, so progress is 0.49 m selected / 2.45 m final and passes with monotonic goal-distance reduction. Kinematics is evaluated on 5 unique label waypoint(s), excluding consecutive duplicate terminal holds, and checks only that the trajectory stays within the configured bounds speed <= 15.00 m/s and acceleration <= 8.00 m/s^2, so kinematics passes. Goal is not reached within this label waypoint window. Safety passes: minimum clearance 3.15 m against manifest obstacles with 0 violating segment(s).""}",-1.5856976296296288,12.268519018518521,-2.5,-1.645882814814814,12.75925975925926,-2.5,-1.7060679999999993,13.250000500000002,-2.5,-1.7662531851851844,13.740741240740743,-2.5,-1.8264383703703697,14.231481981481485,-2.5
1773853565.885627270,1773853565.885627270,0.000,offline_ground_truth_window,"Environment section (T(v)):
- Current position NED is (-1.56, 12.03, -2.50) m.
- Current velocity is (-0.01, 0.08, 0.01) m/s (speed 0.08 m/s).
- Goal position NED is (-6.33, 30.00, -2.50) m.
- Output contract: predict exactly 5 waypoint x/y pairs in NED. The planner will set every waypoint z to goal z = -2.50 m before execution.
- Goal delta from current state is (-4.77, 17.97, 0.00) m with distance 18.60 m.
- Obstacle pipeline: depth_camera_to_body_to_ned_current_frame.
- Current depth frame obstacle points projected into NED: 19. Nearest depth obstacle in NED is at (0.52, 15.90, -2.38) m, relative vector (2.07, 3.87, 0.12) m, distance 4.39 m.
- Depth validity fraction is 0.56. Global nearest obstacle distance is 3.49 m.
- Sector minimum distances [far_left, left, center, right, far_right] are [4.99, 4.99, 4.98, 4.98, 3.49] m.
- Nearest obstacle sector is far_right at 3.49 m and clearance status is clear.
- Lateral planning hint: left side is clearer.","{""waypoints"":[{""x"":-1.645882814814814,""y"":12.75925975925926},{""x"":-1.7060679999999993,""y"":13.250000500000002},{""x"":-1.7662531851851844,""y"":13.740741240740743},{""x"":-1.8264383703703697,""y"":14.231481981481485},{""x"":-1.8866235555555548,""y"":14.722222722222225}],""reasoning"":""Selected waypoint 0 moves the reference anchor from 18.36 m to 17.87 m from goal immediately and to 15.91 m by the final waypoint, so progress is 0.49 m selected / 2.44 m final and passes with monotonic goal-distance reduction. Kinematics is evaluated on 5 unique label waypoint(s), excluding consecutive duplicate terminal holds, and checks only that the trajectory stays within the configured bounds speed <= 15.00 m/s and acceleration <= 8.00 m/s^2, so kinematics passes. Goal is not reached within this label waypoint window. Safety passes: minimum clearance 3.28 m against manifest obstacles with 0 violating segment(s).""}",-1.645882814814814,12.75925975925926,-2.5,-1.7060679999999993,13.250000500000002,-2.5,-1.7662531851851844,13.740741240740743,-2.5,-1.8264383703703697,14.231481981481485,-2.5,-1.8866235555555548,14.722222722222225,-2.5
1773853572.759261608,1773853572.759261608,0.000,offline_ground_truth_window,"Environment section (T(v)):
- Current position NED is (-1.65, 12.51, -2.49) m.
- Current velocity is (-0.01, 0.07, 0.00) m/s (speed 0.07 m/s).
- Goal position NED is (-6.33, 30.00, -2.50) m.
- Output contract: predict exactly 5 waypoint x/y pairs in NED. The planner will set every waypoint z to goal z = -2.50 m before execution.
- Goal delta from current state is (-4.68, 17.49, -0.01) m with distance 18.10 m.
- Obstacle pipeline: depth_camera_to_body_to_ned_current_frame.
- Current depth frame obstacle points projected into NED: 5. Nearest depth obstacle in NED is at (0.38, 15.91, -2.59) m, relative vector (2.04, 3.40, -0.10) m, distance 3.97 m.
- Depth validity fraction is 0.56. Global nearest obstacle distance is 3.10 m.
- Sector minimum distances [far_left, left, center, right, far_right] are [5.02, 5.02, 5.03, 5.03, 3.10] m.
- Nearest obstacle sector is far_right at 3.10 m and clearance status is clear.
- Lateral planning hint: left side is clearer.","{""waypoints"":[{""x"":-1.7060679999999993,""y"":13.250000500000002},{""x"":-1.7662531851851844,""y"":13.740741240740743},{""x"":-1.8264383703703697,""y"":14.231481981481485},{""x"":-1.8866235555555548,""y"":14.722222722222225},{""x"":-1.94680874074074,""y"":15.212963462962966}],""reasoning"":""Selected waypoint 0 moves the reference anchor from 17.87 m to 17.38 m from goal immediately and to 15.42 m by the final waypoint, so progress is 0.49 m selected / 2.44 m final and passes with monotonic goal-distance reduction. Kinematics is evaluated on 5 unique label waypoint(s), excluding consecutive duplicate terminal holds, and checks only that the trajectory stays within the configured bounds speed <= 15.00 m/s and acceleration <= 8.00 m/s^2, so kinematics passes. Goal is not reached within this label waypoint window. Safety passes: minimum clearance 3.47 m against manifest obstacles with 0 violating segment(s).""}",-1.7060679999999993,13.250000500000002,-2.5,-1.7662531851851844,13.740741240740743,-2.5,-1.8264383703703697,14.231481981481485,-2.5,-1.8866235555555548,14.722222722222225,-2.5,-1.94680874074074,15.212963462962966,-2.5
1773853579.150741816,1773853579.150741816,0.000,offline_ground_truth_window,"Environment section (T(v)):
- Current position NED is (-1.67, 13.01, -2.51) m.
- Current velocity is (-0.01, 0.08, 0.01) m/s (speed 0.08 m/s).
- Goal position NED is (-6.33, 30.00, -2.50) m.
- Output contract: predict exactly 5 waypoint x/y pairs in NED. The planner will set every waypoint z to goal z = -2.50 m before execution.
- Goal delta from current state is (-4.66, 16.99, 0.01) m with distance 17.62 m.
- Obstacle pipeline: depth_camera_to_body_to_ned_current_frame.
- Current depth frame obstacle points projected into NED: 7. Nearest depth obstacle in NED is at (0.28, 16.24, -2.27) m, relative vector (1.95, 3.23, 0.24) m, distance 3.78 m.
- Depth validity fraction is 0.56. Global nearest obstacle distance is 2.94 m.
- Sector minimum distances [far_left, left, center, right, far_right] are [5.04, 5.04, 5.04, 5.04, 2.94] m.
- Nearest obstacle sector is far_right at 2.94 m and clearance status is caution.
- Lateral planning hint: left side is clearer.","{""waypoints"":[{""x"":-1.7662531851851844,""y"":13.740741240740743},{""x"":-1.8264383703703697,""y"":14.231481981481485},{""x"":-1.8866235555555548,""y"":14.722222722222225},{""x"":-1.94680874074074,""y"":15.212963462962966},{""x"":-2.006993925925925,""y"":15.703704203703705}],""reasoning"":""Selected waypoint 0 moves the reference anchor from 17.38 m to 16.89 m from goal immediately and to 14.94 m by the final waypoint, so progress is 0.49 m selected / 2.44 m final and passes with monotonic goal-distance reduction. Kinematics is evaluated on 5 unique label waypoint(s), excluding consecutive duplicate terminal holds, and checks only that the trajectory stays within the configured bounds speed <= 15.00 m/s and acceleration <= 8.00 m/s^2, so kinematics passes. Goal is not reached within this label waypoint window. Safety passes: minimum clearance 3.72 m against manifest obstacles with 0 violating segment(s).""}",-1.7662531851851844,13.740741240740743,-2.5,-1.8264383703703697,14.231481981481485,-2.5,-1.8866235555555548,14.722222722222225,-2.5,-1.94680874074074,15.212963462962966,-2.5,-2.006993925925925,15.703704203703705,-2.5
1773853585.062280893,1773853585.062280893,0.000,offline_ground_truth_window,"Environment section (T(v)):
- Current position NED is (-1.74, 13.50, -2.52) m.
- Current velocity is (-0.03, 0.11, 0.01) m/s (speed 0.11 m/s).
- Goal position NED is (-6.33, 30.00, -2.50) m.
- Output contract: predict exactly 5 waypoint x/y pairs in NED. The planner will set every waypoint z to goal z = -2.50 m before execution.
- Goal delta from current state is (-4.59, 16.50, 0.02) m with distance 17.13 m.
- Obstacle pipeline: depth_camera_to_body_to_ned_current_frame.
- Current depth frame obstacle points projected into NED: 23. Nearest depth obstacle in NED is at (-0.21, 18.85, -2.67) m, relative vector (1.52, 5.35, -0.16) m, distance 5.57 m.
- Depth validity fraction is 0.57. Global nearest obstacle distance is 4.99 m.
- Sector minimum distances [far_left, left, center, right, far_right] are [4.99, 4.99, 5.00, 5.00, 5.01] m.
- Nearest obstacle sector is far_left at 4.99 m and clearance status is clear.
- Lateral planning hint: prefer center progress.","{""waypoints"":[{""x"":-1.8264383703703697,""y"":14.231481981481485},{""x"":-1.8866235555555548,""y"":14.722222722222225},{""x"":-1.94680874074074,""y"":15.212963462962966},{""x"":-2.006993925925925,""y"":15.703704203703705},{""x"":-2.0671791111111104,""y"":16.19444494444445}],""reasoning"":""Selected waypoint 0 moves the reference anchor from 16.89 m to 16.40 m from goal immediately and to 14.45 m by the final waypoint, so progress is 0.49 m selected / 2.44 m final and passes with monotonic goal-distance reduction. Kinematics is evaluated on 5 unique label waypoint(s), excluding consecutive duplicate terminal holds, and checks only that the trajectory stays within the configured bounds speed <= 15.00 m/s and acceleration <= 8.00 m/s^2, so kinematics passes. Goal is not reached within this label waypoint window. Safety passes: minimum clearance 3.94 m against manifest obstacles with 0 violating segment(s).""}",-1.8264383703703697,14.231481981481485,-2.5,-1.8866235555555548,14.722222722222225,-2.5,-1.94680874074074,15.212963462962966,-2.5,-2.006993925925925,15.703704203703705,-2.5,-2.0671791111111104,16.19444494444445,-2.5
1773853591.071660995,1773853591.071660995,0.000,offline_ground_truth_window,"Environment section (T(v)):
- Current position NED is (-1.79, 13.99, -2.50) m.
- Current velocity is (-0.01, 0.11, 0.01) m/s (speed 0.11 m/s).
- Goal position NED is (-6.33, 30.00, -2.50) m.
- Output contract: predict exactly 5 waypoint x/y pairs in NED. The planner will set every waypoint z to goal z = -2.50 m before execution.
- Goal delta from current state is (-4.54, 16.01, 0.00) m with distance 16.64 m.
- Obstacle pipeline: depth_camera_to_body_to_ned_current_frame.
- Current depth frame obstacle points projected into NED: 42. Nearest depth obstacle in NED is at (-0.20, 18.83, -2.37) m, relative vector (1.59, 4.84, 0.13) m, distance 5.09 m.
- Depth validity fraction is 0.57. Global nearest obstacle distance is 4.55 m.
- Sector minimum distances [far_left, left, center, right, far_right] are [4.99, 4.99, 4.99, 4.56, 4.55] m.
- Nearest obstacle sector is far_right at 4.55 m and clearance status is clear.
- Lateral planning hint: left side is clearer.","{""waypoints"":[{""x"":-1.8866235555555548,""y"":14.722222722222225},{""x"":-1.94680874074074,""y"":15.212963462962966},{""x"":-2.006993925925925,""y"":15.703704203703705},{""x"":-2.0671791111111104,""y"":16.19444494444445},{""x"":-2.1273642962962955,""y"":16.68518568518519}],""reasoning"":""Selected waypoint 0 moves the reference anchor from 16.40 m to 15.91 m from goal immediately and to 13.96 m by the final waypoint, so progress is 0.49 m selected / 2.44 m final and passes with monotonic goal-distance reduction. Kinematics is evaluated on 5 unique label waypoint(s), excluding consecutive duplicate terminal holds, and checks only that the trajectory stays within the configured bounds speed <= 15.00 m/s and acceleration <= 8.00 m/s^2, so kinematics passes. Goal is not reached within this label waypoint window. Safety passes: minimum clearance 3.93 m against manifest obstacles with 0 violating segment(s).""}",-1.8866235555555548,14.722222722222225,-2.5,-1.94680874074074,15.212963462962966,-2.5,-2.006993925925925,15.703704203703705,-2.5,-2.0671791111111104,16.19444494444445,-2.5,-2.1273642962962955,16.68518568518519,-2.5
1773853594.824736595,1773853594.824736595,0.000,offline_ground_truth_window,"Environment section (T(v)):
- Current position NED is (-1.83, 14.48, -2.51) m.
- Current velocity is (-0.03, 0.12, 0.01) m/s (speed 0.12 m/s).
- Goal position NED is (-6.33, 30.00, -2.50) m.
- Output contract: predict exactly 5 waypoint x/y pairs in NED. The planner will set every waypoint z to goal z = -2.50 m before execution.
- Goal delta from current state is (-4.50, 15.52, 0.01) m with distance 16.16 m.
- Obstacle pipeline: depth_camera_to_body_to_ned_current_frame.
- Current depth frame obstacle points projected into NED: 48. Nearest depth obstacle in NED is at (-0.42, 18.90, -2.65) m, relative vector (1.41, 4.42, -0.14) m, distance 4.64 m.
- Depth validity fraction is 0.59. Global nearest obstacle distance is 4.08 m.
- Sector minimum distances [far_left, left, center, right, far_right] are [5.04, 5.03, 5.03, 4.11, 4.08] m.
- Nearest obstacle sector is far_right at 4.08 m and clearance status is clear.
- Lateral planning hint: left side is clearer.","{""waypoints"":[{""x"":-1.94680874074074,""y"":15.212963462962966},{""x"":-2.006993925925925,""y"":15.703704203703705},{""x"":-2.0671791111111104,""y"":16.19444494444445},{""x"":-2.1273642962962955,""y"":16.68518568518519},{""x"":-2.1875494814814807,""y"":17.17592642592593}],""reasoning"":""Selected waypoint 0 moves the reference anchor from 15.91 m to 15.42 m from goal immediately and to 13.48 m by the final waypoint, so progress is 0.49 m selected / 2.43 m final and passes with monotonic goal-distance reduction. Kinematics is evaluated on 5 unique label waypoint(s), excluding consecutive duplicate terminal holds, and checks only that the trajectory stays within the configured bounds speed <= 15.00 m/s and acceleration <= 8.00 m/s^2, so kinematics passes. Goal is not reached within this label waypoint window. Safety passes: minimum clearance 3.69 m against manifest obstacles with 0 violating segment(s).""}",-1.94680874074074,15.212963462962966,-2.5,-2.006993925925925,15.703704203703705,-2.5,-2.0671791111111104,16.19444494444445,-2.5,-2.1273642962962955,16.68518568518519,-2.5,-2.1875494814814807,17.17592642592593,-2.5
1773853599.561376810,1773853599.561376810,0.000,offline_ground_truth_window,"Environment section (T(v)):
- Current position NED is (-1.90, 14.97, -2.51) m.
- Current velocity is (-0.00, 0.09, 0.01) m/s (speed 0.09 m/s).
- Goal position NED is (-6.33, 30.00, -2.50) m.
- Output contract: predict exactly 5 waypoint x/y pairs in NED. The planner will set every waypoint z to goal z = -2.50 m before execution.
- Goal delta from current state is (-4.43, 15.03, 0.01) m with distance 15.67 m.
- Obstacle pipeline: depth_camera_to_body_to_ned_current_frame.
- Current depth frame obstacle points projected into NED: 65. Nearest depth obstacle in NED is at (-0.40, 18.80, -2.62) m, relative vector (1.50, 3.83, -0.11) m, distance 4.11 m.
- Depth validity fraction is 0.59. Global nearest obstacle distance is 3.53 m.
- Sector minimum distances [far_left, left, center, right, far_right] are [5.05, 5.05, 5.04, 3.69, 3.53] m.
- Nearest obstacle sector is far_right at 3.53 m and clearance status is clear.
- Lateral planning hint: left side is clearer.","{""waypoints"":[{""x"":-2.006993925925925,""y"":15.703704203703705},{""x"":-2.0671791111111104,""y"":16.19444494444445},{""x"":-2.1273642962962955,""y"":16.68518568518519},{""x"":-2.1875494814814807,""y"":17.17592642592593},{""x"":-2.2477346666666658,""y"":17.666667166666667}],""reasoning"":""Selected waypoint 0 moves the reference anchor from 15.42 m to 14.94 m from goal immediately and to 12.99 m by the final waypoint, so progress is 0.49 m selected / 2.43 m final and passes with monotonic goal-distance reduction. Kinematics is evaluated on 5 unique label waypoint(s), excluding consecutive duplicate terminal holds, and checks only that the trajectory stays within the configured bounds speed <= 15.00 m/s and acceleration <= 8.00 m/s^2, so kinematics passes. Goal is not reached within this label waypoint window. Safety passes: minimum clearance 3.49 m against manifest obstacles with 0 violating segment(s).""}",-2.006993925925925,15.703704203703705,-2.5,-2.0671791111111104,16.19444494444445,-2.5,-2.1273642962962955,16.68518568518519,-2.5,-2.1875494814814807,17.17592642592593,-2.5,-2.2477346666666658,17.666667166666667,-2.5
1773853603.137761831,1773853603.137761831,0.000,offline_ground_truth_window,"Environment section (T(v)):
- Current position NED is (-1.98, 15.46, -2.49) m.
- Current velocity is (-0.02, 0.11, 0.00) m/s (speed 0.11 m/s).
- Goal position NED is (-6.33, 30.00, -2.50) m.
- Output contract: predict exactly 5 waypoint x/y pairs in NED. The planner will set every waypoint z to goal z = -2.50 m before execution.
- Goal delta from current state is (-4.35, 14.54, -0.01) m with distance 15.18 m.
- Obstacle pipeline: depth_camera_to_body_to_ned_current_frame.
- Current depth frame obstacle points projected into NED: 54. Nearest depth obstacle in NED is at (-0.51, 18.83, -2.66) m, relative vector (1.47, 3.38, -0.18) m, distance 3.69 m.
- Depth validity fraction is 0.59. Global nearest obstacle distance is 3.10 m.
- Sector minimum distances [far_left, left, center, right, far_right] are [5.01, 5.02, 5.02, 3.39, 3.10] m.
- Nearest obstacle sector is far_right at 3.10 m and clearance status is clear.
- Lateral planning hint: left side is clearer.","{""waypoints"":[{""x"":-2.0671791111111104,""y"":16.19444494444445},{""x"":-2.1273642962962955,""y"":16.68518568518519},{""x"":-2.1875494814814807,""y"":17.17592642592593},{""x"":-2.2477346666666658,""y"":17.666667166666667},{""x"":-2.3079198518518513,""y"":18.15740790740741}],""reasoning"":""Selected waypoint 0 moves the reference anchor from 14.94 m to 14.45 m from goal immediately and to 12.51 m by the final waypoint, so progress is 0.49 m selected / 2.43 m final and passes with monotonic goal-distance reduction. Kinematics is evaluated on 5 unique label waypoint(s), excluding consecutive duplicate terminal holds, and checks only that the trajectory stays within the configured bounds speed <= 15.00 m/s and acceleration <= 8.00 m/s^2, so kinematics passes. Goal is not reached within this label waypoint window. Safety passes: minimum clearance 3.35 m against manifest obstacles with 0 violating segment(s).""}",-2.0671791111111104,16.19444494444445,-2.5,-2.1273642962962955,16.68518568518519,-2.5,-2.1875494814814807,17.17592642592593,-2.5,-2.2477346666666658,17.666667166666667,-2.5,-2.3079198518518513,18.15740790740741,-2.5
1773853608.053709269,1773853608.053709269,0.000,offline_ground_truth_window,"Environment section (T(v)):
- Current position NED is (-2.06, 15.95, -2.48) m.
- Current velocity is (-0.01, 0.09, 0.00) m/s (speed 0.09 m/s).
- Goal position NED is (-6.33, 30.00, -2.50) m.
- Output contract: predict exactly 5 waypoint x/y pairs in NED. The planner will set every waypoint z to goal z = -2.50 m before execution.
- Goal delta from current state is (-4.27, 14.05, -0.02) m with distance 14.69 m.
- Obstacle pipeline: depth_camera_to_body_to_ned_current_frame.
- Current depth frame obstacle points projected into NED: 73. Nearest depth obstacle in NED is at (-0.65, 18.84, -2.68) m, relative vector (1.41, 2.89, -0.20) m, distance 3.22 m.
- Depth validity fraction is 0.60. Global nearest obstacle distance is 2.61 m.
- Sector minimum distances [far_left, left, center, right, far_right] are [4.93, 4.93, 4.94, 3.81, 2.61] m.
- Nearest obstacle sector is far_right at 2.61 m and clearance status is caution.
- Lateral planning hint: left side is clearer.","{""waypoints"":[{""x"":-2.1273642962962955,""y"":16.68518568518519},{""x"":-2.1875494814814807,""y"":17.17592642592593},{""x"":-2.2477346666666658,""y"":17.666667166666667},{""x"":-2.3079198518518513,""y"":18.15740790740741},{""x"":-2.3681050370370365,""y"":18.64814864814815}],""reasoning"":""Selected waypoint 0 moves the reference anchor from 14.45 m to 13.96 m from goal immediately and to 12.02 m by the final waypoint, so progress is 0.49 m selected / 2.43 m final and passes with monotonic goal-distance reduction. Kinematics is evaluated on 5 unique label waypoint(s), excluding consecutive duplicate terminal holds, and checks only that the trajectory stays within the configured bounds speed <= 15.00 m/s and acceleration <= 8.00 m/s^2, so kinematics passes. Goal is not reached within this label waypoint window. Safety passes: minimum clearance 3.27 m against manifest obstacles with 0 violating segment(s).""}",-2.1273642962962955,16.68518568518519,-2.5,-2.1875494814814807,17.17592642592593,-2.5,-2.2477346666666658,17.666667166666667,-2.5,-2.3079198518518513,18.15740790740741,-2.5,-2.3681050370370365,18.64814864814815,-2.5
1773853613.332959652,1773853613.332959652,0.000,offline_ground_truth_window,"Environment section (T(v)):
- Current position NED is (-2.14, 16.44, -2.49) m.
- Current velocity is (-0.00, 0.07, 0.01) m/s (speed 0.07 m/s).
- Goal position NED is (-6.33, 30.00, -2.50) m.
- Output contract: predict exactly 5 waypoint x/y pairs in NED. The planner will set every waypoint z to goal z = -2.50 m before execution.
- Goal delta from current state is (-4.20, 13.56, -0.01) m with distance 14.20 m.
- Obstacle pipeline: depth_camera_to_body_to_ned_current_frame.
- Current depth frame obstacle points projected into NED: 69. Nearest depth obstacle in NED is at (-0.79, 18.83, -2.56) m, relative vector (1.35, 2.40, -0.07) m, distance 2.75 m.
- Depth validity fraction is 0.60. Global nearest obstacle distance is 2.14 m.
- Sector minimum distances [far_left, left, center, right, far_right] are [4.98, 4.99, 4.99, 4.99, 2.14] m.
- Nearest obstacle sector is far_right at 2.14 m and clearance status is caution.
- Lateral planning hint: left side is clearer.","{""waypoints"":[{""x"":-2.1875494814814807,""y"":17.17592642592593},{""x"":-2.2477346666666658,""y"":17.666667166666667},{""x"":-2.3079198518518513,""y"":18.15740790740741},{""x"":-2.3681050370370365,""y"":18.64814864814815},{""x"":-2.4282902222222216,""y"":19.13888938888889}],""reasoning"":""Selected waypoint 0 moves the reference anchor from 13.96 m to 13.48 m from goal immediately and to 11.54 m by the final waypoint, so progress is 0.49 m selected / 2.42 m final and passes with monotonic goal-distance reduction. Kinematics is evaluated on 5 unique label waypoint(s), excluding consecutive duplicate terminal holds, and checks only that the trajectory stays within the configured bounds speed <= 15.00 m/s and acceleration <= 8.00 m/s^2, so kinematics passes. Goal is not reached within this label waypoint window. Safety passes: minimum clearance 3.26 m against manifest obstacles with 0 violating segment(s).""}",-2.1875494814814807,17.17592642592593,-2.5,-2.2477346666666658,17.666667166666667,-2.5,-2.3079198518518513,18.15740790740741,-2.5,-2.3681050370370365,18.64814864814815,-2.5,-2.4282902222222216,19.13888938888889,-2.5
1773853618.116830111,1773853618.116830111,0.000,offline_ground_truth_window,"Environment section (T(v)):
- Current position NED is (-2.16, 16.93, -2.49) m.
- Current velocity is (-0.01, 0.11, 0.00) m/s (speed 0.11 m/s).
- Goal position NED is (-6.33, 30.00, -2.50) m.
- Output contract: predict exactly 5 waypoint x/y pairs in NED. The planner will set every waypoint z to goal z = -2.50 m before execution.
- Goal delta from current state is (-4.17, 13.07, -0.01) m with distance 13.72 m.
- Obstacle pipeline: depth_camera_to_body_to_ned_current_frame.
- Current depth frame obstacle points projected into NED: 71. Nearest depth obstacle in NED is at (-0.97, 19.01, -2.58) m, relative vector (1.19, 2.08, -0.10) m, distance 2.40 m.
- Depth validity fraction is 0.60. Global nearest obstacle distance is 1.83 m.
- Sector minimum distances [far_left, left, center, right, far_right] are [4.95, 4.94, 4.94, 4.94, 1.83] m.
- Nearest obstacle sector is far_right at 1.83 m and clearance status is caution.
- Lateral planning hint: left side is clearer.","{""waypoints"":[{""x"":-2.2477346666666658,""y"":17.666667166666667},{""x"":-2.3079198518518513,""y"":18.15740790740741},{""x"":-2.3681050370370365,""y"":18.64814864814815},{""x"":-2.4282902222222216,""y"":19.13888938888889},{""x"":-2.4884754074074067,""y"":19.629630129629632}],""reasoning"":""Selected waypoint 0 moves the reference anchor from 13.48 m to 12.99 m from goal immediately and to 11.06 m by the final waypoint, so progress is 0.49 m selected / 2.42 m final and passes with monotonic goal-distance reduction. Kinematics is evaluated on 5 unique label waypoint(s), excluding consecutive duplicate terminal holds, and checks only that the trajectory stays within the configured bounds speed <= 15.00 m/s and acceleration <= 8.00 m/s^2, so kinematics passes. Goal is not reached within this label waypoint window. Safety passes: minimum clearance 3.26 m against manifest obstacles with 0 violating segment(s).""}",-2.2477346666666658,17.666667166666667,-2.5,-2.3079198518518513,18.15740790740741,-2.5,-2.3681050370370365,18.64814864814815,-2.5,-2.4282902222222216,19.13888938888889,-2.5,-2.4884754074074067,19.629630129629632,-2.5
1773853622.930130959,1773853622.930130959,0.000,offline_ground_truth_window,"Environment section (T(v)):
- Current position NED is (-2.24, 17.42, -2.49) m.
- Current velocity is (-0.00, 0.09, 0.01) m/s (speed 0.09 m/s).
- Goal position NED is (-6.33, 30.00, -2.50) m.
- Output contract: predict exactly 5 waypoint x/y pairs in NED. The planner will set every waypoint z to goal z = -2.50 m before execution.
- Goal delta from current state is (-4.09, 12.58, -0.01) m with distance 13.22 m.
- Obstacle pipeline: depth_camera_to_body_to_ned_current_frame.
- Current depth frame obstacle points projected into NED: 55. Nearest depth obstacle in NED is at (-0.79, 19.86, -2.55) m, relative vector (1.45, 2.44, -0.06) m, distance 2.84 m.
- Depth validity fraction is 0.61. Global nearest obstacle distance is 2.20 m.
- Sector minimum distances [far_left, left, center, right, far_right] are [4.89, 4.89, 4.89, 4.89, 2.20] m.
- Nearest obstacle sector is far_right at 2.20 m and clearance status is caution.
- Lateral planning hint: left side is clearer.","{""waypoints"":[{""x"":-2.3079198518518513,""y"":18.15740790740741},{""x"":-2.3681050370370365,""y"":18.64814864814815},{""x"":-2.4282902222222216,""y"":19.13888938888889},{""x"":-2.4884754074074067,""y"":19.629630129629632},{""x"":-2.548660592592592,""y"":20.120370870370373}],""reasoning"":""Selected waypoint 0 moves the reference anchor from 12.99 m to 12.51 m from goal immediately and to 10.58 m by the final waypoint, so progress is 0.48 m selected / 2.41 m final and passes with monotonic goal-distance reduction. Kinematics is evaluated on 5 unique label waypoint(s), excluding consecutive duplicate terminal holds, and checks only that the trajectory stays within the configured bounds speed <= 15.00 m/s and acceleration <= 8.00 m/s^2, so kinematics passes. Goal is not reached within this label waypoint window. Safety passes: minimum clearance 3.26 m against manifest obstacles with 0 violating segment(s).""}",-2.3079198518518513,18.15740790740741,-2.5,-2.3681050370370365,18.64814864814815,-2.5,-2.4282902222222216,19.13888938888889,-2.5,-2.4884754074074067,19.629630129629632,-2.5,-2.548660592592592,20.120370870370373,-2.5
1773853627.887766838,1773853627.887766838,0.000,offline_ground_truth_window,"Environment section (T(v)):
- Current position NED is (-2.28, 17.92, -2.47) m.
- Current velocity is (-0.02, 0.11, 0.01) m/s (speed 0.11 m/s).
- Goal position NED is (-6.33, 30.00, -2.50) m.
- Output contract: predict exactly 5 waypoint x/y pairs in NED. The planner will set every waypoint z to goal z = -2.50 m before execution.
- Goal delta from current state is (-4.05, 12.08, -0.03) m with distance 12.75 m.
- Obstacle pipeline: depth_camera_to_body_to_ned_current_frame.
- Current depth frame obstacle points projected into NED: 66. Nearest depth obstacle in NED is at (-0.98, 20.21, -2.67) m, relative vector (1.30, 2.29, -0.20) m, distance 2.64 m.
- Depth validity fraction is 0.60. Global nearest obstacle distance is 1.97 m.
- Sector minimum distances [far_left, left, center, right, far_right] are [4.93, 4.93, 4.93, 4.93, 1.97] m.
- Nearest obstacle sector is far_right at 1.97 m and clearance status is caution.
- Lateral planning hint: left side is clearer.","{""waypoints"":[{""x"":-2.3681050370370365,""y"":18.64814864814815},{""x"":-2.4282902222222216,""y"":19.13888938888889},{""x"":-2.4884754074074067,""y"":19.629630129629632},{""x"":-2.548660592592592,""y"":20.120370870370373},{""x"":-2.608845777777777,""y"":20.611111611111113}],""reasoning"":""Selected waypoint 0 moves the reference anchor from 12.51 m to 12.02 m from goal immediately and to 10.10 m by the final waypoint, so progress is 0.48 m selected / 2.41 m final and passes with monotonic goal-distance reduction. Kinematics is evaluated on 5 unique label waypoint(s), excluding consecutive duplicate terminal holds, and checks only that the trajectory stays within the configured bounds speed <= 15.00 m/s and acceleration <= 8.00 m/s^2, so kinematics passes. Goal is not reached within this label waypoint window. Safety passes: minimum clearance 3.26 m against manifest obstacles with 0 violating segment(s).""}",-2.3681050370370365,18.64814864814815,-2.5,-2.4282902222222216,19.13888938888889,-2.5,-2.4884754074074067,19.629630129629632,-2.5,-2.548660592592592,20.120370870370373,-2.5,-2.608845777777777,20.611111611111113,-2.5
1773853634.189495325,1773853634.189495325,0.000,offline_ground_truth_window,"Environment section (T(v)):
- Current position NED is (-2.35, 18.40, -2.49) m.
- Current velocity is (-0.01, 0.08, -0.00) m/s (speed 0.08 m/s).
- Goal position NED is (-6.33, 30.00, -2.50) m.
- Output contract: predict exactly 5 waypoint x/y pairs in NED. The planner will set every waypoint z to goal z = -2.50 m before execution.
- Goal delta from current state is (-3.98, 11.60, -0.01) m with distance 12.26 m.
- Obstacle pipeline: depth_camera_to_body_to_ned_current_frame.
- Current depth frame obstacle points projected into NED: 74. Nearest depth obstacle in NED is at (0.65, 23.39, -2.58) m, relative vector (3.01, 4.99, -0.09) m, distance 5.83 m.
- Depth validity fraction is 0.61. Global nearest obstacle distance is 4.56 m.
- Sector minimum distances [far_left, left, center, right, far_right] are [4.90, 4.91, 4.91, 4.91, 4.56] m.
- Nearest obstacle sector is far_right at 4.56 m and clearance status is clear.
- Lateral planning hint: prefer center progress.","{""waypoints"":[{""x"":-2.4282902222222216,""y"":19.13888938888889},{""x"":-2.4884754074074067,""y"":19.629630129629632},{""x"":-2.548660592592592,""y"":20.120370870370373},{""x"":-2.608845777777777,""y"":20.611111611111113},{""x"":-2.669030962962962,""y"":21.101852351851853}],""reasoning"":""Selected waypoint 0 moves the reference anchor from 12.02 m to 11.54 m from goal immediately and to 9.62 m by the final waypoint, so progress is 0.48 m selected / 2.40 m final and passes with monotonic goal-distance reduction. Kinematics is evaluated on 5 unique label waypoint(s), excluding consecutive duplicate terminal holds, and checks only that the trajectory stays within the configured bounds speed <= 15.00 m/s and acceleration <= 8.00 m/s^2, so kinematics passes. Goal is not reached within this label waypoint window. Safety passes: minimum clearance 3.26 m against manifest obstacles with 0 violating segment(s).""}",-2.4282902222222216,19.13888938888889,-2.5,-2.4884754074074067,19.629630129629632,-2.5,-2.548660592592592,20.120370870370373,-2.5,-2.608845777777777,20.611111611111113,-2.5,-2.669030962962962,21.101852351851853,-2.5
1773853639.150579214,1773853639.150579214,0.000,offline_ground_truth_window,"Environment section (T(v)):
- Current position NED is (-2.40, 18.90, -2.51) m.
- Current velocity is (-0.01, 0.10, 0.01) m/s (speed 0.10 m/s).
- Goal position NED is (-6.33, 30.00, -2.50) m.
- Output contract: predict exactly 5 waypoint x/y pairs in NED. The planner will set every waypoint z to goal z = -2.50 m before execution.
- Goal delta from current state is (-3.93, 11.10, 0.01) m with distance 11.78 m.
- Obstacle pipeline: depth_camera_to_body_to_ned_current_frame.
- Current depth frame obstacle points projected into NED: 65. Nearest depth obstacle in NED is at (0.56, 23.86, -1.62) m, relative vector (2.96, 4.96, 0.88) m, distance 5.84 m.
- Depth validity fraction is 0.60. Global nearest obstacle distance is 4.50 m.
- Sector minimum distances [far_left, left, center, right, far_right] are [4.98, 4.97, 4.97, 4.97, 4.50] m.
- Nearest obstacle sector is far_right at 4.50 m and clearance status is clear.
- Lateral planning hint: prefer center progress.","{""waypoints"":[{""x"":-2.4884754074074067,""y"":19.629630129629632},{""x"":-2.548660592592592,""y"":20.120370870370373},{""x"":-2.608845777777777,""y"":20.611111611111113},{""x"":-2.669030962962962,""y"":21.101852351851853},{""x"":-2.729216148148147,""y"":21.592593092592594}],""reasoning"":""Selected waypoint 0 moves the reference anchor from 11.54 m to 11.06 m from goal immediately and to 9.15 m by the final waypoint, so progress is 0.48 m selected / 2.39 m final and passes with monotonic goal-distance reduction. Kinematics is evaluated on 5 unique label waypoint(s), excluding consecutive duplicate terminal holds, and checks only that the trajectory stays within the configured bounds speed <= 15.00 m/s and acceleration <= 8.00 m/s^2, so kinematics passes. Goal is not reached within this label waypoint window. Safety passes: minimum clearance 3.26 m against manifest obstacles with 0 violating segment(s).""}",-2.4884754074074067,19.629630129629632,-2.5,-2.548660592592592,20.120370870370373,-2.5,-2.608845777777777,20.611111611111113,-2.5,-2.669030962962962,21.101852351851853,-2.5,-2.729216148148147,21.592593092592594,-2.5
1773853643.675708532,1773853643.675708532,0.000,offline_ground_truth_window,"Environment section (T(v)):
- Current position NED is (-2.44, 19.39, -2.50) m.
- Current velocity is (-0.01, 0.11, 0.01) m/s (speed 0.11 m/s).
- Goal position NED is (-6.33, 30.00, -2.50) m.
- Output contract: predict exactly 5 waypoint x/y pairs in NED. The planner will set every waypoint z to goal z = -2.50 m before execution.
- Goal delta from current state is (-3.89, 10.61, -0.00) m with distance 11.30 m.
- Obstacle pipeline: depth_camera_to_body_to_ned_current_frame.
- Current depth frame obstacle points projected into NED: 70. Nearest depth obstacle in NED is at (0.48, 24.28, -2.64) m, relative vector (2.92, 4.90, -0.14) m, distance 5.71 m.
- Depth validity fraction is 0.60. Global nearest obstacle distance is 4.45 m.
- Sector minimum distances [far_left, left, center, right, far_right] are [5.03, 5.03, 5.02, 5.02, 4.45] m.
- Nearest obstacle sector is far_right at 4.45 m and clearance status is clear.
- Lateral planning hint: prefer center progress.","{""waypoints"":[{""x"":-2.548660592592592,""y"":20.120370870370373},{""x"":-2.608845777777777,""y"":20.611111611111113},{""x"":-2.669030962962962,""y"":21.101852351851853},{""x"":-2.729216148148147,""y"":21.592593092592594},{""x"":-2.7894013333333327,""y"":22.083333833333338}],""reasoning"":""Selected waypoint 0 moves the reference anchor from 11.06 m to 10.58 m from goal immediately and to 8.67 m by the final waypoint, so progress is 0.48 m selected / 2.39 m final and passes with monotonic goal-distance reduction. Kinematics is evaluated on 5 unique label waypoint(s), excluding consecutive duplicate terminal holds, and checks only that the trajectory stays within the configured bounds speed <= 15.00 m/s and acceleration <= 8.00 m/s^2, so kinematics passes. Goal is not reached within this label waypoint window. Safety passes: minimum clearance 3.32 m against manifest obstacles with 0 violating segment(s).""}",-2.548660592592592,20.120370870370373,-2.5,-2.608845777777777,20.611111611111113,-2.5,-2.669030962962962,21.101852351851853,-2.5,-2.729216148148147,21.592593092592594,-2.5,-2.7894013333333327,22.083333833333338,-2.5
1773853648.460127831,1773853648.460127831,0.000,offline_ground_truth_window,"Environment section (T(v)):
- Current position NED is (-2.51, 19.88, -2.48) m.
- Current velocity is (-0.02, 0.10, 0.00) m/s (speed 0.10 m/s).
- Goal position NED is (-6.33, 30.00, -2.50) m.
- Output contract: predict exactly 5 waypoint x/y pairs in NED. The planner will set every waypoint z to goal z = -2.50 m before execution.
- Goal delta from current state is (-3.82, 10.12, -0.02) m with distance 10.82 m.
- Obstacle pipeline: depth_camera_to_body_to_ned_current_frame.
- Current depth frame obstacle points projected into NED: 68. Nearest depth obstacle in NED is at (0.32, 24.59, -2.08) m, relative vector (2.83, 4.71, 0.40) m, distance 5.51 m.
- Depth validity fraction is 0.61. Global nearest obstacle distance is 4.33 m.
- Sector minimum distances [far_left, left, center, right, far_right] are [4.96, 4.96, 4.96, 4.96, 4.33] m.
- Nearest obstacle sector is far_right at 4.33 m and clearance status is clear.
- Lateral planning hint: prefer center progress.","{""waypoints"":[{""x"":-2.608845777777777,""y"":20.611111611111113},{""x"":-2.669030962962962,""y"":21.101852351851853},{""x"":-2.729216148148147,""y"":21.592593092592594},{""x"":-2.7894013333333327,""y"":22.083333833333338},{""x"":-2.849586518518518,""y"":22.574074574074075}],""reasoning"":""Selected waypoint 0 moves the reference anchor from 10.58 m to 10.10 m from goal immediately and to 8.20 m by the final waypoint, so progress is 0.48 m selected / 2.38 m final and passes with monotonic goal-distance reduction. Kinematics is evaluated on 5 unique label waypoint(s), excluding consecutive duplicate terminal holds, and checks only that the trajectory stays within the configured bounds speed <= 15.00 m/s and acceleration <= 8.00 m/s^2, so kinematics passes. Goal is not reached within this label waypoint window. Safety passes: minimum clearance 3.39 m against manifest obstacles with 0 violating segment(s).""}",-2.608845777777777,20.611111611111113,-2.5,-2.669030962962962,21.101852351851853,-2.5,-2.729216148148147,21.592593092592594,-2.5,-2.7894013333333327,22.083333833333338,-2.5,-2.849586518518518,22.574074574074075,-2.5
1773853653.685578823,1773853653.685578823,0.000,offline_ground_truth_window,"Environment section (T(v)):
- Current position NED is (-2.58, 20.37, -2.50) m.
- Current velocity is (-0.01, 0.07, 0.01) m/s (speed 0.07 m/s).
- Goal position NED is (-6.33, 30.00, -2.50) m.
- Output contract: predict exactly 5 waypoint x/y pairs in NED. The planner will set every waypoint z to goal z = -2.50 m before execution.
- Goal delta from current state is (-3.75, 9.63, -0.00) m with distance 10.34 m.
- Obstacle pipeline: depth_camera_to_body_to_ned_current_frame.
- Current depth frame obstacle points projected into NED: 73. Nearest depth obstacle in NED is at (-2.37, 25.69, -2.48) m, relative vector (0.21, 5.32, 0.02) m, distance 5.33 m.
- Depth validity fraction is 0.61. Global nearest obstacle distance is 4.25 m.
- Sector minimum distances [far_left, left, center, right, far_right] are [4.92, 4.92, 4.92, 4.92, 4.25] m.
- Nearest obstacle sector is far_right at 4.25 m and clearance status is clear.
- Lateral planning hint: prefer center progress.","{""waypoints"":[{""x"":-2.669030962962962,""y"":21.101852351851853},{""x"":-2.729216148148147,""y"":21.592593092592594},{""x"":-2.7894013333333327,""y"":22.083333833333338},{""x"":-2.849586518518518,""y"":22.574074574074075},{""x"":-2.909771703703703,""y"":23.064815314814815}],""reasoning"":""Selected waypoint 0 moves the reference anchor from 10.10 m to 9.62 m from goal immediately and to 7.73 m by the final waypoint, so progress is 0.48 m selected / 2.37 m final and passes with monotonic goal-distance reduction. Kinematics is evaluated on 5 unique label waypoint(s), excluding consecutive duplicate terminal holds, and checks only that the trajectory stays within the configured bounds speed <= 15.00 m/s and acceleration <= 8.00 m/s^2, so kinematics passes. Goal is not reached within this label waypoint window. Safety passes: minimum clearance 3.11 m against manifest obstacles with 0 violating segment(s).""}",-2.669030962962962,21.101852351851853,-2.5,-2.729216148148147,21.592593092592594,-2.5,-2.7894013333333327,22.083333833333338,-2.5,-2.849586518518518,22.574074574074075,-2.5,-2.909771703703703,23.064815314814815,-2.5
1773853657.895547152,1773853657.895547152,0.000,offline_ground_truth_window,"Environment section (T(v)):
- Current position NED is (-2.63, 20.86, -2.50) m.
- Current velocity is (-0.02, 0.10, 0.01) m/s (speed 0.10 m/s).
- Goal position NED is (-6.33, 30.00, -2.50) m.
- Output contract: predict exactly 5 waypoint x/y pairs in NED. The planner will set every waypoint z to goal z = -2.50 m before execution.
- Goal delta from current state is (-3.70, 9.14, -0.00) m with distance 9.86 m.
- Obstacle pipeline: depth_camera_to_body_to_ned_current_frame.
- Current depth frame obstacle points projected into NED: 89. Nearest depth obstacle in NED is at (-2.52, 25.68, -2.34) m, relative vector (0.11, 4.81, 0.15) m, distance 4.82 m.
- Depth validity fraction is 0.61. Global nearest obstacle distance is 4.14 m.
- Sector minimum distances [far_left, left, center, right, far_right] are [4.96, 4.96, 4.65, 4.68, 4.14] m.
- Nearest obstacle sector is far_right at 4.14 m and clearance status is clear.
- Lateral planning hint: left side is clearer.","{""waypoints"":[{""x"":-2.729216148148147,""y"":21.592593092592594},{""x"":-2.7894013333333327,""y"":22.083333833333338},{""x"":-2.849586518518518,""y"":22.574074574074075},{""x"":-2.909771703703703,""y"":23.064815314814815},{""x"":-2.969956888888888,""y"":23.555556055555556}],""reasoning"":""Selected waypoint 0 moves the reference anchor from 9.62 m to 9.15 m from goal immediately and to 7.27 m by the final waypoint, so progress is 0.48 m selected / 2.35 m final and passes with monotonic goal-distance reduction. Kinematics is evaluated on 5 unique label waypoint(s), excluding consecutive duplicate terminal holds, and checks only that the trajectory stays within the configured bounds speed <= 15.00 m/s and acceleration <= 8.00 m/s^2, so kinematics passes. Goal is not reached within this label waypoint window. Safety passes: minimum clearance 2.72 m against manifest obstacles with 0 violating segment(s).""}",-2.729216148148147,21.592593092592594,-2.5,-2.7894013333333327,22.083333833333338,-2.5,-2.849586518518518,22.574074574074075,-2.5,-2.909771703703703,23.064815314814815,-2.5,-2.969956888888888,23.555556055555556,-2.5
1773853662.745201349,1773853662.745201349,0.000,offline_ground_truth_window,"Environment section (T(v)):
- Current position NED is (-2.70, 21.35, -2.50) m.
- Current velocity is (-0.01, 0.10, 0.01) m/s (speed 0.10 m/s).
- Goal position NED is (-6.33, 30.00, -2.50) m.
- Output contract: predict exactly 5 waypoint x/y pairs in NED. The planner will set every waypoint z to goal z = -2.50 m before execution.
- Goal delta from current state is (-3.63, 8.65, 0.00) m with distance 9.38 m.
- Obstacle pipeline: depth_camera_to_body_to_ned_current_frame.
- Current depth frame obstacle points projected into NED: 108. Nearest depth obstacle in NED is at (-2.62, 25.70, -2.49) m, relative vector (0.08, 4.35, 0.02) m, distance 4.35 m.
- Depth validity fraction is 0.62. Global nearest obstacle distance is 4.03 m.
- Sector minimum distances [far_left, left, center, right, far_right] are [4.91, 4.91, 4.20, 4.23, 4.03] m.
- Nearest obstacle sector is far_right at 4.03 m and clearance status is clear.
- Lateral planning hint: left side is clearer.","{""waypoints"":[{""x"":-2.7894013333333327,""y"":22.083333833333338},{""x"":-2.849586518518518,""y"":22.574074574074075},{""x"":-2.909771703703703,""y"":23.064815314814815},{""x"":-2.969956888888888,""y"":23.555556055555556},{""x"":-3.0301420740740737,""y"":24.0462967962963}],""reasoning"":""Selected waypoint 0 moves the reference anchor from 9.15 m to 8.67 m from goal immediately and to 6.81 m by the final waypoint, so progress is 0.47 m selected / 2.34 m final and passes with monotonic goal-distance reduction. Kinematics is evaluated on 5 unique label waypoint(s), excluding consecutive duplicate terminal holds, and checks only that the trajectory stays within the configured bounds speed <= 15.00 m/s and acceleration <= 8.00 m/s^2, so kinematics passes. Goal is not reached within this label waypoint window. Safety passes: minimum clearance 2.37 m against manifest obstacles with 0 violating segment(s).""}",-2.7894013333333327,22.083333833333338,-2.5,-2.849586518518518,22.574074574074075,-2.5,-2.909771703703703,23.064815314814815,-2.5,-2.969956888888888,23.555556055555556,-2.5,-3.0301420740740737,24.0462967962963,-2.5
1773853667.592940569,1773853667.592940569,0.000,offline_ground_truth_window,"Environment section (T(v)):
- Current position NED is (-2.78, 21.84, -2.49) m.
- Current velocity is (-0.02, 0.08, 0.00) m/s (speed 0.08 m/s).
- Goal position NED is (-6.33, 30.00, -2.50) m.
- Output contract: predict exactly 5 waypoint x/y pairs in NED. The planner will set every waypoint z to goal z = -2.50 m before execution.
- Goal delta from current state is (-3.55, 8.16, -0.01) m with distance 8.90 m.
- Obstacle pipeline: depth_camera_to_body_to_ned_current_frame.
- Current depth frame obstacle points projected into NED: 105. Nearest depth obstacle in NED is at (-2.69, 25.70, -2.35) m, relative vector (0.09, 3.86, 0.14) m, distance 3.86 m.
- Depth validity fraction is 0.61. Global nearest obstacle distance is 3.70 m.
- Sector minimum distances [far_left, left, center, right, far_right] are [4.94, 4.94, 3.70, 3.73, 3.93] m.
- Nearest obstacle sector is center at 3.70 m and clearance status is clear.
- Lateral planning hint: left side is clearer.","{""waypoints"":[{""x"":-2.849586518518518,""y"":22.574074574074075},{""x"":-2.909771703703703,""y"":23.064815314814815},{""x"":-2.969956888888888,""y"":23.555556055555556},{""x"":-3.0301420740740737,""y"":24.0462967962963},{""x"":-3.0903272592592583,""y"":24.53703753703704}],""reasoning"":""Selected waypoint 0 moves the reference anchor from 8.67 m to 8.20 m from goal immediately and to 6.35 m by the final waypoint, so progress is 0.47 m selected / 2.32 m final and passes with monotonic goal-distance reduction. Kinematics is evaluated on 5 unique label waypoint(s), excluding consecutive duplicate terminal holds, and checks only that the trajectory stays within the configured bounds speed <= 15.00 m/s and acceleration <= 8.00 m/s^2, so kinematics passes. Goal is not reached within this label waypoint window. Safety passes: minimum clearance 2.07 m against manifest obstacles with 0 violating segment(s).""}",-2.849586518518518,22.574074574074075,-2.5,-2.909771703703703,23.064815314814815,-2.5,-2.969956888888888,23.555556055555556,-2.5,-3.0301420740740737,24.0462967962963,-2.5,-3.0903272592592583,24.53703753703704,-2.5
1773853672.376478434,1773853672.376478434,0.000,offline_ground_truth_window,"Environment section (T(v)):
- Current position NED is (-2.83, 22.33, -2.50) m.
- Current velocity is (-0.01, 0.10, 0.01) m/s (speed 0.10 m/s).
- Goal position NED is (-6.33, 30.00, -2.50) m.
- Output contract: predict exactly 5 waypoint x/y pairs in NED. The planner will set every waypoint z to goal z = -2.50 m before execution.
- Goal delta from current state is (-3.50, 7.67, -0.00) m with distance 8.43 m.
- Obstacle pipeline: depth_camera_to_body_to_ned_current_frame.
- Current depth frame obstacle points projected into NED: 108. Nearest depth obstacle in NED is at (-2.74, 25.68, -2.53) m, relative vector (0.09, 3.36, -0.04) m, distance 3.36 m.
- Depth validity fraction is 0.62. Global nearest obstacle distance is 3.20 m.
- Sector minimum distances [far_left, left, center, right, far_right] are [4.89, 4.90, 3.20, 3.22, 3.87] m.
- Nearest obstacle sector is center at 3.20 m and clearance status is clear.
- Lateral planning hint: left side is clearer.","{""waypoints"":[{""x"":-2.909771703703703,""y"":23.064815314814815},{""x"":-2.969956888888888,""y"":23.555556055555556},{""x"":-3.0301420740740737,""y"":24.0462967962963},{""x"":-3.0903272592592583,""y"":24.53703753703704},{""x"":-3.1505124444444434,""y"":25.02777827777778}],""reasoning"":""Selected waypoint 0 moves the reference anchor from 8.20 m to 7.73 m from goal immediately and to 5.90 m by the final waypoint, so progress is 0.47 m selected / 2.30 m final and passes with monotonic goal-distance reduction. Kinematics is evaluated on 5 unique label waypoint(s), excluding consecutive duplicate terminal holds, and checks only that the trajectory stays within the configured bounds speed <= 15.00 m/s and acceleration <= 8.00 m/s^2, so kinematics passes. Goal is not reached within this label waypoint window. Safety passes: minimum clearance 1.83 m against manifest obstacles with 0 violating segment(s).""}",-2.909771703703703,23.064815314814815,-2.5,-2.969956888888888,23.555556055555556,-2.5,-3.0301420740740737,24.0462967962963,-2.5,-3.0903272592592583,24.53703753703704,-2.5,-3.1505124444444434,25.02777827777778,-2.5
1773853677.256660223,1773853677.256660223,0.000,offline_ground_truth_window,"Environment section (T(v)):
- Current position NED is (-2.87, 22.82, -2.48) m.
- Current velocity is (-0.01, 0.09, 0.00) m/s (speed 0.09 m/s).
- Goal position NED is (-6.33, 30.00, -2.50) m.
- Output contract: predict exactly 5 waypoint x/y pairs in NED. The planner will set every waypoint z to goal z = -2.50 m before execution.
- Goal delta from current state is (-3.46, 7.18, -0.02) m with distance 7.97 m.
- Obstacle pipeline: depth_camera_to_body_to_ned_current_frame.
- Current depth frame obstacle points projected into NED: 127. Nearest depth obstacle in NED is at (-2.83, 25.70, -2.43) m, relative vector (0.04, 2.88, 0.05) m, distance 2.88 m.
- Depth validity fraction is 0.63. Global nearest obstacle distance is 2.72 m.
- Sector minimum distances [far_left, left, center, right, far_right] are [4.92, 4.92, 2.72, 2.72, 3.83] m.
- Nearest obstacle sector is center at 2.72 m and clearance status is caution.
- Lateral planning hint: left side is clearer.","{""waypoints"":[{""x"":-2.969956888888888,""y"":23.555556055555556},{""x"":-3.0301420740740737,""y"":24.0462967962963},{""x"":-3.0903272592592583,""y"":24.53703753703704},{""x"":-3.1505124444444434,""y"":25.02777827777778},{""x"":-3.2106976296296286,""y"":25.518519018518518}],""reasoning"":""Selected waypoint 0 moves the reference anchor from 7.73 m to 7.27 m from goal immediately and to 5.46 m by the final waypoint, so progress is 0.46 m selected / 2.27 m final and passes with monotonic goal-distance reduction. Kinematics is evaluated on 5 unique label waypoint(s), excluding consecutive duplicate terminal holds, and checks only that the trajectory stays within the configured bounds speed <= 15.00 m/s and acceleration <= 8.00 m/s^2, so kinematics passes. Goal is not reached within this label waypoint window. Safety passes: minimum clearance 1.69 m against manifest obstacles with 0 violating segment(s).""}",-2.969956888888888,23.555556055555556,-2.5,-3.0301420740740737,24.0462967962963,-2.5,-3.0903272592592583,24.53703753703704,-2.5,-3.1505124444444434,25.02777827777778,-2.5,-3.2106976296296286,25.518519018518518,-2.5
1773853682.106232166,1773853682.106232166,0.000,offline_ground_truth_window,"Environment section (T(v)):
- Current position NED is (-2.91, 23.32, -2.48) m.
- Current velocity is (-0.01, 0.09, 0.01) m/s (speed 0.09 m/s).
- Goal position NED is (-6.33, 30.00, -2.50) m.
- Output contract: predict exactly 5 waypoint x/y pairs in NED. The planner will set every waypoint z to goal z = -2.50 m before execution.
- Goal delta from current state is (-3.42, 6.68, -0.02) m with distance 7.51 m.
- Obstacle pipeline: depth_camera_to_body_to_ned_current_frame.
- Current depth frame obstacle points projected into NED: 138. Nearest depth obstacle in NED is at (-2.83, 25.65, -2.50) m, relative vector (0.07, 2.33, -0.01) m, distance 2.33 m.
- Depth validity fraction is 0.64. Global nearest obstacle distance is 2.18 m.
- Sector minimum distances [far_left, left, center, right, far_right] are [4.97, 4.96, 2.18, 2.18, 3.74] m.
- Nearest obstacle sector is center at 2.18 m and clearance status is caution.
- Lateral planning hint: left side is clearer.","{""waypoints"":[{""x"":-3.0301420740740737,""y"":24.0462967962963},{""x"":-3.0903272592592583,""y"":24.53703753703704},{""x"":-3.1505124444444434,""y"":25.02777827777778},{""x"":-3.2106976296296286,""y"":25.518519018518518},{""x"":-3.270882814814814,""y"":26.009259759259262}],""reasoning"":""Selected waypoint 0 moves the reference anchor from 7.27 m to 6.81 m from goal immediately and to 5.03 m by the final waypoint, so progress is 0.46 m selected / 2.24 m final and passes with monotonic goal-distance reduction. Kinematics is evaluated on 5 unique label waypoint(s), excluding consecutive duplicate terminal holds, and checks only that the trajectory stays within the configured bounds speed <= 15.00 m/s and acceleration <= 8.00 m/s^2, so kinematics passes. Goal is not reached within this label waypoint window. Safety passes: minimum clearance 1.65 m against manifest obstacles with 0 violating segment(s).""}",-3.0301420740740737,24.0462967962963,-2.5,-3.0903272592592583,24.53703753703704,-2.5,-3.1505124444444434,25.02777827777778,-2.5,-3.2106976296296286,25.518519018518518,-2.5,-3.270882814814814,26.009259759259262,-2.5
1773853686.222577810,1773853686.222577810,0.000,offline_ground_truth_window,"Environment section (T(v)):
- Current position NED is (-3.00, 23.80, -2.48) m.
- Current velocity is (-0.03, 0.10, 0.00) m/s (speed 0.10 m/s).
- Goal position NED is (-6.33, 30.00, -2.50) m.
- Output contract: predict exactly 5 waypoint x/y pairs in NED. The planner will set every waypoint z to goal z = -2.50 m before execution.
- Goal delta from current state is (-3.33, 6.20, -0.02) m with distance 7.04 m.
- Obstacle pipeline: depth_camera_to_body_to_ned_current_frame.
- Current depth frame obstacle points projected into NED: 148. Nearest depth obstacle in NED is at (-3.04, 25.66, -2.52) m, relative vector (-0.05, 1.86, -0.04) m, distance 1.86 m.
- Depth validity fraction is 0.66. Global nearest obstacle distance is 1.71 m.
- Sector minimum distances [far_left, left, center, right, far_right] are [4.97, 4.97, 1.71, 1.72, 3.58] m.
- Nearest obstacle sector is center at 1.71 m and clearance status is caution.
- Lateral planning hint: left side is clearer.","{""waypoints"":[{""x"":-3.0903272592592583,""y"":24.53703753703704},{""x"":-3.1505124444444434,""y"":25.02777827777778},{""x"":-3.2106976296296286,""y"":25.518519018518518},{""x"":-3.270882814814814,""y"":26.009259759259262},{""x"":-3.3310679999999993,""y"":26.500000500000002}],""reasoning"":""Selected waypoint 0 moves the reference anchor from 6.81 m to 6.35 m from goal immediately and to 4.61 m by the final waypoint, so progress is 0.46 m selected / 2.20 m final and passes with monotonic goal-distance reduction. Kinematics is evaluated on 5 unique label waypoint(s), excluding consecutive duplicate terminal holds, and checks only that the trajectory stays within the configured bounds speed <= 15.00 m/s and acceleration <= 8.00 m/s^2, so kinematics passes. Goal is not reached within this label waypoint window. Safety passes: minimum clearance 1.65 m against manifest obstacles with 0 violating segment(s).""}",-3.0903272592592583,24.53703753703704,-2.5,-3.1505124444444434,25.02777827777778,-2.5,-3.2106976296296286,25.518519018518518,-2.5,-3.270882814814814,26.009259759259262,-2.5,-3.3310679999999993,26.500000500000002,-2.5
1773853691.006536245,1773853691.006536245,0.000,offline_ground_truth_window,"Environment section (T(v)):
- Current position NED is (-3.06, 24.29, -2.49) m.
- Current velocity is (-0.01, 0.09, 0.00) m/s (speed 0.09 m/s).
- Goal position NED is (-6.33, 30.00, -2.50) m.
- Output contract: predict exactly 5 waypoint x/y pairs in NED. The planner will set every waypoint z to goal z = -2.50 m before execution.
- Goal delta from current state is (-3.27, 5.71, -0.01) m with distance 6.58 m.
- Obstacle pipeline: depth_camera_to_body_to_ned_current_frame.
- Current depth frame obstacle points projected into NED: 212. Nearest depth obstacle in NED is at (-3.07, 25.64, -2.48) m, relative vector (-0.01, 1.35, 0.01) m, distance 1.35 m.
- Depth validity fraction is 0.70. Global nearest obstacle distance is 1.21 m.
- Sector minimum distances [far_left, left, center, right, far_right] are [5.00, 1.34, 1.21, 1.22, 3.46] m.
- Nearest obstacle sector is center at 1.21 m and clearance status is blocked.
- Lateral planning hint: left side is clearer.","{""waypoints"":[{""x"":-3.1505124444444434,""y"":25.02777827777778},{""x"":-3.2106976296296286,""y"":25.518519018518518},{""x"":-3.270882814814814,""y"":26.009259759259262},{""x"":-3.3310679999999993,""y"":26.500000500000002},{""x"":-3.631067999999999,""y"":26.850000500000004}],""reasoning"":""Selected waypoint 0 moves the reference anchor from 6.35 m to 5.90 m from goal immediately and to 4.15 m by the final waypoint, so progress is 0.45 m selected / 2.20 m final and passes with monotonic goal-distance reduction. Kinematics is evaluated on 5 unique label waypoint(s), excluding consecutive duplicate terminal holds, and checks only that the trajectory stays within the configured bounds speed <= 15.00 m/s and acceleration <= 8.00 m/s^2, so kinematics passes. Goal is not reached within this label waypoint window. Safety passes: minimum clearance 1.62 m against manifest obstacles with 0 violating segment(s).""}",-3.1505124444444434,25.02777827777778,-2.5,-3.2106976296296286,25.518519018518518,-2.5,-3.270882814814814,26.009259759259262,-2.5,-3.3310679999999993,26.500000500000002,-2.5,-3.631067999999999,26.850000500000004,-2.5
1773853695.308677197,1773853695.308677197,0.000,offline_ground_truth_window,"Environment section (T(v)):
- Current position NED is (-3.14, 24.78, -2.50) m.
- Current velocity is (0.00, 0.13, 0.01) m/s (speed 0.13 m/s).
- Goal position NED is (-6.33, 30.00, -2.50) m.
- Output contract: predict exactly 5 waypoint x/y pairs in NED. The planner will set every waypoint z to goal z = -2.50 m before execution.
- Goal delta from current state is (-3.19, 5.22, -0.00) m with distance 6.12 m.
- Obstacle pipeline: depth_camera_to_body_to_ned_current_frame.
- Current depth frame obstacle points projected into NED: 343. Nearest depth obstacle in NED is at (-3.16, 25.65, -2.50) m, relative vector (-0.02, 0.87, -0.01) m, distance 0.87 m.
- Depth validity fraction is 0.82. Global nearest obstacle distance is 0.73 m.
- Sector minimum distances [far_left, left, center, right, far_right] are [5.05, 0.77, 0.73, 0.73, 0.82] m.
- Nearest obstacle sector is center at 0.73 m and clearance status is blocked.
- Lateral planning hint: left side is clearer.","{""waypoints"":[{""x"":-3.2106976296296286,""y"":25.518519018518518},{""x"":-3.270882814814814,""y"":26.009259759259262},{""x"":-3.3310679999999993,""y"":26.500000500000002},{""x"":-3.631067999999999,""y"":26.850000500000004},{""x"":-3.9310679999999993,""y"":27.2000005}],""reasoning"":""Selected waypoint 0 moves the reference anchor from 5.90 m to 5.46 m from goal immediately and to 3.69 m by the final waypoint, so progress is 0.44 m selected / 2.21 m final and passes with monotonic goal-distance reduction. Kinematics is evaluated on 5 unique label waypoint(s), excluding consecutive duplicate terminal holds, and checks only that the trajectory stays within the configured bounds speed <= 15.00 m/s and acceleration <= 8.00 m/s^2, so kinematics passes. Goal is not reached within this label waypoint window. Safety passes: minimum clearance 1.60 m against manifest obstacles with 0 violating segment(s).""}",-3.2106976296296286,25.518519018518518,-2.5,-3.270882814814814,26.009259759259262,-2.5,-3.3310679999999993,26.500000500000002,-2.5,-3.631067999999999,26.850000500000004,-2.5,-3.9310679999999993,27.2000005,-2.5
1773853700.010113955,1773853700.010113955,0.000,offline_ground_truth_window,"Environment section (T(v)):
- Current position NED is (-3.19, 25.27, -2.50) m.
- Current velocity is (-0.01, 0.09, 0.01) m/s (speed 0.09 m/s).
- Goal position NED is (-6.33, 30.00, -2.50) m.
- Output contract: predict exactly 5 waypoint x/y pairs in NED. The planner will set every waypoint z to goal z = -2.50 m before execution.
- Goal delta from current state is (-3.14, 4.73, 0.00) m with distance 5.68 m.
- Obstacle pipeline: depth_camera_to_body_to_ned_current_frame.
- Current depth frame obstacle points projected into NED: 500. Nearest depth obstacle in NED is at (-3.22, 25.65, -2.38) m, relative vector (-0.04, 0.38, 0.12) m, distance 0.40 m.
- Depth validity fraction is 1.00. Global nearest obstacle distance is 0.24 m.
- Sector minimum distances [far_left, left, center, right, far_right] are [0.28, 0.25, 0.25, 0.24, 0.25] m.
- Nearest obstacle sector is right at 0.24 m and clearance status is blocked.
- Lateral planning hint: prefer center progress.","{""waypoints"":[{""x"":-3.270882814814814,""y"":26.009259759259262},{""x"":-3.3310679999999993,""y"":26.500000500000002},{""x"":-3.631067999999999,""y"":26.850000500000004},{""x"":-3.9310679999999993,""y"":27.2000005},{""x"":-4.231067999999999,""y"":27.550000500000003}],""reasoning"":""Selected waypoint 0 moves the reference anchor from 5.46 m to 5.03 m from goal immediately and to 3.23 m by the final waypoint, so progress is 0.43 m selected / 2.23 m final and passes with monotonic goal-distance reduction. Kinematics is evaluated on 5 unique label waypoint(s), excluding consecutive duplicate terminal holds, and checks only that the trajectory stays within the configured bounds speed <= 15.00 m/s and acceleration <= 8.00 m/s^2, so kinematics passes. Goal is not reached within this label waypoint window. Safety passes: minimum clearance 1.60 m against manifest obstacles with 0 violating segment(s).""}",-3.270882814814814,26.009259759259262,-2.5,-3.3310679999999993,26.500000500000002,-2.5,-3.631067999999999,26.850000500000004,-2.5,-3.9310679999999993,27.2000005,-2.5,-4.231067999999999,27.550000500000003,-2.5
1773853707.566085339,1773853707.566085339,0.000,offline_ground_truth_window,"Environment section (T(v)):
- Current position NED is (-3.02, 25.80, -2.23) m.
- Current velocity is (-0.02, 0.37, -0.38) m/s (speed 0.53 m/s).
- Goal position NED is (-6.33, 30.00, -2.50) m.
- Output contract: predict exactly 5 waypoint x/y pairs in NED. The planner will set every waypoint z to goal z = -2.50 m before execution.
- Goal delta from current state is (-3.31, 4.20, -0.27) m with distance 5.35 m.
- Obstacle pipeline: depth_camera_to_body_to_ned_current_frame.
- Current depth frame obstacle points projected into NED: 60. Nearest depth obstacle in NED is at (-1.50, 32.87, -2.71) m, relative vector (1.53, 7.07, -0.48) m, distance 7.24 m.
- Depth validity fraction is 0.61. Global nearest obstacle distance is 4.68 m.
- Sector minimum distances [far_left, left, center, right, far_right] are [4.78, 4.75, 4.73, 4.70, 4.68] m.
- Nearest obstacle sector is far_right at 4.68 m and clearance status is clear.
- Lateral planning hint: prefer center progress.","{""waypoints"":[{""x"":-3.3310679999999993,""y"":26.500000500000002},{""x"":-3.631067999999999,""y"":26.850000500000004},{""x"":-3.9310679999999993,""y"":27.2000005},{""x"":-4.231067999999999,""y"":27.550000500000003},{""x"":-4.531067999999999,""y"":27.9000005}],""reasoning"":""Selected waypoint 0 moves the reference anchor from 5.03 m to 4.61 m from goal immediately and to 2.77 m by the final waypoint, so progress is 0.42 m selected / 2.26 m final and passes with monotonic goal-distance reduction. Kinematics is evaluated on 5 unique label waypoint(s), excluding consecutive duplicate terminal holds, and checks only that the trajectory stays within the configured bounds speed <= 15.00 m/s and acceleration <= 8.00 m/s^2, so kinematics passes. Goal is not reached within this label waypoint window. Safety passes: minimum clearance 1.60 m against manifest obstacles with 0 violating segment(s).""}",-3.3310679999999993,26.500000500000002,-2.5,-3.631067999999999,26.850000500000004,-2.5,-3.9310679999999993,27.2000005,-2.5,-4.231067999999999,27.550000500000003,-2.5,-4.531067999999999,27.9000005,-2.5
1773853710.670228243,1773853710.670228243,0.000,offline_ground_truth_window,"Environment section (T(v)):
- Current position NED is (-3.19, 26.28, -2.61) m.
- Current velocity is (-0.10, 0.19, -0.05) m/s (speed 0.22 m/s).
- Goal position NED is (-6.33, 30.00, -2.50) m.
- Output contract: predict exactly 5 waypoint x/y pairs in NED. The planner will set every waypoint z to goal z = -2.50 m before execution.
- Goal delta from current state is (-3.14, 3.72, 0.11) m with distance 4.87 m.
- Obstacle pipeline: depth_camera_to_body_to_ned_current_frame.
- Current depth frame obstacle points projected into NED: 64. Nearest depth obstacle in NED is at (3.11, 29.49, -1.91) m, relative vector (6.30, 3.21, 0.69) m, distance 7.10 m.
- Depth validity fraction is 0.62. Global nearest obstacle distance is 5.08 m.
- Sector minimum distances [far_left, left, center, right, far_right] are [5.08, 5.10, 5.12, 5.14, 5.15] m.
- Nearest obstacle sector is far_left at 5.08 m and clearance status is clear.
- Lateral planning hint: prefer center progress.","{""waypoints"":[{""x"":-3.631067999999999,""y"":26.850000500000004},{""x"":-3.9310679999999993,""y"":27.2000005},{""x"":-4.231067999999999,""y"":27.550000500000003},{""x"":-4.531067999999999,""y"":27.9000005},{""x"":-4.831067999999999,""y"":28.250000500000002}],""reasoning"":""Selected waypoint 0 moves the reference anchor from 4.61 m to 4.15 m from goal immediately and to 2.30 m by the final waypoint, so progress is 0.46 m selected / 2.30 m final and passes with monotonic goal-distance reduction. Kinematics is evaluated on 5 unique label waypoint(s), excluding consecutive duplicate terminal holds, and checks only that the trajectory stays within the configured bounds speed <= 15.00 m/s and acceleration <= 8.00 m/s^2, so kinematics passes. Goal is not reached within this label waypoint window. Safety passes: minimum clearance 1.60 m against manifest obstacles with 0 violating segment(s).""}",-3.631067999999999,26.850000500000004,-2.5,-3.9310679999999993,27.2000005,-2.5,-4.231067999999999,27.550000500000003,-2.5,-4.531067999999999,27.9000005,-2.5,-4.831067999999999,28.250000500000002,-2.5
1773853714.871457815,1773853714.871457815,0.000,offline_ground_truth_window,"Environment section (T(v)):
- Current position NED is (-3.49, 26.67, -2.59) m.
- Current velocity is (-0.07, 0.13, 0.01) m/s (speed 0.15 m/s).
- Goal position NED is (-6.33, 30.00, -2.50) m.
- Output contract: predict exactly 5 waypoint x/y pairs in NED. The planner will set every waypoint z to goal z = -2.50 m before execution.
- Goal delta from current state is (-2.84, 3.33, 0.09) m with distance 4.38 m.
- Obstacle pipeline: depth_camera_to_body_to_ned_current_frame.
- Current depth frame obstacle points projected into NED: 59. Nearest depth obstacle in NED is at (2.19, 30.13, -1.93) m, relative vector (5.68, 3.46, 0.66) m, distance 6.68 m.
- Depth validity fraction is 0.60. Global nearest obstacle distance is 5.09 m.
- Sector minimum distances [far_left, left, center, right, far_right] are [5.09, 5.10, 5.11, 5.12, 5.13] m.
- Nearest obstacle sector is far_left at 5.09 m and clearance status is clear.
- Lateral planning hint: prefer center progress.","{""waypoints"":[{""x"":-3.9310679999999993,""y"":27.2000005},{""x"":-4.231067999999999,""y"":27.550000500000003},{""x"":-4.531067999999999,""y"":27.9000005},{""x"":-4.831067999999999,""y"":28.250000500000002},{""x"":-5.131067999999999,""y"":28.600000500000004}],""reasoning"":""Selected waypoint 0 moves the reference anchor from 4.15 m to 3.69 m from goal immediately and to 1.84 m by the final waypoint, so progress is 0.46 m selected / 2.30 m final and passes with monotonic goal-distance reduction. Kinematics is evaluated on 5 unique label waypoint(s), excluding consecutive duplicate terminal holds, and checks only that the trajectory stays within the configured bounds speed <= 15.00 m/s and acceleration <= 8.00 m/s^2, so kinematics passes. Goal is not reached within this label waypoint window. Safety passes: minimum clearance 1.60 m against manifest obstacles with 0 violating segment(s).""}",-3.9310679999999993,27.2000005,-2.5,-4.231067999999999,27.550000500000003,-2.5,-4.531067999999999,27.9000005,-2.5,-4.831067999999999,28.250000500000002,-2.5,-5.131067999999999,28.600000500000004,-2.5
1773853718.612830877,1773853718.612830877,0.000,offline_ground_truth_window,"Environment section (T(v)):
- Current position NED is (-3.74, 27.07, -2.56) m.
- Current velocity is (-0.09, 0.10, 0.03) m/s (speed 0.14 m/s).
- Goal position NED is (-6.33, 30.00, -2.50) m.
- Output contract: predict exactly 5 waypoint x/y pairs in NED. The planner will set every waypoint z to goal z = -2.50 m before execution.
- Goal delta from current state is (-2.60, 2.93, 0.06) m with distance 3.92 m.
- Obstacle pipeline: depth_camera_to_body_to_ned_current_frame.
- Current depth frame obstacle points projected into NED: 56. Nearest depth obstacle in NED is at (1.45, 30.69, -1.94) m, relative vector (5.19, 3.62, 0.62) m, distance 6.36 m.
- Depth validity fraction is 0.59. Global nearest obstacle distance is 2.43 m.
- Sector minimum distances [far_left, left, center, right, far_right] are [5.09, 5.09, 5.09, 5.08, 2.43] m.
- Nearest obstacle sector is far_right at 2.43 m and clearance status is caution.
- Lateral planning hint: left side is clearer.","{""waypoints"":[{""x"":-4.231067999999999,""y"":27.550000500000003},{""x"":-4.531067999999999,""y"":27.9000005},{""x"":-4.831067999999999,""y"":28.250000500000002},{""x"":-5.131067999999999,""y"":28.600000500000004},{""x"":-5.431067999999999,""y"":28.9500005}],""reasoning"":""Selected waypoint 0 moves the reference anchor from 3.69 m to 3.23 m from goal immediately and to 1.38 m by the final waypoint, so progress is 0.46 m selected / 2.30 m final and passes with monotonic goal-distance reduction. Kinematics is evaluated on 5 unique label waypoint(s), excluding consecutive duplicate terminal holds, and checks only that the trajectory stays within the configured bounds speed <= 15.00 m/s and acceleration <= 8.00 m/s^2, so kinematics passes. Goal is not reached within this label waypoint window. Safety passes: minimum clearance 1.62 m against manifest obstacles with 0 violating segment(s).""}",-4.231067999999999,27.550000500000003,-2.5,-4.531067999999999,27.9000005,-2.5,-4.831067999999999,28.250000500000002,-2.5,-5.131067999999999,28.600000500000004,-2.5,-5.431067999999999,28.9500005,-2.5
1773853723.363023996,1773853723.363023996,0.000,offline_ground_truth_window,"Environment section (T(v)):
- Current position NED is (-4.06, 27.40, -2.51) m.
- Current velocity is (-0.08, 0.08, 0.01) m/s (speed 0.11 m/s).
- Goal position NED is (-6.33, 30.00, -2.50) m.
- Output contract: predict exactly 5 waypoint x/y pairs in NED. The planner will set every waypoint z to goal z = -2.50 m before execution.
- Goal delta from current state is (-2.28, 2.60, 0.01) m with distance 3.45 m.
- Obstacle pipeline: depth_camera_to_body_to_ned_current_frame.
- Current depth frame obstacle points projected into NED: 48. Nearest depth obstacle in NED is at (-1.66, 28.94, -2.61) m, relative vector (2.39, 1.54, -0.10) m, distance 2.85 m.
- Depth validity fraction is 0.59. Global nearest obstacle distance is 1.87 m.
- Sector minimum distances [far_left, left, center, right, far_right] are [4.99, 4.99, 4.99, 4.99, 1.87] m.
- Nearest obstacle sector is far_right at 1.87 m and clearance status is caution.
- Lateral planning hint: left side is clearer.","{""waypoints"":[{""x"":-4.531067999999999,""y"":27.9000005},{""x"":-4.831067999999999,""y"":28.250000500000002},{""x"":-5.131067999999999,""y"":28.600000500000004},{""x"":-5.431067999999999,""y"":28.9500005},{""x"":-5.731068,""y"":29.300000500000003}],""reasoning"":""Selected waypoint 0 moves the reference anchor from 3.23 m to 2.77 m from goal immediately and to 0.92 m by the final waypoint, so progress is 0.46 m selected / 2.30 m final and passes with monotonic goal-distance reduction. Kinematics is evaluated on 5 unique label waypoint(s), excluding consecutive duplicate terminal holds, and checks only that the trajectory stays within the configured bounds speed <= 15.00 m/s and acceleration <= 8.00 m/s^2, so kinematics passes. Goal is not reached within this label waypoint window. Safety passes: minimum clearance 1.71 m against manifest obstacles with 0 violating segment(s).""}",-4.531067999999999,27.9000005,-2.5,-4.831067999999999,28.250000500000002,-2.5,-5.131067999999999,28.600000500000004,-2.5,-5.431067999999999,28.9500005,-2.5,-5.731068,29.300000500000003,-2.5
1773853727.259915829,1773853727.259915829,0.000,offline_ground_truth_window,"Environment section (T(v)):
- Current position NED is (-4.37, 27.74, -2.50) m.
- Current velocity is (-0.08, 0.09, 0.00) m/s (speed 0.12 m/s).
- Goal position NED is (-6.33, 30.00, -2.50) m.
- Output contract: predict exactly 5 waypoint x/y pairs in NED. The planner will set every waypoint z to goal z = -2.50 m before execution.
- Goal delta from current state is (-1.96, 2.26, -0.00) m with distance 2.99 m.
- Obstacle pipeline: depth_camera_to_body_to_ned_current_frame.
- Current depth frame obstacle points projected into NED: 72. Nearest depth obstacle in NED is at (-2.62, 28.83, -2.60) m, relative vector (1.75, 1.09, -0.10) m, distance 2.06 m.
- Depth validity fraction is 0.60. Global nearest obstacle distance is 1.57 m.
- Sector minimum distances [far_left, left, center, right, far_right] are [4.95, 4.96, 4.97, 1.92, 1.57] m.
- Nearest obstacle sector is far_right at 1.57 m and clearance status is caution.
- Lateral planning hint: left side is clearer.","{""waypoints"":[{""x"":-4.831067999999999,""y"":28.250000500000002},{""x"":-5.131067999999999,""y"":28.600000500000004},{""x"":-5.431067999999999,""y"":28.9500005},{""x"":-5.731068,""y"":29.300000500000003},{""x"":-6.031067999999999,""y"":29.6500005}],""reasoning"":""Selected waypoint 0 moves the reference anchor from 2.77 m to 2.30 m from goal immediately and to 0.46 m by the final waypoint, so progress is 0.46 m selected / 2.30 m final and passes with monotonic goal-distance reduction. Kinematics is evaluated on 5 unique label waypoint(s), excluding consecutive duplicate terminal holds, and checks only that the trajectory stays within the configured bounds speed <= 15.00 m/s and acceleration <= 8.00 m/s^2, so kinematics passes. Goal is not reached within this label waypoint window. Safety passes: minimum clearance 1.89 m against manifest obstacles with 0 violating segment(s).""}",-4.831067999999999,28.250000500000002,-2.5,-5.131067999999999,28.600000500000004,-2.5,-5.431067999999999,28.9500005,-2.5,-5.731068,29.300000500000003,-2.5,-6.031067999999999,29.6500005,-2.5
1773853731.370177507,1773853731.370177507,0.000,offline_ground_truth_window,"Environment section (T(v)):
- Current position NED is (-4.70, 28.06, -2.50) m.
- Current velocity is (-0.06, 0.06, 0.01) m/s (speed 0.08 m/s).
- Goal position NED is (-6.33, 30.00, -2.50) m.
- Output contract: predict exactly 5 waypoint x/y pairs in NED. The planner will set every waypoint z to goal z = -2.50 m before execution.
- Goal delta from current state is (-1.63, 1.94, 0.00) m with distance 2.53 m.
- Obstacle pipeline: depth_camera_to_body_to_ned_current_frame.
- Current depth frame obstacle points projected into NED: 79. Nearest depth obstacle in NED is at (-3.27, 29.12, -2.63) m, relative vector (1.43, 1.06, -0.13) m, distance 1.78 m.
- Depth validity fraction is 0.59. Global nearest obstacle distance is 1.41 m.
- Sector minimum distances [far_left, left, center, right, far_right] are [4.94, 4.96, 4.98, 1.52, 1.41] m.
- Nearest obstacle sector is far_right at 1.41 m and clearance status is blocked.
- Lateral planning hint: left side is clearer.","{""waypoints"":[{""x"":-5.131067999999999,""y"":28.600000500000004},{""x"":-5.431067999999999,""y"":28.9500005},{""x"":-5.731068,""y"":29.300000500000003},{""x"":-6.031067999999999,""y"":29.6500005},{""x"":-6.331067999999999,""y"":30.000000500000002}],""reasoning"":""Selected waypoint 0 moves the reference anchor from 2.30 m to 1.84 m from goal immediately and to 0.00 m by the final waypoint, so progress is 0.46 m selected / 2.30 m final and passes with monotonic goal-distance reduction. Kinematics is evaluated on 5 unique label waypoint(s), excluding consecutive duplicate terminal holds, and checks only that the trajectory stays within the configured bounds speed <= 15.00 m/s and acceleration <= 8.00 m/s^2, so kinematics passes. Goal will be reached in 5 waypoint(s) within 0.35 m tolerance. Safety passes: minimum clearance 1.69 m against manifest obstacles with 0 violating segment(s).""}",-5.131067999999999,28.600000500000004,-2.5,-5.431067999999999,28.9500005,-2.5,-5.731068,29.300000500000003,-2.5,-6.031067999999999,29.6500005,-2.5,-6.331067999999999,30.000000500000002,-2.5
1773853736.075057507,1773853736.075057507,0.000,offline_ground_truth_window,"Environment section (T(v)):
- Current position NED is (-4.96, 28.45, -2.51) m.
- Current velocity is (-0.07, 0.08, 0.01) m/s (speed 0.11 m/s).
- Goal position NED is (-6.33, 30.00, -2.50) m.
- Output contract: predict exactly 5 waypoint x/y pairs in NED. The planner will set every waypoint z to goal z = -2.50 m before execution.
- Goal delta from current state is (-1.37, 1.55, 0.01) m with distance 2.07 m.
- Obstacle pipeline: depth_camera_to_body_to_ned_current_frame.
- Current depth frame obstacle points projected into NED: 105. Nearest depth obstacle in NED is at (-4.01, 29.58, -2.64) m, relative vector (0.95, 1.13, -0.13) m, distance 1.48 m.
- Depth validity fraction is 0.57. Global nearest obstacle distance is 1.26 m.
- Sector minimum distances [far_left, left, center, right, far_right] are [4.97, 4.97, 1.37, 1.26, 1.26] m.
- Nearest obstacle sector is right at 1.26 m and clearance status is blocked.
- Lateral planning hint: left side is clearer.","{""waypoints"":[{""x"":-6.331067999999999,""y"":30.000000500000002},{""x"":-6.331067999999999,""y"":30.000000500000002},{""x"":-6.331067999999999,""y"":30.000000500000002},{""x"":-6.331067999999999,""y"":30.000000500000002},{""x"":-6.331067999999999,""y"":30.000000500000002}],""reasoning"":""Selected waypoint 0 moves the reference anchor from 1.84 m to 0.00 m from goal immediately and to 0.00 m by the final waypoint, so progress is 1.84 m selected / 1.84 m final and passes with monotonic goal-distance reduction. Kinematics is evaluated on 1 unique label waypoint(s), excluding consecutive duplicate terminal holds, and checks only that the trajectory stays within the configured bounds speed <= 15.00 m/s and acceleration <= 8.00 m/s^2, so kinematics passes. Goal will be reached in 1 waypoint(s) within 0.35 m tolerance. Safety passes: minimum clearance 1.69 m against manifest obstacles with 0 violating segment(s).""}",-6.331067999999999,30.000000500000002,-2.5,-6.331067999999999,30.000000500000002,-2.5,-6.331067999999999,30.000000500000002,-2.5,-6.331067999999999,30.000000500000002,-2.5,-6.331067999999999,30.000000500000002,-2.5
1773853739.967615366,1773853739.967615366,0.000,offline_ground_truth_window,"Environment section (T(v)):
- Current position NED is (-5.26, 28.80, -2.50) m.
- Current velocity is (-0.09, 0.08, 0.00) m/s (speed 0.12 m/s).
- Goal position NED is (-6.33, 30.00, -2.50) m.
- Output contract: predict exactly 5 waypoint x/y pairs in NED. The planner will set every waypoint z to goal z = -2.50 m before execution.
- Goal delta from current state is (-1.07, 1.20, -0.00) m with distance 1.61 m.
- Obstacle pipeline: depth_camera_to_body_to_ned_current_frame.
- Current depth frame obstacle points projected into NED: 89. Nearest depth obstacle in NED is at (-4.66, 29.99, -2.59) m, relative vector (0.60, 1.19, -0.10) m, distance 1.34 m.
- Depth validity fraction is 0.54. Global nearest obstacle distance is 1.19 m.
- Sector minimum distances [far_left, left, center, right, far_right] are [4.94, 1.26, 1.19, 1.19, 1.38] m.
- Nearest obstacle sector is center at 1.19 m and clearance status is blocked.
- Lateral planning hint: left side is clearer.","{""waypoints"":[{""x"":-6.331067999999999,""y"":30.000000500000002},{""x"":-6.331067999999999,""y"":30.000000500000002},{""x"":-6.331067999999999,""y"":30.000000500000002},{""x"":-6.331067999999999,""y"":30.000000500000002},{""x"":-6.331067999999999,""y"":30.000000500000002}],""reasoning"":""Selected waypoint 0 moves the reference anchor from 1.38 m to 0.00 m from goal immediately and to 0.00 m by the final waypoint, so progress is 1.38 m selected / 1.38 m final and passes with monotonic goal-distance reduction. Kinematics is evaluated on 1 unique label waypoint(s), excluding consecutive duplicate terminal holds, and checks only that the trajectory stays within the configured bounds speed <= 15.00 m/s and acceleration <= 8.00 m/s^2, so kinematics passes. Goal will be reached in 1 waypoint(s) within 0.35 m tolerance. Safety passes: minimum clearance 1.69 m against manifest obstacles with 0 violating segment(s).""}",-6.331067999999999,30.000000500000002,-2.5,-6.331067999999999,30.000000500000002,-2.5,-6.331067999999999,30.000000500000002,-2.5,-6.331067999999999,30.000000500000002,-2.5,-6.331067999999999,30.000000500000002,-2.5
1773853750.639486074,1773853750.639486074,0.000,offline_ground_truth_window,"Environment section (T(v)):
- Current position NED is (-5.51, 29.18, -2.20) m.
- Current velocity is (-0.14, 0.56, -0.13) m/s (speed 0.59 m/s).
- Goal position NED is (-6.33, 30.00, -2.50) m.
- Output contract: predict exactly 5 waypoint x/y pairs in NED. The planner will set every waypoint z to goal z = -2.50 m before execution.
- Goal delta from current state is (-0.82, 0.82, -0.30) m with distance 1.19 m.
- Obstacle pipeline: depth_camera_to_body_to_ned_current_frame.
- Current depth frame obstacle points projected into NED: 23. Nearest depth obstacle in NED is at (2.99, 26.19, -2.75) m, relative vector (8.50, -2.99, -0.56) m, distance 9.03 m.
- Depth validity fraction is 0.62. Global nearest obstacle distance is 5.07 m.
- Sector minimum distances [far_left, left, center, right, far_right] are [5.16, 5.14, 5.11, 5.09, 5.07] m.
- Nearest obstacle sector is far_right at 5.07 m and clearance status is clear.
- Lateral planning hint: prefer center progress.","{""waypoints"":[{""x"":-6.331067999999999,""y"":30.000000500000002},{""x"":-6.331067999999999,""y"":30.000000500000002},{""x"":-6.331067999999999,""y"":30.000000500000002},{""x"":-6.331067999999999,""y"":30.000000500000002},{""x"":-6.331067999999999,""y"":30.000000500000002}],""reasoning"":""Selected waypoint 0 moves the reference anchor from 0.92 m to 0.00 m from goal immediately and to 0.00 m by the final waypoint, so progress is 0.92 m selected / 0.92 m final and passes with monotonic goal-distance reduction. Kinematics is evaluated on 1 unique label waypoint(s), excluding consecutive duplicate terminal holds, and checks only that the trajectory stays within the configured bounds speed <= 15.00 m/s and acceleration <= 8.00 m/s^2, so kinematics passes. Goal will be reached in 1 waypoint(s) within 0.35 m tolerance. Safety passes: minimum clearance 1.69 m against manifest obstacles with 0 violating segment(s).""}",-6.331067999999999,30.000000500000002,-2.5,-6.331067999999999,30.000000500000002,-2.5,-6.331067999999999,30.000000500000002,-2.5,-6.331067999999999,30.000000500000002,-2.5,-6.331067999999999,30.000000500000002,-2.5
1773853753.273633242,1773853753.273633242,0.000,offline_ground_truth_window,"Environment section (T(v)):
- Current position NED is (-6.06, 29.35, -2.47) m.
- Current velocity is (-0.35, 0.02, -0.19) m/s (speed 0.40 m/s).
- Goal position NED is (-6.33, 30.00, -2.50) m.
- Output contract: predict exactly 5 waypoint x/y pairs in NED. The planner will set every waypoint z to goal z = -2.50 m before execution.
- Goal delta from current state is (-0.27, 0.65, -0.03) m with distance 0.71 m.
- Obstacle pipeline: depth_camera_to_body_to_ned_current_frame.
- Current depth frame obstacle points projected into NED: 86. Nearest depth obstacle in NED is at (-5.13, 30.54, -2.45) m, relative vector (0.93, 1.20, 0.02) m, distance 1.51 m.
- Depth validity fraction is 0.63. Global nearest obstacle distance is 1.36 m.
- Sector minimum distances [far_left, left, center, right, far_right] are [1.51, 1.36, 1.37, 1.56, 4.63] m.
- Nearest obstacle sector is left at 1.36 m and clearance status is blocked.
- Lateral planning hint: right side is clearer.","{""waypoints"":[{""x"":-6.331067999999999,""y"":30.000000500000002},{""x"":-6.331067999999999,""y"":30.000000500000002},{""x"":-6.331067999999999,""y"":30.000000500000002},{""x"":-6.331067999999999,""y"":30.000000500000002},{""x"":-6.331067999999999,""y"":30.000000500000002}],""reasoning"":""Selected waypoint 0 moves the reference anchor from 0.46 m to 0.00 m from goal immediately and to 0.00 m by the final waypoint, so progress is 0.46 m selected / 0.46 m final and passes with monotonic goal-distance reduction. Kinematics is evaluated on 1 unique label waypoint(s), excluding consecutive duplicate terminal holds, and checks only that the trajectory stays within the configured bounds speed <= 15.00 m/s and acceleration <= 8.00 m/s^2, so kinematics passes. Goal will be reached in 1 waypoint(s) within 0.35 m tolerance. Safety passes: minimum clearance 1.69 m against manifest obstacles with 0 violating segment(s).""}",-6.331067999999999,30.000000500000002,-2.5,-6.331067999999999,30.000000500000002,-2.5,-6.331067999999999,30.000000500000002,-2.5,-6.331067999999999,30.000000500000002,-2.5,-6.331067999999999,30.000000500000002,-2.5
1773853758.129057646,1773853758.129057646,0.000,offline_ground_truth_window,"Environment section (T(v)):
- Current position NED is (-6.59, 29.58, -2.64) m.
- Current velocity is (0.01, 0.09, 0.01) m/s (speed 0.09 m/s).
- Goal position NED is (-6.33, 30.00, -2.50) m.
- Output contract: predict exactly 5 waypoint x/y pairs in NED. The planner will set every waypoint z to goal z = -2.50 m before execution.
- Goal delta from current state is (0.26, 0.42, 0.14) m with distance 0.52 m.
- Obstacle pipeline: depth_camera_to_body_to_ned_current_frame.
- Current depth frame obstacle points projected into NED: 54. Nearest depth obstacle in NED is at (-5.80, 31.36, -2.90) m, relative vector (0.79, 1.78, -0.26) m, distance 1.97 m.
- Depth validity fraction is 0.53. Global nearest obstacle distance is 1.70 m.
- Sector minimum distances [far_left, left, center, right, far_right] are [1.70, 1.70, 1.91, 5.24, 3.22] m.
- Nearest obstacle sector is left at 1.70 m and clearance status is caution.
- Lateral planning hint: right side is clearer.","{""waypoints"":[{""x"":-6.331067999999999,""y"":30.000000500000002},{""x"":-6.331067999999999,""y"":30.000000500000002},{""x"":-6.331067999999999,""y"":30.000000500000002},{""x"":-6.331067999999999,""y"":30.000000500000002},{""x"":-6.331067999999999,""y"":30.000000500000002}],""reasoning"":""Selected waypoint 0 moves the reference anchor from 0.00 m to 0.00 m from goal immediately and to 0.00 m by the final waypoint, so progress is 0.00 m selected / 0.00 m final and fails with monotonic goal-distance reduction. Kinematics is evaluated on 1 unique label waypoint(s), excluding consecutive duplicate terminal holds, and checks only that the trajectory stays within the configured bounds speed <= 15.00 m/s and acceleration <= 8.00 m/s^2, so kinematics passes. Goal has already been reached at the reference anchor within 0.35 m tolerance. Safety passes: minimum clearance 1.69 m against manifest obstacles with 0 violating segment(s).""}",-6.331067999999999,30.000000500000002,-2.5,-6.331067999999999,30.000000500000002,-2.5,-6.331067999999999,30.000000500000002,-2.5,-6.331067999999999,30.000000500000002,-2.5,-6.331067999999999,30.000000500000002,-2.5
