anchor_stamp_s,scene_stamp_s,sync_dt_ms,label_mode,prompt,label_waypoints_json,wp0_x,wp0_y,wp0_z,wp1_x,wp1_y,wp1_z,wp2_x,wp2_y,wp2_z,wp3_x,wp3_y,wp3_z,wp4_x,wp4_y,wp4_z
1773856120.492691517,1773856120.492691517,0.000,offline_ground_truth_window,"Environment section (T(v)):
- Current position NED is (-0.06, -0.02, -2.44) m.
- Current velocity is (-0.00, 0.00, 0.00) m/s (speed 0.01 m/s).
- Goal position NED is (0.24, 29.25, -2.50) m.
- Output contract: predict exactly 5 waypoint x/y pairs in NED. The planner will set every waypoint z to goal z = -2.50 m before execution.
- Goal delta from current state is (0.30, 29.27, -0.06) m with distance 29.27 m.
- Obstacle pipeline: depth_camera_to_body_to_ned_current_frame.
- Current depth frame obstacle points projected into NED: 25. Nearest depth obstacle in NED is at (-0.21, 0.34, -2.30) m, relative vector (-0.15, 0.35, 0.14) m, distance 0.41 m.
- Depth validity fraction is 0.54. Global nearest obstacle distance is 0.20 m.
- Sector minimum distances [far_left, left, center, right, far_right] are [0.20, 0.26, 4.83, 4.83, 4.83] m.
- Nearest obstacle sector is far_left at 0.20 m and clearance status is blocked.
- Lateral planning hint: right side is clearer.","{""waypoints"":[{""x"":-0.0013617118644069226,""y"":0.49576321186440686},{""x"":0.0028755762711862864,""y"":0.9915259237288137},{""x"":0.007112864406779551,""y"":1.4872886355932204},{""x"":0.01135015254237276,""y"":1.9830513474576272},{""x"":0.015587440677965969,""y"":2.478814059322034}],""reasoning"":""Selected waypoint 0 moves the reference anchor from 29.25 m to 28.76 m from goal immediately and to 26.77 m by the final waypoint, so progress is 0.50 m selected / 2.48 m final and passes with monotonic goal-distance reduction. Kinematics is evaluated on 5 unique label waypoint(s), excluding consecutive duplicate terminal holds, and checks only that the trajectory stays within the configured bounds speed <= 15.00 m/s and acceleration <= 8.00 m/s^2, so kinematics passes. Goal is not reached within this label waypoint window. Safety passes: minimum clearance 2.94 m against manifest obstacles with 0 violating segment(s).""}",-0.0013617118644069226,0.49576321186440686,-2.5,0.0028755762711862864,0.9915259237288137,-2.5,0.007112864406779551,1.4872886355932204,-2.5,0.01135015254237276,1.9830513474576272,-2.5,0.015587440677965969,2.478814059322034,-2.5
1773856124.266181946,1773856124.266181946,0.000,offline_ground_truth_window,"Environment section (T(v)):
- Current position NED is (-0.03, 0.25, -2.48) m.
- Current velocity is (0.01, 0.09, -0.01) m/s (speed 0.09 m/s).
- Goal position NED is (0.24, 29.25, -2.50) m.
- Output contract: predict exactly 5 waypoint x/y pairs in NED. The planner will set every waypoint z to goal z = -2.50 m before execution.
- Goal delta from current state is (0.27, 29.00, -0.02) m with distance 29.00 m.
- Obstacle pipeline: depth_camera_to_body_to_ned_current_frame.
- Current depth frame obstacle points projected into NED: 9. Nearest depth obstacle in NED is at (-3.27, 4.00, -2.51) m, relative vector (-3.24, 3.75, -0.03) m, distance 4.96 m.
- Depth validity fraction is 0.54. Global nearest obstacle distance is 3.90 m.
- Sector minimum distances [far_left, left, center, right, far_right] are [3.90, 4.91, 4.91, 4.91, 4.91] m.
- Nearest obstacle sector is far_left at 3.90 m and clearance status is clear.
- Lateral planning hint: right side is clearer.","{""waypoints"":[{""x"":0.0028755762711862864,""y"":0.9915259237288137},{""x"":0.007112864406779551,""y"":1.4872886355932204},{""x"":0.01135015254237276,""y"":1.9830513474576272},{""x"":0.015587440677965969,""y"":2.478814059322034},{""x"":0.019824728813559178,""y"":2.974576771186441}],""reasoning"":""Selected waypoint 0 moves the reference anchor from 28.76 m to 28.26 m from goal immediately and to 26.28 m by the final waypoint, so progress is 0.50 m selected / 2.48 m final and passes with monotonic goal-distance reduction. Kinematics is evaluated on 5 unique label waypoint(s), excluding consecutive duplicate terminal holds, and checks only that the trajectory stays within the configured bounds speed <= 15.00 m/s and acceleration <= 8.00 m/s^2, so kinematics passes. Goal is not reached within this label waypoint window. Safety passes: minimum clearance 2.72 m against manifest obstacles with 0 violating segment(s).""}",0.0028755762711862864,0.9915259237288137,-2.5,0.007112864406779551,1.4872886355932204,-2.5,0.01135015254237276,1.9830513474576272,-2.5,0.015587440677965969,2.478814059322034,-2.5,0.019824728813559178,2.974576771186441,-2.5
1773856130.333622932,1773856130.333622932,0.000,offline_ground_truth_window,"Environment section (T(v)):
- Current position NED is (0.03, 0.74, -2.51) m.
- Current velocity is (-0.00, 0.08, 0.01) m/s (speed 0.08 m/s).
- Goal position NED is (0.24, 29.25, -2.50) m.
- Output contract: predict exactly 5 waypoint x/y pairs in NED. The planner will set every waypoint z to goal z = -2.50 m before execution.
- Goal delta from current state is (0.22, 28.51, 0.01) m with distance 28.51 m.
- Obstacle pipeline: depth_camera_to_body_to_ned_current_frame.
- Current depth frame obstacle points projected into NED: 11. Nearest depth obstacle in NED is at (-3.04, 4.28, -2.18) m, relative vector (-3.07, 3.53, 0.33) m, distance 4.69 m.
- Depth validity fraction is 0.54. Global nearest obstacle distance is 3.67 m.
- Sector minimum distances [far_left, left, center, right, far_right] are [3.67, 4.97, 4.96, 4.96, 4.95] m.
- Nearest obstacle sector is far_left at 3.67 m and clearance status is clear.
- Lateral planning hint: right side is clearer.","{""waypoints"":[{""x"":0.007112864406779551,""y"":1.4872886355932204},{""x"":0.01135015254237276,""y"":1.9830513474576272},{""x"":0.015587440677965969,""y"":2.478814059322034},{""x"":0.019824728813559178,""y"":2.974576771186441},{""x"":0.024062016949152387,""y"":3.470339483050848}],""reasoning"":""Selected waypoint 0 moves the reference anchor from 28.26 m to 27.76 m from goal immediately and to 25.78 m by the final waypoint, so progress is 0.50 m selected / 2.48 m final and passes with monotonic goal-distance reduction. Kinematics is evaluated on 5 unique label waypoint(s), excluding consecutive duplicate terminal holds, and checks only that the trajectory stays within the configured bounds speed <= 15.00 m/s and acceleration <= 8.00 m/s^2, so kinematics passes. Goal is not reached within this label waypoint window. Safety passes: minimum clearance 2.55 m against manifest obstacles with 0 violating segment(s).""}",0.007112864406779551,1.4872886355932204,-2.5,0.01135015254237276,1.9830513474576272,-2.5,0.015587440677965969,2.478814059322034,-2.5,0.019824728813559178,2.974576771186441,-2.5,0.024062016949152387,3.470339483050848,-2.5
1773856135.721540213,1773856135.721540213,0.000,offline_ground_truth_window,"Environment section (T(v)):
- Current position NED is (-0.03, 1.24, -2.49) m.
- Current velocity is (-0.01, 0.09, 0.00) m/s (speed 0.09 m/s).
- Goal position NED is (0.24, 29.25, -2.50) m.
- Output contract: predict exactly 5 waypoint x/y pairs in NED. The planner will set every waypoint z to goal z = -2.50 m before execution.
- Goal delta from current state is (0.27, 28.01, -0.01) m with distance 28.01 m.
- Obstacle pipeline: depth_camera_to_body_to_ned_current_frame.
- Current depth frame obstacle points projected into NED: 1. Nearest depth obstacle in NED is at (-4.74, 11.42, -2.21) m, relative vector (-4.72, 10.18, 0.28) m, distance 11.22 m.
- Depth validity fraction is 0.54. Global nearest obstacle distance is 4.88 m.
- Sector minimum distances [far_left, left, center, right, far_right] are [4.88, 4.89, 4.89, 4.90, 4.91] m.
- Nearest obstacle sector is far_left at 4.88 m and clearance status is clear.
- Lateral planning hint: prefer center progress.","{""waypoints"":[{""x"":0.01135015254237276,""y"":1.9830513474576272},{""x"":0.015587440677965969,""y"":2.478814059322034},{""x"":0.019824728813559178,""y"":2.974576771186441},{""x"":0.024062016949152387,""y"":3.470339483050848},{""x"":0.028299305084745652,""y"":3.9661021949152544}],""reasoning"":""Selected waypoint 0 moves the reference anchor from 27.76 m to 27.27 m from goal immediately and to 25.28 m by the final waypoint, so progress is 0.50 m selected / 2.48 m final and passes with monotonic goal-distance reduction. Kinematics is evaluated on 5 unique label waypoint(s), excluding consecutive duplicate terminal holds, and checks only that the trajectory stays within the configured bounds speed <= 15.00 m/s and acceleration <= 8.00 m/s^2, so kinematics passes. Goal is not reached within this label waypoint window. Safety passes: minimum clearance 2.46 m against manifest obstacles with 0 violating segment(s).""}",0.01135015254237276,1.9830513474576272,-2.5,0.015587440677965969,2.478814059322034,-2.5,0.019824728813559178,2.974576771186441,-2.5,0.024062016949152387,3.470339483050848,-2.5,0.028299305084745652,3.9661021949152544,-2.5
1773856141.443142653,1773856141.443142653,0.000,offline_ground_truth_window,"Environment section (T(v)):
- Current position NED is (0.02, 1.74, -2.49) m.
- Current velocity is (-0.00, 0.09, 0.00) m/s (speed 0.09 m/s).
- Goal position NED is (0.24, 29.25, -2.50) m.
- Output contract: predict exactly 5 waypoint x/y pairs in NED. The planner will set every waypoint z to goal z = -2.50 m before execution.
- Goal delta from current state is (0.22, 27.51, -0.01) m with distance 27.51 m.
- Obstacle pipeline: depth_camera_to_body_to_ned_current_frame.
- Current depth frame obstacle points projected into NED: 1. Nearest depth obstacle in NED is at (-4.89, 11.30, -2.48) m, relative vector (-4.91, 9.56, 0.01) m, distance 10.75 m.
- Depth validity fraction is 0.54. Global nearest obstacle distance is 4.92 m.
- Sector minimum distances [far_left, left, center, right, far_right] are [4.94, 4.93, 4.93, 4.92, 4.92] m.
- Nearest obstacle sector is far_right at 4.92 m and clearance status is clear.
- Lateral planning hint: prefer center progress.","{""waypoints"":[{""x"":0.015587440677965969,""y"":2.478814059322034},{""x"":0.019824728813559178,""y"":2.974576771186441},{""x"":0.024062016949152387,""y"":3.470339483050848},{""x"":0.028299305084745652,""y"":3.9661021949152544},{""x"":0.03253659322033886,""y"":4.461864906779661}],""reasoning"":""Selected waypoint 0 moves the reference anchor from 27.27 m to 26.77 m from goal immediately and to 24.79 m by the final waypoint, so progress is 0.50 m selected / 2.48 m final and passes with monotonic goal-distance reduction. Kinematics is evaluated on 5 unique label waypoint(s), excluding consecutive duplicate terminal holds, and checks only that the trajectory stays within the configured bounds speed <= 15.00 m/s and acceleration <= 8.00 m/s^2, so kinematics passes. Goal is not reached within this label waypoint window. Safety passes: minimum clearance 2.44 m against manifest obstacles with 0 violating segment(s).""}",0.015587440677965969,2.478814059322034,-2.5,0.019824728813559178,2.974576771186441,-2.5,0.024062016949152387,3.470339483050848,-2.5,0.028299305084745652,3.9661021949152544,-2.5,0.03253659322033886,4.461864906779661,-2.5
1773856147.461345196,1773856147.461345196,0.000,offline_ground_truth_window,"Environment section (T(v)):
- Current position NED is (-0.02, 2.23, -2.48) m.
- Current velocity is (0.00, 0.06, -0.00) m/s (speed 0.06 m/s).
- Goal position NED is (0.24, 29.25, -2.50) m.
- Output contract: predict exactly 5 waypoint x/y pairs in NED. The planner will set every waypoint z to goal z = -2.50 m before execution.
- Goal delta from current state is (0.27, 27.02, -0.02) m with distance 27.02 m.
- Obstacle pipeline: depth_camera_to_body_to_ned_current_frame.
- Current depth frame obstacle points projected into NED: 1. Nearest depth obstacle in NED is at (-4.68, 11.40, -1.76) m, relative vector (-4.66, 9.17, 0.73) m, distance 10.31 m.
- Depth validity fraction is 0.54. Global nearest obstacle distance is 4.84 m.
- Sector minimum distances [far_left, left, center, right, far_right] are [4.84, 4.84, 4.85, 4.85, 4.86] m.
- Nearest obstacle sector is far_left at 4.84 m and clearance status is clear.
- Lateral planning hint: prefer center progress.","{""waypoints"":[{""x"":0.019824728813559178,""y"":2.974576771186441},{""x"":0.024062016949152387,""y"":3.470339483050848},{""x"":0.028299305084745652,""y"":3.9661021949152544},{""x"":0.03253659322033886,""y"":4.461864906779661},{""x"":0.03677388135593207,""y"":4.957627618644068}],""reasoning"":""Selected waypoint 0 moves the reference anchor from 26.77 m to 26.28 m from goal immediately and to 24.29 m by the final waypoint, so progress is 0.50 m selected / 2.48 m final and passes with monotonic goal-distance reduction. Kinematics is evaluated on 5 unique label waypoint(s), excluding consecutive duplicate terminal holds, and checks only that the trajectory stays within the configured bounds speed <= 15.00 m/s and acceleration <= 8.00 m/s^2, so kinematics passes. Goal is not reached within this label waypoint window. Safety passes: minimum clearance 2.44 m against manifest obstacles with 0 violating segment(s).""}",0.019824728813559178,2.974576771186441,-2.5,0.024062016949152387,3.470339483050848,-2.5,0.028299305084745652,3.9661021949152544,-2.5,0.03253659322033886,4.461864906779661,-2.5,0.03677388135593207,4.957627618644068,-2.5
1773856153.641364813,1773856153.641364813,0.000,offline_ground_truth_window,"Environment section (T(v)):
- Current position NED is (0.03, 2.73, -2.50) m.
- Current velocity is (-0.00, 0.07, -0.00) m/s (speed 0.07 m/s).
- Goal position NED is (0.24, 29.25, -2.50) m.
- Output contract: predict exactly 5 waypoint x/y pairs in NED. The planner will set every waypoint z to goal z = -2.50 m before execution.
- Goal delta from current state is (0.22, 26.52, -0.00) m with distance 26.52 m.
- Obstacle pipeline: depth_camera_to_body_to_ned_current_frame.
- Current depth frame obstacle points projected into NED: 1. Nearest depth obstacle in NED is at (-4.58, 11.40, -2.68) m, relative vector (-4.61, 8.66, -0.19) m, distance 9.81 m.
- Depth validity fraction is 0.55. Global nearest obstacle distance is 4.81 m.
- Sector minimum distances [far_left, left, center, right, far_right] are [4.81, 4.81, 4.82, 4.82, 4.82] m.
- Nearest obstacle sector is far_left at 4.81 m and clearance status is clear.
- Lateral planning hint: prefer center progress.","{""waypoints"":[{""x"":0.024062016949152387,""y"":3.470339483050848},{""x"":0.028299305084745652,""y"":3.9661021949152544},{""x"":0.03253659322033886,""y"":4.461864906779661},{""x"":0.03677388135593207,""y"":4.957627618644068},{""x"":0.04101116949152528,""y"":5.4533903305084745}],""reasoning"":""Selected waypoint 0 moves the reference anchor from 26.28 m to 25.78 m from goal immediately and to 23.80 m by the final waypoint, so progress is 0.50 m selected / 2.48 m final and passes with monotonic goal-distance reduction. Kinematics is evaluated on 5 unique label waypoint(s), excluding consecutive duplicate terminal holds, and checks only that the trajectory stays within the configured bounds speed <= 15.00 m/s and acceleration <= 8.00 m/s^2, so kinematics passes. Goal is not reached within this label waypoint window. Safety passes: minimum clearance 2.44 m against manifest obstacles with 0 violating segment(s).""}",0.024062016949152387,3.470339483050848,-2.5,0.028299305084745652,3.9661021949152544,-2.5,0.03253659322033886,4.461864906779661,-2.5,0.03677388135593207,4.957627618644068,-2.5,0.04101116949152528,5.4533903305084745,-2.5
1773856159.396963120,1773856159.396963120,0.000,offline_ground_truth_window,"Environment section (T(v)):
- Current position NED is (0.05, 3.23, -2.48) m.
- Current velocity is (-0.01, 0.10, 0.00) m/s (speed 0.10 m/s).
- Goal position NED is (0.24, 29.25, -2.50) m.
- Output contract: predict exactly 5 waypoint x/y pairs in NED. The planner will set every waypoint z to goal z = -2.50 m before execution.
- Goal delta from current state is (0.20, 26.02, -0.02) m with distance 26.02 m.
- Obstacle pipeline: depth_camera_to_body_to_ned_current_frame.
- Current depth frame obstacle points projected into NED: 0. Nearest depth obstacle in NED is at (0.05, 3.23, -2.48) m, relative vector (20.00, 0.00, 0.00) m, distance 20.00 m.
- Depth validity fraction is 0.55. Global nearest obstacle distance is 4.84 m.
- Sector minimum distances [far_left, left, center, right, far_right] are [4.84, 4.84, 4.84, 4.84, 4.84] m.
- Nearest obstacle sector is far_right at 4.84 m and clearance status is clear.
- Lateral planning hint: prefer center progress.","{""waypoints"":[{""x"":0.028299305084745652,""y"":3.9661021949152544},{""x"":0.03253659322033886,""y"":4.461864906779661},{""x"":0.03677388135593207,""y"":4.957627618644068},{""x"":0.04101116949152528,""y"":5.4533903305084745},{""x"":0.04524845762711849,""y"":5.949153042372881}],""reasoning"":""Selected waypoint 0 moves the reference anchor from 25.78 m to 25.28 m from goal immediately and to 23.30 m by the final waypoint, so progress is 0.50 m selected / 2.48 m final and passes with monotonic goal-distance reduction. Kinematics is evaluated on 5 unique label waypoint(s), excluding consecutive duplicate terminal holds, and checks only that the trajectory stays within the configured bounds speed <= 15.00 m/s and acceleration <= 8.00 m/s^2, so kinematics passes. Goal is not reached within this label waypoint window. Safety passes: minimum clearance 2.44 m against manifest obstacles with 0 violating segment(s).""}",0.028299305084745652,3.9661021949152544,-2.5,0.03253659322033886,4.461864906779661,-2.5,0.03677388135593207,4.957627618644068,-2.5,0.04101116949152528,5.4533903305084745,-2.5,0.04524845762711849,5.949153042372881,-2.5
1773856166.819554329,1773856166.819554329,0.000,offline_ground_truth_window,"Environment section (T(v)):
- Current position NED is (0.02, 3.72, -2.49) m.
- Current velocity is (0.01, 0.06, 0.00) m/s (speed 0.06 m/s).
- Goal position NED is (0.24, 29.25, -2.50) m.
- Output contract: predict exactly 5 waypoint x/y pairs in NED. The planner will set every waypoint z to goal z = -2.50 m before execution.
- Goal delta from current state is (0.23, 25.53, -0.01) m with distance 25.53 m.
- Obstacle pipeline: depth_camera_to_body_to_ned_current_frame.
- Current depth frame obstacle points projected into NED: 4. Nearest depth obstacle in NED is at (-4.33, 11.46, -2.41) m, relative vector (-4.35, 7.74, 0.08) m, distance 8.88 m.
- Depth validity fraction is 0.54. Global nearest obstacle distance is 4.89 m.
- Sector minimum distances [far_left, left, center, right, far_right] are [4.89, 4.89, 4.89, 4.89, 4.89] m.
- Nearest obstacle sector is far_left at 4.89 m and clearance status is clear.
- Lateral planning hint: prefer center progress.","{""waypoints"":[{""x"":0.03253659322033886,""y"":4.461864906779661},{""x"":0.03677388135593207,""y"":4.957627618644068},{""x"":0.04101116949152528,""y"":5.4533903305084745},{""x"":0.04524845762711849,""y"":5.949153042372881},{""x"":0.04948574576271175,""y"":6.444915754237288}],""reasoning"":""Selected waypoint 0 moves the reference anchor from 25.28 m to 24.79 m from goal immediately and to 22.81 m by the final waypoint, so progress is 0.50 m selected / 2.48 m final and passes with monotonic goal-distance reduction. Kinematics is evaluated on 5 unique label waypoint(s), excluding consecutive duplicate terminal holds, and checks only that the trajectory stays within the configured bounds speed <= 15.00 m/s and acceleration <= 8.00 m/s^2, so kinematics passes. Goal is not reached within this label waypoint window. Safety passes: minimum clearance 2.44 m against manifest obstacles with 0 violating segment(s).""}",0.03253659322033886,4.461864906779661,-2.5,0.03677388135593207,4.957627618644068,-2.5,0.04101116949152528,5.4533903305084745,-2.5,0.04524845762711849,5.949153042372881,-2.5,0.04948574576271175,6.444915754237288,-2.5
1773856172.581193924,1773856172.581193924,0.000,offline_ground_truth_window,"Environment section (T(v)):
- Current position NED is (0.03, 4.21, -2.51) m.
- Current velocity is (-0.00, 0.09, 0.01) m/s (speed 0.09 m/s).
- Goal position NED is (0.24, 29.25, -2.50) m.
- Output contract: predict exactly 5 waypoint x/y pairs in NED. The planner will set every waypoint z to goal z = -2.50 m before execution.
- Goal delta from current state is (0.22, 25.04, 0.01) m with distance 25.04 m.
- Obstacle pipeline: depth_camera_to_body_to_ned_current_frame.
- Current depth frame obstacle points projected into NED: 3. Nearest depth obstacle in NED is at (-4.27, 11.46, -1.87) m, relative vector (-4.30, 7.25, 0.64) m, distance 8.45 m.
- Depth validity fraction is 0.54. Global nearest obstacle distance is 4.93 m.
- Sector minimum distances [far_left, left, center, right, far_right] are [4.93, 4.93, 4.93, 4.93, 4.94] m.
- Nearest obstacle sector is far_left at 4.93 m and clearance status is clear.
- Lateral planning hint: prefer center progress.","{""waypoints"":[{""x"":0.03677388135593207,""y"":4.957627618644068},{""x"":0.04101116949152528,""y"":5.4533903305084745},{""x"":0.04524845762711849,""y"":5.949153042372881},{""x"":0.04948574576271175,""y"":6.444915754237288},{""x"":0.05372303389830496,""y"":6.940678466101696}],""reasoning"":""Selected waypoint 0 moves the reference anchor from 24.79 m to 24.29 m from goal immediately and to 22.31 m by the final waypoint, so progress is 0.50 m selected / 2.48 m final and passes with monotonic goal-distance reduction. Kinematics is evaluated on 5 unique label waypoint(s), excluding consecutive duplicate terminal holds, and checks only that the trajectory stays within the configured bounds speed <= 15.00 m/s and acceleration <= 8.00 m/s^2, so kinematics passes. Goal is not reached within this label waypoint window. Safety passes: minimum clearance 2.44 m against manifest obstacles with 0 violating segment(s).""}",0.03677388135593207,4.957627618644068,-2.5,0.04101116949152528,5.4533903305084745,-2.5,0.04524845762711849,5.949153042372881,-2.5,0.04948574576271175,6.444915754237288,-2.5,0.05372303389830496,6.940678466101696,-2.5
1773856178.009049892,1773856178.009049892,0.000,offline_ground_truth_window,"Environment section (T(v)):
- Current position NED is (0.05, 4.71, -2.50) m.
- Current velocity is (0.00, 0.06, 0.01) m/s (speed 0.07 m/s).
- Goal position NED is (0.24, 29.25, -2.50) m.
- Output contract: predict exactly 5 waypoint x/y pairs in NED. The planner will set every waypoint z to goal z = -2.50 m before execution.
- Goal delta from current state is (0.19, 24.54, 0.00) m with distance 24.54 m.
- Obstacle pipeline: depth_camera_to_body_to_ned_current_frame.
- Current depth frame obstacle points projected into NED: 6. Nearest depth obstacle in NED is at (-4.16, 11.48, -2.14) m, relative vector (-4.22, 6.77, 0.37) m, distance 7.98 m.
- Depth validity fraction is 0.54. Global nearest obstacle distance is 4.90 m.
- Sector minimum distances [far_left, left, center, right, far_right] are [4.92, 4.92, 4.91, 4.91, 4.90] m.
- Nearest obstacle sector is far_right at 4.90 m and clearance status is clear.
- Lateral planning hint: prefer center progress.","{""waypoints"":[{""x"":0.04101116949152528,""y"":5.4533903305084745},{""x"":0.04524845762711849,""y"":5.949153042372881},{""x"":0.04948574576271175,""y"":6.444915754237288},{""x"":0.05372303389830496,""y"":6.940678466101696},{""x"":0.05796032203389817,""y"":7.436441177966101}],""reasoning"":""Selected waypoint 0 moves the reference anchor from 24.29 m to 23.80 m from goal immediately and to 21.81 m by the final waypoint, so progress is 0.50 m selected / 2.48 m final and passes with monotonic goal-distance reduction. Kinematics is evaluated on 5 unique label waypoint(s), excluding consecutive duplicate terminal holds, and checks only that the trajectory stays within the configured bounds speed <= 15.00 m/s and acceleration <= 8.00 m/s^2, so kinematics passes. Goal is not reached within this label waypoint window. Safety passes: minimum clearance 2.51 m against manifest obstacles with 0 violating segment(s).""}",0.04101116949152528,5.4533903305084745,-2.5,0.04524845762711849,5.949153042372881,-2.5,0.04948574576271175,6.444915754237288,-2.5,0.05372303389830496,6.940678466101696,-2.5,0.05796032203389817,7.436441177966101,-2.5
1773856183.809383869,1773856183.809383869,0.000,offline_ground_truth_window,"Environment section (T(v)):
- Current position NED is (0.01, 5.21, -2.49) m.
- Current velocity is (-0.00, 0.07, -0.00) m/s (speed 0.07 m/s).
- Goal position NED is (0.24, 29.25, -2.50) m.
- Output contract: predict exactly 5 waypoint x/y pairs in NED. The planner will set every waypoint z to goal z = -2.50 m before execution.
- Goal delta from current state is (0.24, 24.04, -0.01) m with distance 24.04 m.
- Obstacle pipeline: depth_camera_to_body_to_ned_current_frame.
- Current depth frame obstacle points projected into NED: 5. Nearest depth obstacle in NED is at (-4.19, 11.52, -2.50) m, relative vector (-4.20, 6.31, -0.00) m, distance 7.58 m.
- Depth validity fraction is 0.54. Global nearest obstacle distance is 4.83 m.
- Sector minimum distances [far_left, left, center, right, far_right] are [4.83, 4.84, 4.84, 4.85, 4.85] m.
- Nearest obstacle sector is far_left at 4.83 m and clearance status is clear.
- Lateral planning hint: prefer center progress.","{""waypoints"":[{""x"":0.04524845762711849,""y"":5.949153042372881},{""x"":0.04948574576271175,""y"":6.444915754237288},{""x"":0.05372303389830496,""y"":6.940678466101696},{""x"":0.05796032203389817,""y"":7.436441177966101},{""x"":0.06219761016949138,""y"":7.932203889830509}],""reasoning"":""Selected waypoint 0 moves the reference anchor from 23.80 m to 23.30 m from goal immediately and to 21.32 m by the final waypoint, so progress is 0.50 m selected / 2.48 m final and passes with monotonic goal-distance reduction. Kinematics is evaluated on 5 unique label waypoint(s), excluding consecutive duplicate terminal holds, and checks only that the trajectory stays within the configured bounds speed <= 15.00 m/s and acceleration <= 8.00 m/s^2, so kinematics passes. Goal is not reached within this label waypoint window. Safety passes: minimum clearance 2.65 m against manifest obstacles with 0 violating segment(s).""}",0.04524845762711849,5.949153042372881,-2.5,0.04948574576271175,6.444915754237288,-2.5,0.05372303389830496,6.940678466101696,-2.5,0.05796032203389817,7.436441177966101,-2.5,0.06219761016949138,7.932203889830509,-2.5
1773856189.737852335,1773856189.737852335,0.000,offline_ground_truth_window,"Environment section (T(v)):
- Current position NED is (0.04, 5.71, -2.48) m.
- Current velocity is (0.00, 0.06, -0.00) m/s (speed 0.06 m/s).
- Goal position NED is (0.24, 29.25, -2.50) m.
- Output contract: predict exactly 5 waypoint x/y pairs in NED. The planner will set every waypoint z to goal z = -2.50 m before execution.
- Goal delta from current state is (0.20, 23.54, -0.02) m with distance 23.55 m.
- Obstacle pipeline: depth_camera_to_body_to_ned_current_frame.
- Current depth frame obstacle points projected into NED: 7. Nearest depth obstacle in NED is at (-4.01, 11.55, -2.22) m, relative vector (-4.06, 5.84, 0.26) m, distance 7.12 m.
- Depth validity fraction is 0.54. Global nearest obstacle distance is 4.84 m.
- Sector minimum distances [far_left, left, center, right, far_right] are [4.84, 4.84, 4.85, 4.85, 4.85] m.
- Nearest obstacle sector is far_left at 4.84 m and clearance status is clear.
- Lateral planning hint: prefer center progress.","{""waypoints"":[{""x"":0.04948574576271175,""y"":6.444915754237288},{""x"":0.05372303389830496,""y"":6.940678466101696},{""x"":0.05796032203389817,""y"":7.436441177966101},{""x"":0.06219761016949138,""y"":7.932203889830509},{""x"":0.06643489830508464,""y"":8.427966601694916}],""reasoning"":""Selected waypoint 0 moves the reference anchor from 23.30 m to 22.81 m from goal immediately and to 20.82 m by the final waypoint, so progress is 0.50 m selected / 2.48 m final and passes with monotonic goal-distance reduction. Kinematics is evaluated on 5 unique label waypoint(s), excluding consecutive duplicate terminal holds, and checks only that the trajectory stays within the configured bounds speed <= 15.00 m/s and acceleration <= 8.00 m/s^2, so kinematics passes. Goal is not reached within this label waypoint window. Safety passes: minimum clearance 2.86 m against manifest obstacles with 0 violating segment(s).""}",0.04948574576271175,6.444915754237288,-2.5,0.05372303389830496,6.940678466101696,-2.5,0.05796032203389817,7.436441177966101,-2.5,0.06219761016949138,7.932203889830509,-2.5,0.06643489830508464,8.427966601694916,-2.5
1773856194.902624607,1773856194.902624607,0.000,offline_ground_truth_window,"Environment section (T(v)):
- Current position NED is (0.07, 6.21, -2.50) m.
- Current velocity is (-0.01, 0.09, 0.01) m/s (speed 0.09 m/s).
- Goal position NED is (0.24, 29.25, -2.50) m.
- Output contract: predict exactly 5 waypoint x/y pairs in NED. The planner will set every waypoint z to goal z = -2.50 m before execution.
- Goal delta from current state is (0.18, 23.04, 0.00) m with distance 23.04 m.
- Obstacle pipeline: depth_camera_to_body_to_ned_current_frame.
- Current depth frame obstacle points projected into NED: 7. Nearest depth obstacle in NED is at (-4.02, 11.50, -2.50) m, relative vector (-4.09, 5.29, -0.00) m, distance 6.68 m.
- Depth validity fraction is 0.53. Global nearest obstacle distance is 4.97 m.
- Sector minimum distances [far_left, left, center, right, far_right] are [4.97, 4.97, 4.97, 4.97, 4.97] m.
- Nearest obstacle sector is far_right at 4.97 m and clearance status is clear.
- Lateral planning hint: prefer center progress.","{""waypoints"":[{""x"":0.05372303389830496,""y"":6.940678466101696},{""x"":0.05796032203389817,""y"":7.436441177966101},{""x"":0.06219761016949138,""y"":7.932203889830509},{""x"":0.06643489830508464,""y"":8.427966601694916},{""x"":0.07067218644067785,""y"":8.923729313559322}],""reasoning"":""Selected waypoint 0 moves the reference anchor from 22.81 m to 22.31 m from goal immediately and to 20.33 m by the final waypoint, so progress is 0.50 m selected / 2.48 m final and passes with monotonic goal-distance reduction. Kinematics is evaluated on 5 unique label waypoint(s), excluding consecutive duplicate terminal holds, and checks only that the trajectory stays within the configured bounds speed <= 15.00 m/s and acceleration <= 8.00 m/s^2, so kinematics passes. Goal is not reached within this label waypoint window. Safety passes: minimum clearance 3.12 m against manifest obstacles with 0 violating segment(s).""}",0.05372303389830496,6.940678466101696,-2.5,0.05796032203389817,7.436441177966101,-2.5,0.06219761016949138,7.932203889830509,-2.5,0.06643489830508464,8.427966601694916,-2.5,0.07067218644067785,8.923729313559322,-2.5
1773856200.381251812,1773856200.381251812,0.000,offline_ground_truth_window,"Environment section (T(v)):
- Current position NED is (0.02, 6.69, -2.49) m.
- Current velocity is (-0.00, 0.08, 0.00) m/s (speed 0.08 m/s).
- Goal position NED is (0.24, 29.25, -2.50) m.
- Output contract: predict exactly 5 waypoint x/y pairs in NED. The planner will set every waypoint z to goal z = -2.50 m before execution.
- Goal delta from current state is (0.23, 22.56, -0.01) m with distance 22.56 m.
- Obstacle pipeline: depth_camera_to_body_to_ned_current_frame.
- Current depth frame obstacle points projected into NED: 3. Nearest depth obstacle in NED is at (-4.02, 11.59, -2.42) m, relative vector (-4.04, 4.90, 0.07) m, distance 6.35 m.
- Depth validity fraction is 0.53. Global nearest obstacle distance is 4.88 m.
- Sector minimum distances [far_left, left, center, right, far_right] are [4.88, 4.89, 4.89, 4.90, 4.90] m.
- Nearest obstacle sector is far_left at 4.88 m and clearance status is clear.
- Lateral planning hint: prefer center progress.","{""waypoints"":[{""x"":0.05796032203389817,""y"":7.436441177966101},{""x"":0.06219761016949138,""y"":7.932203889830509},{""x"":0.06643489830508464,""y"":8.427966601694916},{""x"":0.07067218644067785,""y"":8.923729313559322},{""x"":0.07490947457627106,""y"":9.419492025423729}],""reasoning"":""Selected waypoint 0 moves the reference anchor from 22.31 m to 21.81 m from goal immediately and to 19.83 m by the final waypoint, so progress is 0.50 m selected / 2.48 m final and passes with monotonic goal-distance reduction. Kinematics is evaluated on 5 unique label waypoint(s), excluding consecutive duplicate terminal holds, and checks only that the trajectory stays within the configured bounds speed <= 15.00 m/s and acceleration <= 8.00 m/s^2, so kinematics passes. Goal is not reached within this label waypoint window. Safety passes: minimum clearance 3.43 m against manifest obstacles with 0 violating segment(s).""}",0.05796032203389817,7.436441177966101,-2.5,0.06219761016949138,7.932203889830509,-2.5,0.06643489830508464,8.427966601694916,-2.5,0.07067218644067785,8.923729313559322,-2.5,0.07490947457627106,9.419492025423729,-2.5
1773856206.708188295,1773856206.708188295,0.000,offline_ground_truth_window,"Environment section (T(v)):
- Current position NED is (0.04, 7.19, -2.48) m.
- Current velocity is (0.01, 0.07, -0.00) m/s (speed 0.07 m/s).
- Goal position NED is (0.24, 29.25, -2.50) m.
- Output contract: predict exactly 5 waypoint x/y pairs in NED. The planner will set every waypoint z to goal z = -2.50 m before execution.
- Goal delta from current state is (0.20, 22.06, -0.02) m with distance 22.06 m.
- Obstacle pipeline: depth_camera_to_body_to_ned_current_frame.
- Current depth frame obstacle points projected into NED: 0. Nearest depth obstacle in NED is at (0.04, 7.19, -2.48) m, relative vector (20.00, 0.00, 0.00) m, distance 20.00 m.
- Depth validity fraction is 0.54. Global nearest obstacle distance is 4.85 m.
- Sector minimum distances [far_left, left, center, right, far_right] are [4.85, 4.85, 4.86, 4.86, 4.86] m.
- Nearest obstacle sector is far_left at 4.85 m and clearance status is clear.
- Lateral planning hint: prefer center progress.","{""waypoints"":[{""x"":0.06219761016949138,""y"":7.932203889830509},{""x"":0.06643489830508464,""y"":8.427966601694916},{""x"":0.07067218644067785,""y"":8.923729313559322},{""x"":0.07490947457627106,""y"":9.419492025423729},{""x"":0.07914676271186427,""y"":9.915254737288135}],""reasoning"":""Selected waypoint 0 moves the reference anchor from 21.81 m to 21.32 m from goal immediately and to 19.34 m by the final waypoint, so progress is 0.50 m selected / 2.48 m final and passes with monotonic goal-distance reduction. Kinematics is evaluated on 5 unique label waypoint(s), excluding consecutive duplicate terminal holds, and checks only that the trajectory stays within the configured bounds speed <= 15.00 m/s and acceleration <= 8.00 m/s^2, so kinematics passes. Goal is not reached within this label waypoint window. Safety passes: minimum clearance 3.74 m against manifest obstacles with 0 violating segment(s).""}",0.06219761016949138,7.932203889830509,-2.5,0.06643489830508464,8.427966601694916,-2.5,0.07067218644067785,8.923729313559322,-2.5,0.07490947457627106,9.419492025423729,-2.5,0.07914676271186427,9.915254737288135,-2.5
1773856212.309736967,1773856212.309736967,0.000,offline_ground_truth_window,"Environment section (T(v)):
- Current position NED is (0.09, 7.69, -2.51) m.
- Current velocity is (-0.02, 0.08, 0.01) m/s (speed 0.08 m/s).
- Goal position NED is (0.24, 29.25, -2.50) m.
- Output contract: predict exactly 5 waypoint x/y pairs in NED. The planner will set every waypoint z to goal z = -2.50 m before execution.
- Goal delta from current state is (0.16, 21.56, 0.01) m with distance 21.56 m.
- Obstacle pipeline: depth_camera_to_body_to_ned_current_frame.
- Current depth frame obstacle points projected into NED: 0. Nearest depth obstacle in NED is at (0.09, 7.69, -2.51) m, relative vector (20.00, 0.00, 0.00) m, distance 20.00 m.
- Depth validity fraction is 0.53. Global nearest obstacle distance is 4.91 m.
- Sector minimum distances [far_left, left, center, right, far_right] are [4.91, 4.92, 4.92, 4.92, 4.92] m.
- Nearest obstacle sector is far_left at 4.91 m and clearance status is clear.
- Lateral planning hint: prefer center progress.","{""waypoints"":[{""x"":0.06643489830508464,""y"":8.427966601694916},{""x"":0.07067218644067785,""y"":8.923729313559322},{""x"":0.07490947457627106,""y"":9.419492025423729},{""x"":0.07914676271186427,""y"":9.915254737288135},{""x"":0.08338405084745748,""y"":10.411017449152542}],""reasoning"":""Selected waypoint 0 moves the reference anchor from 21.32 m to 20.82 m from goal immediately and to 18.84 m by the final waypoint, so progress is 0.50 m selected / 2.48 m final and passes with monotonic goal-distance reduction. Kinematics is evaluated on 5 unique label waypoint(s), excluding consecutive duplicate terminal holds, and checks only that the trajectory stays within the configured bounds speed <= 15.00 m/s and acceleration <= 8.00 m/s^2, so kinematics passes. Goal is not reached within this label waypoint window. Safety passes: minimum clearance 3.55 m against manifest obstacles with 0 violating segment(s).""}",0.06643489830508464,8.427966601694916,-2.5,0.07067218644067785,8.923729313559322,-2.5,0.07490947457627106,9.419492025423729,-2.5,0.07914676271186427,9.915254737288135,-2.5,0.08338405084745748,10.411017449152542,-2.5
1773856218.877281189,1773856218.877281189,0.000,offline_ground_truth_window,"Environment section (T(v)):
- Current position NED is (0.06, 8.18, -2.48) m.
- Current velocity is (0.00, 0.07, -0.00) m/s (speed 0.07 m/s).
- Goal position NED is (0.24, 29.25, -2.50) m.
- Output contract: predict exactly 5 waypoint x/y pairs in NED. The planner will set every waypoint z to goal z = -2.50 m before execution.
- Goal delta from current state is (0.19, 21.07, -0.02) m with distance 21.07 m.
- Obstacle pipeline: depth_camera_to_body_to_ned_current_frame.
- Current depth frame obstacle points projected into NED: 0. Nearest depth obstacle in NED is at (0.06, 8.18, -2.48) m, relative vector (20.00, 0.00, 0.00) m, distance 20.00 m.
- Depth validity fraction is 0.53. Global nearest obstacle distance is 4.87 m.
- Sector minimum distances [far_left, left, center, right, far_right] are [4.88, 4.88, 4.88, 4.87, 4.87] m.
- Nearest obstacle sector is far_right at 4.87 m and clearance status is clear.
- Lateral planning hint: prefer center progress.","{""waypoints"":[{""x"":0.07067218644067785,""y"":8.923729313559322},{""x"":0.07490947457627106,""y"":9.419492025423729},{""x"":0.07914676271186427,""y"":9.915254737288135},{""x"":0.08338405084745748,""y"":10.411017449152542},{""x"":0.08762133898305069,""y"":10.90678016101695}],""reasoning"":""Selected waypoint 0 moves the reference anchor from 20.82 m to 20.33 m from goal immediately and to 18.34 m by the final waypoint, so progress is 0.50 m selected / 2.48 m final and passes with monotonic goal-distance reduction. Kinematics is evaluated on 5 unique label waypoint(s), excluding consecutive duplicate terminal holds, and checks only that the trajectory stays within the configured bounds speed <= 15.00 m/s and acceleration <= 8.00 m/s^2, so kinematics passes. Goal is not reached within this label waypoint window. Safety passes: minimum clearance 3.42 m against manifest obstacles with 0 violating segment(s).""}",0.07067218644067785,8.923729313559322,-2.5,0.07490947457627106,9.419492025423729,-2.5,0.07914676271186427,9.915254737288135,-2.5,0.08338405084745748,10.411017449152542,-2.5,0.08762133898305069,10.90678016101695,-2.5
1773856224.887274504,1773856224.887274504,0.000,offline_ground_truth_window,"Environment section (T(v)):
- Current position NED is (0.06, 8.68, -2.50) m.
- Current velocity is (0.01, 0.06, 0.01) m/s (speed 0.06 m/s).
- Goal position NED is (0.24, 29.25, -2.50) m.
- Output contract: predict exactly 5 waypoint x/y pairs in NED. The planner will set every waypoint z to goal z = -2.50 m before execution.
- Goal delta from current state is (0.19, 20.57, 0.00) m with distance 20.57 m.
- Obstacle pipeline: depth_camera_to_body_to_ned_current_frame.
- Current depth frame obstacle points projected into NED: 0. Nearest depth obstacle in NED is at (0.06, 8.68, -2.50) m, relative vector (20.00, 0.00, 0.00) m, distance 20.00 m.
- Depth validity fraction is 0.53. Global nearest obstacle distance is 4.91 m.
- Sector minimum distances [far_left, left, center, right, far_right] are [4.91, 4.91, 4.91, 4.91, 4.91] m.
- Nearest obstacle sector is far_right at 4.91 m and clearance status is clear.
- Lateral planning hint: prefer center progress.","{""waypoints"":[{""x"":0.07490947457627106,""y"":9.419492025423729},{""x"":0.07914676271186427,""y"":9.915254737288135},{""x"":0.08338405084745748,""y"":10.411017449152542},{""x"":0.08762133898305069,""y"":10.90678016101695},{""x"":0.09185862711864395,""y"":11.402542872881357}],""reasoning"":""Selected waypoint 0 moves the reference anchor from 20.33 m to 19.83 m from goal immediately and to 17.85 m by the final waypoint, so progress is 0.50 m selected / 2.48 m final and passes with monotonic goal-distance reduction. Kinematics is evaluated on 5 unique label waypoint(s), excluding consecutive duplicate terminal holds, and checks only that the trajectory stays within the configured bounds speed <= 15.00 m/s and acceleration <= 8.00 m/s^2, so kinematics passes. Goal is not reached within this label waypoint window. Safety passes: minimum clearance 3.36 m against manifest obstacles with 0 violating segment(s).""}",0.07490947457627106,9.419492025423729,-2.5,0.07914676271186427,9.915254737288135,-2.5,0.08338405084745748,10.411017449152542,-2.5,0.08762133898305069,10.90678016101695,-2.5,0.09185862711864395,11.402542872881357,-2.5
1773856229.608589411,1773856229.608589411,0.000,offline_ground_truth_window,"Environment section (T(v)):
- Current position NED is (0.11, 9.17, -2.50) m.
- Current velocity is (-0.01, 0.06, 0.01) m/s (speed 0.06 m/s).
- Goal position NED is (0.24, 29.25, -2.50) m.
- Output contract: predict exactly 5 waypoint x/y pairs in NED. The planner will set every waypoint z to goal z = -2.50 m before execution.
- Goal delta from current state is (0.14, 20.08, 0.00) m with distance 20.08 m.
- Obstacle pipeline: depth_camera_to_body_to_ned_current_frame.
- Current depth frame obstacle points projected into NED: 0. Nearest depth obstacle in NED is at (0.11, 9.17, -2.50) m, relative vector (20.00, 0.00, 0.00) m, distance 20.00 m.
- Depth validity fraction is 0.52. Global nearest obstacle distance is 4.88 m.
- Sector minimum distances [far_left, left, center, right, far_right] are [4.90, 4.89, 4.89, 4.89, 4.88] m.
- Nearest obstacle sector is far_right at 4.88 m and clearance status is clear.
- Lateral planning hint: prefer center progress.","{""waypoints"":[{""x"":0.07914676271186427,""y"":9.915254737288135},{""x"":0.08338405084745748,""y"":10.411017449152542},{""x"":0.08762133898305069,""y"":10.90678016101695},{""x"":0.09185862711864395,""y"":11.402542872881357},{""x"":0.09609591525423716,""y"":11.898305584745763}],""reasoning"":""Selected waypoint 0 moves the reference anchor from 19.83 m to 19.34 m from goal immediately and to 17.35 m by the final waypoint, so progress is 0.50 m selected / 2.48 m final and passes with monotonic goal-distance reduction. Kinematics is evaluated on 5 unique label waypoint(s), excluding consecutive duplicate terminal holds, and checks only that the trajectory stays within the configured bounds speed <= 15.00 m/s and acceleration <= 8.00 m/s^2, so kinematics passes. Goal is not reached within this label waypoint window. Safety passes: minimum clearance 3.35 m against manifest obstacles with 0 violating segment(s).""}",0.07914676271186427,9.915254737288135,-2.5,0.08338405084745748,10.411017449152542,-2.5,0.08762133898305069,10.90678016101695,-2.5,0.09185862711864395,11.402542872881357,-2.5,0.09609591525423716,11.898305584745763,-2.5
1773856236.561511517,1773856236.561511517,0.000,offline_ground_truth_window,"Environment section (T(v)):
- Current position NED is (0.07, 9.67, -2.49) m.
- Current velocity is (0.01, 0.07, 0.00) m/s (speed 0.07 m/s).
- Goal position NED is (0.24, 29.25, -2.50) m.
- Output contract: predict exactly 5 waypoint x/y pairs in NED. The planner will set every waypoint z to goal z = -2.50 m before execution.
- Goal delta from current state is (0.17, 19.58, -0.01) m with distance 19.58 m.
- Obstacle pipeline: depth_camera_to_body_to_ned_current_frame.
- Current depth frame obstacle points projected into NED: 1. Nearest depth obstacle in NED is at (3.50, 19.03, -1.99) m, relative vector (3.43, 9.36, 0.50) m, distance 9.98 m.
- Depth validity fraction is 0.52. Global nearest obstacle distance is 4.91 m.
- Sector minimum distances [far_left, left, center, right, far_right] are [4.94, 4.93, 4.92, 4.92, 4.91] m.
- Nearest obstacle sector is far_right at 4.91 m and clearance status is clear.
- Lateral planning hint: prefer center progress.","{""waypoints"":[{""x"":0.08338405084745748,""y"":10.411017449152542},{""x"":0.08762133898305069,""y"":10.90678016101695},{""x"":0.09185862711864395,""y"":11.402542872881357},{""x"":0.09609591525423716,""y"":11.898305584745763},{""x"":0.10033320338983037,""y"":12.39406829661017}],""reasoning"":""Selected waypoint 0 moves the reference anchor from 19.34 m to 18.84 m from goal immediately and to 16.86 m by the final waypoint, so progress is 0.50 m selected / 2.48 m final and passes with monotonic goal-distance reduction. Kinematics is evaluated on 5 unique label waypoint(s), excluding consecutive duplicate terminal holds, and checks only that the trajectory stays within the configured bounds speed <= 15.00 m/s and acceleration <= 8.00 m/s^2, so kinematics passes. Goal is not reached within this label waypoint window. Safety passes: minimum clearance 3.35 m against manifest obstacles with 0 violating segment(s).""}",0.08338405084745748,10.411017449152542,-2.5,0.08762133898305069,10.90678016101695,-2.5,0.09185862711864395,11.402542872881357,-2.5,0.09609591525423716,11.898305584745763,-2.5,0.10033320338983037,12.39406829661017,-2.5
1773856242.668777943,1773856242.668777943,0.000,offline_ground_truth_window,"Environment section (T(v)):
- Current position NED is (0.04, 10.16, -2.49) m.
- Current velocity is (0.02, 0.05, 0.00) m/s (speed 0.06 m/s).
- Goal position NED is (0.24, 29.25, -2.50) m.
- Output contract: predict exactly 5 waypoint x/y pairs in NED. The planner will set every waypoint z to goal z = -2.50 m before execution.
- Goal delta from current state is (0.20, 19.09, -0.01) m with distance 19.09 m.
- Obstacle pipeline: depth_camera_to_body_to_ned_current_frame.
- Current depth frame obstacle points projected into NED: 2. Nearest depth obstacle in NED is at (3.44, 19.17, -2.51) m, relative vector (3.40, 9.01, -0.01) m, distance 9.63 m.
- Depth validity fraction is 0.53. Global nearest obstacle distance is 4.92 m.
- Sector minimum distances [far_left, left, center, right, far_right] are [4.92, 4.92, 4.92, 4.92, 4.92] m.
- Nearest obstacle sector is far_right at 4.92 m and clearance status is clear.
- Lateral planning hint: prefer center progress.","{""waypoints"":[{""x"":0.08762133898305069,""y"":10.90678016101695},{""x"":0.09185862711864395,""y"":11.402542872881357},{""x"":0.09609591525423716,""y"":11.898305584745763},{""x"":0.10033320338983037,""y"":12.39406829661017},{""x"":0.10457049152542358,""y"":12.889831008474577}],""reasoning"":""Selected waypoint 0 moves the reference anchor from 18.84 m to 18.34 m from goal immediately and to 16.36 m by the final waypoint, so progress is 0.50 m selected / 2.48 m final and passes with monotonic goal-distance reduction. Kinematics is evaluated on 5 unique label waypoint(s), excluding consecutive duplicate terminal holds, and checks only that the trajectory stays within the configured bounds speed <= 15.00 m/s and acceleration <= 8.00 m/s^2, so kinematics passes. Goal is not reached within this label waypoint window. Safety passes: minimum clearance 3.35 m against manifest obstacles with 0 violating segment(s).""}",0.08762133898305069,10.90678016101695,-2.5,0.09185862711864395,11.402542872881357,-2.5,0.09609591525423716,11.898305584745763,-2.5,0.10033320338983037,12.39406829661017,-2.5,0.10457049152542358,12.889831008474577,-2.5
1773856247.793157578,1773856247.793157578,0.000,offline_ground_truth_window,"Environment section (T(v)):
- Current position NED is (0.08, 10.66, -2.50) m.
- Current velocity is (0.00, 0.06, 0.00) m/s (speed 0.06 m/s).
- Goal position NED is (0.24, 29.25, -2.50) m.
- Output contract: predict exactly 5 waypoint x/y pairs in NED. The planner will set every waypoint z to goal z = -2.50 m before execution.
- Goal delta from current state is (0.17, 18.59, -0.00) m with distance 18.59 m.
- Obstacle pipeline: depth_camera_to_body_to_ned_current_frame.
- Current depth frame obstacle points projected into NED: 0. Nearest depth obstacle in NED is at (0.08, 10.66, -2.50) m, relative vector (20.00, 0.00, 0.00) m, distance 20.00 m.
- Depth validity fraction is 0.53. Global nearest obstacle distance is 4.99 m.
- Sector minimum distances [far_left, left, center, right, far_right] are [4.99, 4.99, 4.99, 4.99, 4.99] m.
- Nearest obstacle sector is far_left at 4.99 m and clearance status is clear.
- Lateral planning hint: prefer center progress.","{""waypoints"":[{""x"":0.09185862711864395,""y"":11.402542872881357},{""x"":0.09609591525423716,""y"":11.898305584745763},{""x"":0.10033320338983037,""y"":12.39406829661017},{""x"":0.10457049152542358,""y"":12.889831008474577},{""x"":0.10880777966101685,""y"":13.385593720338983}],""reasoning"":""Selected waypoint 0 moves the reference anchor from 18.34 m to 17.85 m from goal immediately and to 15.86 m by the final waypoint, so progress is 0.50 m selected / 2.48 m final and passes with monotonic goal-distance reduction. Kinematics is evaluated on 5 unique label waypoint(s), excluding consecutive duplicate terminal holds, and checks only that the trajectory stays within the configured bounds speed <= 15.00 m/s and acceleration <= 8.00 m/s^2, so kinematics passes. Goal is not reached within this label waypoint window. Safety passes: minimum clearance 3.35 m against manifest obstacles with 0 violating segment(s).""}",0.09185862711864395,11.402542872881357,-2.5,0.09609591525423716,11.898305584745763,-2.5,0.10033320338983037,12.39406829661017,-2.5,0.10457049152542358,12.889831008474577,-2.5,0.10880777966101685,13.385593720338983,-2.5
1773856253.512462378,1773856253.512462378,0.000,offline_ground_truth_window,"Environment section (T(v)):
- Current position NED is (0.11, 11.16, -2.52) m.
- Current velocity is (-0.00, 0.07, 0.01) m/s (speed 0.07 m/s).
- Goal position NED is (0.24, 29.25, -2.50) m.
- Output contract: predict exactly 5 waypoint x/y pairs in NED. The planner will set every waypoint z to goal z = -2.50 m before execution.
- Goal delta from current state is (0.14, 18.09, 0.02) m with distance 18.09 m.
- Obstacle pipeline: depth_camera_to_body_to_ned_current_frame.
- Current depth frame obstacle points projected into NED: 1. Nearest depth obstacle in NED is at (3.62, 19.21, -2.42) m, relative vector (3.52, 8.04, 0.10) m, distance 8.78 m.
- Depth validity fraction is 0.53. Global nearest obstacle distance is 4.94 m.
- Sector minimum distances [far_left, left, center, right, far_right] are [4.94, 4.94, 4.94, 4.94, 4.94] m.
- Nearest obstacle sector is far_right at 4.94 m and clearance status is clear.
- Lateral planning hint: prefer center progress.","{""waypoints"":[{""x"":0.09609591525423716,""y"":11.898305584745763},{""x"":0.10033320338983037,""y"":12.39406829661017},{""x"":0.10457049152542358,""y"":12.889831008474577},{""x"":0.10880777966101685,""y"":13.385593720338983},{""x"":0.11304506779661005,""y"":13.881356432203392}],""reasoning"":""Selected waypoint 0 moves the reference anchor from 17.85 m to 17.35 m from goal immediately and to 15.37 m by the final waypoint, so progress is 0.50 m selected / 2.48 m final and passes with monotonic goal-distance reduction. Kinematics is evaluated on 5 unique label waypoint(s), excluding consecutive duplicate terminal holds, and checks only that the trajectory stays within the configured bounds speed <= 15.00 m/s and acceleration <= 8.00 m/s^2, so kinematics passes. Goal is not reached within this label waypoint window. Safety passes: minimum clearance 3.35 m against manifest obstacles with 0 violating segment(s).""}",0.09609591525423716,11.898305584745763,-2.5,0.10033320338983037,12.39406829661017,-2.5,0.10457049152542358,12.889831008474577,-2.5,0.10880777966101685,13.385593720338983,-2.5,0.11304506779661005,13.881356432203392,-2.5
1773856259.331738949,1773856259.331738949,0.000,offline_ground_truth_window,"Environment section (T(v)):
- Current position NED is (0.07, 11.65, -2.51) m.
- Current velocity is (0.00, 0.06, 0.00) m/s (speed 0.06 m/s).
- Goal position NED is (0.24, 29.25, -2.50) m.
- Output contract: predict exactly 5 waypoint x/y pairs in NED. The planner will set every waypoint z to goal z = -2.50 m before execution.
- Goal delta from current state is (0.17, 17.60, 0.01) m with distance 17.60 m.
- Obstacle pipeline: depth_camera_to_body_to_ned_current_frame.
- Current depth frame obstacle points projected into NED: 2. Nearest depth obstacle in NED is at (3.60, 19.05, -2.30) m, relative vector (3.53, 7.40, 0.21) m, distance 8.20 m.
- Depth validity fraction is 0.53. Global nearest obstacle distance is 4.90 m.
- Sector minimum distances [far_left, left, center, right, far_right] are [4.90, 4.91, 4.91, 4.91, 4.91] m.
- Nearest obstacle sector is far_left at 4.90 m and clearance status is clear.
- Lateral planning hint: prefer center progress.","{""waypoints"":[{""x"":0.10033320338983037,""y"":12.39406829661017},{""x"":0.10457049152542358,""y"":12.889831008474577},{""x"":0.10880777966101685,""y"":13.385593720338983},{""x"":0.11304506779661005,""y"":13.881356432203392},{""x"":0.11728235593220326,""y"":14.377119144067798}],""reasoning"":""Selected waypoint 0 moves the reference anchor from 17.35 m to 16.86 m from goal immediately and to 14.87 m by the final waypoint, so progress is 0.50 m selected / 2.48 m final and passes with monotonic goal-distance reduction. Kinematics is evaluated on 5 unique label waypoint(s), excluding consecutive duplicate terminal holds, and checks only that the trajectory stays within the configured bounds speed <= 15.00 m/s and acceleration <= 8.00 m/s^2, so kinematics passes. Goal is not reached within this label waypoint window. Safety passes: minimum clearance 3.36 m against manifest obstacles with 0 violating segment(s).""}",0.10033320338983037,12.39406829661017,-2.5,0.10457049152542358,12.889831008474577,-2.5,0.10880777966101685,13.385593720338983,-2.5,0.11304506779661005,13.881356432203392,-2.5,0.11728235593220326,14.377119144067798,-2.5
1773856265.220991135,1773856265.220991135,0.000,offline_ground_truth_window,"Environment section (T(v)):
- Current position NED is (0.07, 12.16, -2.50) m.
- Current velocity is (0.00, 0.10, 0.00) m/s (speed 0.10 m/s).
- Goal position NED is (0.24, 29.25, -2.50) m.
- Output contract: predict exactly 5 waypoint x/y pairs in NED. The planner will set every waypoint z to goal z = -2.50 m before execution.
- Goal delta from current state is (0.17, 17.09, 0.00) m with distance 17.10 m.
- Obstacle pipeline: depth_camera_to_body_to_ned_current_frame.
- Current depth frame obstacle points projected into NED: 2. Nearest depth obstacle in NED is at (3.64, 19.10, -2.66) m, relative vector (3.56, 6.94, -0.16) m, distance 7.81 m.
- Depth validity fraction is 0.53. Global nearest obstacle distance is 4.92 m.
- Sector minimum distances [far_left, left, center, right, far_right] are [4.92, 4.92, 4.92, 4.93, 4.93] m.
- Nearest obstacle sector is far_left at 4.92 m and clearance status is clear.
- Lateral planning hint: prefer center progress.","{""waypoints"":[{""x"":0.10457049152542358,""y"":12.889831008474577},{""x"":0.10880777966101685,""y"":13.385593720338983},{""x"":0.11304506779661005,""y"":13.881356432203392},{""x"":0.11728235593220326,""y"":14.377119144067798},{""x"":0.12151964406779647,""y"":14.872881855932203}],""reasoning"":""Selected waypoint 0 moves the reference anchor from 16.86 m to 16.36 m from goal immediately and to 14.38 m by the final waypoint, so progress is 0.50 m selected / 2.48 m final and passes with monotonic goal-distance reduction. Kinematics is evaluated on 5 unique label waypoint(s), excluding consecutive duplicate terminal holds, and checks only that the trajectory stays within the configured bounds speed <= 15.00 m/s and acceleration <= 8.00 m/s^2, so kinematics passes. Goal is not reached within this label waypoint window. Safety passes: minimum clearance 3.42 m against manifest obstacles with 0 violating segment(s).""}",0.10457049152542358,12.889831008474577,-2.5,0.10880777966101685,13.385593720338983,-2.5,0.11304506779661005,13.881356432203392,-2.5,0.11728235593220326,14.377119144067798,-2.5,0.12151964406779647,14.872881855932203,-2.5
1773856272.785594702,1773856272.785594702,0.000,offline_ground_truth_window,"Environment section (T(v)):
- Current position NED is (0.11, 12.64, -2.47) m.
- Current velocity is (-0.00, 0.05, -0.00) m/s (speed 0.05 m/s).
- Goal position NED is (0.24, 29.25, -2.50) m.
- Output contract: predict exactly 5 waypoint x/y pairs in NED. The planner will set every waypoint z to goal z = -2.50 m before execution.
- Goal delta from current state is (0.14, 16.61, -0.03) m with distance 16.61 m.
- Obstacle pipeline: depth_camera_to_body_to_ned_current_frame.
- Current depth frame obstacle points projected into NED: 4. Nearest depth obstacle in NED is at (3.73, 19.06, -1.97) m, relative vector (3.62, 6.42, 0.50) m, distance 7.39 m.
- Depth validity fraction is 0.53. Global nearest obstacle distance is 4.88 m.
- Sector minimum distances [far_left, left, center, right, far_right] are [4.88, 4.88, 4.88, 4.88, 4.88] m.
- Nearest obstacle sector is far_left at 4.88 m and clearance status is clear.
- Lateral planning hint: prefer center progress.","{""waypoints"":[{""x"":0.10880777966101685,""y"":13.385593720338983},{""x"":0.11304506779661005,""y"":13.881356432203392},{""x"":0.11728235593220326,""y"":14.377119144067798},{""x"":0.12151964406779647,""y"":14.872881855932203},{""x"":0.12575693220338968,""y"":15.368644567796611}],""reasoning"":""Selected waypoint 0 moves the reference anchor from 16.36 m to 15.86 m from goal immediately and to 13.88 m by the final waypoint, so progress is 0.50 m selected / 2.48 m final and passes with monotonic goal-distance reduction. Kinematics is evaluated on 5 unique label waypoint(s), excluding consecutive duplicate terminal holds, and checks only that the trajectory stays within the configured bounds speed <= 15.00 m/s and acceleration <= 8.00 m/s^2, so kinematics passes. Goal is not reached within this label waypoint window. Safety passes: minimum clearance 3.55 m against manifest obstacles with 0 violating segment(s).""}",0.10880777966101685,13.385593720338983,-2.5,0.11304506779661005,13.881356432203392,-2.5,0.11728235593220326,14.377119144067798,-2.5,0.12151964406779647,14.872881855932203,-2.5,0.12575693220338968,15.368644567796611,-2.5
1773856279.703047752,1773856279.703047752,0.000,offline_ground_truth_window,"Environment section (T(v)):
- Current position NED is (0.11, 13.14, -2.50) m.
- Current velocity is (0.00, 0.06, 0.00) m/s (speed 0.06 m/s).
- Goal position NED is (0.24, 29.25, -2.50) m.
- Output contract: predict exactly 5 waypoint x/y pairs in NED. The planner will set every waypoint z to goal z = -2.50 m before execution.
- Goal delta from current state is (0.13, 16.11, -0.00) m with distance 16.11 m.
- Obstacle pipeline: depth_camera_to_body_to_ned_current_frame.
- Current depth frame obstacle points projected into NED: 4. Nearest depth obstacle in NED is at (3.77, 19.04, -2.27) m, relative vector (3.66, 5.89, 0.23) m, distance 6.94 m.
- Depth validity fraction is 0.53. Global nearest obstacle distance is 4.87 m.
- Sector minimum distances [far_left, left, center, right, far_right] are [4.88, 4.88, 4.87, 4.87, 4.87] m.
- Nearest obstacle sector is far_right at 4.87 m and clearance status is clear.
- Lateral planning hint: prefer center progress.","{""waypoints"":[{""x"":0.11304506779661005,""y"":13.881356432203392},{""x"":0.11728235593220326,""y"":14.377119144067798},{""x"":0.12151964406779647,""y"":14.872881855932203},{""x"":0.12575693220338968,""y"":15.368644567796611},{""x"":0.1299942203389829,""y"":15.864407279661018}],""reasoning"":""Selected waypoint 0 moves the reference anchor from 15.86 m to 15.37 m from goal immediately and to 13.39 m by the final waypoint, so progress is 0.50 m selected / 2.48 m final and passes with monotonic goal-distance reduction. Kinematics is evaluated on 5 unique label waypoint(s), excluding consecutive duplicate terminal holds, and checks only that the trajectory stays within the configured bounds speed <= 15.00 m/s and acceleration <= 8.00 m/s^2, so kinematics passes. Goal is not reached within this label waypoint window. Safety passes: minimum clearance 3.74 m against manifest obstacles with 0 violating segment(s).""}",0.11304506779661005,13.881356432203392,-2.5,0.11728235593220326,14.377119144067798,-2.5,0.12151964406779647,14.872881855932203,-2.5,0.12575693220338968,15.368644567796611,-2.5,0.1299942203389829,15.864407279661018,-2.5
1773856285.392307997,1773856285.392307997,0.000,offline_ground_truth_window,"Environment section (T(v)):
- Current position NED is (0.10, 13.63, -2.49) m.
- Current velocity is (0.00, 0.09, 0.00) m/s (speed 0.09 m/s).
- Goal position NED is (0.24, 29.25, -2.50) m.
- Output contract: predict exactly 5 waypoint x/y pairs in NED. The planner will set every waypoint z to goal z = -2.50 m before execution.
- Goal delta from current state is (0.14, 15.62, -0.01) m with distance 15.62 m.
- Obstacle pipeline: depth_camera_to_body_to_ned_current_frame.
- Current depth frame obstacle points projected into NED: 1. Nearest depth obstacle in NED is at (3.75, 19.43, -2.16) m, relative vector (3.65, 5.80, 0.32) m, distance 6.86 m.
- Depth validity fraction is 0.56. Global nearest obstacle distance is 4.92 m.
- Sector minimum distances [far_left, left, center, right, far_right] are [4.92, 4.92, 4.92, 4.92, 4.92] m.
- Nearest obstacle sector is far_right at 4.92 m and clearance status is clear.
- Lateral planning hint: prefer center progress.","{""waypoints"":[{""x"":0.11728235593220326,""y"":14.377119144067798},{""x"":0.12151964406779647,""y"":14.872881855932203},{""x"":0.12575693220338968,""y"":15.368644567796611},{""x"":0.1299942203389829,""y"":15.864407279661018},{""x"":0.1342315084745761,""y"":16.36016999152542}],""reasoning"":""Selected waypoint 0 moves the reference anchor from 15.37 m to 14.87 m from goal immediately and to 12.89 m by the final waypoint, so progress is 0.50 m selected / 2.48 m final and passes with monotonic goal-distance reduction. Kinematics is evaluated on 5 unique label waypoint(s), excluding consecutive duplicate terminal holds, and checks only that the trajectory stays within the configured bounds speed <= 15.00 m/s and acceleration <= 8.00 m/s^2, so kinematics passes. Goal is not reached within this label waypoint window. Safety passes: minimum clearance 3.88 m against manifest obstacles with 0 violating segment(s).""}",0.11728235593220326,14.377119144067798,-2.5,0.12151964406779647,14.872881855932203,-2.5,0.12575693220338968,15.368644567796611,-2.5,0.1299942203389829,15.864407279661018,-2.5,0.1342315084745761,16.36016999152542,-2.5
1773856290.207640648,1773856290.207640648,0.000,offline_ground_truth_window,"Environment section (T(v)):
- Current position NED is (0.10, 14.13, -2.53) m.
- Current velocity is (0.01, 0.09, 0.02) m/s (speed 0.09 m/s).
- Goal position NED is (0.24, 29.25, -2.50) m.
- Output contract: predict exactly 5 waypoint x/y pairs in NED. The planner will set every waypoint z to goal z = -2.50 m before execution.
- Goal delta from current state is (0.15, 15.12, 0.03) m with distance 15.12 m.
- Obstacle pipeline: depth_camera_to_body_to_ned_current_frame.
- Current depth frame obstacle points projected into NED: 0. Nearest depth obstacle in NED is at (0.10, 14.13, -2.53) m, relative vector (20.00, 0.00, 0.00) m, distance 20.00 m.
- Depth validity fraction is 0.57. Global nearest obstacle distance is 4.90 m.
- Sector minimum distances [far_left, left, center, right, far_right] are [4.90, 4.90, 4.90, 4.90, 4.90] m.
- Nearest obstacle sector is far_left at 4.90 m and clearance status is clear.
- Lateral planning hint: prefer center progress.","{""waypoints"":[{""x"":0.12151964406779647,""y"":14.872881855932203},{""x"":0.12575693220338968,""y"":15.368644567796611},{""x"":0.1299942203389829,""y"":15.864407279661018},{""x"":0.1342315084745761,""y"":16.36016999152542},{""x"":0.13846879661016936,""y"":16.85593270338983}],""reasoning"":""Selected waypoint 0 moves the reference anchor from 14.87 m to 14.38 m from goal immediately and to 12.39 m by the final waypoint, so progress is 0.50 m selected / 2.48 m final and passes with monotonic goal-distance reduction. Kinematics is evaluated on 5 unique label waypoint(s), excluding consecutive duplicate terminal holds, and checks only that the trajectory stays within the configured bounds speed <= 15.00 m/s and acceleration <= 8.00 m/s^2, so kinematics passes. Goal is not reached within this label waypoint window. Safety passes: minimum clearance 3.83 m against manifest obstacles with 0 violating segment(s).""}",0.12151964406779647,14.872881855932203,-2.5,0.12575693220338968,15.368644567796611,-2.5,0.1299942203389829,15.864407279661018,-2.5,0.1342315084745761,16.36016999152542,-2.5,0.13846879661016936,16.85593270338983,-2.5
1773856294.584122419,1773856294.584122419,0.000,offline_ground_truth_window,"Environment section (T(v)):
- Current position NED is (0.13, 14.63, -2.50) m.
- Current velocity is (-0.01, 0.07, 0.01) m/s (speed 0.07 m/s).
- Goal position NED is (0.24, 29.25, -2.50) m.
- Output contract: predict exactly 5 waypoint x/y pairs in NED. The planner will set every waypoint z to goal z = -2.50 m before execution.
- Goal delta from current state is (0.11, 14.62, -0.00) m with distance 14.62 m.
- Obstacle pipeline: depth_camera_to_body_to_ned_current_frame.
- Current depth frame obstacle points projected into NED: 0. Nearest depth obstacle in NED is at (0.13, 14.63, -2.50) m, relative vector (20.00, 0.00, 0.00) m, distance 20.00 m.
- Depth validity fraction is 0.56. Global nearest obstacle distance is 4.96 m.
- Sector minimum distances [far_left, left, center, right, far_right] are [4.96, 4.96, 4.96, 4.96, 4.96] m.
- Nearest obstacle sector is far_left at 4.96 m and clearance status is clear.
- Lateral planning hint: prefer center progress.","{""waypoints"":[{""x"":0.12575693220338968,""y"":15.368644567796611},{""x"":0.1299942203389829,""y"":15.864407279661018},{""x"":0.1342315084745761,""y"":16.36016999152542},{""x"":0.13846879661016936,""y"":16.85593270338983},{""x"":0.14270608474576257,""y"":17.351695415254234}],""reasoning"":""Selected waypoint 0 moves the reference anchor from 14.38 m to 13.88 m from goal immediately and to 11.90 m by the final waypoint, so progress is 0.50 m selected / 2.48 m final and passes with monotonic goal-distance reduction. Kinematics is evaluated on 5 unique label waypoint(s), excluding consecutive duplicate terminal holds, and checks only that the trajectory stays within the configured bounds speed <= 15.00 m/s and acceleration <= 8.00 m/s^2, so kinematics passes. Goal is not reached within this label waypoint window. Safety passes: minimum clearance 3.83 m against manifest obstacles with 0 violating segment(s).""}",0.12575693220338968,15.368644567796611,-2.5,0.1299942203389829,15.864407279661018,-2.5,0.1342315084745761,16.36016999152542,-2.5,0.13846879661016936,16.85593270338983,-2.5,0.14270608474576257,17.351695415254234,-2.5
1773856300.197704315,1773856300.197704315,0.000,offline_ground_truth_window,"Environment section (T(v)):
- Current position NED is (0.15, 15.12, -2.50) m.
- Current velocity is (0.00, 0.05, 0.00) m/s (speed 0.05 m/s).
- Goal position NED is (0.24, 29.25, -2.50) m.
- Output contract: predict exactly 5 waypoint x/y pairs in NED. The planner will set every waypoint z to goal z = -2.50 m before execution.
- Goal delta from current state is (0.09, 14.13, -0.00) m with distance 14.13 m.
- Obstacle pipeline: depth_camera_to_body_to_ned_current_frame.
- Current depth frame obstacle points projected into NED: 0. Nearest depth obstacle in NED is at (0.15, 15.12, -2.50) m, relative vector (20.00, 0.00, 0.00) m, distance 20.00 m.
- Depth validity fraction is 0.58. Global nearest obstacle distance is 4.81 m.
- Sector minimum distances [far_left, left, center, right, far_right] are [4.84, 4.84, 4.83, 4.82, 4.81] m.
- Nearest obstacle sector is far_right at 4.81 m and clearance status is clear.
- Lateral planning hint: prefer center progress.","{""waypoints"":[{""x"":0.1299942203389829,""y"":15.864407279661018},{""x"":0.1342315084745761,""y"":16.36016999152542},{""x"":0.13846879661016936,""y"":16.85593270338983},{""x"":0.14270608474576257,""y"":17.351695415254234},{""x"":0.14694337288135584,""y"":17.847458127118642}],""reasoning"":""Selected waypoint 0 moves the reference anchor from 13.88 m to 13.39 m from goal immediately and to 11.40 m by the final waypoint, so progress is 0.50 m selected / 2.48 m final and passes with monotonic goal-distance reduction. Kinematics is evaluated on 5 unique label waypoint(s), excluding consecutive duplicate terminal holds, and checks only that the trajectory stays within the configured bounds speed <= 15.00 m/s and acceleration <= 8.00 m/s^2, so kinematics passes. Goal is not reached within this label waypoint window. Safety passes: minimum clearance 3.83 m against manifest obstacles with 0 violating segment(s).""}",0.1299942203389829,15.864407279661018,-2.5,0.1342315084745761,16.36016999152542,-2.5,0.13846879661016936,16.85593270338983,-2.5,0.14270608474576257,17.351695415254234,-2.5,0.14694337288135584,17.847458127118642,-2.5
1773856304.678907394,1773856304.678907394,0.000,offline_ground_truth_window,"Environment section (T(v)):
- Current position NED is (0.10, 15.62, -2.49) m.
- Current velocity is (-0.01, 0.07, -0.00) m/s (speed 0.07 m/s).
- Goal position NED is (0.24, 29.25, -2.50) m.
- Output contract: predict exactly 5 waypoint x/y pairs in NED. The planner will set every waypoint z to goal z = -2.50 m before execution.
- Goal delta from current state is (0.14, 13.63, -0.01) m with distance 13.63 m.
- Obstacle pipeline: depth_camera_to_body_to_ned_current_frame.
- Current depth frame obstacle points projected into NED: 0. Nearest depth obstacle in NED is at (0.10, 15.62, -2.49) m, relative vector (20.00, 0.00, 0.00) m, distance 20.00 m.
- Depth validity fraction is 0.57. Global nearest obstacle distance is 4.87 m.
- Sector minimum distances [far_left, left, center, right, far_right] are [4.87, 4.88, 4.88, 4.88, 4.89] m.
- Nearest obstacle sector is far_left at 4.87 m and clearance status is clear.
- Lateral planning hint: prefer center progress.","{""waypoints"":[{""x"":0.1342315084745761,""y"":16.36016999152542},{""x"":0.13846879661016936,""y"":16.85593270338983},{""x"":0.14270608474576257,""y"":17.351695415254234},{""x"":0.14694337288135584,""y"":17.847458127118642},{""x"":0.15118066101694905,""y"":18.34322083898305}],""reasoning"":""Selected waypoint 0 moves the reference anchor from 13.39 m to 12.89 m from goal immediately and to 10.91 m by the final waypoint, so progress is 0.50 m selected / 2.48 m final and passes with monotonic goal-distance reduction. Kinematics is evaluated on 5 unique label waypoint(s), excluding consecutive duplicate terminal holds, and checks only that the trajectory stays within the configured bounds speed <= 15.00 m/s and acceleration <= 8.00 m/s^2, so kinematics passes. Goal is not reached within this label waypoint window. Safety passes: minimum clearance 3.83 m against manifest obstacles with 0 violating segment(s).""}",0.1342315084745761,16.36016999152542,-2.5,0.13846879661016936,16.85593270338983,-2.5,0.14270608474576257,17.351695415254234,-2.5,0.14694337288135584,17.847458127118642,-2.5,0.15118066101694905,18.34322083898305,-2.5
1773856309.693652153,1773856309.693652153,0.000,offline_ground_truth_window,"Environment section (T(v)):
- Current position NED is (0.09, 16.11, -2.49) m.
- Current velocity is (0.01, 0.09, -0.00) m/s (speed 0.09 m/s).
- Goal position NED is (0.24, 29.25, -2.50) m.
- Output contract: predict exactly 5 waypoint x/y pairs in NED. The planner will set every waypoint z to goal z = -2.50 m before execution.
- Goal delta from current state is (0.15, 13.14, -0.01) m with distance 13.14 m.
- Obstacle pipeline: depth_camera_to_body_to_ned_current_frame.
- Current depth frame obstacle points projected into NED: 0. Nearest depth obstacle in NED is at (0.09, 16.11, -2.49) m, relative vector (20.00, 0.00, 0.00) m, distance 20.00 m.
- Depth validity fraction is 0.58. Global nearest obstacle distance is 4.85 m.
- Sector minimum distances [far_left, left, center, right, far_right] are [4.85, 4.85, 4.86, 4.86, 4.86] m.
- Nearest obstacle sector is far_left at 4.85 m and clearance status is clear.
- Lateral planning hint: prefer center progress.","{""waypoints"":[{""x"":0.13846879661016936,""y"":16.85593270338983},{""x"":0.14270608474576257,""y"":17.351695415254234},{""x"":0.14694337288135584,""y"":17.847458127118642},{""x"":0.15118066101694905,""y"":18.34322083898305},{""x"":0.15541794915254226,""y"":18.838983550847455}],""reasoning"":""Selected waypoint 0 moves the reference anchor from 12.89 m to 12.39 m from goal immediately and to 10.41 m by the final waypoint, so progress is 0.50 m selected / 2.48 m final and passes with monotonic goal-distance reduction. Kinematics is evaluated on 5 unique label waypoint(s), excluding consecutive duplicate terminal holds, and checks only that the trajectory stays within the configured bounds speed <= 15.00 m/s and acceleration <= 8.00 m/s^2, so kinematics passes. Goal is not reached within this label waypoint window. Safety passes: minimum clearance 3.83 m against manifest obstacles with 0 violating segment(s).""}",0.13846879661016936,16.85593270338983,-2.5,0.14270608474576257,17.351695415254234,-2.5,0.14694337288135584,17.847458127118642,-2.5,0.15118066101694905,18.34322083898305,-2.5,0.15541794915254226,18.838983550847455,-2.5
1773856315.289266348,1773856315.289266348,0.000,offline_ground_truth_window,"Environment section (T(v)):
- Current position NED is (0.17, 16.61, -2.50) m.
- Current velocity is (-0.01, 0.06, 0.01) m/s (speed 0.07 m/s).
- Goal position NED is (0.24, 29.25, -2.50) m.
- Output contract: predict exactly 5 waypoint x/y pairs in NED. The planner will set every waypoint z to goal z = -2.50 m before execution.
- Goal delta from current state is (0.08, 12.64, 0.00) m with distance 12.64 m.
- Obstacle pipeline: depth_camera_to_body_to_ned_current_frame.
- Current depth frame obstacle points projected into NED: 0. Nearest depth obstacle in NED is at (0.17, 16.61, -2.50) m, relative vector (20.00, 0.00, 0.00) m, distance 20.00 m.
- Depth validity fraction is 0.57. Global nearest obstacle distance is 4.96 m.
- Sector minimum distances [far_left, left, center, right, far_right] are [4.96, 4.96, 4.96, 4.96, 4.96] m.
- Nearest obstacle sector is far_right at 4.96 m and clearance status is clear.
- Lateral planning hint: prefer center progress.","{""waypoints"":[{""x"":0.14270608474576257,""y"":17.351695415254234},{""x"":0.14694337288135584,""y"":17.847458127118642},{""x"":0.15118066101694905,""y"":18.34322083898305},{""x"":0.15541794915254226,""y"":18.838983550847455},{""x"":0.15965523728813547,""y"":19.334746262711864}],""reasoning"":""Selected waypoint 0 moves the reference anchor from 12.39 m to 11.90 m from goal immediately and to 9.92 m by the final waypoint, so progress is 0.50 m selected / 2.48 m final and passes with monotonic goal-distance reduction. Kinematics is evaluated on 5 unique label waypoint(s), excluding consecutive duplicate terminal holds, and checks only that the trajectory stays within the configured bounds speed <= 15.00 m/s and acceleration <= 8.00 m/s^2, so kinematics passes. Goal is not reached within this label waypoint window. Safety passes: minimum clearance 3.83 m against manifest obstacles with 0 violating segment(s).""}",0.14270608474576257,17.351695415254234,-2.5,0.14694337288135584,17.847458127118642,-2.5,0.15118066101694905,18.34322083898305,-2.5,0.15541794915254226,18.838983550847455,-2.5,0.15965523728813547,19.334746262711864,-2.5
1773856322.228286743,1773856322.228286743,0.000,offline_ground_truth_window,"Environment section (T(v)):
- Current position NED is (0.12, 17.10, -2.51) m.
- Current velocity is (-0.01, 0.07, 0.00) m/s (speed 0.08 m/s).
- Goal position NED is (0.24, 29.25, -2.50) m.
- Output contract: predict exactly 5 waypoint x/y pairs in NED. The planner will set every waypoint z to goal z = -2.50 m before execution.
- Goal delta from current state is (0.12, 12.15, 0.01) m with distance 12.15 m.
- Obstacle pipeline: depth_camera_to_body_to_ned_current_frame.
- Current depth frame obstacle points projected into NED: 1. Nearest depth obstacle in NED is at (-3.79, 28.57, -1.83) m, relative vector (-3.92, 11.46, 0.67) m, distance 12.13 m.
- Depth validity fraction is 0.58. Global nearest obstacle distance is 4.81 m.
- Sector minimum distances [far_left, left, center, right, far_right] are [4.81, 4.81, 4.82, 4.82, 4.83] m.
- Nearest obstacle sector is far_left at 4.81 m and clearance status is clear.
- Lateral planning hint: prefer center progress.","{""waypoints"":[{""x"":0.14694337288135584,""y"":17.847458127118642},{""x"":0.15118066101694905,""y"":18.34322083898305},{""x"":0.15541794915254226,""y"":18.838983550847455},{""x"":0.15965523728813547,""y"":19.334746262711864},{""x"":0.16389252542372867,""y"":19.83050897457627}],""reasoning"":""Selected waypoint 0 moves the reference anchor from 11.90 m to 11.40 m from goal immediately and to 9.42 m by the final waypoint, so progress is 0.50 m selected / 2.48 m final and passes with monotonic goal-distance reduction. Kinematics is evaluated on 5 unique label waypoint(s), excluding consecutive duplicate terminal holds, and checks only that the trajectory stays within the configured bounds speed <= 15.00 m/s and acceleration <= 8.00 m/s^2, so kinematics passes. Goal is not reached within this label waypoint window. Safety passes: minimum clearance 3.84 m against manifest obstacles with 0 violating segment(s).""}",0.14694337288135584,17.847458127118642,-2.5,0.15118066101694905,18.34322083898305,-2.5,0.15541794915254226,18.838983550847455,-2.5,0.15965523728813547,19.334746262711864,-2.5,0.16389252542372867,19.83050897457627,-2.5
1773856327.273635864,1773856327.273635864,0.000,offline_ground_truth_window,"Environment section (T(v)):
- Current position NED is (0.14, 17.60, -2.49) m.
- Current velocity is (-0.00, 0.06, 0.00) m/s (speed 0.06 m/s).
- Goal position NED is (0.24, 29.25, -2.50) m.
- Output contract: predict exactly 5 waypoint x/y pairs in NED. The planner will set every waypoint z to goal z = -2.50 m before execution.
- Goal delta from current state is (0.10, 11.65, -0.01) m with distance 11.65 m.
- Obstacle pipeline: depth_camera_to_body_to_ned_current_frame.
- Current depth frame obstacle points projected into NED: 2. Nearest depth obstacle in NED is at (-3.59, 28.64, -1.96) m, relative vector (-3.74, 11.04, 0.52) m, distance 11.67 m.
- Depth validity fraction is 0.58. Global nearest obstacle distance is 4.81 m.
- Sector minimum distances [far_left, left, center, right, far_right] are [4.81, 4.81, 4.81, 4.81, 4.81] m.
- Nearest obstacle sector is far_left at 4.81 m and clearance status is clear.
- Lateral planning hint: prefer center progress.","{""waypoints"":[{""x"":0.15118066101694905,""y"":18.34322083898305},{""x"":0.15541794915254226,""y"":18.838983550847455},{""x"":0.15965523728813547,""y"":19.334746262711864},{""x"":0.16389252542372867,""y"":19.83050897457627},{""x"":0.16812981355932188,""y"":20.326271686440677}],""reasoning"":""Selected waypoint 0 moves the reference anchor from 11.40 m to 10.91 m from goal immediately and to 8.92 m by the final waypoint, so progress is 0.50 m selected / 2.48 m final and passes with monotonic goal-distance reduction. Kinematics is evaluated on 5 unique label waypoint(s), excluding consecutive duplicate terminal holds, and checks only that the trajectory stays within the configured bounds speed <= 15.00 m/s and acceleration <= 8.00 m/s^2, so kinematics passes. Goal is not reached within this label waypoint window. Safety passes: minimum clearance 3.90 m against manifest obstacles with 0 violating segment(s).""}",0.15118066101694905,18.34322083898305,-2.5,0.15541794915254226,18.838983550847455,-2.5,0.15965523728813547,19.334746262711864,-2.5,0.16389252542372867,19.83050897457627,-2.5,0.16812981355932188,20.326271686440677,-2.5
1773856333.421626568,1773856333.421626568,0.000,offline_ground_truth_window,"Environment section (T(v)):
- Current position NED is (0.13, 18.10, -2.47) m.
- Current velocity is (-0.01, 0.06, -0.01) m/s (speed 0.06 m/s).
- Goal position NED is (0.24, 29.25, -2.50) m.
- Output contract: predict exactly 5 waypoint x/y pairs in NED. The planner will set every waypoint z to goal z = -2.50 m before execution.
- Goal delta from current state is (0.11, 11.15, -0.03) m with distance 11.15 m.
- Obstacle pipeline: depth_camera_to_body_to_ned_current_frame.
- Current depth frame obstacle points projected into NED: 3. Nearest depth obstacle in NED is at (-0.73, 28.92, -2.49) m, relative vector (-0.86, 10.82, -0.02) m, distance 10.86 m.
- Depth validity fraction is 0.57. Global nearest obstacle distance is 4.85 m.
- Sector minimum distances [far_left, left, center, right, far_right] are [4.85, 4.85, 4.85, 4.85, 4.86] m.
- Nearest obstacle sector is far_left at 4.85 m and clearance status is clear.
- Lateral planning hint: prefer center progress.","{""waypoints"":[{""x"":0.15541794915254226,""y"":18.838983550847455},{""x"":0.15965523728813547,""y"":19.334746262711864},{""x"":0.16389252542372867,""y"":19.83050897457627},{""x"":0.16812981355932188,""y"":20.326271686440677},{""x"":0.1723671016949151,""y"":20.82203439830508}],""reasoning"":""Selected waypoint 0 moves the reference anchor from 10.91 m to 10.41 m from goal immediately and to 8.43 m by the final waypoint, so progress is 0.50 m selected / 2.48 m final and passes with monotonic goal-distance reduction. Kinematics is evaluated on 5 unique label waypoint(s), excluding consecutive duplicate terminal holds, and checks only that the trajectory stays within the configured bounds speed <= 15.00 m/s and acceleration <= 8.00 m/s^2, so kinematics passes. Goal is not reached within this label waypoint window. Safety passes: minimum clearance 4.02 m against manifest obstacles with 0 violating segment(s).""}",0.15541794915254226,18.838983550847455,-2.5,0.15965523728813547,19.334746262711864,-2.5,0.16389252542372867,19.83050897457627,-2.5,0.16812981355932188,20.326271686440677,-2.5,0.1723671016949151,20.82203439830508,-2.5
1773856338.817687750,1773856338.817687750,0.000,offline_ground_truth_window,"Environment section (T(v)):
- Current position NED is (0.13, 18.59, -2.50) m.
- Current velocity is (0.01, 0.10, 0.01) m/s (speed 0.10 m/s).
- Goal position NED is (0.24, 29.25, -2.50) m.
- Output contract: predict exactly 5 waypoint x/y pairs in NED. The planner will set every waypoint z to goal z = -2.50 m before execution.
- Goal delta from current state is (0.12, 10.66, -0.00) m with distance 10.66 m.
- Obstacle pipeline: depth_camera_to_body_to_ned_current_frame.
- Current depth frame obstacle points projected into NED: 3. Nearest depth obstacle in NED is at (-3.54, 28.68, -2.64) m, relative vector (-3.67, 10.09, -0.15) m, distance 10.74 m.
- Depth validity fraction is 0.56. Global nearest obstacle distance is 4.96 m.
- Sector minimum distances [far_left, left, center, right, far_right] are [4.98, 4.98, 4.97, 4.97, 4.96] m.
- Nearest obstacle sector is far_right at 4.96 m and clearance status is clear.
- Lateral planning hint: prefer center progress.","{""waypoints"":[{""x"":0.15965523728813547,""y"":19.334746262711864},{""x"":0.16389252542372867,""y"":19.83050897457627},{""x"":0.16812981355932188,""y"":20.326271686440677},{""x"":0.1723671016949151,""y"":20.82203439830508},{""x"":0.1766043898305083,""y"":21.31779711016949}],""reasoning"":""Selected waypoint 0 moves the reference anchor from 10.41 m to 9.92 m from goal immediately and to 7.93 m by the final waypoint, so progress is 0.50 m selected / 2.48 m final and passes with monotonic goal-distance reduction. Kinematics is evaluated on 5 unique label waypoint(s), excluding consecutive duplicate terminal holds, and checks only that the trajectory stays within the configured bounds speed <= 15.00 m/s and acceleration <= 8.00 m/s^2, so kinematics passes. Goal is not reached within this label waypoint window. Safety passes: minimum clearance 4.17 m against manifest obstacles with 0 violating segment(s).""}",0.15965523728813547,19.334746262711864,-2.5,0.16389252542372867,19.83050897457627,-2.5,0.16812981355932188,20.326271686440677,-2.5,0.1723671016949151,20.82203439830508,-2.5,0.1766043898305083,21.31779711016949,-2.5
1773856344.537986517,1773856344.537986517,0.000,offline_ground_truth_window,"Environment section (T(v)):
- Current position NED is (0.15, 19.09, -2.48) m.
- Current velocity is (0.00, 0.07, 0.00) m/s (speed 0.07 m/s).
- Goal position NED is (0.24, 29.25, -2.50) m.
- Output contract: predict exactly 5 waypoint x/y pairs in NED. The planner will set every waypoint z to goal z = -2.50 m before execution.
- Goal delta from current state is (0.09, 10.16, -0.02) m with distance 10.16 m.
- Obstacle pipeline: depth_camera_to_body_to_ned_current_frame.
- Current depth frame obstacle points projected into NED: 6. Nearest depth obstacle in NED is at (-3.54, 28.61, -2.29) m, relative vector (-3.69, 9.52, 0.20) m, distance 10.21 m.
- Depth validity fraction is 0.57. Global nearest obstacle distance is 4.90 m.
- Sector minimum distances [far_left, left, center, right, far_right] are [4.90, 4.91, 4.91, 4.91, 4.91] m.
- Nearest obstacle sector is far_left at 4.90 m and clearance status is clear.
- Lateral planning hint: prefer center progress.","{""waypoints"":[{""x"":0.16389252542372867,""y"":19.83050897457627},{""x"":0.16812981355932188,""y"":20.326271686440677},{""x"":0.1723671016949151,""y"":20.82203439830508},{""x"":0.1766043898305083,""y"":21.31779711016949},{""x"":0.18084167796610157,""y"":21.8135598220339}],""reasoning"":""Selected waypoint 0 moves the reference anchor from 9.92 m to 9.42 m from goal immediately and to 7.44 m by the final waypoint, so progress is 0.50 m selected / 2.48 m final and passes with monotonic goal-distance reduction. Kinematics is evaluated on 5 unique label waypoint(s), excluding consecutive duplicate terminal holds, and checks only that the trajectory stays within the configured bounds speed <= 15.00 m/s and acceleration <= 8.00 m/s^2, so kinematics passes. Goal is not reached within this label waypoint window. Safety passes: minimum clearance 4.21 m against manifest obstacles with 0 violating segment(s).""}",0.16389252542372867,19.83050897457627,-2.5,0.16812981355932188,20.326271686440677,-2.5,0.1723671016949151,20.82203439830508,-2.5,0.1766043898305083,21.31779711016949,-2.5,0.18084167796610157,21.8135598220339,-2.5
1773856350.603019714,1773856350.603019714,0.000,offline_ground_truth_window,"Environment section (T(v)):
- Current position NED is (0.16, 19.58, -2.50) m.
- Current velocity is (0.01, 0.07, 0.00) m/s (speed 0.07 m/s).
- Goal position NED is (0.24, 29.25, -2.50) m.
- Output contract: predict exactly 5 waypoint x/y pairs in NED. The planner will set every waypoint z to goal z = -2.50 m before execution.
- Goal delta from current state is (0.08, 9.67, -0.00) m with distance 9.67 m.
- Obstacle pipeline: depth_camera_to_body_to_ned_current_frame.
- Current depth frame obstacle points projected into NED: 5. Nearest depth obstacle in NED is at (-0.65, 28.93, -2.57) m, relative vector (-0.81, 9.35, -0.07) m, distance 9.38 m.
- Depth validity fraction is 0.57. Global nearest obstacle distance is 4.91 m.
- Sector minimum distances [far_left, left, center, right, far_right] are [4.92, 4.91, 4.91, 4.91, 4.91] m.
- Nearest obstacle sector is far_right at 4.91 m and clearance status is clear.
- Lateral planning hint: prefer center progress.","{""waypoints"":[{""x"":0.16812981355932188,""y"":20.326271686440677},{""x"":0.1723671016949151,""y"":20.82203439830508},{""x"":0.1766043898305083,""y"":21.31779711016949},{""x"":0.18084167796610157,""y"":21.8135598220339},{""x"":0.18507896610169478,""y"":22.309322533898303}],""reasoning"":""Selected waypoint 0 moves the reference anchor from 9.42 m to 8.92 m from goal immediately and to 6.94 m by the final waypoint, so progress is 0.50 m selected / 2.48 m final and passes with monotonic goal-distance reduction. Kinematics is evaluated on 5 unique label waypoint(s), excluding consecutive duplicate terminal holds, and checks only that the trajectory stays within the configured bounds speed <= 15.00 m/s and acceleration <= 8.00 m/s^2, so kinematics passes. Goal is not reached within this label waypoint window. Safety passes: minimum clearance 4.23 m against manifest obstacles with 0 violating segment(s).""}",0.16812981355932188,20.326271686440677,-2.5,0.1723671016949151,20.82203439830508,-2.5,0.1766043898305083,21.31779711016949,-2.5,0.18084167796610157,21.8135598220339,-2.5,0.18507896610169478,22.309322533898303,-2.5
1773856356.286281586,1773856356.286281586,0.000,offline_ground_truth_window,"Environment section (T(v)):
- Current position NED is (0.18, 20.08, -2.48) m.
- Current velocity is (-0.00, 0.06, -0.00) m/s (speed 0.06 m/s).
- Goal position NED is (0.24, 29.25, -2.50) m.
- Output contract: predict exactly 5 waypoint x/y pairs in NED. The planner will set every waypoint z to goal z = -2.50 m before execution.
- Goal delta from current state is (0.07, 9.17, -0.02) m with distance 9.17 m.
- Obstacle pipeline: depth_camera_to_body_to_ned_current_frame.
- Current depth frame obstacle points projected into NED: 3. Nearest depth obstacle in NED is at (-3.72, 28.53, -2.58) m, relative vector (-3.90, 8.45, -0.10) m, distance 9.30 m.
- Depth validity fraction is 0.57. Global nearest obstacle distance is 4.90 m.
- Sector minimum distances [far_left, left, center, right, far_right] are [4.91, 4.91, 4.90, 4.90, 4.90] m.
- Nearest obstacle sector is far_right at 4.90 m and clearance status is clear.
- Lateral planning hint: prefer center progress.","{""waypoints"":[{""x"":0.1723671016949151,""y"":20.82203439830508},{""x"":0.1766043898305083,""y"":21.31779711016949},{""x"":0.18084167796610157,""y"":21.8135598220339},{""x"":0.18507896610169478,""y"":22.309322533898303},{""x"":0.18931625423728804,""y"":22.80508524576271}],""reasoning"":""Selected waypoint 0 moves the reference anchor from 8.92 m to 8.43 m from goal immediately and to 6.45 m by the final waypoint, so progress is 0.50 m selected / 2.48 m final and passes with monotonic goal-distance reduction. Kinematics is evaluated on 5 unique label waypoint(s), excluding consecutive duplicate terminal holds, and checks only that the trajectory stays within the configured bounds speed <= 15.00 m/s and acceleration <= 8.00 m/s^2, so kinematics passes. Goal is not reached within this label waypoint window. Safety passes: minimum clearance 4.28 m against manifest obstacles with 0 violating segment(s).""}",0.1723671016949151,20.82203439830508,-2.5,0.1766043898305083,21.31779711016949,-2.5,0.18084167796610157,21.8135598220339,-2.5,0.18507896610169478,22.309322533898303,-2.5,0.18931625423728804,22.80508524576271,-2.5
1773856363.560565710,1773856363.560565710,0.000,offline_ground_truth_window,"Environment section (T(v)):
- Current position NED is (0.18, 20.58, -2.49) m.
- Current velocity is (-0.00, 0.04, 0.00) m/s (speed 0.04 m/s).
- Goal position NED is (0.24, 29.25, -2.50) m.
- Output contract: predict exactly 5 waypoint x/y pairs in NED. The planner will set every waypoint z to goal z = -2.50 m before execution.
- Goal delta from current state is (0.07, 8.67, -0.01) m with distance 8.67 m.
- Obstacle pipeline: depth_camera_to_body_to_ned_current_frame.
- Current depth frame obstacle points projected into NED: 17. Nearest depth obstacle in NED is at (-3.55, 28.58, -2.18) m, relative vector (-3.73, 8.00, 0.31) m, distance 8.83 m.
- Depth validity fraction is 0.56. Global nearest obstacle distance is 4.93 m.
- Sector minimum distances [far_left, left, center, right, far_right] are [4.94, 4.94, 4.94, 4.93, 4.93] m.
- Nearest obstacle sector is far_right at 4.93 m and clearance status is clear.
- Lateral planning hint: prefer center progress.","{""waypoints"":[{""x"":0.1766043898305083,""y"":21.31779711016949},{""x"":0.18084167796610157,""y"":21.8135598220339},{""x"":0.18507896610169478,""y"":22.309322533898303},{""x"":0.18931625423728804,""y"":22.80508524576271},{""x"":0.19355354237288125,""y"":23.300847957627116}],""reasoning"":""Selected waypoint 0 moves the reference anchor from 8.43 m to 7.93 m from goal immediately and to 5.95 m by the final waypoint, so progress is 0.50 m selected / 2.48 m final and passes with monotonic goal-distance reduction. Kinematics is evaluated on 5 unique label waypoint(s), excluding consecutive duplicate terminal holds, and checks only that the trajectory stays within the configured bounds speed <= 15.00 m/s and acceleration <= 8.00 m/s^2, so kinematics passes. Goal is not reached within this label waypoint window. Safety passes: minimum clearance 4.39 m against manifest obstacles with 0 violating segment(s).""}",0.1766043898305083,21.31779711016949,-2.5,0.18084167796610157,21.8135598220339,-2.5,0.18507896610169478,22.309322533898303,-2.5,0.18931625423728804,22.80508524576271,-2.5,0.19355354237288125,23.300847957627116,-2.5
1773856371.442090511,1773856371.442090511,0.000,offline_ground_truth_window,"Environment section (T(v)):
- Current position NED is (0.18, 21.07, -2.45) m.
- Current velocity is (0.00, 0.04, 0.00) m/s (speed 0.04 m/s).
- Goal position NED is (0.24, 29.25, -2.50) m.
- Output contract: predict exactly 5 waypoint x/y pairs in NED. The planner will set every waypoint z to goal z = -2.50 m before execution.
- Goal delta from current state is (0.06, 8.18, -0.05) m with distance 8.18 m.
- Obstacle pipeline: depth_camera_to_body_to_ned_current_frame.
- Current depth frame obstacle points projected into NED: 36. Nearest depth obstacle in NED is at (-0.45, 29.38, -2.18) m, relative vector (-0.63, 8.31, 0.27) m, distance 8.34 m.
- Depth validity fraction is 0.56. Global nearest obstacle distance is 4.91 m.
- Sector minimum distances [far_left, left, center, right, far_right] are [4.93, 4.92, 4.92, 4.92, 4.91] m.
- Nearest obstacle sector is far_right at 4.91 m and clearance status is clear.
- Lateral planning hint: prefer center progress.","{""waypoints"":[{""x"":0.18084167796610157,""y"":21.8135598220339},{""x"":0.18507896610169478,""y"":22.309322533898303},{""x"":0.18931625423728804,""y"":22.80508524576271},{""x"":0.19355354237288125,""y"":23.300847957627116},{""x"":0.19779083050847446,""y"":23.796610669491525}],""reasoning"":""Selected waypoint 0 moves the reference anchor from 7.93 m to 7.44 m from goal immediately and to 5.45 m by the final waypoint, so progress is 0.50 m selected / 2.48 m final and passes with monotonic goal-distance reduction. Kinematics is evaluated on 5 unique label waypoint(s), excluding consecutive duplicate terminal holds, and checks only that the trajectory stays within the configured bounds speed <= 15.00 m/s and acceleration <= 8.00 m/s^2, so kinematics passes. Goal is not reached within this label waypoint window. Safety passes: minimum clearance 4.54 m against manifest obstacles with 0 violating segment(s).""}",0.18084167796610157,21.8135598220339,-2.5,0.18507896610169478,22.309322533898303,-2.5,0.18931625423728804,22.80508524576271,-2.5,0.19355354237288125,23.300847957627116,-2.5,0.19779083050847446,23.796610669491525,-2.5
1773856378.510036707,1773856378.510036707,0.000,offline_ground_truth_window,"Environment section (T(v)):
- Current position NED is (0.17, 21.57, -2.51) m.
- Current velocity is (0.00, 0.07, 0.01) m/s (speed 0.07 m/s).
- Goal position NED is (0.24, 29.25, -2.50) m.
- Output contract: predict exactly 5 waypoint x/y pairs in NED. The planner will set every waypoint z to goal z = -2.50 m before execution.
- Goal delta from current state is (0.08, 7.68, 0.01) m with distance 7.68 m.
- Obstacle pipeline: depth_camera_to_body_to_ned_current_frame.
- Current depth frame obstacle points projected into NED: 31. Nearest depth obstacle in NED is at (0.16, 29.28, -2.68) m, relative vector (-0.01, 7.71, -0.17) m, distance 7.71 m.
- Depth validity fraction is 0.55. Global nearest obstacle distance is 5.03 m.
- Sector minimum distances [far_left, left, center, right, far_right] are [5.03, 5.03, 5.03, 5.04, 5.04] m.
- Nearest obstacle sector is far_left at 5.03 m and clearance status is clear.
- Lateral planning hint: prefer center progress.","{""waypoints"":[{""x"":0.18507896610169478,""y"":22.309322533898303},{""x"":0.18931625423728804,""y"":22.80508524576271},{""x"":0.19355354237288125,""y"":23.300847957627116},{""x"":0.19779083050847446,""y"":23.796610669491525},{""x"":0.20202811864406767,""y"":24.29237338135593}],""reasoning"":""Selected waypoint 0 moves the reference anchor from 7.44 m to 6.94 m from goal immediately and to 4.96 m by the final waypoint, so progress is 0.50 m selected / 2.48 m final and passes with monotonic goal-distance reduction. Kinematics is evaluated on 5 unique label waypoint(s), excluding consecutive duplicate terminal holds, and checks only that the trajectory stays within the configured bounds speed <= 15.00 m/s and acceleration <= 8.00 m/s^2, so kinematics passes. Goal is not reached within this label waypoint window. Safety passes: minimum clearance 4.74 m against manifest obstacles with 0 violating segment(s).""}",0.18507896610169478,22.309322533898303,-2.5,0.18931625423728804,22.80508524576271,-2.5,0.19355354237288125,23.300847957627116,-2.5,0.19779083050847446,23.796610669491525,-2.5,0.20202811864406767,24.29237338135593,-2.5
1773856383.904183865,1773856383.904183865,0.000,offline_ground_truth_window,"Environment section (T(v)):
- Current position NED is (0.18, 22.06, -2.52) m.
- Current velocity is (0.00, 0.08, 0.01) m/s (speed 0.08 m/s).
- Goal position NED is (0.24, 29.25, -2.50) m.
- Output contract: predict exactly 5 waypoint x/y pairs in NED. The planner will set every waypoint z to goal z = -2.50 m before execution.
- Goal delta from current state is (0.06, 7.19, 0.02) m with distance 7.19 m.
- Obstacle pipeline: depth_camera_to_body_to_ned_current_frame.
- Current depth frame obstacle points projected into NED: 40. Nearest depth obstacle in NED is at (-3.65, 28.53, -2.60) m, relative vector (-3.83, 6.47, -0.07) m, distance 7.52 m.
- Depth validity fraction is 0.55. Global nearest obstacle distance is 5.05 m.
- Sector minimum distances [far_left, left, center, right, far_right] are [5.07, 5.06, 5.06, 5.06, 5.05] m.
- Nearest obstacle sector is far_right at 5.05 m and clearance status is clear.
- Lateral planning hint: prefer center progress.","{""waypoints"":[{""x"":0.18931625423728804,""y"":22.80508524576271},{""x"":0.19355354237288125,""y"":23.300847957627116},{""x"":0.19779083050847446,""y"":23.796610669491525},{""x"":0.20202811864406767,""y"":24.29237338135593},{""x"":0.20626540677966088,""y"":24.788136093220338}],""reasoning"":""Selected waypoint 0 moves the reference anchor from 6.94 m to 6.45 m from goal immediately and to 4.46 m by the final waypoint, so progress is 0.50 m selected / 2.48 m final and passes with monotonic goal-distance reduction. Kinematics is evaluated on 5 unique label waypoint(s), excluding consecutive duplicate terminal holds, and checks only that the trajectory stays within the configured bounds speed <= 15.00 m/s and acceleration <= 8.00 m/s^2, so kinematics passes. Goal is not reached within this label waypoint window. Safety passes: minimum clearance 4.78 m against manifest obstacles with 0 violating segment(s).""}",0.18931625423728804,22.80508524576271,-2.5,0.19355354237288125,23.300847957627116,-2.5,0.19779083050847446,23.796610669491525,-2.5,0.20202811864406767,24.29237338135593,-2.5,0.20626540677966088,24.788136093220338,-2.5
1773856390.195282698,1773856390.195282698,0.000,offline_ground_truth_window,"Environment section (T(v)):
- Current position NED is (0.18, 22.56, -2.51) m.
- Current velocity is (0.01, 0.07, 0.01) m/s (speed 0.07 m/s).
- Goal position NED is (0.24, 29.25, -2.50) m.
- Output contract: predict exactly 5 waypoint x/y pairs in NED. The planner will set every waypoint z to goal z = -2.50 m before execution.
- Goal delta from current state is (0.07, 6.69, 0.01) m with distance 6.69 m.
- Obstacle pipeline: depth_camera_to_body_to_ned_current_frame.
- Current depth frame obstacle points projected into NED: 51. Nearest depth obstacle in NED is at (-0.33, 29.44, -2.42) m, relative vector (-0.50, 6.89, 0.10) m, distance 6.90 m.
- Depth validity fraction is 0.54. Global nearest obstacle distance is 5.04 m.
- Sector minimum distances [far_left, left, center, right, far_right] are [5.06, 5.06, 5.05, 5.04, 5.04] m.
- Nearest obstacle sector is far_right at 5.04 m and clearance status is clear.
- Lateral planning hint: prefer center progress.","{""waypoints"":[{""x"":0.19355354237288125,""y"":23.300847957627116},{""x"":0.19779083050847446,""y"":23.796610669491525},{""x"":0.20202811864406767,""y"":24.29237338135593},{""x"":0.20626540677966088,""y"":24.788136093220338},{""x"":0.21050269491525408,""y"":25.283898805084746}],""reasoning"":""Selected waypoint 0 moves the reference anchor from 6.45 m to 5.95 m from goal immediately and to 3.97 m by the final waypoint, so progress is 0.50 m selected / 2.48 m final and passes with monotonic goal-distance reduction. Kinematics is evaluated on 5 unique label waypoint(s), excluding consecutive duplicate terminal holds, and checks only that the trajectory stays within the configured bounds speed <= 15.00 m/s and acceleration <= 8.00 m/s^2, so kinematics passes. Goal is not reached within this label waypoint window. Safety passes: minimum clearance 4.42 m against manifest obstacles with 0 violating segment(s).""}",0.19355354237288125,23.300847957627116,-2.5,0.19779083050847446,23.796610669491525,-2.5,0.20202811864406767,24.29237338135593,-2.5,0.20626540677966088,24.788136093220338,-2.5,0.21050269491525408,25.283898805084746,-2.5
1773856396.600825310,1773856396.600825310,0.000,offline_ground_truth_window,"Environment section (T(v)):
- Current position NED is (0.18, 23.06, -2.49) m.
- Current velocity is (0.00, 0.09, 0.01) m/s (speed 0.09 m/s).
- Goal position NED is (0.24, 29.25, -2.50) m.
- Output contract: predict exactly 5 waypoint x/y pairs in NED. The planner will set every waypoint z to goal z = -2.50 m before execution.
- Goal delta from current state is (0.06, 6.19, -0.01) m with distance 6.19 m.
- Obstacle pipeline: depth_camera_to_body_to_ned_current_frame.
- Current depth frame obstacle points projected into NED: 39. Nearest depth obstacle in NED is at (-0.41, 29.38, -2.08) m, relative vector (-0.59, 6.32, 0.40) m, distance 6.36 m.
- Depth validity fraction is 0.55. Global nearest obstacle distance is 4.85 m.
- Sector minimum distances [far_left, left, center, right, far_right] are [4.85, 4.85, 4.85, 4.85, 4.85] m.
- Nearest obstacle sector is far_right at 4.85 m and clearance status is clear.
- Lateral planning hint: prefer center progress.","{""waypoints"":[{""x"":0.19779083050847446,""y"":23.796610669491525},{""x"":0.20202811864406767,""y"":24.29237338135593},{""x"":0.20626540677966088,""y"":24.788136093220338},{""x"":0.21050269491525408,""y"":25.283898805084746},{""x"":0.2147399830508473,""y"":25.77966151694915}],""reasoning"":""Selected waypoint 0 moves the reference anchor from 5.95 m to 5.45 m from goal immediately and to 3.47 m by the final waypoint, so progress is 0.50 m selected / 2.48 m final and passes with monotonic goal-distance reduction. Kinematics is evaluated on 5 unique label waypoint(s), excluding consecutive duplicate terminal holds, and checks only that the trajectory stays within the configured bounds speed <= 15.00 m/s and acceleration <= 8.00 m/s^2, so kinematics passes. Goal is not reached within this label waypoint window. Safety passes: minimum clearance 4.08 m against manifest obstacles with 0 violating segment(s).""}",0.19779083050847446,23.796610669491525,-2.5,0.20202811864406767,24.29237338135593,-2.5,0.20626540677966088,24.788136093220338,-2.5,0.21050269491525408,25.283898805084746,-2.5,0.2147399830508473,25.77966151694915,-2.5
1773856403.124326229,1773856403.124326229,0.000,offline_ground_truth_window,"Environment section (T(v)):
- Current position NED is (0.16, 23.55, -2.43) m.
- Current velocity is (-0.00, 0.05, -0.02) m/s (speed 0.05 m/s).
- Goal position NED is (0.24, 29.25, -2.50) m.
- Output contract: predict exactly 5 waypoint x/y pairs in NED. The planner will set every waypoint z to goal z = -2.50 m before execution.
- Goal delta from current state is (0.09, 5.70, -0.07) m with distance 5.70 m.
- Obstacle pipeline: depth_camera_to_body_to_ned_current_frame.
- Current depth frame obstacle points projected into NED: 52. Nearest depth obstacle in NED is at (-0.24, 28.93, -2.39) m, relative vector (-0.40, 5.38, 0.04) m, distance 5.40 m.
- Depth validity fraction is 0.55. Global nearest obstacle distance is 4.74 m.
- Sector minimum distances [far_left, left, center, right, far_right] are [4.74, 4.75, 4.76, 4.76, 4.77] m.
- Nearest obstacle sector is far_left at 4.74 m and clearance status is clear.
- Lateral planning hint: prefer center progress.","{""waypoints"":[{""x"":0.20202811864406767,""y"":24.29237338135593},{""x"":0.20626540677966088,""y"":24.788136093220338},{""x"":0.21050269491525408,""y"":25.283898805084746},{""x"":0.2147399830508473,""y"":25.77966151694915},{""x"":0.21897727118644056,""y"":26.27542422881356}],""reasoning"":""Selected waypoint 0 moves the reference anchor from 5.45 m to 4.96 m from goal immediately and to 2.97 m by the final waypoint, so progress is 0.50 m selected / 2.48 m final and passes with monotonic goal-distance reduction. Kinematics is evaluated on 5 unique label waypoint(s), excluding consecutive duplicate terminal holds, and checks only that the trajectory stays within the configured bounds speed <= 15.00 m/s and acceleration <= 8.00 m/s^2, so kinematics passes. Goal is not reached within this label waypoint window. Safety passes: minimum clearance 3.77 m against manifest obstacles with 0 violating segment(s).""}",0.20202811864406767,24.29237338135593,-2.5,0.20626540677966088,24.788136093220338,-2.5,0.21050269491525408,25.283898805084746,-2.5,0.2147399830508473,25.77966151694915,-2.5,0.21897727118644056,26.27542422881356,-2.5
1773856409.285053253,1773856409.285053253,0.000,offline_ground_truth_window,"Environment section (T(v)):
- Current position NED is (0.16, 24.05, -2.49) m.
- Current velocity is (0.01, 0.07, 0.01) m/s (speed 0.08 m/s).
- Goal position NED is (0.24, 29.25, -2.50) m.
- Output contract: predict exactly 5 waypoint x/y pairs in NED. The planner will set every waypoint z to goal z = -2.50 m before execution.
- Goal delta from current state is (0.09, 5.20, -0.01) m with distance 5.20 m.
- Obstacle pipeline: depth_camera_to_body_to_ned_current_frame.
- Current depth frame obstacle points projected into NED: 50. Nearest depth obstacle in NED is at (0.13, 29.19, -2.64) m, relative vector (-0.03, 5.14, -0.15) m, distance 5.14 m.
- Depth validity fraction is 0.54. Global nearest obstacle distance is 4.57 m.
- Sector minimum distances [far_left, left, center, right, far_right] are [4.57, 4.87, 4.74, 4.97, 4.97] m.
- Nearest obstacle sector is far_left at 4.57 m and clearance status is clear.
- Lateral planning hint: prefer center progress.","{""waypoints"":[{""x"":0.20626540677966088,""y"":24.788136093220338},{""x"":0.21050269491525408,""y"":25.283898805084746},{""x"":0.2147399830508473,""y"":25.77966151694915},{""x"":0.21897727118644056,""y"":26.27542422881356},{""x"":0.22321455932203377,""y"":26.771186940677964}],""reasoning"":""Selected waypoint 0 moves the reference anchor from 4.96 m to 4.46 m from goal immediately and to 2.48 m by the final waypoint, so progress is 0.50 m selected / 2.48 m final and passes with monotonic goal-distance reduction. Kinematics is evaluated on 5 unique label waypoint(s), excluding consecutive duplicate terminal holds, and checks only that the trajectory stays within the configured bounds speed <= 15.00 m/s and acceleration <= 8.00 m/s^2, so kinematics passes. Goal is not reached within this label waypoint window. Safety passes: minimum clearance 3.50 m against manifest obstacles with 0 violating segment(s).""}",0.20626540677966088,24.788136093220338,-2.5,0.21050269491525408,25.283898805084746,-2.5,0.2147399830508473,25.77966151694915,-2.5,0.21897727118644056,26.27542422881356,-2.5,0.22321455932203377,26.771186940677964,-2.5
1773856415.279553175,1773856415.279553175,0.000,offline_ground_truth_window,"Environment section (T(v)):
- Current position NED is (0.18, 24.54, -2.51) m.
- Current velocity is (0.01, 0.08, 0.01) m/s (speed 0.08 m/s).
- Goal position NED is (0.24, 29.25, -2.50) m.
- Output contract: predict exactly 5 waypoint x/y pairs in NED. The planner will set every waypoint z to goal z = -2.50 m before execution.
- Goal delta from current state is (0.06, 4.71, 0.01) m with distance 4.71 m.
- Obstacle pipeline: depth_camera_to_body_to_ned_current_frame.
- Current depth frame obstacle points projected into NED: 61. Nearest depth obstacle in NED is at (-0.14, 29.52, -2.23) m, relative vector (-0.32, 4.97, 0.28) m, distance 4.99 m.
- Depth validity fraction is 0.54. Global nearest obstacle distance is 4.25 m.
- Sector minimum distances [far_left, left, center, right, far_right] are [4.31, 4.37, 4.25, 4.94, 4.93] m.
- Nearest obstacle sector is center at 4.25 m and clearance status is clear.
- Lateral planning hint: right side is clearer.","{""waypoints"":[{""x"":0.21050269491525408,""y"":25.283898805084746},{""x"":0.2147399830508473,""y"":25.77966151694915},{""x"":0.21897727118644056,""y"":26.27542422881356},{""x"":0.22321455932203377,""y"":26.771186940677964},{""x"":0.22745184745762698,""y"":27.26694965254237}],""reasoning"":""Selected waypoint 0 moves the reference anchor from 4.46 m to 3.97 m from goal immediately and to 1.98 m by the final waypoint, so progress is 0.50 m selected / 2.48 m final and passes with monotonic goal-distance reduction. Kinematics is evaluated on 5 unique label waypoint(s), excluding consecutive duplicate terminal holds, and checks only that the trajectory stays within the configured bounds speed <= 15.00 m/s and acceleration <= 8.00 m/s^2, so kinematics passes. Goal is not reached within this label waypoint window. Safety passes: minimum clearance 3.28 m against manifest obstacles with 0 violating segment(s).""}",0.21050269491525408,25.283898805084746,-2.5,0.2147399830508473,25.77966151694915,-2.5,0.21897727118644056,26.27542422881356,-2.5,0.22321455932203377,26.771186940677964,-2.5,0.22745184745762698,27.26694965254237,-2.5
1773856421.284780025,1773856421.284780025,0.000,offline_ground_truth_window,"Environment section (T(v)):
- Current position NED is (0.19, 25.04, -2.50) m.
- Current velocity is (0.00, 0.06, 0.01) m/s (speed 0.06 m/s).
- Goal position NED is (0.24, 29.25, -2.50) m.
- Output contract: predict exactly 5 waypoint x/y pairs in NED. The planner will set every waypoint z to goal z = -2.50 m before execution.
- Goal delta from current state is (0.05, 4.21, 0.00) m with distance 4.21 m.
- Obstacle pipeline: depth_camera_to_body_to_ned_current_frame.
- Current depth frame obstacle points projected into NED: 73. Nearest depth obstacle in NED is at (0.07, 29.02, -2.58) m, relative vector (-0.12, 3.97, -0.08) m, distance 3.97 m.
- Depth validity fraction is 0.55. Global nearest obstacle distance is 3.75 m.
- Sector minimum distances [far_left, left, center, right, far_right] are [4.94, 3.82, 3.75, 4.94, 4.94] m.
- Nearest obstacle sector is center at 3.75 m and clearance status is clear.
- Lateral planning hint: right side is clearer.","{""waypoints"":[{""x"":0.2147399830508473,""y"":25.77966151694915},{""x"":0.21897727118644056,""y"":26.27542422881356},{""x"":0.22321455932203377,""y"":26.771186940677964},{""x"":0.22745184745762698,""y"":27.26694965254237},{""x"":0.23168913559322024,""y"":27.76271236440678}],""reasoning"":""Selected waypoint 0 moves the reference anchor from 3.97 m to 3.47 m from goal immediately and to 1.49 m by the final waypoint, so progress is 0.50 m selected / 2.48 m final and passes with monotonic goal-distance reduction. Kinematics is evaluated on 5 unique label waypoint(s), excluding consecutive duplicate terminal holds, and checks only that the trajectory stays within the configured bounds speed <= 15.00 m/s and acceleration <= 8.00 m/s^2, so kinematics passes. Goal is not reached within this label waypoint window. Safety passes: minimum clearance 3.12 m against manifest obstacles with 0 violating segment(s).""}",0.2147399830508473,25.77966151694915,-2.5,0.21897727118644056,26.27542422881356,-2.5,0.22321455932203377,26.771186940677964,-2.5,0.22745184745762698,27.26694965254237,-2.5,0.23168913559322024,27.76271236440678,-2.5
1773856427.267572403,1773856427.267572403,0.000,offline_ground_truth_window,"Environment section (T(v)):
- Current position NED is (0.23, 25.54, -2.51) m.
- Current velocity is (0.00, 0.08, 0.01) m/s (speed 0.08 m/s).
- Goal position NED is (0.24, 29.25, -2.50) m.
- Output contract: predict exactly 5 waypoint x/y pairs in NED. The planner will set every waypoint z to goal z = -2.50 m before execution.
- Goal delta from current state is (0.02, 3.71, 0.01) m with distance 3.71 m.
- Obstacle pipeline: depth_camera_to_body_to_ned_current_frame.
- Current depth frame obstacle points projected into NED: 78. Nearest depth obstacle in NED is at (-0.55, 28.99, -2.61) m, relative vector (-0.78, 3.45, -0.11) m, distance 3.54 m.
- Depth validity fraction is 0.57. Global nearest obstacle distance is 3.27 m.
- Sector minimum distances [far_left, left, center, right, far_right] are [4.98, 3.31, 3.27, 4.97, 4.97] m.
- Nearest obstacle sector is center at 3.27 m and clearance status is clear.
- Lateral planning hint: right side is clearer.","{""waypoints"":[{""x"":0.21897727118644056,""y"":26.27542422881356},{""x"":0.22321455932203377,""y"":26.771186940677964},{""x"":0.22745184745762698,""y"":27.26694965254237},{""x"":0.23168913559322024,""y"":27.76271236440678},{""x"":0.23592642372881345,""y"":28.258475076271186}],""reasoning"":""Selected waypoint 0 moves the reference anchor from 3.47 m to 2.97 m from goal immediately and to 0.99 m by the final waypoint, so progress is 0.50 m selected / 2.48 m final and passes with monotonic goal-distance reduction. Kinematics is evaluated on 5 unique label waypoint(s), excluding consecutive duplicate terminal holds, and checks only that the trajectory stays within the configured bounds speed <= 15.00 m/s and acceleration <= 8.00 m/s^2, so kinematics passes. Goal is not reached within this label waypoint window. Safety passes: minimum clearance 3.03 m against manifest obstacles with 0 violating segment(s).""}",0.21897727118644056,26.27542422881356,-2.5,0.22321455932203377,26.771186940677964,-2.5,0.22745184745762698,27.26694965254237,-2.5,0.23168913559322024,27.76271236440678,-2.5,0.23592642372881345,28.258475076271186,-2.5
1773856432.984570503,1773856432.984570503,0.000,offline_ground_truth_window,"Environment section (T(v)):
- Current position NED is (0.24, 26.03, -2.50) m.
- Current velocity is (-0.00, 0.07, 0.01) m/s (speed 0.07 m/s).
- Goal position NED is (0.24, 29.25, -2.50) m.
- Output contract: predict exactly 5 waypoint x/y pairs in NED. The planner will set every waypoint z to goal z = -2.50 m before execution.
- Goal delta from current state is (0.01, 3.22, 0.00) m with distance 3.22 m.
- Obstacle pipeline: depth_camera_to_body_to_ned_current_frame.
- Current depth frame obstacle points projected into NED: 91. Nearest depth obstacle in NED is at (0.08, 29.05, -2.60) m, relative vector (-0.16, 3.02, -0.10) m, distance 3.02 m.
- Depth validity fraction is 0.59. Global nearest obstacle distance is 2.76 m.
- Sector minimum distances [far_left, left, center, right, far_right] are [4.97, 2.78, 2.76, 4.96, 4.96] m.
- Nearest obstacle sector is center at 2.76 m and clearance status is caution.
- Lateral planning hint: right side is clearer.","{""waypoints"":[{""x"":0.22321455932203377,""y"":26.771186940677964},{""x"":0.22745184745762698,""y"":27.26694965254237},{""x"":0.23168913559322024,""y"":27.76271236440678},{""x"":0.23592642372881345,""y"":28.258475076271186},{""x"":0.24016371186440666,""y"":28.754237788135594}],""reasoning"":""Selected waypoint 0 moves the reference anchor from 2.97 m to 2.48 m from goal immediately and to 0.50 m by the final waypoint, so progress is 0.50 m selected / 2.48 m final and passes with monotonic goal-distance reduction. Kinematics is evaluated on 5 unique label waypoint(s), excluding consecutive duplicate terminal holds, and checks only that the trajectory stays within the configured bounds speed <= 15.00 m/s and acceleration <= 8.00 m/s^2, so kinematics passes. Goal is not reached within this label waypoint window. Safety passes: minimum clearance 3.00 m against manifest obstacles with 0 violating segment(s).""}",0.22321455932203377,26.771186940677964,-2.5,0.22745184745762698,27.26694965254237,-2.5,0.23168913559322024,27.76271236440678,-2.5,0.23592642372881345,28.258475076271186,-2.5,0.24016371186440666,28.754237788135594,-2.5
1773856437.602686882,1773856437.602686882,0.000,offline_ground_truth_window,"Environment section (T(v)):
- Current position NED is (0.20, 26.53, -2.50) m.
- Current velocity is (-0.01, 0.07, 0.01) m/s (speed 0.07 m/s).
- Goal position NED is (0.24, 29.25, -2.50) m.
- Output contract: predict exactly 5 waypoint x/y pairs in NED. The planner will set every waypoint z to goal z = -2.50 m before execution.
- Goal delta from current state is (0.05, 2.72, -0.00) m with distance 2.72 m.
- Obstacle pipeline: depth_camera_to_body_to_ned_current_frame.
- Current depth frame obstacle points projected into NED: 116. Nearest depth obstacle in NED is at (-0.22, 28.91, -2.58) m, relative vector (-0.42, 2.38, -0.08) m, distance 2.42 m.
- Depth validity fraction is 0.62. Global nearest obstacle distance is 2.27 m.
- Sector minimum distances [far_left, left, center, right, far_right] are [4.95, 2.27, 2.27, 4.96, 4.96] m.
- Nearest obstacle sector is center at 2.27 m and clearance status is caution.
- Lateral planning hint: right side is clearer.","{""waypoints"":[{""x"":0.22745184745762698,""y"":27.26694965254237},{""x"":0.23168913559322024,""y"":27.76271236440678},{""x"":0.23592642372881345,""y"":28.258475076271186},{""x"":0.24016371186440666,""y"":28.754237788135594},{""x"":0.24440099999999987,""y"":29.2500005}],""reasoning"":""Selected waypoint 0 moves the reference anchor from 2.48 m to 1.98 m from goal immediately and to 0.00 m by the final waypoint, so progress is 0.50 m selected / 2.48 m final and passes with monotonic goal-distance reduction. Kinematics is evaluated on 5 unique label waypoint(s), excluding consecutive duplicate terminal holds, and checks only that the trajectory stays within the configured bounds speed <= 15.00 m/s and acceleration <= 8.00 m/s^2, so kinematics passes. Goal will be reached in 5 waypoint(s) within 0.35 m tolerance. Safety passes: minimum clearance 3.00 m against manifest obstacles with 0 violating segment(s).""}",0.22745184745762698,27.26694965254237,-2.5,0.23168913559322024,27.76271236440678,-2.5,0.23592642372881345,28.258475076271186,-2.5,0.24016371186440666,28.754237788135594,-2.5,0.24440099999999987,29.2500005,-2.5
1773856443.662224531,1773856443.662224531,0.000,offline_ground_truth_window,"Environment section (T(v)):
- Current position NED is (0.25, 27.02, -2.49) m.
- Current velocity is (0.00, 0.09, 0.00) m/s (speed 0.09 m/s).
- Goal position NED is (0.24, 29.25, -2.50) m.
- Output contract: predict exactly 5 waypoint x/y pairs in NED. The planner will set every waypoint z to goal z = -2.50 m before execution.
- Goal delta from current state is (-0.00, 2.23, -0.01) m with distance 2.23 m.
- Obstacle pipeline: depth_camera_to_body_to_ned_current_frame.
- Current depth frame obstacle points projected into NED: 131. Nearest depth obstacle in NED is at (0.02, 28.94, -2.57) m, relative vector (-0.22, 1.92, -0.08) m, distance 1.93 m.
- Depth validity fraction is 0.67. Global nearest obstacle distance is 1.79 m.
- Sector minimum distances [far_left, left, center, right, far_right] are [4.96, 1.79, 1.79, 2.05, 4.95] m.
- Nearest obstacle sector is center at 1.79 m and clearance status is caution.
- Lateral planning hint: prefer center progress.","{""waypoints"":[{""x"":0.24440099999999987,""y"":29.2500005},{""x"":0.24440099999999987,""y"":29.2500005},{""x"":0.24440099999999987,""y"":29.2500005},{""x"":0.24440099999999987,""y"":29.2500005},{""x"":0.24440099999999987,""y"":29.2500005}],""reasoning"":""Selected waypoint 0 moves the reference anchor from 1.98 m to 0.00 m from goal immediately and to 0.00 m by the final waypoint, so progress is 1.98 m selected / 1.98 m final and passes with monotonic goal-distance reduction. Kinematics is evaluated on 1 unique label waypoint(s), excluding consecutive duplicate terminal holds, and checks only that the trajectory stays within the configured bounds speed <= 15.00 m/s and acceleration <= 8.00 m/s^2, so kinematics passes. Goal will be reached in 1 waypoint(s) within 0.35 m tolerance. Safety passes: minimum clearance 3.00 m against manifest obstacles with 0 violating segment(s).""}",0.24440099999999987,29.2500005,-2.5,0.24440099999999987,29.2500005,-2.5,0.24440099999999987,29.2500005,-2.5,0.24440099999999987,29.2500005,-2.5,0.24440099999999987,29.2500005,-2.5
1773856451.299641609,1773856451.299641609,0.000,offline_ground_truth_window,"Environment section (T(v)):
- Current position NED is (0.23, 27.52, -2.48) m.
- Current velocity is (-0.01, 0.04, -0.00) m/s (speed 0.05 m/s).
- Goal position NED is (0.24, 29.25, -2.50) m.
- Output contract: predict exactly 5 waypoint x/y pairs in NED. The planner will set every waypoint z to goal z = -2.50 m before execution.
- Goal delta from current state is (0.01, 1.73, -0.02) m with distance 1.73 m.
- Obstacle pipeline: depth_camera_to_body_to_ned_current_frame.
- Current depth frame obstacle points projected into NED: 177. Nearest depth obstacle in NED is at (-0.24, 28.90, -2.56) m, relative vector (-0.47, 1.39, -0.08) m, distance 1.47 m.
- Depth validity fraction is 0.71. Global nearest obstacle distance is 1.27 m.
- Sector minimum distances [far_left, left, center, right, far_right] are [1.33, 1.27, 1.28, 1.51, 4.71] m.
- Nearest obstacle sector is left at 1.27 m and clearance status is blocked.
- Lateral planning hint: right side is clearer.","{""waypoints"":[{""x"":0.24440099999999987,""y"":29.2500005},{""x"":0.24440099999999987,""y"":29.2500005},{""x"":0.24440099999999987,""y"":29.2500005},{""x"":0.24440099999999987,""y"":29.2500005},{""x"":0.24440099999999987,""y"":29.2500005}],""reasoning"":""Selected waypoint 0 moves the reference anchor from 1.49 m to 0.00 m from goal immediately and to 0.00 m by the final waypoint, so progress is 1.49 m selected / 1.49 m final and passes with monotonic goal-distance reduction. Kinematics is evaluated on 1 unique label waypoint(s), excluding consecutive duplicate terminal holds, and checks only that the trajectory stays within the configured bounds speed <= 15.00 m/s and acceleration <= 8.00 m/s^2, so kinematics passes. Goal will be reached in 1 waypoint(s) within 0.35 m tolerance. Safety passes: minimum clearance 3.00 m against manifest obstacles with 0 violating segment(s).""}",0.24440099999999987,29.2500005,-2.5,0.24440099999999987,29.2500005,-2.5,0.24440099999999987,29.2500005,-2.5,0.24440099999999987,29.2500005,-2.5,0.24440099999999987,29.2500005,-2.5
1773856456.905808926,1773856456.905808926,0.000,offline_ground_truth_window,"Environment section (T(v)):
- Current position NED is (0.22, 28.02, -2.52) m.
- Current velocity is (0.01, 0.08, 0.01) m/s (speed 0.08 m/s).
- Goal position NED is (0.24, 29.25, -2.50) m.
- Output contract: predict exactly 5 waypoint x/y pairs in NED. The planner will set every waypoint z to goal z = -2.50 m before execution.
- Goal delta from current state is (0.03, 1.23, 0.02) m with distance 1.23 m.
- Obstacle pipeline: depth_camera_to_body_to_ned_current_frame.
- Current depth frame obstacle points projected into NED: 259. Nearest depth obstacle in NED is at (-0.07, 28.91, -2.64) m, relative vector (-0.28, 0.89, -0.12) m, distance 0.94 m.
- Depth validity fraction is 0.72. Global nearest obstacle distance is 0.76 m.
- Sector minimum distances [far_left, left, center, right, far_right] are [0.77, 0.76, 0.80, 0.93, 4.20] m.
- Nearest obstacle sector is left at 0.76 m and clearance status is blocked.
- Lateral planning hint: right side is clearer.","{""waypoints"":[{""x"":0.24440099999999987,""y"":29.2500005},{""x"":0.24440099999999987,""y"":29.2500005},{""x"":0.24440099999999987,""y"":29.2500005},{""x"":0.24440099999999987,""y"":29.2500005},{""x"":0.24440099999999987,""y"":29.2500005}],""reasoning"":""Selected waypoint 0 moves the reference anchor from 0.99 m to 0.00 m from goal immediately and to 0.00 m by the final waypoint, so progress is 0.99 m selected / 0.99 m final and passes with monotonic goal-distance reduction. Kinematics is evaluated on 1 unique label waypoint(s), excluding consecutive duplicate terminal holds, and checks only that the trajectory stays within the configured bounds speed <= 15.00 m/s and acceleration <= 8.00 m/s^2, so kinematics passes. Goal will be reached in 1 waypoint(s) within 0.35 m tolerance. Safety passes: minimum clearance 3.00 m against manifest obstacles with 0 violating segment(s).""}",0.24440099999999987,29.2500005,-2.5,0.24440099999999987,29.2500005,-2.5,0.24440099999999987,29.2500005,-2.5,0.24440099999999987,29.2500005,-2.5,0.24440099999999987,29.2500005,-2.5
1773856462.777807236,1773856462.777807236,0.000,offline_ground_truth_window,"Environment section (T(v)):
- Current position NED is (0.25, 28.51, -2.52) m.
- Current velocity is (0.01, 0.08, 0.01) m/s (speed 0.08 m/s).
- Goal position NED is (0.24, 29.25, -2.50) m.
- Output contract: predict exactly 5 waypoint x/y pairs in NED. The planner will set every waypoint z to goal z = -2.50 m before execution.
- Goal delta from current state is (-0.00, 0.74, 0.02) m with distance 0.74 m.
- Obstacle pipeline: depth_camera_to_body_to_ned_current_frame.
- Current depth frame obstacle points projected into NED: 298. Nearest depth obstacle in NED is at (0.18, 29.30, -2.63) m, relative vector (-0.07, 0.80, -0.11) m, distance 0.81 m.
- Depth validity fraction is 0.74. Global nearest obstacle distance is 0.66 m.
- Sector minimum distances [far_left, left, center, right, far_right] are [0.66, 0.66, 0.66, 0.66, 0.66] m.
- Nearest obstacle sector is far_right at 0.66 m and clearance status is blocked.
- Lateral planning hint: prefer center progress.","{""waypoints"":[{""x"":0.24440099999999987,""y"":29.2500005},{""x"":0.24440099999999987,""y"":29.2500005},{""x"":0.24440099999999987,""y"":29.2500005},{""x"":0.24440099999999987,""y"":29.2500005},{""x"":0.24440099999999987,""y"":29.2500005}],""reasoning"":""Selected waypoint 0 moves the reference anchor from 0.50 m to 0.00 m from goal immediately and to 0.00 m by the final waypoint, so progress is 0.50 m selected / 0.50 m final and passes with monotonic goal-distance reduction. Kinematics is evaluated on 1 unique label waypoint(s), excluding consecutive duplicate terminal holds, and checks only that the trajectory stays within the configured bounds speed <= 15.00 m/s and acceleration <= 8.00 m/s^2, so kinematics passes. Goal will be reached in 1 waypoint(s) within 0.35 m tolerance. Safety passes: minimum clearance 3.00 m against manifest obstacles with 0 violating segment(s).""}",0.24440099999999987,29.2500005,-2.5,0.24440099999999987,29.2500005,-2.5,0.24440099999999987,29.2500005,-2.5,0.24440099999999987,29.2500005,-2.5,0.24440099999999987,29.2500005,-2.5
1773856467.387248993,1773856467.387248993,0.000,offline_ground_truth_window,"Environment section (T(v)):
- Current position NED is (0.25, 29.00, -2.51) m.
- Current velocity is (-0.00, 0.11, 0.01) m/s (speed 0.11 m/s).
- Goal position NED is (0.24, 29.25, -2.50) m.
- Output contract: predict exactly 5 waypoint x/y pairs in NED. The planner will set every waypoint z to goal z = -2.50 m before execution.
- Goal delta from current state is (-0.01, 0.25, 0.01) m with distance 0.25 m.
- Obstacle pipeline: depth_camera_to_body_to_ned_current_frame.
- Current depth frame obstacle points projected into NED: 281. Nearest depth obstacle in NED is at (0.02, 29.45, -2.25) m, relative vector (-0.23, 0.45, 0.26) m, distance 0.56 m.
- Depth validity fraction is 0.74. Global nearest obstacle distance is 0.29 m.
- Sector minimum distances [far_left, left, center, right, far_right] are [0.29, 0.33, 0.48, 0.59, 0.59] m.
- Nearest obstacle sector is far_left at 0.29 m and clearance status is blocked.
- Lateral planning hint: prefer center progress.","{""waypoints"":[{""x"":0.24440099999999987,""y"":29.2500005},{""x"":0.24440099999999987,""y"":29.2500005},{""x"":0.24440099999999987,""y"":29.2500005},{""x"":0.24440099999999987,""y"":29.2500005},{""x"":0.24440099999999987,""y"":29.2500005}],""reasoning"":""Selected waypoint 0 moves the reference anchor from 0.00 m to 0.00 m from goal immediately and to 0.00 m by the final waypoint, so progress is 0.00 m selected / 0.00 m final and fails with monotonic goal-distance reduction. Kinematics is evaluated on 1 unique label waypoint(s), excluding consecutive duplicate terminal holds, and checks only that the trajectory stays within the configured bounds speed <= 15.00 m/s and acceleration <= 8.00 m/s^2, so kinematics passes. Goal has already been reached at the reference anchor within 0.35 m tolerance. Safety passes: minimum clearance 3.06 m against manifest obstacles with 0 violating segment(s).""}",0.24440099999999987,29.2500005,-2.5,0.24440099999999987,29.2500005,-2.5,0.24440099999999987,29.2500005,-2.5,0.24440099999999987,29.2500005,-2.5,0.24440099999999987,29.2500005,-2.5
