anchor_stamp_s,scene_stamp_s,sync_dt_ms,label_mode,prompt,label_waypoints_json,wp0_x,wp0_y,wp0_z,wp1_x,wp1_y,wp1_z,wp2_x,wp2_y,wp2_z,wp3_x,wp3_y,wp3_z,wp4_x,wp4_y,wp4_z
1773856514.576408148,1773856514.576408148,0.000,offline_ground_truth_window,"Environment section (T(v)):
- Current position NED is (0.02, -0.00, -2.29) m.
- Current velocity is (-0.00, -0.01, 0.00) m/s (speed 0.01 m/s).
- Goal position NED is (-0.45, 29.25, -2.50) m.
- Output contract: predict exactly 5 waypoint x/y pairs in NED. The planner will set every waypoint z to goal z = -2.50 m before execution.
- Goal delta from current state is (-0.47, 29.25, -0.21) m with distance 29.26 m.
- Obstacle pipeline: depth_camera_to_body_to_ned_current_frame.
- Current depth frame obstacle points projected into NED: 31. Nearest depth obstacle in NED is at (-2.39, 4.25, -2.11) m, relative vector (-2.42, 4.25, 0.18) m, distance 4.89 m.
- Depth validity fraction is 0.59. Global nearest obstacle distance is 0.99 m.
- Sector minimum distances [far_left, left, center, right, far_right] are [4.31, 4.35, 4.63, 4.63, 0.99] m.
- Nearest obstacle sector is far_right at 0.99 m and clearance status is blocked.
- Lateral planning hint: left side is clearer.","{""waypoints"":[{""x"":-0.04188358620689625,""y"":0.474137931034485},{""x"":-0.13671117241379283,""y"":0.9482758620689677},{""x"":-0.2315387586206894,""y"":1.4224137931034504},{""x"":-0.326366344827586,""y"":1.8965517241379333},{""x"":-0.4211939310344823,""y"":2.3706896551724164}],""reasoning"":""Selected waypoint 0 moves the reference anchor from 29.25 m to 28.78 m from goal immediately and to 26.88 m by the final waypoint, so progress is 0.48 m selected / 2.37 m final and passes with monotonic goal-distance reduction. Kinematics is evaluated on 5 unique label waypoint(s), excluding consecutive duplicate terminal holds, and checks only that the trajectory stays within the configured bounds speed <= 15.00 m/s and acceleration <= 8.00 m/s^2, so kinematics passes. Goal is not reached within this label waypoint window. Safety passes: minimum clearance 3.50 m against manifest obstacles with 0 violating segment(s).""}",-0.04188358620689625,0.474137931034485,-2.5,-0.13671117241379283,0.9482758620689677,-2.5,-0.2315387586206894,1.4224137931034504,-2.5,-0.326366344827586,1.8965517241379333,-2.5,-0.4211939310344823,2.3706896551724164,-2.5
1773856518.672694921,1773856518.672694921,0.000,offline_ground_truth_window,"Environment section (T(v)):
- Current position NED is (0.01, 0.24, -2.44) m.
- Current velocity is (-0.01, 0.07, -0.02) m/s (speed 0.07 m/s).
- Goal position NED is (-0.45, 29.25, -2.50) m.
- Output contract: predict exactly 5 waypoint x/y pairs in NED. The planner will set every waypoint z to goal z = -2.50 m before execution.
- Goal delta from current state is (-0.46, 29.01, -0.06) m with distance 29.01 m.
- Obstacle pipeline: depth_camera_to_body_to_ned_current_frame.
- Current depth frame obstacle points projected into NED: 31. Nearest depth obstacle in NED is at (-2.45, 4.24, -2.59) m, relative vector (-2.46, 4.00, -0.15) m, distance 4.70 m.
- Depth validity fraction is 0.58. Global nearest obstacle distance is 4.08 m.
- Sector minimum distances [far_left, left, center, right, far_right] are [4.08, 4.18, 4.85, 4.84, 4.83] m.
- Nearest obstacle sector is far_left at 4.08 m and clearance status is clear.
- Lateral planning hint: right side is clearer.","{""waypoints"":[{""x"":-0.13671117241379283,""y"":0.9482758620689677},{""x"":-0.2315387586206894,""y"":1.4224137931034504},{""x"":-0.326366344827586,""y"":1.8965517241379333},{""x"":-0.4211939310344823,""y"":2.3706896551724164},{""x"":-0.5160215172413791,""y"":2.8448275862068986}],""reasoning"":""Selected waypoint 0 moves the reference anchor from 28.78 m to 28.30 m from goal immediately and to 26.41 m by the final waypoint, so progress is 0.48 m selected / 2.37 m final and passes with monotonic goal-distance reduction. Kinematics is evaluated on 5 unique label waypoint(s), excluding consecutive duplicate terminal holds, and checks only that the trajectory stays within the configured bounds speed <= 15.00 m/s and acceleration <= 8.00 m/s^2, so kinematics passes. Goal is not reached within this label waypoint window. Safety passes: minimum clearance 3.35 m against manifest obstacles with 0 violating segment(s).""}",-0.13671117241379283,0.9482758620689677,-2.5,-0.2315387586206894,1.4224137931034504,-2.5,-0.326366344827586,1.8965517241379333,-2.5,-0.4211939310344823,2.3706896551724164,-2.5,-0.5160215172413791,2.8448275862068986,-2.5
1773856524.616662979,1773856524.616662979,0.000,offline_ground_truth_window,"Environment section (T(v)):
- Current position NED is (-0.13, 0.70, -2.47) m.
- Current velocity is (-0.00, 0.07, -0.00) m/s (speed 0.07 m/s).
- Goal position NED is (-0.45, 29.25, -2.50) m.
- Output contract: predict exactly 5 waypoint x/y pairs in NED. The planner will set every waypoint z to goal z = -2.50 m before execution.
- Goal delta from current state is (-0.31, 28.55, -0.03) m with distance 28.55 m.
- Obstacle pipeline: depth_camera_to_body_to_ned_current_frame.
- Current depth frame obstacle points projected into NED: 37. Nearest depth obstacle in NED is at (-2.52, 4.32, -2.47) m, relative vector (-2.39, 3.62, -0.00) m, distance 4.33 m.
- Depth validity fraction is 0.58. Global nearest obstacle distance is 3.62 m.
- Sector minimum distances [far_left, left, center, right, far_right] are [3.62, 3.98, 4.89, 4.89, 4.89] m.
- Nearest obstacle sector is far_left at 3.62 m and clearance status is clear.
- Lateral planning hint: right side is clearer.","{""waypoints"":[{""x"":-0.2315387586206894,""y"":1.4224137931034504},{""x"":-0.326366344827586,""y"":1.8965517241379333},{""x"":-0.4211939310344823,""y"":2.3706896551724164},{""x"":-0.5160215172413791,""y"":2.8448275862068986},{""x"":-0.6108491034482755,""y"":3.3189655172413817}],""reasoning"":""Selected waypoint 0 moves the reference anchor from 28.30 m to 27.83 m from goal immediately and to 25.93 m by the final waypoint, so progress is 0.48 m selected / 2.37 m final and passes with monotonic goal-distance reduction. Kinematics is evaluated on 5 unique label waypoint(s), excluding consecutive duplicate terminal holds, and checks only that the trajectory stays within the configured bounds speed <= 15.00 m/s and acceleration <= 8.00 m/s^2, so kinematics passes. Goal is not reached within this label waypoint window. Safety passes: minimum clearance 3.25 m against manifest obstacles with 0 violating segment(s).""}",-0.2315387586206894,1.4224137931034504,-2.5,-0.326366344827586,1.8965517241379333,-2.5,-0.4211939310344823,2.3706896551724164,-2.5,-0.5160215172413791,2.8448275862068986,-2.5,-0.6108491034482755,3.3189655172413817,-2.5
1773856529.743049383,1773856529.743049383,0.000,offline_ground_truth_window,"Environment section (T(v)):
- Current position NED is (-0.22, 1.18, -2.45) m.
- Current velocity is (-0.02, 0.07, -0.01) m/s (speed 0.07 m/s).
- Goal position NED is (-0.45, 29.25, -2.50) m.
- Output contract: predict exactly 5 waypoint x/y pairs in NED. The planner will set every waypoint z to goal z = -2.50 m before execution.
- Goal delta from current state is (-0.23, 28.07, -0.05) m with distance 28.07 m.
- Obstacle pipeline: depth_camera_to_body_to_ned_current_frame.
- Current depth frame obstacle points projected into NED: 26. Nearest depth obstacle in NED is at (-2.58, 4.34, -2.53) m, relative vector (-2.37, 3.16, -0.08) m, distance 3.95 m.
- Depth validity fraction is 0.58. Global nearest obstacle distance is 3.14 m.
- Sector minimum distances [far_left, left, center, right, far_right] are [3.14, 4.96, 4.96, 4.97, 4.98] m.
- Nearest obstacle sector is far_left at 3.14 m and clearance status is clear.
- Lateral planning hint: right side is clearer.","{""waypoints"":[{""x"":-0.326366344827586,""y"":1.8965517241379333},{""x"":-0.4211939310344823,""y"":2.3706896551724164},{""x"":-0.5160215172413791,""y"":2.8448275862068986},{""x"":-0.6108491034482755,""y"":3.3189655172413817},{""x"":-0.705676689655172,""y"":3.7931034482758643}],""reasoning"":""Selected waypoint 0 moves the reference anchor from 27.83 m to 27.35 m from goal immediately and to 25.46 m by the final waypoint, so progress is 0.47 m selected / 2.37 m final and passes with monotonic goal-distance reduction. Kinematics is evaluated on 5 unique label waypoint(s), excluding consecutive duplicate terminal holds, and checks only that the trajectory stays within the configured bounds speed <= 15.00 m/s and acceleration <= 8.00 m/s^2, so kinematics passes. Goal is not reached within this label waypoint window. Safety passes: minimum clearance 3.22 m against manifest obstacles with 0 violating segment(s).""}",-0.326366344827586,1.8965517241379333,-2.5,-0.4211939310344823,2.3706896551724164,-2.5,-0.5160215172413791,2.8448275862068986,-2.5,-0.6108491034482755,3.3189655172413817,-2.5,-0.705676689655172,3.7931034482758643,-2.5
1773856535.805357695,1773856535.805357695,0.000,offline_ground_truth_window,"Environment section (T(v)):
- Current position NED is (-0.27, 1.66, -2.49) m.
- Current velocity is (-0.01, 0.06, -0.00) m/s (speed 0.06 m/s).
- Goal position NED is (-0.45, 29.25, -2.50) m.
- Output contract: predict exactly 5 waypoint x/y pairs in NED. The planner will set every waypoint z to goal z = -2.50 m before execution.
- Goal delta from current state is (-0.17, 27.59, -0.01) m with distance 27.59 m.
- Obstacle pipeline: depth_camera_to_body_to_ned_current_frame.
- Current depth frame obstacle points projected into NED: 32. Nearest depth obstacle in NED is at (-2.60, 4.37, -2.41) m, relative vector (-2.32, 2.71, 0.08) m, distance 3.57 m.
- Depth validity fraction is 0.58. Global nearest obstacle distance is 2.78 m.
- Sector minimum distances [far_left, left, center, right, far_right] are [2.78, 5.03, 5.03, 5.03, 5.02] m.
- Nearest obstacle sector is far_left at 2.78 m and clearance status is caution.
- Lateral planning hint: right side is clearer.","{""waypoints"":[{""x"":-0.4211939310344823,""y"":2.3706896551724164},{""x"":-0.5160215172413791,""y"":2.8448275862068986},{""x"":-0.6108491034482755,""y"":3.3189655172413817},{""x"":-0.705676689655172,""y"":3.7931034482758643},{""x"":-0.8005042758620686,""y"":4.267241379310347}],""reasoning"":""Selected waypoint 0 moves the reference anchor from 27.35 m to 26.88 m from goal immediately and to 24.99 m by the final waypoint, so progress is 0.47 m selected / 2.37 m final and passes with monotonic goal-distance reduction. Kinematics is evaluated on 5 unique label waypoint(s), excluding consecutive duplicate terminal holds, and checks only that the trajectory stays within the configured bounds speed <= 15.00 m/s and acceleration <= 8.00 m/s^2, so kinematics passes. Goal is not reached within this label waypoint window. Safety passes: minimum clearance 3.22 m against manifest obstacles with 0 violating segment(s).""}",-0.4211939310344823,2.3706896551724164,-2.5,-0.5160215172413791,2.8448275862068986,-2.5,-0.6108491034482755,3.3189655172413817,-2.5,-0.705676689655172,3.7931034482758643,-2.5,-0.8005042758620686,4.267241379310347,-2.5
1773856542.188094616,1773856542.188094616,0.000,offline_ground_truth_window,"Environment section (T(v)):
- Current position NED is (-0.35, 2.14, -2.49) m.
- Current velocity is (-0.02, 0.06, 0.00) m/s (speed 0.06 m/s).
- Goal position NED is (-0.45, 29.25, -2.50) m.
- Output contract: predict exactly 5 waypoint x/y pairs in NED. The planner will set every waypoint z to goal z = -2.50 m before execution.
- Goal delta from current state is (-0.10, 27.11, -0.01) m with distance 27.11 m.
- Obstacle pipeline: depth_camera_to_body_to_ned_current_frame.
- Current depth frame obstacle points projected into NED: 16. Nearest depth obstacle in NED is at (-2.58, 4.73, -2.45) m, relative vector (-2.23, 2.59, 0.04) m, distance 3.42 m.
- Depth validity fraction is 0.58. Global nearest obstacle distance is 2.65 m.
- Sector minimum distances [far_left, left, center, right, far_right] are [2.65, 5.03, 5.03, 5.03, 5.04] m.
- Nearest obstacle sector is far_left at 2.65 m and clearance status is caution.
- Lateral planning hint: right side is clearer.","{""waypoints"":[{""x"":-0.5160215172413791,""y"":2.8448275862068986},{""x"":-0.6108491034482755,""y"":3.3189655172413817},{""x"":-0.705676689655172,""y"":3.7931034482758643},{""x"":-0.8005042758620686,""y"":4.267241379310347},{""x"":-0.8953318620689652,""y"":4.741379310344831}],""reasoning"":""Selected waypoint 0 moves the reference anchor from 26.88 m to 26.41 m from goal immediately and to 24.51 m by the final waypoint, so progress is 0.47 m selected / 2.37 m final and passes with monotonic goal-distance reduction. Kinematics is evaluated on 5 unique label waypoint(s), excluding consecutive duplicate terminal holds, and checks only that the trajectory stays within the configured bounds speed <= 15.00 m/s and acceleration <= 8.00 m/s^2, so kinematics passes. Goal is not reached within this label waypoint window. Safety passes: minimum clearance 3.22 m against manifest obstacles with 0 violating segment(s).""}",-0.5160215172413791,2.8448275862068986,-2.5,-0.6108491034482755,3.3189655172413817,-2.5,-0.705676689655172,3.7931034482758643,-2.5,-0.8005042758620686,4.267241379310347,-2.5,-0.8953318620689652,4.741379310344831,-2.5
1773856548.578227997,1773856548.578227997,0.000,offline_ground_truth_window,"Environment section (T(v)):
- Current position NED is (-0.45, 2.62, -2.51) m.
- Current velocity is (-0.01, 0.07, 0.01) m/s (speed 0.07 m/s).
- Goal position NED is (-0.45, 29.25, -2.50) m.
- Output contract: predict exactly 5 waypoint x/y pairs in NED. The planner will set every waypoint z to goal z = -2.50 m before execution.
- Goal delta from current state is (0.00, 26.63, 0.01) m with distance 26.63 m.
- Obstacle pipeline: depth_camera_to_body_to_ned_current_frame.
- Current depth frame obstacle points projected into NED: 6. Nearest depth obstacle in NED is at (-3.29, 11.62, -2.12) m, relative vector (-2.84, 9.01, 0.39) m, distance 9.45 m.
- Depth validity fraction is 0.58. Global nearest obstacle distance is 5.01 m.
- Sector minimum distances [far_left, left, center, right, far_right] are [5.02, 5.02, 5.02, 5.02, 5.01] m.
- Nearest obstacle sector is far_right at 5.01 m and clearance status is clear.
- Lateral planning hint: prefer center progress.","{""waypoints"":[{""x"":-0.6108491034482755,""y"":3.3189655172413817},{""x"":-0.705676689655172,""y"":3.7931034482758643},{""x"":-0.8005042758620686,""y"":4.267241379310347},{""x"":-0.8953318620689652,""y"":4.741379310344831},{""x"":-0.9901594482758618,""y"":5.215517241379313}],""reasoning"":""Selected waypoint 0 moves the reference anchor from 26.41 m to 25.93 m from goal immediately and to 24.04 m by the final waypoint, so progress is 0.47 m selected / 2.36 m final and passes with monotonic goal-distance reduction. Kinematics is evaluated on 5 unique label waypoint(s), excluding consecutive duplicate terminal holds, and checks only that the trajectory stays within the configured bounds speed <= 15.00 m/s and acceleration <= 8.00 m/s^2, so kinematics passes. Goal is not reached within this label waypoint window. Safety passes: minimum clearance 3.22 m against manifest obstacles with 0 violating segment(s).""}",-0.6108491034482755,3.3189655172413817,-2.5,-0.705676689655172,3.7931034482758643,-2.5,-0.8005042758620686,4.267241379310347,-2.5,-0.8953318620689652,4.741379310344831,-2.5,-0.9901594482758618,5.215517241379313,-2.5
1773856555.538317680,1773856555.538317680,0.000,offline_ground_truth_window,"Environment section (T(v)):
- Current position NED is (-0.55, 3.09, -2.49) m.
- Current velocity is (-0.01, 0.08, 0.00) m/s (speed 0.08 m/s).
- Goal position NED is (-0.45, 29.25, -2.50) m.
- Output contract: predict exactly 5 waypoint x/y pairs in NED. The planner will set every waypoint z to goal z = -2.50 m before execution.
- Goal delta from current state is (0.10, 26.16, -0.01) m with distance 26.16 m.
- Obstacle pipeline: depth_camera_to_body_to_ned_current_frame.
- Current depth frame obstacle points projected into NED: 5. Nearest depth obstacle in NED is at (-2.91, 11.95, -1.99) m, relative vector (-2.36, 8.86, 0.50) m, distance 9.18 m.
- Depth validity fraction is 0.58. Global nearest obstacle distance is 5.01 m.
- Sector minimum distances [far_left, left, center, right, far_right] are [5.02, 5.01, 5.01, 5.01, 5.01] m.
- Nearest obstacle sector is far_right at 5.01 m and clearance status is clear.
- Lateral planning hint: prefer center progress.","{""waypoints"":[{""x"":-0.705676689655172,""y"":3.7931034482758643},{""x"":-0.8005042758620686,""y"":4.267241379310347},{""x"":-0.8953318620689652,""y"":4.741379310344831},{""x"":-0.9901594482758618,""y"":5.215517241379313},{""x"":-1.0849870344827584,""y"":5.689655172413795}],""reasoning"":""Selected waypoint 0 moves the reference anchor from 25.93 m to 25.46 m from goal immediately and to 23.57 m by the final waypoint, so progress is 0.47 m selected / 2.36 m final and passes with monotonic goal-distance reduction. Kinematics is evaluated on 5 unique label waypoint(s), excluding consecutive duplicate terminal holds, and checks only that the trajectory stays within the configured bounds speed <= 15.00 m/s and acceleration <= 8.00 m/s^2, so kinematics passes. Goal is not reached within this label waypoint window. Safety passes: minimum clearance 3.22 m against manifest obstacles with 0 violating segment(s).""}",-0.705676689655172,3.7931034482758643,-2.5,-0.8005042758620686,4.267241379310347,-2.5,-0.8953318620689652,4.741379310344831,-2.5,-0.9901594482758618,5.215517241379313,-2.5,-1.0849870344827584,5.689655172413795,-2.5
1773856561.311101198,1773856561.311101198,0.000,offline_ground_truth_window,"Environment section (T(v)):
- Current position NED is (-0.69, 3.55, -2.49) m.
- Current velocity is (-0.01, 0.07, -0.00) m/s (speed 0.07 m/s).
- Goal position NED is (-0.45, 29.25, -2.50) m.
- Output contract: predict exactly 5 waypoint x/y pairs in NED. The planner will set every waypoint z to goal z = -2.50 m before execution.
- Goal delta from current state is (0.24, 25.70, -0.01) m with distance 25.70 m.
- Obstacle pipeline: depth_camera_to_body_to_ned_current_frame.
- Current depth frame obstacle points projected into NED: 8. Nearest depth obstacle in NED is at (-3.33, 11.65, -2.73) m, relative vector (-2.64, 8.09, -0.25) m, distance 8.52 m.
- Depth validity fraction is 0.59. Global nearest obstacle distance is 4.96 m.
- Sector minimum distances [far_left, left, center, right, far_right] are [4.96, 4.97, 4.97, 4.98, 4.98] m.
- Nearest obstacle sector is far_left at 4.96 m and clearance status is clear.
- Lateral planning hint: prefer center progress.","{""waypoints"":[{""x"":-0.8005042758620686,""y"":4.267241379310347},{""x"":-0.8953318620689652,""y"":4.741379310344831},{""x"":-0.9901594482758618,""y"":5.215517241379313},{""x"":-1.0849870344827584,""y"":5.689655172413795},{""x"":-1.179814620689655,""y"":6.163793103448278}],""reasoning"":""Selected waypoint 0 moves the reference anchor from 25.46 m to 24.99 m from goal immediately and to 23.10 m by the final waypoint, so progress is 0.47 m selected / 2.36 m final and passes with monotonic goal-distance reduction. Kinematics is evaluated on 5 unique label waypoint(s), excluding consecutive duplicate terminal holds, and checks only that the trajectory stays within the configured bounds speed <= 15.00 m/s and acceleration <= 8.00 m/s^2, so kinematics passes. Goal is not reached within this label waypoint window. Safety passes: minimum clearance 3.22 m against manifest obstacles with 0 violating segment(s).""}",-0.8005042758620686,4.267241379310347,-2.5,-0.8953318620689652,4.741379310344831,-2.5,-0.9901594482758618,5.215517241379313,-2.5,-1.0849870344827584,5.689655172413795,-2.5,-1.179814620689655,6.163793103448278,-2.5
1773856567.658415556,1773856567.658415556,0.000,offline_ground_truth_window,"Environment section (T(v)):
- Current position NED is (-0.74, 4.04, -2.51) m.
- Current velocity is (-0.03, 0.07, 0.01) m/s (speed 0.08 m/s).
- Goal position NED is (-0.45, 29.25, -2.50) m.
- Output contract: predict exactly 5 waypoint x/y pairs in NED. The planner will set every waypoint z to goal z = -2.50 m before execution.
- Goal delta from current state is (0.29, 25.21, 0.01) m with distance 25.21 m.
- Obstacle pipeline: depth_camera_to_body_to_ned_current_frame.
- Current depth frame obstacle points projected into NED: 4. Nearest depth obstacle in NED is at (-3.43, 11.61, -2.50) m, relative vector (-2.69, 7.57, 0.01) m, distance 8.04 m.
- Depth validity fraction is 0.59. Global nearest obstacle distance is 5.04 m.
- Sector minimum distances [far_left, left, center, right, far_right] are [5.04, 5.04, 5.04, 5.05, 5.05] m.
- Nearest obstacle sector is far_left at 5.04 m and clearance status is clear.
- Lateral planning hint: prefer center progress.","{""waypoints"":[{""x"":-0.8953318620689652,""y"":4.741379310344831},{""x"":-0.9901594482758618,""y"":5.215517241379313},{""x"":-1.0849870344827584,""y"":5.689655172413795},{""x"":-1.179814620689655,""y"":6.163793103448278},{""x"":-1.2746422068965513,""y"":6.637931034482762}],""reasoning"":""Selected waypoint 0 moves the reference anchor from 24.99 m to 24.51 m from goal immediately and to 22.63 m by the final waypoint, so progress is 0.47 m selected / 2.36 m final and passes with monotonic goal-distance reduction. Kinematics is evaluated on 5 unique label waypoint(s), excluding consecutive duplicate terminal holds, and checks only that the trajectory stays within the configured bounds speed <= 15.00 m/s and acceleration <= 8.00 m/s^2, so kinematics passes. Goal is not reached within this label waypoint window. Safety passes: minimum clearance 3.25 m against manifest obstacles with 0 violating segment(s).""}",-0.8953318620689652,4.741379310344831,-2.5,-0.9901594482758618,5.215517241379313,-2.5,-1.0849870344827584,5.689655172413795,-2.5,-1.179814620689655,6.163793103448278,-2.5,-1.2746422068965513,6.637931034482762,-2.5
1773856573.379761219,1773856573.379761219,0.000,offline_ground_truth_window,"Environment section (T(v)):
- Current position NED is (-0.86, 4.50, -2.47) m.
- Current velocity is (-0.02, 0.07, -0.00) m/s (speed 0.08 m/s).
- Goal position NED is (-0.45, 29.25, -2.50) m.
- Output contract: predict exactly 5 waypoint x/y pairs in NED. The planner will set every waypoint z to goal z = -2.50 m before execution.
- Goal delta from current state is (0.41, 24.75, -0.03) m with distance 24.75 m.
- Obstacle pipeline: depth_camera_to_body_to_ned_current_frame.
- Current depth frame obstacle points projected into NED: 6. Nearest depth obstacle in NED is at (-3.64, 11.63, -2.65) m, relative vector (-2.78, 7.12, -0.18) m, distance 7.65 m.
- Depth validity fraction is 0.59. Global nearest obstacle distance is 5.03 m.
- Sector minimum distances [far_left, left, center, right, far_right] are [5.03, 5.03, 5.04, 5.04, 5.04] m.
- Nearest obstacle sector is far_left at 5.03 m and clearance status is clear.
- Lateral planning hint: prefer center progress.","{""waypoints"":[{""x"":-0.9901594482758618,""y"":5.215517241379313},{""x"":-1.0849870344827584,""y"":5.689655172413795},{""x"":-1.179814620689655,""y"":6.163793103448278},{""x"":-1.2746422068965513,""y"":6.637931034482762},{""x"":-1.369469793103448,""y"":7.112068965517244}],""reasoning"":""Selected waypoint 0 moves the reference anchor from 24.51 m to 24.04 m from goal immediately and to 22.16 m by the final waypoint, so progress is 0.47 m selected / 2.36 m final and passes with monotonic goal-distance reduction. Kinematics is evaluated on 5 unique label waypoint(s), excluding consecutive duplicate terminal holds, and checks only that the trajectory stays within the configured bounds speed <= 15.00 m/s and acceleration <= 8.00 m/s^2, so kinematics passes. Goal is not reached within this label waypoint window. Safety passes: minimum clearance 3.34 m against manifest obstacles with 0 violating segment(s).""}",-0.9901594482758618,5.215517241379313,-2.5,-1.0849870344827584,5.689655172413795,-2.5,-1.179814620689655,6.163793103448278,-2.5,-1.2746422068965513,6.637931034482762,-2.5,-1.369469793103448,7.112068965517244,-2.5
1773856580.211420536,1773856580.211420536,0.000,offline_ground_truth_window,"Environment section (T(v)):
- Current position NED is (-0.95, 4.98, -2.51) m.
- Current velocity is (-0.01, 0.06, 0.01) m/s (speed 0.06 m/s).
- Goal position NED is (-0.45, 29.25, -2.50) m.
- Output contract: predict exactly 5 waypoint x/y pairs in NED. The planner will set every waypoint z to goal z = -2.50 m before execution.
- Goal delta from current state is (0.50, 24.27, 0.01) m with distance 24.28 m.
- Obstacle pipeline: depth_camera_to_body_to_ned_current_frame.
- Current depth frame obstacle points projected into NED: 16. Nearest depth obstacle in NED is at (-3.76, 11.59, -2.40) m, relative vector (-2.81, 6.61, 0.11) m, distance 7.18 m.
- Depth validity fraction is 0.60. Global nearest obstacle distance is 5.05 m.
- Sector minimum distances [far_left, left, center, right, far_right] are [5.05, 5.05, 5.05, 5.05, 5.05] m.
- Nearest obstacle sector is far_right at 5.05 m and clearance status is clear.
- Lateral planning hint: prefer center progress.","{""waypoints"":[{""x"":-1.0849870344827584,""y"":5.689655172413795},{""x"":-1.179814620689655,""y"":6.163793103448278},{""x"":-1.2746422068965513,""y"":6.637931034482762},{""x"":-1.369469793103448,""y"":7.112068965517244},{""x"":-1.4642973793103444,""y"":7.586206896551726}],""reasoning"":""Selected waypoint 0 moves the reference anchor from 24.04 m to 23.57 m from goal immediately and to 21.69 m by the final waypoint, so progress is 0.47 m selected / 2.35 m final and passes with monotonic goal-distance reduction. Kinematics is evaluated on 5 unique label waypoint(s), excluding consecutive duplicate terminal holds, and checks only that the trajectory stays within the configured bounds speed <= 15.00 m/s and acceleration <= 8.00 m/s^2, so kinematics passes. Goal is not reached within this label waypoint window. Safety passes: minimum clearance 3.48 m against manifest obstacles with 0 violating segment(s).""}",-1.0849870344827584,5.689655172413795,-2.5,-1.179814620689655,6.163793103448278,-2.5,-1.2746422068965513,6.637931034482762,-2.5,-1.369469793103448,7.112068965517244,-2.5,-1.4642973793103444,7.586206896551726,-2.5
1773856585.327521324,1773856585.327521324,0.000,offline_ground_truth_window,"Environment section (T(v)):
- Current position NED is (-1.03, 5.46, -2.50) m.
- Current velocity is (-0.02, 0.08, 0.01) m/s (speed 0.08 m/s).
- Goal position NED is (-0.45, 29.25, -2.50) m.
- Output contract: predict exactly 5 waypoint x/y pairs in NED. The planner will set every waypoint z to goal z = -2.50 m before execution.
- Goal delta from current state is (0.58, 23.79, -0.00) m with distance 23.80 m.
- Obstacle pipeline: depth_camera_to_body_to_ned_current_frame.
- Current depth frame obstacle points projected into NED: 19. Nearest depth obstacle in NED is at (-3.87, 11.57, -2.08) m, relative vector (-2.84, 6.11, 0.42) m, distance 6.75 m.
- Depth validity fraction is 0.61. Global nearest obstacle distance is 4.97 m.
- Sector minimum distances [far_left, left, center, right, far_right] are [4.98, 4.98, 4.98, 4.97, 4.97] m.
- Nearest obstacle sector is far_right at 4.97 m and clearance status is clear.
- Lateral planning hint: prefer center progress.","{""waypoints"":[{""x"":-1.179814620689655,""y"":6.163793103448278},{""x"":-1.2746422068965513,""y"":6.637931034482762},{""x"":-1.369469793103448,""y"":7.112068965517244},{""x"":-1.4642973793103444,""y"":7.586206896551726},{""x"":-1.5591249655172408,""y"":8.060344827586208}],""reasoning"":""Selected waypoint 0 moves the reference anchor from 23.57 m to 23.10 m from goal immediately and to 21.22 m by the final waypoint, so progress is 0.47 m selected / 2.35 m final and passes with monotonic goal-distance reduction. Kinematics is evaluated on 5 unique label waypoint(s), excluding consecutive duplicate terminal holds, and checks only that the trajectory stays within the configured bounds speed <= 15.00 m/s and acceleration <= 8.00 m/s^2, so kinematics passes. Goal is not reached within this label waypoint window. Safety passes: minimum clearance 3.39 m against manifest obstacles with 0 violating segment(s).""}",-1.179814620689655,6.163793103448278,-2.5,-1.2746422068965513,6.637931034482762,-2.5,-1.369469793103448,7.112068965517244,-2.5,-1.4642973793103444,7.586206896551726,-2.5,-1.5591249655172408,8.060344827586208,-2.5
1773856591.918951988,1773856591.918951988,0.000,offline_ground_truth_window,"Environment section (T(v)):
- Current position NED is (-1.14, 5.93, -2.49) m.
- Current velocity is (-0.00, 0.06, 0.00) m/s (speed 0.06 m/s).
- Goal position NED is (-0.45, 29.25, -2.50) m.
- Output contract: predict exactly 5 waypoint x/y pairs in NED. The planner will set every waypoint z to goal z = -2.50 m before execution.
- Goal delta from current state is (0.69, 23.32, -0.01) m with distance 23.33 m.
- Obstacle pipeline: depth_camera_to_body_to_ned_current_frame.
- Current depth frame obstacle points projected into NED: 16. Nearest depth obstacle in NED is at (-3.97, 11.61, -2.37) m, relative vector (-2.83, 5.68, 0.12) m, distance 6.35 m.
- Depth validity fraction is 0.60. Global nearest obstacle distance is 5.02 m.
- Sector minimum distances [far_left, left, center, right, far_right] are [5.03, 5.03, 5.03, 5.02, 5.02] m.
- Nearest obstacle sector is far_right at 5.02 m and clearance status is clear.
- Lateral planning hint: prefer center progress.","{""waypoints"":[{""x"":-1.2746422068965513,""y"":6.637931034482762},{""x"":-1.369469793103448,""y"":7.112068965517244},{""x"":-1.4642973793103444,""y"":7.586206896551726},{""x"":-1.5591249655172408,""y"":8.060344827586208},{""x"":-1.6539525517241376,""y"":8.534482758620692}],""reasoning"":""Selected waypoint 0 moves the reference anchor from 23.10 m to 22.63 m from goal immediately and to 20.75 m by the final waypoint, so progress is 0.47 m selected / 2.35 m final and passes with monotonic goal-distance reduction. Kinematics is evaluated on 5 unique label waypoint(s), excluding consecutive duplicate terminal holds, and checks only that the trajectory stays within the configured bounds speed <= 15.00 m/s and acceleration <= 8.00 m/s^2, so kinematics passes. Goal is not reached within this label waypoint window. Safety passes: minimum clearance 3.29 m against manifest obstacles with 0 violating segment(s).""}",-1.2746422068965513,6.637931034482762,-2.5,-1.369469793103448,7.112068965517244,-2.5,-1.4642973793103444,7.586206896551726,-2.5,-1.5591249655172408,8.060344827586208,-2.5,-1.6539525517241376,8.534482758620692,-2.5
1773856597.663938999,1773856597.663938999,0.000,offline_ground_truth_window,"Environment section (T(v)):
- Current position NED is (-1.21, 6.40, -2.49) m.
- Current velocity is (-0.02, 0.07, -0.00) m/s (speed 0.07 m/s).
- Goal position NED is (-0.45, 29.25, -2.50) m.
- Output contract: predict exactly 5 waypoint x/y pairs in NED. The planner will set every waypoint z to goal z = -2.50 m before execution.
- Goal delta from current state is (0.77, 22.85, -0.01) m with distance 22.86 m.
- Obstacle pipeline: depth_camera_to_body_to_ned_current_frame.
- Current depth frame obstacle points projected into NED: 13. Nearest depth obstacle in NED is at (-4.19, 11.54, -2.29) m, relative vector (-2.98, 5.14, 0.20) m, distance 5.94 m.
- Depth validity fraction is 0.61. Global nearest obstacle distance is 4.98 m.
- Sector minimum distances [far_left, left, center, right, far_right] are [4.99, 4.99, 4.99, 4.99, 4.98] m.
- Nearest obstacle sector is far_right at 4.98 m and clearance status is clear.
- Lateral planning hint: prefer center progress.","{""waypoints"":[{""x"":-1.369469793103448,""y"":7.112068965517244},{""x"":-1.4642973793103444,""y"":7.586206896551726},{""x"":-1.5591249655172408,""y"":8.060344827586208},{""x"":-1.6539525517241376,""y"":8.534482758620692},{""x"":-1.7487801379310344,""y"":9.008620689655174}],""reasoning"":""Selected waypoint 0 moves the reference anchor from 22.63 m to 22.16 m from goal immediately and to 20.28 m by the final waypoint, so progress is 0.47 m selected / 2.34 m final and passes with monotonic goal-distance reduction. Kinematics is evaluated on 5 unique label waypoint(s), excluding consecutive duplicate terminal holds, and checks only that the trajectory stays within the configured bounds speed <= 15.00 m/s and acceleration <= 8.00 m/s^2, so kinematics passes. Goal is not reached within this label waypoint window. Safety passes: minimum clearance 3.20 m against manifest obstacles with 0 violating segment(s).""}",-1.369469793103448,7.112068965517244,-2.5,-1.4642973793103444,7.586206896551726,-2.5,-1.5591249655172408,8.060344827586208,-2.5,-1.6539525517241376,8.534482758620692,-2.5,-1.7487801379310344,9.008620689655174,-2.5
1773856604.346248388,1773856604.346248388,0.000,offline_ground_truth_window,"Environment section (T(v)):
- Current position NED is (-1.33, 6.88, -2.49) m.
- Current velocity is (-0.01, 0.07, 0.00) m/s (speed 0.07 m/s).
- Goal position NED is (-0.45, 29.25, -2.50) m.
- Output contract: predict exactly 5 waypoint x/y pairs in NED. The planner will set every waypoint z to goal z = -2.50 m before execution.
- Goal delta from current state is (0.88, 22.37, -0.01) m with distance 22.39 m.
- Obstacle pipeline: depth_camera_to_body_to_ned_current_frame.
- Current depth frame obstacle points projected into NED: 19. Nearest depth obstacle in NED is at (-4.38, 11.53, -2.63) m, relative vector (-3.06, 4.66, -0.14) m, distance 5.57 m.
- Depth validity fraction is 0.60. Global nearest obstacle distance is 4.79 m.
- Sector minimum distances [far_left, left, center, right, far_right] are [4.79, 4.99, 4.99, 4.98, 4.98] m.
- Nearest obstacle sector is far_left at 4.79 m and clearance status is clear.
- Lateral planning hint: prefer center progress.","{""waypoints"":[{""x"":-1.4642973793103444,""y"":7.586206896551726},{""x"":-1.5591249655172408,""y"":8.060344827586208},{""x"":-1.6539525517241376,""y"":8.534482758620692},{""x"":-1.7487801379310344,""y"":9.008620689655174},{""x"":-1.8436077241379307,""y"":9.482758620689658}],""reasoning"":""Selected waypoint 0 moves the reference anchor from 22.16 m to 21.69 m from goal immediately and to 19.82 m by the final waypoint, so progress is 0.47 m selected / 2.34 m final and passes with monotonic goal-distance reduction. Kinematics is evaluated on 5 unique label waypoint(s), excluding consecutive duplicate terminal holds, and checks only that the trajectory stays within the configured bounds speed <= 15.00 m/s and acceleration <= 8.00 m/s^2, so kinematics passes. Goal is not reached within this label waypoint window. Safety passes: minimum clearance 3.10 m against manifest obstacles with 0 violating segment(s).""}",-1.4642973793103444,7.586206896551726,-2.5,-1.5591249655172408,8.060344827586208,-2.5,-1.6539525517241376,8.534482758620692,-2.5,-1.7487801379310344,9.008620689655174,-2.5,-1.8436077241379307,9.482758620689658,-2.5
1773856611.987717390,1773856611.987717390,0.000,offline_ground_truth_window,"Environment section (T(v)):
- Current position NED is (-1.40, 7.35, -2.49) m.
- Current velocity is (-0.02, 0.07, -0.00) m/s (speed 0.07 m/s).
- Goal position NED is (-0.45, 29.25, -2.50) m.
- Output contract: predict exactly 5 waypoint x/y pairs in NED. The planner will set every waypoint z to goal z = -2.50 m before execution.
- Goal delta from current state is (0.96, 21.90, -0.01) m with distance 21.92 m.
- Obstacle pipeline: depth_camera_to_body_to_ned_current_frame.
- Current depth frame obstacle points projected into NED: 22. Nearest depth obstacle in NED is at (-4.47, 11.50, -2.34) m, relative vector (-3.06, 4.15, 0.15) m, distance 5.16 m.
- Depth validity fraction is 0.60. Global nearest obstacle distance is 4.27 m.
- Sector minimum distances [far_left, left, center, right, far_right] are [4.27, 4.97, 4.97, 4.97, 4.97] m.
- Nearest obstacle sector is far_left at 4.27 m and clearance status is clear.
- Lateral planning hint: prefer center progress.","{""waypoints"":[{""x"":-1.5591249655172408,""y"":8.060344827586208},{""x"":-1.6539525517241376,""y"":8.534482758620692},{""x"":-1.7487801379310344,""y"":9.008620689655174},{""x"":-1.8436077241379307,""y"":9.482758620689658},{""x"":-1.938435310344827,""y"":9.95689655172414}],""reasoning"":""Selected waypoint 0 moves the reference anchor from 21.69 m to 21.22 m from goal immediately and to 19.35 m by the final waypoint, so progress is 0.47 m selected / 2.34 m final and passes with monotonic goal-distance reduction. Kinematics is evaluated on 5 unique label waypoint(s), excluding consecutive duplicate terminal holds, and checks only that the trajectory stays within the configured bounds speed <= 15.00 m/s and acceleration <= 8.00 m/s^2, so kinematics passes. Goal is not reached within this label waypoint window. Safety passes: minimum clearance 3.01 m against manifest obstacles with 0 violating segment(s).""}",-1.5591249655172408,8.060344827586208,-2.5,-1.6539525517241376,8.534482758620692,-2.5,-1.7487801379310344,9.008620689655174,-2.5,-1.8436077241379307,9.482758620689658,-2.5,-1.938435310344827,9.95689655172414,-2.5
1773856618.662240028,1773856618.662240028,0.000,offline_ground_truth_window,"Environment section (T(v)):
- Current position NED is (-1.52, 7.82, -2.50) m.
- Current velocity is (-0.02, 0.06, 0.00) m/s (speed 0.06 m/s).
- Goal position NED is (-0.45, 29.25, -2.50) m.
- Output contract: predict exactly 5 waypoint x/y pairs in NED. The planner will set every waypoint z to goal z = -2.50 m before execution.
- Goal delta from current state is (1.07, 21.43, 0.00) m with distance 21.45 m.
- Obstacle pipeline: depth_camera_to_body_to_ned_current_frame.
- Current depth frame obstacle points projected into NED: 28. Nearest depth obstacle in NED is at (-4.54, 11.52, -2.55) m, relative vector (-3.03, 3.70, -0.05) m, distance 4.78 m.
- Depth validity fraction is 0.61. Global nearest obstacle distance is 3.78 m.
- Sector minimum distances [far_left, left, center, right, far_right] are [3.78, 5.04, 5.04, 5.04, 5.05] m.
- Nearest obstacle sector is far_left at 3.78 m and clearance status is clear.
- Lateral planning hint: right side is clearer.","{""waypoints"":[{""x"":-1.6539525517241376,""y"":8.534482758620692},{""x"":-1.7487801379310344,""y"":9.008620689655174},{""x"":-1.8436077241379307,""y"":9.482758620689658},{""x"":-1.938435310344827,""y"":9.95689655172414},{""x"":-2.033262896551724,""y"":10.431034482758623}],""reasoning"":""Selected waypoint 0 moves the reference anchor from 21.22 m to 20.75 m from goal immediately and to 18.89 m by the final waypoint, so progress is 0.47 m selected / 2.33 m final and passes with monotonic goal-distance reduction. Kinematics is evaluated on 5 unique label waypoint(s), excluding consecutive duplicate terminal holds, and checks only that the trajectory stays within the configured bounds speed <= 15.00 m/s and acceleration <= 8.00 m/s^2, so kinematics passes. Goal is not reached within this label waypoint window. Safety passes: minimum clearance 2.85 m against manifest obstacles with 0 violating segment(s).""}",-1.6539525517241376,8.534482758620692,-2.5,-1.7487801379310344,9.008620689655174,-2.5,-1.8436077241379307,9.482758620689658,-2.5,-1.938435310344827,9.95689655172414,-2.5,-2.033262896551724,10.431034482758623,-2.5
1773856625.260394335,1773856625.260394335,0.000,offline_ground_truth_window,"Environment section (T(v)):
- Current position NED is (-1.62, 8.30, -2.50) m.
- Current velocity is (-0.01, 0.05, 0.01) m/s (speed 0.05 m/s).
- Goal position NED is (-0.45, 29.25, -2.50) m.
- Output contract: predict exactly 5 waypoint x/y pairs in NED. The planner will set every waypoint z to goal z = -2.50 m before execution.
- Goal delta from current state is (1.18, 20.95, 0.00) m with distance 20.99 m.
- Obstacle pipeline: depth_camera_to_body_to_ned_current_frame.
- Current depth frame obstacle points projected into NED: 29. Nearest depth obstacle in NED is at (-4.56, 11.65, -2.31) m, relative vector (-2.94, 3.35, 0.19) m, distance 4.46 m.
- Depth validity fraction is 0.61. Global nearest obstacle distance is 3.50 m.
- Sector minimum distances [far_left, left, center, right, far_right] are [3.50, 5.05, 4.95, 5.06, 5.06] m.
- Nearest obstacle sector is far_left at 3.50 m and clearance status is clear.
- Lateral planning hint: right side is clearer.","{""waypoints"":[{""x"":-1.7487801379310344,""y"":9.008620689655174},{""x"":-1.8436077241379307,""y"":9.482758620689658},{""x"":-1.938435310344827,""y"":9.95689655172414},{""x"":-2.033262896551724,""y"":10.431034482758623},{""x"":-2.128090482758621,""y"":10.905172413793105}],""reasoning"":""Selected waypoint 0 moves the reference anchor from 20.75 m to 20.28 m from goal immediately and to 18.42 m by the final waypoint, so progress is 0.47 m selected / 2.33 m final and passes with monotonic goal-distance reduction. Kinematics is evaluated on 5 unique label waypoint(s), excluding consecutive duplicate terminal holds, and checks only that the trajectory stays within the configured bounds speed <= 15.00 m/s and acceleration <= 8.00 m/s^2, so kinematics passes. Goal is not reached within this label waypoint window. Safety passes: minimum clearance 2.48 m against manifest obstacles with 0 violating segment(s).""}",-1.7487801379310344,9.008620689655174,-2.5,-1.8436077241379307,9.482758620689658,-2.5,-1.938435310344827,9.95689655172414,-2.5,-2.033262896551724,10.431034482758623,-2.5,-2.128090482758621,10.905172413793105,-2.5
1773856632.411458969,1773856632.411458969,0.000,offline_ground_truth_window,"Environment section (T(v)):
- Current position NED is (-1.71, 8.77, -2.50) m.
- Current velocity is (-0.01, 0.05, 0.00) m/s (speed 0.05 m/s).
- Goal position NED is (-0.45, 29.25, -2.50) m.
- Output contract: predict exactly 5 waypoint x/y pairs in NED. The planner will set every waypoint z to goal z = -2.50 m before execution.
- Goal delta from current state is (1.26, 20.48, 0.00) m with distance 20.52 m.
- Obstacle pipeline: depth_camera_to_body_to_ned_current_frame.
- Current depth frame obstacle points projected into NED: 75. Nearest depth obstacle in NED is at (-4.68, 12.17, -2.62) m, relative vector (-2.97, 3.40, -0.12) m, distance 4.52 m.
- Depth validity fraction is 0.62. Global nearest obstacle distance is 3.53 m.
- Sector minimum distances [far_left, left, center, right, far_right] are [3.53, 4.49, 4.46, 5.03, 5.04] m.
- Nearest obstacle sector is far_left at 3.53 m and clearance status is clear.
- Lateral planning hint: right side is clearer.","{""waypoints"":[{""x"":-1.8436077241379307,""y"":9.482758620689658},{""x"":-1.938435310344827,""y"":9.95689655172414},{""x"":-2.033262896551724,""y"":10.431034482758623},{""x"":-2.128090482758621,""y"":10.905172413793105},{""x"":-2.222918068965517,""y"":11.379310344827587}],""reasoning"":""Selected waypoint 0 moves the reference anchor from 20.28 m to 19.82 m from goal immediately and to 17.96 m by the final waypoint, so progress is 0.47 m selected / 2.32 m final and passes with monotonic goal-distance reduction. Kinematics is evaluated on 5 unique label waypoint(s), excluding consecutive duplicate terminal holds, and checks only that the trajectory stays within the configured bounds speed <= 15.00 m/s and acceleration <= 8.00 m/s^2, so kinematics passes. Goal is not reached within this label waypoint window. Safety passes: minimum clearance 2.15 m against manifest obstacles with 0 violating segment(s).""}",-1.8436077241379307,9.482758620689658,-2.5,-1.938435310344827,9.95689655172414,-2.5,-2.033262896551724,10.431034482758623,-2.5,-2.128090482758621,10.905172413793105,-2.5,-2.222918068965517,11.379310344827587,-2.5
1773856638.084914207,1773856638.084914207,0.000,offline_ground_truth_window,"Environment section (T(v)):
- Current position NED is (-1.78, 9.25, -2.48) m.
- Current velocity is (-0.02, 0.05, 0.00) m/s (speed 0.05 m/s).
- Goal position NED is (-0.45, 29.25, -2.50) m.
- Output contract: predict exactly 5 waypoint x/y pairs in NED. The planner will set every waypoint z to goal z = -2.50 m before execution.
- Goal delta from current state is (1.33, 20.00, -0.02) m with distance 20.04 m.
- Obstacle pipeline: depth_camera_to_body_to_ned_current_frame.
- Current depth frame obstacle points projected into NED: 76. Nearest depth obstacle in NED is at (-2.69, 13.33, -2.59) m, relative vector (-0.91, 4.08, -0.11) m, distance 4.18 m.
- Depth validity fraction is 0.63. Global nearest obstacle distance is 4.01 m.
- Sector minimum distances [far_left, left, center, right, far_right] are [4.93, 4.01, 4.01, 4.92, 4.91] m.
- Nearest obstacle sector is center at 4.01 m and clearance status is clear.
- Lateral planning hint: right side is clearer.","{""waypoints"":[{""x"":-1.938435310344827,""y"":9.95689655172414},{""x"":-2.033262896551724,""y"":10.431034482758623},{""x"":-2.128090482758621,""y"":10.905172413793105},{""x"":-2.222918068965517,""y"":11.379310344827587},{""x"":-2.3177456551724136,""y"":11.85344827586207}],""reasoning"":""Selected waypoint 0 moves the reference anchor from 19.82 m to 19.35 m from goal immediately and to 17.50 m by the final waypoint, so progress is 0.47 m selected / 2.32 m final and passes with monotonic goal-distance reduction. Kinematics is evaluated on 5 unique label waypoint(s), excluding consecutive duplicate terminal holds, and checks only that the trajectory stays within the configured bounds speed <= 15.00 m/s and acceleration <= 8.00 m/s^2, so kinematics passes. Goal is not reached within this label waypoint window. Safety passes: minimum clearance 1.87 m against manifest obstacles with 0 violating segment(s).""}",-1.938435310344827,9.95689655172414,-2.5,-2.033262896551724,10.431034482758623,-2.5,-2.128090482758621,10.905172413793105,-2.5,-2.222918068965517,11.379310344827587,-2.5,-2.3177456551724136,11.85344827586207,-2.5
1773856645.262984037,1773856645.262984037,0.000,offline_ground_truth_window,"Environment section (T(v)):
- Current position NED is (-1.91, 9.72, -2.50) m.
- Current velocity is (-0.01, 0.10, 0.00) m/s (speed 0.10 m/s).
- Goal position NED is (-0.45, 29.25, -2.50) m.
- Output contract: predict exactly 5 waypoint x/y pairs in NED. The planner will set every waypoint z to goal z = -2.50 m before execution.
- Goal delta from current state is (1.46, 19.53, -0.00) m with distance 19.58 m.
- Obstacle pipeline: depth_camera_to_body_to_ned_current_frame.
- Current depth frame obstacle points projected into NED: 82. Nearest depth obstacle in NED is at (-2.88, 13.28, -2.68) m, relative vector (-0.97, 3.56, -0.19) m, distance 3.70 m.
- Depth validity fraction is 0.63. Global nearest obstacle distance is 3.51 m.
- Sector minimum distances [far_left, left, center, right, far_right] are [5.00, 3.51, 3.52, 5.00, 5.01] m.
- Nearest obstacle sector is left at 3.51 m and clearance status is clear.
- Lateral planning hint: right side is clearer.","{""waypoints"":[{""x"":-2.033262896551724,""y"":10.431034482758623},{""x"":-2.128090482758621,""y"":10.905172413793105},{""x"":-2.222918068965517,""y"":11.379310344827587},{""x"":-2.3177456551724136,""y"":11.85344827586207},{""x"":-2.4125732413793104,""y"":12.327586206896553}],""reasoning"":""Selected waypoint 0 moves the reference anchor from 19.35 m to 18.89 m from goal immediately and to 17.04 m by the final waypoint, so progress is 0.46 m selected / 2.31 m final and passes with monotonic goal-distance reduction. Kinematics is evaluated on 5 unique label waypoint(s), excluding consecutive duplicate terminal holds, and checks only that the trajectory stays within the configured bounds speed <= 15.00 m/s and acceleration <= 8.00 m/s^2, so kinematics passes. Goal is not reached within this label waypoint window. Safety passes: minimum clearance 1.66 m against manifest obstacles with 0 violating segment(s).""}",-2.033262896551724,10.431034482758623,-2.5,-2.128090482758621,10.905172413793105,-2.5,-2.222918068965517,11.379310344827587,-2.5,-2.3177456551724136,11.85344827586207,-2.5,-2.4125732413793104,12.327586206896553,-2.5
1773856651.395012379,1773856651.395012379,0.000,offline_ground_truth_window,"Environment section (T(v)):
- Current position NED is (-2.01, 10.19, -2.50) m.
- Current velocity is (-0.01, 0.05, 0.00) m/s (speed 0.05 m/s).
- Goal position NED is (-0.45, 29.25, -2.50) m.
- Output contract: predict exactly 5 waypoint x/y pairs in NED. The planner will set every waypoint z to goal z = -2.50 m before execution.
- Goal delta from current state is (1.56, 19.06, -0.00) m with distance 19.12 m.
- Obstacle pipeline: depth_camera_to_body_to_ned_current_frame.
- Current depth frame obstacle points projected into NED: 85. Nearest depth obstacle in NED is at (-2.91, 13.33, -2.44) m, relative vector (-0.90, 3.14, 0.06) m, distance 3.26 m.
- Depth validity fraction is 0.64. Global nearest obstacle distance is 3.06 m.
- Sector minimum distances [far_left, left, center, right, far_right] are [4.98, 3.06, 3.13, 4.98, 4.99] m.
- Nearest obstacle sector is left at 3.06 m and clearance status is clear.
- Lateral planning hint: right side is clearer.","{""waypoints"":[{""x"":-2.128090482758621,""y"":10.905172413793105},{""x"":-2.222918068965517,""y"":11.379310344827587},{""x"":-2.3177456551724136,""y"":11.85344827586207},{""x"":-2.4125732413793104,""y"":12.327586206896553},{""x"":-2.5074008275862063,""y"":12.801724137931036}],""reasoning"":""Selected waypoint 0 moves the reference anchor from 18.89 m to 18.42 m from goal immediately and to 16.58 m by the final waypoint, so progress is 0.46 m selected / 2.31 m final and passes with monotonic goal-distance reduction. Kinematics is evaluated on 5 unique label waypoint(s), excluding consecutive duplicate terminal holds, and checks only that the trajectory stays within the configured bounds speed <= 15.00 m/s and acceleration <= 8.00 m/s^2, so kinematics passes. Goal is not reached within this label waypoint window. Safety passes: minimum clearance 1.54 m against manifest obstacles with 0 violating segment(s).""}",-2.128090482758621,10.905172413793105,-2.5,-2.222918068965517,11.379310344827587,-2.5,-2.3177456551724136,11.85344827586207,-2.5,-2.4125732413793104,12.327586206896553,-2.5,-2.5074008275862063,12.801724137931036,-2.5
1773856657.609587669,1773856657.609587669,0.000,offline_ground_truth_window,"Environment section (T(v)):
- Current position NED is (-2.09, 10.67, -2.48) m.
- Current velocity is (-0.01, 0.07, -0.00) m/s (speed 0.07 m/s).
- Goal position NED is (-0.45, 29.25, -2.50) m.
- Output contract: predict exactly 5 waypoint x/y pairs in NED. The planner will set every waypoint z to goal z = -2.50 m before execution.
- Goal delta from current state is (1.65, 18.58, -0.02) m with distance 18.65 m.
- Obstacle pipeline: depth_camera_to_body_to_ned_current_frame.
- Current depth frame obstacle points projected into NED: 104. Nearest depth obstacle in NED is at (-3.07, 13.28, -2.51) m, relative vector (-0.97, 2.61, -0.03) m, distance 2.79 m.
- Depth validity fraction is 0.65. Global nearest obstacle distance is 2.55 m.
- Sector minimum distances [far_left, left, center, right, far_right] are [2.73, 2.55, 2.70, 4.99, 4.90] m.
- Nearest obstacle sector is left at 2.55 m and clearance status is caution.
- Lateral planning hint: right side is clearer.","{""waypoints"":[{""x"":-2.222918068965517,""y"":11.379310344827587},{""x"":-2.3177456551724136,""y"":11.85344827586207},{""x"":-2.4125732413793104,""y"":12.327586206896553},{""x"":-2.5074008275862063,""y"":12.801724137931036},{""x"":-2.602228413793103,""y"":13.27586206896552}],""reasoning"":""Selected waypoint 0 moves the reference anchor from 18.42 m to 17.96 m from goal immediately and to 16.12 m by the final waypoint, so progress is 0.46 m selected / 2.30 m final and passes with monotonic goal-distance reduction. Kinematics is evaluated on 5 unique label waypoint(s), excluding consecutive duplicate terminal holds, and checks only that the trajectory stays within the configured bounds speed <= 15.00 m/s and acceleration <= 8.00 m/s^2, so kinematics passes. Goal is not reached within this label waypoint window. Safety passes: minimum clearance 1.52 m against manifest obstacles with 0 violating segment(s).""}",-2.222918068965517,11.379310344827587,-2.5,-2.3177456551724136,11.85344827586207,-2.5,-2.4125732413793104,12.327586206896553,-2.5,-2.5074008275862063,12.801724137931036,-2.5,-2.602228413793103,13.27586206896552,-2.5
1773856664.072592974,1773856664.072592974,0.000,offline_ground_truth_window,"Environment section (T(v)):
- Current position NED is (-2.17, 11.14, -2.51) m.
- Current velocity is (-0.02, 0.06, 0.01) m/s (speed 0.06 m/s).
- Goal position NED is (-0.45, 29.25, -2.50) m.
- Output contract: predict exactly 5 waypoint x/y pairs in NED. The planner will set every waypoint z to goal z = -2.50 m before execution.
- Goal delta from current state is (1.72, 18.11, 0.01) m with distance 18.19 m.
- Obstacle pipeline: depth_camera_to_body_to_ned_current_frame.
- Current depth frame obstacle points projected into NED: 123. Nearest depth obstacle in NED is at (-3.15, 13.28, -2.53) m, relative vector (-0.98, 2.13, -0.02) m, distance 2.35 m.
- Depth validity fraction is 0.65. Global nearest obstacle distance is 2.07 m.
- Sector minimum distances [far_left, left, center, right, far_right] are [2.08, 2.07, 2.42, 5.06, 4.74] m.
- Nearest obstacle sector is left at 2.07 m and clearance status is caution.
- Lateral planning hint: right side is clearer.","{""waypoints"":[{""x"":-2.3177456551724136,""y"":11.85344827586207},{""x"":-2.4125732413793104,""y"":12.327586206896553},{""x"":-2.5074008275862063,""y"":12.801724137931036},{""x"":-2.602228413793103,""y"":13.27586206896552},{""x"":-2.697056,""y"":13.750000000000002}],""reasoning"":""Selected waypoint 0 moves the reference anchor from 17.96 m to 17.50 m from goal immediately and to 15.66 m by the final waypoint, so progress is 0.46 m selected / 2.30 m final and passes with monotonic goal-distance reduction. Kinematics is evaluated on 5 unique label waypoint(s), excluding consecutive duplicate terminal holds, and checks only that the trajectory stays within the configured bounds speed <= 15.00 m/s and acceleration <= 8.00 m/s^2, so kinematics passes. Goal is not reached within this label waypoint window. Safety passes: minimum clearance 1.52 m against manifest obstacles with 0 violating segment(s).""}",-2.3177456551724136,11.85344827586207,-2.5,-2.4125732413793104,12.327586206896553,-2.5,-2.5074008275862063,12.801724137931036,-2.5,-2.602228413793103,13.27586206896552,-2.5,-2.697056,13.750000000000002,-2.5
1773856669.928606510,1773856669.928606510,0.000,offline_ground_truth_window,"Environment section (T(v)):
- Current position NED is (-2.28, 11.62, -2.50) m.
- Current velocity is (-0.01, 0.05, 0.01) m/s (speed 0.05 m/s).
- Goal position NED is (-0.45, 29.25, -2.50) m.
- Output contract: predict exactly 5 waypoint x/y pairs in NED. The planner will set every waypoint z to goal z = -2.50 m before execution.
- Goal delta from current state is (1.83, 17.63, 0.00) m with distance 17.73 m.
- Obstacle pipeline: depth_camera_to_body_to_ned_current_frame.
- Current depth frame obstacle points projected into NED: 169. Nearest depth obstacle in NED is at (-3.17, 13.34, -2.59) m, relative vector (-0.90, 1.73, -0.08) m, distance 1.95 m.
- Depth validity fraction is 0.67. Global nearest obstacle distance is 1.63 m.
- Sector minimum distances [far_left, left, center, right, far_right] are [1.63, 1.67, 5.05, 5.05, 4.66] m.
- Nearest obstacle sector is far_left at 1.63 m and clearance status is caution.
- Lateral planning hint: right side is clearer.","{""waypoints"":[{""x"":-2.4125732413793104,""y"":12.327586206896553},{""x"":-2.5074008275862063,""y"":12.801724137931036},{""x"":-2.602228413793103,""y"":13.27586206896552},{""x"":-2.697056,""y"":13.750000000000002},{""x"":-2.5899131428571422,""y"":14.214285714285715}],""reasoning"":""Selected waypoint 0 moves the reference anchor from 17.50 m to 17.04 m from goal immediately and to 15.19 m by the final waypoint, so progress is 0.46 m selected / 2.31 m final and passes with monotonic goal-distance reduction. Kinematics is evaluated on 5 unique label waypoint(s), excluding consecutive duplicate terminal holds, and checks only that the trajectory stays within the configured bounds speed <= 15.00 m/s and acceleration <= 8.00 m/s^2, so kinematics passes. Goal is not reached within this label waypoint window. Safety passes: minimum clearance 1.52 m against manifest obstacles with 0 violating segment(s).""}",-2.4125732413793104,12.327586206896553,-2.5,-2.5074008275862063,12.801724137931036,-2.5,-2.602228413793103,13.27586206896552,-2.5,-2.697056,13.750000000000002,-2.5,-2.5899131428571422,14.214285714285715,-2.5
1773856676.123551130,1773856676.123551130,0.000,offline_ground_truth_window,"Environment section (T(v)):
- Current position NED is (-2.33, 12.10, -2.51) m.
- Current velocity is (-0.02, 0.07, 0.01) m/s (speed 0.07 m/s).
- Goal position NED is (-0.45, 29.25, -2.50) m.
- Output contract: predict exactly 5 waypoint x/y pairs in NED. The planner will set every waypoint z to goal z = -2.50 m before execution.
- Goal delta from current state is (1.89, 17.15, 0.01) m with distance 17.25 m.
- Obstacle pipeline: depth_camera_to_body_to_ned_current_frame.
- Current depth frame obstacle points projected into NED: 179. Nearest depth obstacle in NED is at (-3.21, 13.35, -2.51) m, relative vector (-0.88, 1.25, -0.00) m, distance 1.53 m.
- Depth validity fraction is 0.69. Global nearest obstacle distance is 1.16 m.
- Sector minimum distances [far_left, left, center, right, far_right] are [1.16, 1.32, 5.05, 5.05, 4.55] m.
- Nearest obstacle sector is far_left at 1.16 m and clearance status is blocked.
- Lateral planning hint: right side is clearer.","{""waypoints"":[{""x"":-2.5074008275862063,""y"":12.801724137931036},{""x"":-2.602228413793103,""y"":13.27586206896552},{""x"":-2.697056,""y"":13.750000000000002},{""x"":-2.5899131428571422,""y"":14.214285714285715},{""x"":-2.4827702857142855,""y"":14.67857142857143}],""reasoning"":""Selected waypoint 0 moves the reference anchor from 17.04 m to 16.58 m from goal immediately and to 14.71 m by the final waypoint, so progress is 0.46 m selected / 2.32 m final and passes with monotonic goal-distance reduction. Kinematics is evaluated on 5 unique label waypoint(s), excluding consecutive duplicate terminal holds, and checks only that the trajectory stays within the configured bounds speed <= 15.00 m/s and acceleration <= 8.00 m/s^2, so kinematics passes. Goal is not reached within this label waypoint window. Safety passes: minimum clearance 1.52 m against manifest obstacles with 0 violating segment(s).""}",-2.5074008275862063,12.801724137931036,-2.5,-2.602228413793103,13.27586206896552,-2.5,-2.697056,13.750000000000002,-2.5,-2.5899131428571422,14.214285714285715,-2.5,-2.4827702857142855,14.67857142857143,-2.5
1773856683.511651993,1773856683.511651993,0.000,offline_ground_truth_window,"Environment section (T(v)):
- Current position NED is (-2.45, 12.57, -2.49) m.
- Current velocity is (-0.02, 0.07, -0.00) m/s (speed 0.07 m/s).
- Goal position NED is (-0.45, 29.25, -2.50) m.
- Output contract: predict exactly 5 waypoint x/y pairs in NED. The planner will set every waypoint z to goal z = -2.50 m before execution.
- Goal delta from current state is (2.01, 16.68, -0.01) m with distance 16.80 m.
- Obstacle pipeline: depth_camera_to_body_to_ned_current_frame.
- Current depth frame obstacle points projected into NED: 182. Nearest depth obstacle in NED is at (-3.20, 13.52, -2.52) m, relative vector (-0.75, 0.95, -0.03) m, distance 1.21 m.
- Depth validity fraction is 0.68. Global nearest obstacle distance is 0.88 m.
- Sector minimum distances [far_left, left, center, right, far_right] are [0.88, 1.19, 4.94, 4.94, 4.38] m.
- Nearest obstacle sector is far_left at 0.88 m and clearance status is blocked.
- Lateral planning hint: right side is clearer.","{""waypoints"":[{""x"":-2.602228413793103,""y"":13.27586206896552},{""x"":-2.697056,""y"":13.750000000000002},{""x"":-2.5899131428571422,""y"":14.214285714285715},{""x"":-2.4827702857142855,""y"":14.67857142857143},{""x"":-2.3756274285714287,""y"":15.142857142857144}],""reasoning"":""Selected waypoint 0 moves the reference anchor from 16.58 m to 16.12 m from goal immediately and to 14.24 m by the final waypoint, so progress is 0.46 m selected / 2.34 m final and passes with monotonic goal-distance reduction. Kinematics is evaluated on 5 unique label waypoint(s), excluding consecutive duplicate terminal holds, and checks only that the trajectory stays within the configured bounds speed <= 15.00 m/s and acceleration <= 8.00 m/s^2, so kinematics passes. Goal is not reached within this label waypoint window. Safety passes: minimum clearance 1.52 m against manifest obstacles with 0 violating segment(s).""}",-2.602228413793103,13.27586206896552,-2.5,-2.697056,13.750000000000002,-2.5,-2.5899131428571422,14.214285714285715,-2.5,-2.4827702857142855,14.67857142857143,-2.5,-2.3756274285714287,15.142857142857144,-2.5
1773856689.930463791,1773856689.930463791,0.000,offline_ground_truth_window,"Environment section (T(v)):
- Current position NED is (-2.60, 13.03, -2.49) m.
- Current velocity is (-0.01, 0.05, 0.01) m/s (speed 0.05 m/s).
- Goal position NED is (-0.45, 29.25, -2.50) m.
- Output contract: predict exactly 5 waypoint x/y pairs in NED. The planner will set every waypoint z to goal z = -2.50 m before execution.
- Goal delta from current state is (2.15, 16.22, -0.01) m with distance 16.36 m.
- Obstacle pipeline: depth_camera_to_body_to_ned_current_frame.
- Current depth frame obstacle points projected into NED: 86. Nearest depth obstacle in NED is at (-3.39, 14.02, -2.40) m, relative vector (-0.79, 0.99, 0.09) m, distance 1.27 m.
- Depth validity fraction is 0.62. Global nearest obstacle distance is 0.91 m.
- Sector minimum distances [far_left, left, center, right, far_right] are [0.91, 5.00, 5.01, 5.01, 4.18] m.
- Nearest obstacle sector is far_left at 0.91 m and clearance status is blocked.
- Lateral planning hint: right side is clearer.","{""waypoints"":[{""x"":-2.697056,""y"":13.750000000000002},{""x"":-2.5899131428571422,""y"":14.214285714285715},{""x"":-2.4827702857142855,""y"":14.67857142857143},{""x"":-2.3756274285714287,""y"":15.142857142857144},{""x"":-2.268484571428571,""y"":15.60714285714286}],""reasoning"":""Selected waypoint 0 moves the reference anchor from 16.12 m to 15.66 m from goal immediately and to 13.76 m by the final waypoint, so progress is 0.46 m selected / 2.35 m final and passes with monotonic goal-distance reduction. Kinematics is evaluated on 5 unique label waypoint(s), excluding consecutive duplicate terminal holds, and checks only that the trajectory stays within the configured bounds speed <= 15.00 m/s and acceleration <= 8.00 m/s^2, so kinematics passes. Goal is not reached within this label waypoint window. Safety passes: minimum clearance 1.53 m against manifest obstacles with 0 violating segment(s).""}",-2.697056,13.750000000000002,-2.5,-2.5899131428571422,14.214285714285715,-2.5,-2.4827702857142855,14.67857142857143,-2.5,-2.3756274285714287,15.142857142857144,-2.5,-2.268484571428571,15.60714285714286,-2.5
1773856696.696929455,1773856696.696929455,0.000,offline_ground_truth_window,"Environment section (T(v)):
- Current position NED is (-2.65, 13.51, -2.48) m.
- Current velocity is (-0.00, 0.04, 0.01) m/s (speed 0.04 m/s).
- Goal position NED is (-0.45, 29.25, -2.50) m.
- Output contract: predict exactly 5 waypoint x/y pairs in NED. The planner will set every waypoint z to goal z = -2.50 m before execution.
- Goal delta from current state is (2.20, 15.74, -0.02) m with distance 15.89 m.
- Obstacle pipeline: depth_camera_to_body_to_ned_current_frame.
- Current depth frame obstacle points projected into NED: 67. Nearest depth obstacle in NED is at (-0.10, 18.21, -1.59) m, relative vector (2.55, 4.69, 0.90) m, distance 5.42 m.
- Depth validity fraction is 0.63. Global nearest obstacle distance is 4.12 m.
- Sector minimum distances [far_left, left, center, right, far_right] are [5.01, 5.01, 5.01, 5.01, 4.12] m.
- Nearest obstacle sector is far_right at 4.12 m and clearance status is clear.
- Lateral planning hint: left side is clearer.","{""waypoints"":[{""x"":-2.5899131428571422,""y"":14.214285714285715},{""x"":-2.4827702857142855,""y"":14.67857142857143},{""x"":-2.3756274285714287,""y"":15.142857142857144},{""x"":-2.268484571428571,""y"":15.60714285714286},{""x"":-2.1613417142857143,""y"":16.071428571428577}],""reasoning"":""Selected waypoint 0 moves the reference anchor from 15.66 m to 15.19 m from goal immediately and to 13.29 m by the final waypoint, so progress is 0.47 m selected / 2.37 m final and passes with monotonic goal-distance reduction. Kinematics is evaluated on 5 unique label waypoint(s), excluding consecutive duplicate terminal holds, and checks only that the trajectory stays within the configured bounds speed <= 15.00 m/s and acceleration <= 8.00 m/s^2, so kinematics passes. Goal is not reached within this label waypoint window. Safety passes: minimum clearance 1.61 m against manifest obstacles with 0 violating segment(s).""}",-2.5899131428571422,14.214285714285715,-2.5,-2.4827702857142855,14.67857142857143,-2.5,-2.3756274285714287,15.142857142857144,-2.5,-2.268484571428571,15.60714285714286,-2.5,-2.1613417142857143,16.071428571428577,-2.5
1773856703.777863026,1773856703.777863026,0.000,offline_ground_truth_window,"Environment section (T(v)):
- Current position NED is (-2.60, 13.97, -2.50) m.
- Current velocity is (-0.00, 0.06, 0.01) m/s (speed 0.06 m/s).
- Goal position NED is (-0.45, 29.25, -2.50) m.
- Output contract: predict exactly 5 waypoint x/y pairs in NED. The planner will set every waypoint z to goal z = -2.50 m before execution.
- Goal delta from current state is (2.15, 15.28, 0.00) m with distance 15.43 m.
- Obstacle pipeline: depth_camera_to_body_to_ned_current_frame.
- Current depth frame obstacle points projected into NED: 78. Nearest depth obstacle in NED is at (0.06, 18.63, -2.01) m, relative vector (2.65, 4.65, 0.49) m, distance 5.38 m.
- Depth validity fraction is 0.63. Global nearest obstacle distance is 4.20 m.
- Sector minimum distances [far_left, left, center, right, far_right] are [5.01, 5.01, 5.00, 5.00, 4.20] m.
- Nearest obstacle sector is far_right at 4.20 m and clearance status is clear.
- Lateral planning hint: left side is clearer.","{""waypoints"":[{""x"":-2.4827702857142855,""y"":14.67857142857143},{""x"":-2.3756274285714287,""y"":15.142857142857144},{""x"":-2.268484571428571,""y"":15.60714285714286},{""x"":-2.1613417142857143,""y"":16.071428571428577},{""x"":-2.0541988571428567,""y"":16.53571428571429}],""reasoning"":""Selected waypoint 0 moves the reference anchor from 15.19 m to 14.71 m from goal immediately and to 12.82 m by the final waypoint, so progress is 0.47 m selected / 2.37 m final and passes with monotonic goal-distance reduction. Kinematics is evaluated on 5 unique label waypoint(s), excluding consecutive duplicate terminal holds, and checks only that the trajectory stays within the configured bounds speed <= 15.00 m/s and acceleration <= 8.00 m/s^2, so kinematics passes. Goal is not reached within this label waypoint window. Safety passes: minimum clearance 1.62 m against manifest obstacles with 0 violating segment(s).""}",-2.4827702857142855,14.67857142857143,-2.5,-2.3756274285714287,15.142857142857144,-2.5,-2.268484571428571,15.60714285714286,-2.5,-2.1613417142857143,16.071428571428577,-2.5,-2.0541988571428567,16.53571428571429,-2.5
1773856710.786553144,1773856710.786553144,0.000,offline_ground_truth_window,"Environment section (T(v)):
- Current position NED is (-2.53, 14.45, -2.48) m.
- Current velocity is (0.01, 0.05, 0.00) m/s (speed 0.05 m/s).
- Goal position NED is (-0.45, 29.25, -2.50) m.
- Output contract: predict exactly 5 waypoint x/y pairs in NED. The planner will set every waypoint z to goal z = -2.50 m before execution.
- Goal delta from current state is (2.08, 14.80, -0.02) m with distance 14.95 m.
- Obstacle pipeline: depth_camera_to_body_to_ned_current_frame.
- Current depth frame obstacle points projected into NED: 92. Nearest depth obstacle in NED is at (-1.54, 19.80, -2.43) m, relative vector (0.99, 5.36, 0.06) m, distance 5.45 m.
- Depth validity fraction is 0.63. Global nearest obstacle distance is 4.30 m.
- Sector minimum distances [far_left, left, center, right, far_right] are [4.98, 4.98, 4.98, 4.98, 4.30] m.
- Nearest obstacle sector is far_right at 4.30 m and clearance status is clear.
- Lateral planning hint: prefer center progress.","{""waypoints"":[{""x"":-2.3756274285714287,""y"":15.142857142857144},{""x"":-2.268484571428571,""y"":15.60714285714286},{""x"":-2.1613417142857143,""y"":16.071428571428577},{""x"":-2.0541988571428567,""y"":16.53571428571429},{""x"":-1.9470559999999997,""y"":17.000000000000004}],""reasoning"":""Selected waypoint 0 moves the reference anchor from 14.71 m to 14.24 m from goal immediately and to 12.34 m by the final waypoint, so progress is 0.47 m selected / 2.37 m final and passes with monotonic goal-distance reduction. Kinematics is evaluated on 5 unique label waypoint(s), excluding consecutive duplicate terminal holds, and checks only that the trajectory stays within the configured bounds speed <= 15.00 m/s and acceleration <= 8.00 m/s^2, so kinematics passes. Goal is not reached within this label waypoint window. Safety passes: minimum clearance 1.71 m against manifest obstacles with 0 violating segment(s).""}",-2.3756274285714287,15.142857142857144,-2.5,-2.268484571428571,15.60714285714286,-2.5,-2.1613417142857143,16.071428571428577,-2.5,-2.0541988571428567,16.53571428571429,-2.5,-1.9470559999999997,17.000000000000004,-2.5
1773856718.211931467,1773856718.211931467,0.000,offline_ground_truth_window,"Environment section (T(v)):
- Current position NED is (-2.39, 14.91, -2.48) m.
- Current velocity is (0.01, 0.07, -0.00) m/s (speed 0.07 m/s).
- Goal position NED is (-0.45, 29.25, -2.50) m.
- Output contract: predict exactly 5 waypoint x/y pairs in NED. The planner will set every waypoint z to goal z = -2.50 m before execution.
- Goal delta from current state is (1.95, 14.34, -0.02) m with distance 14.48 m.
- Obstacle pipeline: depth_camera_to_body_to_ned_current_frame.
- Current depth frame obstacle points projected into NED: 79. Nearest depth obstacle in NED is at (-1.33, 19.84, -2.38) m, relative vector (1.06, 4.93, 0.10) m, distance 5.05 m.
- Depth validity fraction is 0.62. Global nearest obstacle distance is 4.50 m.
- Sector minimum distances [far_left, left, center, right, far_right] are [5.04, 5.03, 5.03, 4.66, 4.50] m.
- Nearest obstacle sector is far_right at 4.50 m and clearance status is clear.
- Lateral planning hint: left side is clearer.","{""waypoints"":[{""x"":-2.268484571428571,""y"":15.60714285714286},{""x"":-2.1613417142857143,""y"":16.071428571428577},{""x"":-2.0541988571428567,""y"":16.53571428571429},{""x"":-1.9470559999999997,""y"":17.000000000000004},{""x"":-1.8399131428571425,""y"":17.46428571428572}],""reasoning"":""Selected waypoint 0 moves the reference anchor from 14.24 m to 13.76 m from goal immediately and to 11.87 m by the final waypoint, so progress is 0.47 m selected / 2.37 m final and passes with monotonic goal-distance reduction. Kinematics is evaluated on 5 unique label waypoint(s), excluding consecutive duplicate terminal holds, and checks only that the trajectory stays within the configured bounds speed <= 15.00 m/s and acceleration <= 8.00 m/s^2, so kinematics passes. Goal is not reached within this label waypoint window. Safety passes: minimum clearance 1.90 m against manifest obstacles with 0 violating segment(s).""}",-2.268484571428571,15.60714285714286,-2.5,-2.1613417142857143,16.071428571428577,-2.5,-2.0541988571428567,16.53571428571429,-2.5,-1.9470559999999997,17.000000000000004,-2.5,-1.8399131428571425,17.46428571428572,-2.5
1773856723.672920227,1773856723.672920227,0.000,offline_ground_truth_window,"Environment section (T(v)):
- Current position NED is (-2.31, 15.37, -2.52) m.
- Current velocity is (0.01, 0.06, 0.01) m/s (speed 0.06 m/s).
- Goal position NED is (-0.45, 29.25, -2.50) m.
- Output contract: predict exactly 5 waypoint x/y pairs in NED. The planner will set every waypoint z to goal z = -2.50 m before execution.
- Goal delta from current state is (1.86, 13.88, 0.02) m with distance 14.00 m.
- Obstacle pipeline: depth_camera_to_body_to_ned_current_frame.
- Current depth frame obstacle points projected into NED: 69. Nearest depth obstacle in NED is at (-1.07, 19.85, -2.28) m, relative vector (1.24, 4.47, 0.24) m, distance 4.65 m.
- Depth validity fraction is 0.61. Global nearest obstacle distance is 4.18 m.
- Sector minimum distances [far_left, left, center, right, far_right] are [5.16, 5.15, 5.15, 4.18, 4.22] m.
- Nearest obstacle sector is right at 4.18 m and clearance status is clear.
- Lateral planning hint: left side is clearer.","{""waypoints"":[{""x"":-2.1613417142857143,""y"":16.071428571428577},{""x"":-2.0541988571428567,""y"":16.53571428571429},{""x"":-1.9470559999999997,""y"":17.000000000000004},{""x"":-1.8399131428571425,""y"":17.46428571428572},{""x"":-1.7327702857142853,""y"":17.928571428571434}],""reasoning"":""Selected waypoint 0 moves the reference anchor from 13.76 m to 13.29 m from goal immediately and to 11.39 m by the final waypoint, so progress is 0.47 m selected / 2.37 m final and passes with monotonic goal-distance reduction. Kinematics is evaluated on 5 unique label waypoint(s), excluding consecutive duplicate terminal holds, and checks only that the trajectory stays within the configured bounds speed <= 15.00 m/s and acceleration <= 8.00 m/s^2, so kinematics passes. Goal is not reached within this label waypoint window. Safety passes: minimum clearance 1.88 m against manifest obstacles with 0 violating segment(s).""}",-2.1613417142857143,16.071428571428577,-2.5,-2.0541988571428567,16.53571428571429,-2.5,-1.9470559999999997,17.000000000000004,-2.5,-1.8399131428571425,17.46428571428572,-2.5,-1.7327702857142853,17.928571428571434,-2.5
1773856732.448410511,1773856732.448410511,0.000,offline_ground_truth_window,"Environment section (T(v)):
- Current position NED is (-2.25, 15.85, -2.50) m.
- Current velocity is (0.02, 0.05, 0.00) m/s (speed 0.05 m/s).
- Goal position NED is (-0.45, 29.25, -2.50) m.
- Output contract: predict exactly 5 waypoint x/y pairs in NED. The planner will set every waypoint z to goal z = -2.50 m before execution.
- Goal delta from current state is (1.80, 13.40, -0.00) m with distance 13.52 m.
- Obstacle pipeline: depth_camera_to_body_to_ned_current_frame.
- Current depth frame obstacle points projected into NED: 73. Nearest depth obstacle in NED is at (-0.91, 19.84, -2.46) m, relative vector (1.35, 3.99, 0.04) m, distance 4.21 m.
- Depth validity fraction is 0.62. Global nearest obstacle distance is 3.70 m.
- Sector minimum distances [far_left, left, center, right, far_right] are [5.02, 5.02, 5.02, 3.74, 3.70] m.
- Nearest obstacle sector is far_right at 3.70 m and clearance status is clear.
- Lateral planning hint: left side is clearer.","{""waypoints"":[{""x"":-2.0541988571428567,""y"":16.53571428571429},{""x"":-1.9470559999999997,""y"":17.000000000000004},{""x"":-1.8399131428571425,""y"":17.46428571428572},{""x"":-1.7327702857142853,""y"":17.928571428571434},{""x"":-1.6256274285714285,""y"":18.392857142857146}],""reasoning"":""Selected waypoint 0 moves the reference anchor from 13.29 m to 12.82 m from goal immediately and to 10.92 m by the final waypoint, so progress is 0.47 m selected / 2.37 m final and passes with monotonic goal-distance reduction. Kinematics is evaluated on 5 unique label waypoint(s), excluding consecutive duplicate terminal holds, and checks only that the trajectory stays within the configured bounds speed <= 15.00 m/s and acceleration <= 8.00 m/s^2, so kinematics passes. Goal is not reached within this label waypoint window. Safety passes: minimum clearance 1.66 m against manifest obstacles with 0 violating segment(s).""}",-2.0541988571428567,16.53571428571429,-2.5,-1.9470559999999997,17.000000000000004,-2.5,-1.8399131428571425,17.46428571428572,-2.5,-1.7327702857142853,17.928571428571434,-2.5,-1.6256274285714285,18.392857142857146,-2.5
1773856738.594212770,1773856738.594212770,0.000,offline_ground_truth_window,"Environment section (T(v)):
- Current position NED is (-2.11, 16.30, -2.49) m.
- Current velocity is (0.02, 0.05, 0.00) m/s (speed 0.06 m/s).
- Goal position NED is (-0.45, 29.25, -2.50) m.
- Output contract: predict exactly 5 waypoint x/y pairs in NED. The planner will set every waypoint z to goal z = -2.50 m before execution.
- Goal delta from current state is (1.66, 12.95, -0.01) m with distance 13.05 m.
- Obstacle pipeline: depth_camera_to_body_to_ned_current_frame.
- Current depth frame obstacle points projected into NED: 73. Nearest depth obstacle in NED is at (-0.60, 19.88, -2.56) m, relative vector (1.50, 3.57, -0.07) m, distance 3.88 m.
- Depth validity fraction is 0.61. Global nearest obstacle distance is 3.24 m.
- Sector minimum distances [far_left, left, center, right, far_right] are [5.07, 5.06, 5.06, 5.05, 3.24] m.
- Nearest obstacle sector is far_right at 3.24 m and clearance status is clear.
- Lateral planning hint: left side is clearer.","{""waypoints"":[{""x"":-1.9470559999999997,""y"":17.000000000000004},{""x"":-1.8399131428571425,""y"":17.46428571428572},{""x"":-1.7327702857142853,""y"":17.928571428571434},{""x"":-1.6256274285714285,""y"":18.392857142857146},{""x"":-1.5184845714285709,""y"":18.85714285714286}],""reasoning"":""Selected waypoint 0 moves the reference anchor from 12.82 m to 12.34 m from goal immediately and to 10.45 m by the final waypoint, so progress is 0.47 m selected / 2.37 m final and passes with monotonic goal-distance reduction. Kinematics is evaluated on 5 unique label waypoint(s), excluding consecutive duplicate terminal holds, and checks only that the trajectory stays within the configured bounds speed <= 15.00 m/s and acceleration <= 8.00 m/s^2, so kinematics passes. Goal is not reached within this label waypoint window. Safety passes: minimum clearance 1.54 m against manifest obstacles with 0 violating segment(s).""}",-1.9470559999999997,17.000000000000004,-2.5,-1.8399131428571425,17.46428571428572,-2.5,-1.7327702857142853,17.928571428571434,-2.5,-1.6256274285714285,18.392857142857146,-2.5,-1.5184845714285709,18.85714285714286,-2.5
1773856744.547329426,1773856744.547329426,0.000,offline_ground_truth_window,"Environment section (T(v)):
- Current position NED is (-2.01, 16.77, -2.51) m.
- Current velocity is (0.01, 0.06, 0.01) m/s (speed 0.07 m/s).
- Goal position NED is (-0.45, 29.25, -2.50) m.
- Output contract: predict exactly 5 waypoint x/y pairs in NED. The planner will set every waypoint z to goal z = -2.50 m before execution.
- Goal delta from current state is (1.57, 12.48, 0.01) m with distance 12.57 m.
- Obstacle pipeline: depth_camera_to_body_to_ned_current_frame.
- Current depth frame obstacle points projected into NED: 78. Nearest depth obstacle in NED is at (-0.36, 19.90, -2.48) m, relative vector (1.65, 3.13, 0.03) m, distance 3.54 m.
- Depth validity fraction is 0.61. Global nearest obstacle distance is 2.78 m.
- Sector minimum distances [far_left, left, center, right, far_right] are [5.06, 5.06, 5.05, 5.05, 2.78] m.
- Nearest obstacle sector is far_right at 2.78 m and clearance status is caution.
- Lateral planning hint: left side is clearer.","{""waypoints"":[{""x"":-1.8399131428571425,""y"":17.46428571428572},{""x"":-1.7327702857142853,""y"":17.928571428571434},{""x"":-1.6256274285714285,""y"":18.392857142857146},{""x"":-1.5184845714285709,""y"":18.85714285714286},{""x"":-1.411341714285714,""y"":19.321428571428573}],""reasoning"":""Selected waypoint 0 moves the reference anchor from 12.34 m to 11.87 m from goal immediately and to 9.98 m by the final waypoint, so progress is 0.47 m selected / 2.37 m final and passes with monotonic goal-distance reduction. Kinematics is evaluated on 5 unique label waypoint(s), excluding consecutive duplicate terminal holds, and checks only that the trajectory stays within the configured bounds speed <= 15.00 m/s and acceleration <= 8.00 m/s^2, so kinematics passes. Goal is not reached within this label waypoint window. Safety passes: minimum clearance 1.53 m against manifest obstacles with 0 violating segment(s).""}",-1.8399131428571425,17.46428571428572,-2.5,-1.7327702857142853,17.928571428571434,-2.5,-1.6256274285714285,18.392857142857146,-2.5,-1.5184845714285709,18.85714285714286,-2.5,-1.411341714285714,19.321428571428573,-2.5
1773856751.347047329,1773856751.347047329,0.000,offline_ground_truth_window,"Environment section (T(v)):
- Current position NED is (-1.88, 17.23, -2.48) m.
- Current velocity is (0.01, 0.06, 0.00) m/s (speed 0.06 m/s).
- Goal position NED is (-0.45, 29.25, -2.50) m.
- Output contract: predict exactly 5 waypoint x/y pairs in NED. The planner will set every waypoint z to goal z = -2.50 m before execution.
- Goal delta from current state is (1.43, 12.02, -0.02) m with distance 12.10 m.
- Obstacle pipeline: depth_camera_to_body_to_ned_current_frame.
- Current depth frame obstacle points projected into NED: 66. Nearest depth obstacle in NED is at (-0.22, 20.20, -2.52) m, relative vector (1.66, 2.97, -0.03) m, distance 3.40 m.
- Depth validity fraction is 0.61. Global nearest obstacle distance is 2.58 m.
- Sector minimum distances [far_left, left, center, right, far_right] are [5.04, 4.76, 5.04, 5.04, 2.58] m.
- Nearest obstacle sector is far_right at 2.58 m and clearance status is caution.
- Lateral planning hint: left side is clearer.","{""waypoints"":[{""x"":-1.7327702857142853,""y"":17.928571428571434},{""x"":-1.6256274285714285,""y"":18.392857142857146},{""x"":-1.5184845714285709,""y"":18.85714285714286},{""x"":-1.411341714285714,""y"":19.321428571428573},{""x"":-1.3041988571428569,""y"":19.78571428571429}],""reasoning"":""Selected waypoint 0 moves the reference anchor from 11.87 m to 11.39 m from goal immediately and to 9.50 m by the final waypoint, so progress is 0.47 m selected / 2.36 m final and passes with monotonic goal-distance reduction. Kinematics is evaluated on 5 unique label waypoint(s), excluding consecutive duplicate terminal holds, and checks only that the trajectory stays within the configured bounds speed <= 15.00 m/s and acceleration <= 8.00 m/s^2, so kinematics passes. Goal is not reached within this label waypoint window. Safety passes: minimum clearance 1.53 m against manifest obstacles with 0 violating segment(s).""}",-1.7327702857142853,17.928571428571434,-2.5,-1.6256274285714285,18.392857142857146,-2.5,-1.5184845714285709,18.85714285714286,-2.5,-1.411341714285714,19.321428571428573,-2.5,-1.3041988571428569,19.78571428571429,-2.5
1773856757.882959127,1773856757.882959127,0.000,offline_ground_truth_window,"Environment section (T(v)):
- Current position NED is (-1.77, 17.70, -2.53) m.
- Current velocity is (0.01, 0.06, 0.01) m/s (speed 0.06 m/s).
- Goal position NED is (-0.45, 29.25, -2.50) m.
- Output contract: predict exactly 5 waypoint x/y pairs in NED. The planner will set every waypoint z to goal z = -2.50 m before execution.
- Goal delta from current state is (1.33, 11.55, 0.03) m with distance 11.62 m.
- Obstacle pipeline: depth_camera_to_body_to_ned_current_frame.
- Current depth frame obstacle points projected into NED: 74. Nearest depth obstacle in NED is at (-3.25, 22.03, -2.72) m, relative vector (-1.48, 4.33, -0.20) m, distance 4.58 m.
- Depth validity fraction is 0.61. Global nearest obstacle distance is 4.30 m.
- Sector minimum distances [far_left, left, center, right, far_right] are [5.05, 4.30, 5.04, 5.04, 5.04] m.
- Nearest obstacle sector is left at 4.30 m and clearance status is clear.
- Lateral planning hint: prefer center progress.","{""waypoints"":[{""x"":-1.6256274285714285,""y"":18.392857142857146},{""x"":-1.5184845714285709,""y"":18.85714285714286},{""x"":-1.411341714285714,""y"":19.321428571428573},{""x"":-1.3041988571428569,""y"":19.78571428571429},{""x"":-1.1970559999999997,""y"":20.250000000000004}],""reasoning"":""Selected waypoint 0 moves the reference anchor from 11.39 m to 10.92 m from goal immediately and to 9.03 m by the final waypoint, so progress is 0.47 m selected / 2.36 m final and passes with monotonic goal-distance reduction. Kinematics is evaluated on 5 unique label waypoint(s), excluding consecutive duplicate terminal holds, and checks only that the trajectory stays within the configured bounds speed <= 15.00 m/s and acceleration <= 8.00 m/s^2, so kinematics passes. Goal is not reached within this label waypoint window. Safety passes: minimum clearance 1.53 m against manifest obstacles with 0 violating segment(s).""}",-1.6256274285714285,18.392857142857146,-2.5,-1.5184845714285709,18.85714285714286,-2.5,-1.411341714285714,19.321428571428573,-2.5,-1.3041988571428569,19.78571428571429,-2.5,-1.1970559999999997,20.250000000000004,-2.5
1773856763.958529234,1773856763.958529234,0.000,offline_ground_truth_window,"Environment section (T(v)):
- Current position NED is (-1.69, 18.17, -2.49) m.
- Current velocity is (0.01, 0.06, 0.00) m/s (speed 0.07 m/s).
- Goal position NED is (-0.45, 29.25, -2.50) m.
- Output contract: predict exactly 5 waypoint x/y pairs in NED. The planner will set every waypoint z to goal z = -2.50 m before execution.
- Goal delta from current state is (1.24, 11.08, -0.01) m with distance 11.15 m.
- Obstacle pipeline: depth_camera_to_body_to_ned_current_frame.
- Current depth frame obstacle points projected into NED: 39. Nearest depth obstacle in NED is at (-2.95, 22.09, -2.39) m, relative vector (-1.26, 3.92, 0.10) m, distance 4.12 m.
- Depth validity fraction is 0.61. Global nearest obstacle distance is 3.85 m.
- Sector minimum distances [far_left, left, center, right, far_right] are [4.90, 3.85, 4.28, 4.91, 4.91] m.
- Nearest obstacle sector is left at 3.85 m and clearance status is clear.
- Lateral planning hint: right side is clearer.","{""waypoints"":[{""x"":-1.5184845714285709,""y"":18.85714285714286},{""x"":-1.411341714285714,""y"":19.321428571428573},{""x"":-1.3041988571428569,""y"":19.78571428571429},{""x"":-1.1970559999999997,""y"":20.250000000000004},{""x"":-1.3470559999999996,""y"":20.700000000000003}],""reasoning"":""Selected waypoint 0 moves the reference anchor from 10.92 m to 10.45 m from goal immediately and to 8.60 m by the final waypoint, so progress is 0.47 m selected / 2.32 m final and passes with monotonic goal-distance reduction. Kinematics is evaluated on 5 unique label waypoint(s), excluding consecutive duplicate terminal holds, and checks only that the trajectory stays within the configured bounds speed <= 15.00 m/s and acceleration <= 8.00 m/s^2, so kinematics passes. Goal is not reached within this label waypoint window. Safety passes: minimum clearance 1.53 m against manifest obstacles with 0 violating segment(s).""}",-1.5184845714285709,18.85714285714286,-2.5,-1.411341714285714,19.321428571428573,-2.5,-1.3041988571428569,19.78571428571429,-2.5,-1.1970559999999997,20.250000000000004,-2.5,-1.3470559999999996,20.700000000000003,-2.5
1773856771.120649576,1773856771.120649576,0.000,offline_ground_truth_window,"Environment section (T(v)):
- Current position NED is (-1.58, 18.63, -2.48) m.
- Current velocity is (0.02, 0.06, -0.00) m/s (speed 0.06 m/s).
- Goal position NED is (-0.45, 29.25, -2.50) m.
- Output contract: predict exactly 5 waypoint x/y pairs in NED. The planner will set every waypoint z to goal z = -2.50 m before execution.
- Goal delta from current state is (1.14, 10.62, -0.02) m with distance 10.68 m.
- Obstacle pipeline: depth_camera_to_body_to_ned_current_frame.
- Current depth frame obstacle points projected into NED: 30. Nearest depth obstacle in NED is at (-2.75, 22.08, -2.27) m, relative vector (-1.17, 3.45, 0.21) m, distance 3.65 m.
- Depth validity fraction is 0.61. Global nearest obstacle distance is 3.38 m.
- Sector minimum distances [far_left, left, center, right, far_right] are [5.01, 3.38, 3.69, 5.00, 5.00] m.
- Nearest obstacle sector is left at 3.38 m and clearance status is clear.
- Lateral planning hint: right side is clearer.","{""waypoints"":[{""x"":-1.411341714285714,""y"":19.321428571428573},{""x"":-1.3041988571428569,""y"":19.78571428571429},{""x"":-1.1970559999999997,""y"":20.250000000000004},{""x"":-1.3470559999999996,""y"":20.700000000000003},{""x"":-1.4970559999999995,""y"":21.150000000000002}],""reasoning"":""Selected waypoint 0 moves the reference anchor from 10.45 m to 9.98 m from goal immediately and to 8.17 m by the final waypoint, so progress is 0.47 m selected / 2.28 m final and passes with monotonic goal-distance reduction. Kinematics is evaluated on 5 unique label waypoint(s), excluding consecutive duplicate terminal holds, and checks only that the trajectory stays within the configured bounds speed <= 15.00 m/s and acceleration <= 8.00 m/s^2, so kinematics passes. Goal is not reached within this label waypoint window. Safety passes: minimum clearance 1.53 m against manifest obstacles with 0 violating segment(s).""}",-1.411341714285714,19.321428571428573,-2.5,-1.3041988571428569,19.78571428571429,-2.5,-1.1970559999999997,20.250000000000004,-2.5,-1.3470559999999996,20.700000000000003,-2.5,-1.4970559999999995,21.150000000000002,-2.5
1773856777.004939795,1773856777.004939795,0.000,offline_ground_truth_window,"Environment section (T(v)):
- Current position NED is (-1.45, 19.09, -2.49) m.
- Current velocity is (0.02, 0.07, 0.00) m/s (speed 0.08 m/s).
- Goal position NED is (-0.45, 29.25, -2.50) m.
- Output contract: predict exactly 5 waypoint x/y pairs in NED. The planner will set every waypoint z to goal z = -2.50 m before execution.
- Goal delta from current state is (1.00, 10.16, -0.01) m with distance 10.21 m.
- Obstacle pipeline: depth_camera_to_body_to_ned_current_frame.
- Current depth frame obstacle points projected into NED: 36. Nearest depth obstacle in NED is at (-2.46, 22.09, -2.54) m, relative vector (-1.01, 3.00, -0.05) m, distance 3.17 m.
- Depth validity fraction is 0.61. Global nearest obstacle distance is 2.93 m.
- Sector minimum distances [far_left, left, center, right, far_right] are [4.73, 2.93, 3.11, 5.06, 4.61] m.
- Nearest obstacle sector is left at 2.93 m and clearance status is caution.
- Lateral planning hint: right side is clearer.","{""waypoints"":[{""x"":-1.3041988571428569,""y"":19.78571428571429},{""x"":-1.1970559999999997,""y"":20.250000000000004},{""x"":-1.3470559999999996,""y"":20.700000000000003},{""x"":-1.4970559999999995,""y"":21.150000000000002},{""x"":-1.6470559999999999,""y"":21.600000000000005}],""reasoning"":""Selected waypoint 0 moves the reference anchor from 9.98 m to 9.50 m from goal immediately and to 7.74 m by the final waypoint, so progress is 0.47 m selected / 2.23 m final and passes with monotonic goal-distance reduction. Kinematics is evaluated on 5 unique label waypoint(s), excluding consecutive duplicate terminal holds, and checks only that the trajectory stays within the configured bounds speed <= 15.00 m/s and acceleration <= 8.00 m/s^2, so kinematics passes. Goal is not reached within this label waypoint window. Safety passes: minimum clearance 1.52 m against manifest obstacles with 0 violating segment(s).""}",-1.3041988571428569,19.78571428571429,-2.5,-1.1970559999999997,20.250000000000004,-2.5,-1.3470559999999996,20.700000000000003,-2.5,-1.4970559999999995,21.150000000000002,-2.5,-1.6470559999999999,21.600000000000005,-2.5
1773856783.285088062,1773856783.285088062,0.000,offline_ground_truth_window,"Environment section (T(v)):
- Current position NED is (-1.36, 19.56, -2.49) m.
- Current velocity is (0.01, 0.07, -0.00) m/s (speed 0.07 m/s).
- Goal position NED is (-0.45, 29.25, -2.50) m.
- Output contract: predict exactly 5 waypoint x/y pairs in NED. The planner will set every waypoint z to goal z = -2.50 m before execution.
- Goal delta from current state is (0.91, 9.69, -0.01) m with distance 9.74 m.
- Obstacle pipeline: depth_camera_to_body_to_ned_current_frame.
- Current depth frame obstacle points projected into NED: 43. Nearest depth obstacle in NED is at (-2.21, 22.13, -2.72) m, relative vector (-0.85, 2.57, -0.23) m, distance 2.71 m.
- Depth validity fraction is 0.62. Global nearest obstacle distance is 2.49 m.
- Sector minimum distances [far_left, left, center, right, far_right] are [4.59, 2.49, 2.63, 5.00, 4.17] m.
- Nearest obstacle sector is left at 2.49 m and clearance status is caution.
- Lateral planning hint: right side is clearer.","{""waypoints"":[{""x"":-1.1970559999999997,""y"":20.250000000000004},{""x"":-1.3470559999999996,""y"":20.700000000000003},{""x"":-1.4970559999999995,""y"":21.150000000000002},{""x"":-1.6470559999999999,""y"":21.600000000000005},{""x"":-1.7970559999999998,""y"":22.050000000000004}],""reasoning"":""Selected waypoint 0 moves the reference anchor from 9.50 m to 9.03 m from goal immediately and to 7.33 m by the final waypoint, so progress is 0.47 m selected / 2.18 m final and passes with monotonic goal-distance reduction. Kinematics is evaluated on 5 unique label waypoint(s), excluding consecutive duplicate terminal holds, and checks only that the trajectory stays within the configured bounds speed <= 15.00 m/s and acceleration <= 8.00 m/s^2, so kinematics passes. Goal is not reached within this label waypoint window. Safety passes: minimum clearance 1.52 m against manifest obstacles with 0 violating segment(s).""}",-1.1970559999999997,20.250000000000004,-2.5,-1.3470559999999996,20.700000000000003,-2.5,-1.4970559999999995,21.150000000000002,-2.5,-1.6470559999999999,21.600000000000005,-2.5,-1.7970559999999998,22.050000000000004,-2.5
1773856790.512644768,1773856790.512644768,0.000,offline_ground_truth_window,"Environment section (T(v)):
- Current position NED is (-1.26, 20.02, -2.48) m.
- Current velocity is (-0.00, 0.04, -0.00) m/s (speed 0.04 m/s).
- Goal position NED is (-0.45, 29.25, -2.50) m.
- Output contract: predict exactly 5 waypoint x/y pairs in NED. The planner will set every waypoint z to goal z = -2.50 m before execution.
- Goal delta from current state is (0.81, 9.23, -0.02) m with distance 9.26 m.
- Obstacle pipeline: depth_camera_to_body_to_ned_current_frame.
- Current depth frame obstacle points projected into NED: 65. Nearest depth obstacle in NED is at (-1.95, 22.10, -2.43) m, relative vector (-0.69, 2.08, 0.05) m, distance 2.19 m.
- Depth validity fraction is 0.65. Global nearest obstacle distance is 1.99 m.
- Sector minimum distances [far_left, left, center, right, far_right] are [2.12, 1.99, 2.11, 4.94, 3.81] m.
- Nearest obstacle sector is left at 1.99 m and clearance status is caution.
- Lateral planning hint: right side is clearer.","{""waypoints"":[{""x"":-1.3470559999999996,""y"":20.700000000000003},{""x"":-1.4970559999999995,""y"":21.150000000000002},{""x"":-1.6470559999999999,""y"":21.600000000000005},{""x"":-1.7970559999999998,""y"":22.050000000000004},{""x"":-1.9470559999999997,""y"":22.500000000000004}],""reasoning"":""Selected waypoint 0 moves the reference anchor from 9.03 m to 8.60 m from goal immediately and to 6.91 m by the final waypoint, so progress is 0.43 m selected / 2.12 m final and passes with monotonic goal-distance reduction. Kinematics is evaluated on 5 unique label waypoint(s), excluding consecutive duplicate terminal holds, and checks only that the trajectory stays within the configured bounds speed <= 15.00 m/s and acceleration <= 8.00 m/s^2, so kinematics passes. Goal is not reached within this label waypoint window. Safety passes: minimum clearance 1.52 m against manifest obstacles with 0 violating segment(s).""}",-1.3470559999999996,20.700000000000003,-2.5,-1.4970559999999995,21.150000000000002,-2.5,-1.6470559999999999,21.600000000000005,-2.5,-1.7970559999999998,22.050000000000004,-2.5,-1.9470559999999997,22.500000000000004,-2.5
1773856796.758442879,1773856796.758442879,0.000,offline_ground_truth_window,"Environment section (T(v)):
- Current position NED is (-1.30, 20.47, -2.48) m.
- Current velocity is (-0.01, 0.07, -0.00) m/s (speed 0.07 m/s).
- Goal position NED is (-0.45, 29.25, -2.50) m.
- Output contract: predict exactly 5 waypoint x/y pairs in NED. The planner will set every waypoint z to goal z = -2.50 m before execution.
- Goal delta from current state is (0.86, 8.78, -0.02) m with distance 8.82 m.
- Obstacle pipeline: depth_camera_to_body_to_ned_current_frame.
- Current depth frame obstacle points projected into NED: 98. Nearest depth obstacle in NED is at (-2.03, 22.11, -2.45) m, relative vector (-0.73, 1.64, 0.03) m, distance 1.79 m.
- Depth validity fraction is 0.66. Global nearest obstacle distance is 1.55 m.
- Sector minimum distances [far_left, left, center, right, far_right] are [1.55, 1.55, 1.81, 5.02, 3.55] m.
- Nearest obstacle sector is left at 1.55 m and clearance status is caution.
- Lateral planning hint: right side is clearer.","{""waypoints"":[{""x"":-1.4970559999999995,""y"":21.150000000000002},{""x"":-1.6470559999999999,""y"":21.600000000000005},{""x"":-1.7970559999999998,""y"":22.050000000000004},{""x"":-1.9470559999999997,""y"":22.500000000000004},{""x"":-1.7803893333333332,""y"":22.833333333333336}],""reasoning"":""Selected waypoint 0 moves the reference anchor from 8.60 m to 8.17 m from goal immediately and to 6.55 m by the final waypoint, so progress is 0.43 m selected / 2.04 m final and passes with monotonic goal-distance reduction. Kinematics is evaluated on 5 unique label waypoint(s), excluding consecutive duplicate terminal holds, and checks only that the trajectory stays within the configured bounds speed <= 15.00 m/s and acceleration <= 8.00 m/s^2, so kinematics fails. Goal is not reached within this label waypoint window. Safety passes: minimum clearance 1.52 m against manifest obstacles with 0 violating segment(s).""}",-1.4970559999999995,21.150000000000002,-2.5,-1.6470559999999999,21.600000000000005,-2.5,-1.7970559999999998,22.050000000000004,-2.5,-1.9470559999999997,22.500000000000004,-2.5,-1.7803893333333332,22.833333333333336,-2.5
1773856802.617553234,1773856802.617553234,0.000,offline_ground_truth_window,"Environment section (T(v)):
- Current position NED is (-1.45, 20.92, -2.51) m.
- Current velocity is (-0.02, 0.09, 0.01) m/s (speed 0.09 m/s).
- Goal position NED is (-0.45, 29.25, -2.50) m.
- Output contract: predict exactly 5 waypoint x/y pairs in NED. The planner will set every waypoint z to goal z = -2.50 m before execution.
- Goal delta from current state is (1.00, 8.33, 0.01) m with distance 8.39 m.
- Obstacle pipeline: depth_camera_to_body_to_ned_current_frame.
- Current depth frame obstacle points projected into NED: 162. Nearest depth obstacle in NED is at (-2.19, 22.10, -2.58) m, relative vector (-0.74, 1.18, -0.06) m, distance 1.40 m.
- Depth validity fraction is 0.68. Global nearest obstacle distance is 1.08 m.
- Sector minimum distances [far_left, left, center, right, far_right] are [1.08, 1.18, 5.08, 5.08, 3.27] m.
- Nearest obstacle sector is far_left at 1.08 m and clearance status is blocked.
- Lateral planning hint: right side is clearer.","{""waypoints"":[{""x"":-1.6470559999999999,""y"":21.600000000000005},{""x"":-1.7970559999999998,""y"":22.050000000000004},{""x"":-1.9470559999999997,""y"":22.500000000000004},{""x"":-1.7803893333333332,""y"":22.833333333333336},{""x"":-1.6137226666666662,""y"":23.16666666666667}],""reasoning"":""Selected waypoint 0 moves the reference anchor from 8.17 m to 7.74 m from goal immediately and to 6.19 m by the final waypoint, so progress is 0.42 m selected / 1.97 m final and passes with monotonic goal-distance reduction. Kinematics is evaluated on 5 unique label waypoint(s), excluding consecutive duplicate terminal holds, and checks only that the trajectory stays within the configured bounds speed <= 15.00 m/s and acceleration <= 8.00 m/s^2, so kinematics fails. Goal is not reached within this label waypoint window. Safety passes: minimum clearance 1.52 m against manifest obstacles with 0 violating segment(s).""}",-1.6470559999999999,21.600000000000005,-2.5,-1.7970559999999998,22.050000000000004,-2.5,-1.9470559999999997,22.500000000000004,-2.5,-1.7803893333333332,22.833333333333336,-2.5,-1.6137226666666662,23.16666666666667,-2.5
1773856809.245906353,1773856809.245906353,0.000,offline_ground_truth_window,"Environment section (T(v)):
- Current position NED is (-1.55, 21.38, -2.49) m.
- Current velocity is (-0.03, 0.07, 0.00) m/s (speed 0.07 m/s).
- Goal position NED is (-0.45, 29.25, -2.50) m.
- Output contract: predict exactly 5 waypoint x/y pairs in NED. The planner will set every waypoint z to goal z = -2.50 m before execution.
- Goal delta from current state is (1.11, 7.87, -0.01) m with distance 7.95 m.
- Obstacle pipeline: depth_camera_to_body_to_ned_current_frame.
- Current depth frame obstacle points projected into NED: 124. Nearest depth obstacle in NED is at (-2.22, 22.26, -2.49) m, relative vector (-0.66, 0.88, 0.01) m, distance 1.10 m.
- Depth validity fraction is 0.67. Global nearest obstacle distance is 0.80 m.
- Sector minimum distances [far_left, left, center, right, far_right] are [0.80, 1.14, 5.05, 5.05, 3.09] m.
- Nearest obstacle sector is far_left at 0.80 m and clearance status is blocked.
- Lateral planning hint: right side is clearer.","{""waypoints"":[{""x"":-1.7970559999999998,""y"":22.050000000000004},{""x"":-1.9470559999999997,""y"":22.500000000000004},{""x"":-1.7803893333333332,""y"":22.833333333333336},{""x"":-1.6137226666666662,""y"":23.16666666666667},{""x"":-1.4470559999999997,""y"":23.500000000000004}],""reasoning"":""Selected waypoint 0 moves the reference anchor from 7.74 m to 7.33 m from goal immediately and to 5.84 m by the final waypoint, so progress is 0.42 m selected / 1.91 m final and passes with monotonic goal-distance reduction. Kinematics is evaluated on 5 unique label waypoint(s), excluding consecutive duplicate terminal holds, and checks only that the trajectory stays within the configured bounds speed <= 15.00 m/s and acceleration <= 8.00 m/s^2, so kinematics fails. Goal is not reached within this label waypoint window. Safety passes: minimum clearance 1.52 m against manifest obstacles with 0 violating segment(s).""}",-1.7970559999999998,22.050000000000004,-2.5,-1.9470559999999997,22.500000000000004,-2.5,-1.7803893333333332,22.833333333333336,-2.5,-1.6137226666666662,23.16666666666667,-2.5,-1.4470559999999997,23.500000000000004,-2.5
1773856814.777310610,1773856814.777310610,0.000,offline_ground_truth_window,"Environment section (T(v)):
- Current position NED is (-1.72, 21.83, -2.52) m.
- Current velocity is (-0.01, 0.05, 0.01) m/s (speed 0.05 m/s).
- Goal position NED is (-0.45, 29.25, -2.50) m.
- Output contract: predict exactly 5 waypoint x/y pairs in NED. The planner will set every waypoint z to goal z = -2.50 m before execution.
- Goal delta from current state is (1.27, 7.42, 0.02) m with distance 7.53 m.
- Obstacle pipeline: depth_camera_to_body_to_ned_current_frame.
- Current depth frame obstacle points projected into NED: 69. Nearest depth obstacle in NED is at (1.68, 28.52, -1.89) m, relative vector (3.40, 6.70, 0.64) m, distance 7.54 m.
- Depth validity fraction is 0.59. Global nearest obstacle distance is 5.03 m.
- Sector minimum distances [far_left, left, center, right, far_right] are [5.03, 5.03, 5.03, 5.03, 5.03] m.
- Nearest obstacle sector is far_right at 5.03 m and clearance status is clear.
- Lateral planning hint: prefer center progress.","{""waypoints"":[{""x"":-1.9470559999999997,""y"":22.500000000000004},{""x"":-1.7803893333333332,""y"":22.833333333333336},{""x"":-1.6137226666666662,""y"":23.16666666666667},{""x"":-1.4470559999999997,""y"":23.500000000000004},{""x"":-1.3637226666666662,""y"":23.97916666666667}],""reasoning"":""Selected waypoint 0 moves the reference anchor from 7.33 m to 6.91 m from goal immediately and to 5.35 m by the final waypoint, so progress is 0.41 m selected / 1.98 m final and passes with monotonic goal-distance reduction. Kinematics is evaluated on 5 unique label waypoint(s), excluding consecutive duplicate terminal holds, and checks only that the trajectory stays within the configured bounds speed <= 15.00 m/s and acceleration <= 8.00 m/s^2, so kinematics fails. Goal is not reached within this label waypoint window. Safety passes: minimum clearance 1.52 m against manifest obstacles with 0 violating segment(s).""}",-1.9470559999999997,22.500000000000004,-2.5,-1.7803893333333332,22.833333333333336,-2.5,-1.6137226666666662,23.16666666666667,-2.5,-1.4470559999999997,23.500000000000004,-2.5,-1.3637226666666662,23.97916666666667,-2.5
1773856821.789524317,1773856821.789524317,0.000,offline_ground_truth_window,"Environment section (T(v)):
- Current position NED is (-1.91, 22.27, -2.48) m.
- Current velocity is (-0.01, 0.08, -0.00) m/s (speed 0.08 m/s).
- Goal position NED is (-0.45, 29.25, -2.50) m.
- Output contract: predict exactly 5 waypoint x/y pairs in NED. The planner will set every waypoint z to goal z = -2.50 m before execution.
- Goal delta from current state is (1.46, 6.98, -0.02) m with distance 7.14 m.
- Obstacle pipeline: depth_camera_to_body_to_ned_current_frame.
- Current depth frame obstacle points projected into NED: 86. Nearest depth obstacle in NED is at (1.41, 28.09, -2.68) m, relative vector (3.32, 5.82, -0.20) m, distance 6.70 m.
- Depth validity fraction is 0.59. Global nearest obstacle distance is 4.96 m.
- Sector minimum distances [far_left, left, center, right, far_right] are [4.96, 4.96, 4.96, 4.97, 4.97] m.
- Nearest obstacle sector is far_left at 4.96 m and clearance status is clear.
- Lateral planning hint: prefer center progress.","{""waypoints"":[{""x"":-1.7803893333333332,""y"":22.833333333333336},{""x"":-1.6137226666666662,""y"":23.16666666666667},{""x"":-1.4470559999999997,""y"":23.500000000000004},{""x"":-1.3637226666666662,""y"":23.97916666666667},{""x"":-1.2803893333333332,""y"":24.458333333333336}],""reasoning"":""Selected waypoint 0 moves the reference anchor from 6.91 m to 6.55 m from goal immediately and to 4.86 m by the final waypoint, so progress is 0.36 m selected / 2.05 m final and passes with monotonic goal-distance reduction. Kinematics is evaluated on 5 unique label waypoint(s), excluding consecutive duplicate terminal holds, and checks only that the trajectory stays within the configured bounds speed <= 15.00 m/s and acceleration <= 8.00 m/s^2, so kinematics fails. Goal is not reached within this label waypoint window. Safety passes: minimum clearance 1.52 m against manifest obstacles with 0 violating segment(s).""}",-1.7803893333333332,22.833333333333336,-2.5,-1.6137226666666662,23.16666666666667,-2.5,-1.4470559999999997,23.500000000000004,-2.5,-1.3637226666666662,23.97916666666667,-2.5,-1.2803893333333332,24.458333333333336,-2.5
1773856829.125808954,1773856829.125808954,0.000,offline_ground_truth_window,"Environment section (T(v)):
- Current position NED is (-1.81, 22.64, -2.51) m.
- Current velocity is (0.01, 0.04, 0.00) m/s (speed 0.04 m/s).
- Goal position NED is (-0.45, 29.25, -2.50) m.
- Output contract: predict exactly 5 waypoint x/y pairs in NED. The planner will set every waypoint z to goal z = -2.50 m before execution.
- Goal delta from current state is (1.36, 6.61, 0.01) m with distance 6.75 m.
- Obstacle pipeline: depth_camera_to_body_to_ned_current_frame.
- Current depth frame obstacle points projected into NED: 74. Nearest depth obstacle in NED is at (-2.28, 29.28, -2.63) m, relative vector (-0.47, 6.64, -0.13) m, distance 6.66 m.
- Depth validity fraction is 0.59. Global nearest obstacle distance is 5.00 m.
- Sector minimum distances [far_left, left, center, right, far_right] are [5.00, 5.00, 5.00, 5.00, 5.00] m.
- Nearest obstacle sector is far_right at 5.00 m and clearance status is clear.
- Lateral planning hint: prefer center progress.","{""waypoints"":[{""x"":-1.6137226666666662,""y"":23.16666666666667},{""x"":-1.4470559999999997,""y"":23.500000000000004},{""x"":-1.3637226666666662,""y"":23.97916666666667},{""x"":-1.2803893333333332,""y"":24.458333333333336},{""x"":-1.1970559999999997,""y"":24.937500000000004}],""reasoning"":""Selected waypoint 0 moves the reference anchor from 6.55 m to 6.19 m from goal immediately and to 4.38 m by the final waypoint, so progress is 0.36 m selected / 2.18 m final and passes with monotonic goal-distance reduction. Kinematics is evaluated on 5 unique label waypoint(s), excluding consecutive duplicate terminal holds, and checks only that the trajectory stays within the configured bounds speed <= 15.00 m/s and acceleration <= 8.00 m/s^2, so kinematics fails. Goal is not reached within this label waypoint window. Safety passes: minimum clearance 1.52 m against manifest obstacles with 0 violating segment(s).""}",-1.6137226666666662,23.16666666666667,-2.5,-1.4470559999999997,23.500000000000004,-2.5,-1.3637226666666662,23.97916666666667,-2.5,-1.2803893333333332,24.458333333333336,-2.5,-1.1970559999999997,24.937500000000004,-2.5
1773856834.326510191,1773856834.326510191,0.000,offline_ground_truth_window,"Environment section (T(v)):
- Current position NED is (-1.70, 23.00, -2.48) m.
- Current velocity is (0.02, 0.05, -0.00) m/s (speed 0.05 m/s).
- Goal position NED is (-0.45, 29.25, -2.50) m.
- Output contract: predict exactly 5 waypoint x/y pairs in NED. The planner will set every waypoint z to goal z = -2.50 m before execution.
- Goal delta from current state is (1.25, 6.25, -0.02) m with distance 6.37 m.
- Obstacle pipeline: depth_camera_to_body_to_ned_current_frame.
- Current depth frame obstacle points projected into NED: 45. Nearest depth obstacle in NED is at (-2.73, 29.48, -2.04) m, relative vector (-1.03, 6.48, 0.44) m, distance 6.57 m.
- Depth validity fraction is 0.59. Global nearest obstacle distance is 5.01 m.
- Sector minimum distances [far_left, left, center, right, far_right] are [5.01, 5.01, 5.01, 5.01, 5.01] m.
- Nearest obstacle sector is far_right at 5.01 m and clearance status is clear.
- Lateral planning hint: prefer center progress.","{""waypoints"":[{""x"":-1.4470559999999997,""y"":23.500000000000004},{""x"":-1.3637226666666662,""y"":23.97916666666667},{""x"":-1.2803893333333332,""y"":24.458333333333336},{""x"":-1.1970559999999997,""y"":24.937500000000004},{""x"":-1.1137226666666664,""y"":25.41666666666667}],""reasoning"":""Selected waypoint 0 moves the reference anchor from 6.19 m to 5.84 m from goal immediately and to 3.89 m by the final waypoint, so progress is 0.36 m selected / 2.30 m final and passes with monotonic goal-distance reduction. Kinematics is evaluated on 5 unique label waypoint(s), excluding consecutive duplicate terminal holds, and checks only that the trajectory stays within the configured bounds speed <= 15.00 m/s and acceleration <= 8.00 m/s^2, so kinematics passes. Goal is not reached within this label waypoint window. Safety passes: minimum clearance 1.53 m against manifest obstacles with 0 violating segment(s).""}",-1.4470559999999997,23.500000000000004,-2.5,-1.3637226666666662,23.97916666666667,-2.5,-1.2803893333333332,24.458333333333336,-2.5,-1.1970559999999997,24.937500000000004,-2.5,-1.1137226666666664,25.41666666666667,-2.5
1773856841.640054703,1773856841.640054703,0.000,offline_ground_truth_window,"Environment section (T(v)):
- Current position NED is (-1.52, 23.33, -2.49) m.
- Current velocity is (0.01, 0.04, 0.00) m/s (speed 0.04 m/s).
- Goal position NED is (-0.45, 29.25, -2.50) m.
- Output contract: predict exactly 5 waypoint x/y pairs in NED. The planner will set every waypoint z to goal z = -2.50 m before execution.
- Goal delta from current state is (1.07, 5.92, -0.01) m with distance 6.02 m.
- Obstacle pipeline: depth_camera_to_body_to_ned_current_frame.
- Current depth frame obstacle points projected into NED: 48. Nearest depth obstacle in NED is at (-0.51, 32.50, -2.60) m, relative vector (1.01, 9.17, -0.10) m, distance 9.23 m.
- Depth validity fraction is 0.59. Global nearest obstacle distance is 4.97 m.
- Sector minimum distances [far_left, left, center, right, far_right] are [4.97, 4.97, 4.98, 4.98, 4.98] m.
- Nearest obstacle sector is far_left at 4.97 m and clearance status is clear.
- Lateral planning hint: prefer center progress.","{""waypoints"":[{""x"":-1.3637226666666662,""y"":23.97916666666667},{""x"":-1.2803893333333332,""y"":24.458333333333336},{""x"":-1.1970559999999997,""y"":24.937500000000004},{""x"":-1.1137226666666664,""y"":25.41666666666667},{""x"":-1.030389333333333,""y"":25.895833333333336}],""reasoning"":""Selected waypoint 0 moves the reference anchor from 5.84 m to 5.35 m from goal immediately and to 3.40 m by the final waypoint, so progress is 0.49 m selected / 2.43 m final and passes with monotonic goal-distance reduction. Kinematics is evaluated on 5 unique label waypoint(s), excluding consecutive duplicate terminal holds, and checks only that the trajectory stays within the configured bounds speed <= 15.00 m/s and acceleration <= 8.00 m/s^2, so kinematics passes. Goal is not reached within this label waypoint window. Safety passes: minimum clearance 1.59 m against manifest obstacles with 0 violating segment(s).""}",-1.3637226666666662,23.97916666666667,-2.5,-1.2803893333333332,24.458333333333336,-2.5,-1.1970559999999997,24.937500000000004,-2.5,-1.1137226666666664,25.41666666666667,-2.5,-1.030389333333333,25.895833333333336,-2.5
1773856847.365911722,1773856847.365911722,0.000,offline_ground_truth_window,"Environment section (T(v)):
- Current position NED is (-1.44, 23.75, -2.49) m.
- Current velocity is (0.03, 0.07, -0.00) m/s (speed 0.08 m/s).
- Goal position NED is (-0.45, 29.25, -2.50) m.
- Output contract: predict exactly 5 waypoint x/y pairs in NED. The planner will set every waypoint z to goal z = -2.50 m before execution.
- Goal delta from current state is (0.99, 5.50, -0.01) m with distance 5.59 m.
- Obstacle pipeline: depth_camera_to_body_to_ned_current_frame.
- Current depth frame obstacle points projected into NED: 47. Nearest depth obstacle in NED is at (-1.94, 28.95, -2.64) m, relative vector (-0.50, 5.20, -0.15) m, distance 5.23 m.
- Depth validity fraction is 0.58. Global nearest obstacle distance is 5.01 m.
- Sector minimum distances [far_left, left, center, right, far_right] are [5.01, 5.01, 5.01, 5.01, 5.01] m.
- Nearest obstacle sector is far_left at 5.01 m and clearance status is clear.
- Lateral planning hint: prefer center progress.","{""waypoints"":[{""x"":-1.2803893333333332,""y"":24.458333333333336},{""x"":-1.1970559999999997,""y"":24.937500000000004},{""x"":-1.1137226666666664,""y"":25.41666666666667},{""x"":-1.030389333333333,""y"":25.895833333333336},{""x"":-0.9470559999999997,""y"":26.375000000000004}],""reasoning"":""Selected waypoint 0 moves the reference anchor from 5.35 m to 4.86 m from goal immediately and to 2.92 m by the final waypoint, so progress is 0.49 m selected / 2.43 m final and passes with monotonic goal-distance reduction. Kinematics is evaluated on 5 unique label waypoint(s), excluding consecutive duplicate terminal holds, and checks only that the trajectory stays within the configured bounds speed <= 15.00 m/s and acceleration <= 8.00 m/s^2, so kinematics passes. Goal is not reached within this label waypoint window. Safety passes: minimum clearance 1.62 m against manifest obstacles with 0 violating segment(s).""}",-1.2803893333333332,24.458333333333336,-2.5,-1.1970559999999997,24.937500000000004,-2.5,-1.1137226666666664,25.41666666666667,-2.5,-1.030389333333333,25.895833333333336,-2.5,-0.9470559999999997,26.375000000000004,-2.5
1773856852.997980833,1773856852.997980833,0.000,offline_ground_truth_window,"Environment section (T(v)):
- Current position NED is (-1.32, 24.22, -2.50) m.
- Current velocity is (0.01, 0.07, 0.00) m/s (speed 0.07 m/s).
- Goal position NED is (-0.45, 29.25, -2.50) m.
- Output contract: predict exactly 5 waypoint x/y pairs in NED. The planner will set every waypoint z to goal z = -2.50 m before execution.
- Goal delta from current state is (0.87, 5.03, -0.00) m with distance 5.10 m.
- Obstacle pipeline: depth_camera_to_body_to_ned_current_frame.
- Current depth frame obstacle points projected into NED: 56. Nearest depth obstacle in NED is at (-1.72, 28.95, -2.62) m, relative vector (-0.40, 4.73, -0.12) m, distance 4.74 m.
- Depth validity fraction is 0.58. Global nearest obstacle distance is 4.61 m.
- Sector minimum distances [far_left, left, center, right, far_right] are [4.97, 4.97, 4.61, 4.96, 4.96] m.
- Nearest obstacle sector is center at 4.61 m and clearance status is clear.
- Lateral planning hint: prefer center progress.","{""waypoints"":[{""x"":-1.1970559999999997,""y"":24.937500000000004},{""x"":-1.1137226666666664,""y"":25.41666666666667},{""x"":-1.030389333333333,""y"":25.895833333333336},{""x"":-0.9470559999999997,""y"":26.375000000000004},{""x"":-0.8637226666666662,""y"":26.85416666666667}],""reasoning"":""Selected waypoint 0 moves the reference anchor from 4.86 m to 4.38 m from goal immediately and to 2.43 m by the final waypoint, so progress is 0.49 m selected / 2.43 m final and passes with monotonic goal-distance reduction. Kinematics is evaluated on 5 unique label waypoint(s), excluding consecutive duplicate terminal holds, and checks only that the trajectory stays within the configured bounds speed <= 15.00 m/s and acceleration <= 8.00 m/s^2, so kinematics passes. Goal is not reached within this label waypoint window. Safety passes: minimum clearance 1.76 m against manifest obstacles with 0 violating segment(s).""}",-1.1970559999999997,24.937500000000004,-2.5,-1.1137226666666664,25.41666666666667,-2.5,-1.030389333333333,25.895833333333336,-2.5,-0.9470559999999997,26.375000000000004,-2.5,-0.8637226666666662,26.85416666666667,-2.5
1773856859.541593790,1773856859.541593790,0.000,offline_ground_truth_window,"Environment section (T(v)):
- Current position NED is (-1.26, 24.70, -2.48) m.
- Current velocity is (0.02, 0.04, -0.00) m/s (speed 0.04 m/s).
- Goal position NED is (-0.45, 29.25, -2.50) m.
- Output contract: predict exactly 5 waypoint x/y pairs in NED. The planner will set every waypoint z to goal z = -2.50 m before execution.
- Goal delta from current state is (0.82, 4.55, -0.02) m with distance 4.62 m.
- Obstacle pipeline: depth_camera_to_body_to_ned_current_frame.
- Current depth frame obstacle points projected into NED: 56. Nearest depth obstacle in NED is at (-1.61, 29.97, -2.54) m, relative vector (-0.35, 5.27, -0.05) m, distance 5.28 m.
- Depth validity fraction is 0.59. Global nearest obstacle distance is 4.13 m.
- Sector minimum distances [far_left, left, center, right, far_right] are [4.92, 4.93, 4.13, 4.42, 4.93] m.
- Nearest obstacle sector is center at 4.13 m and clearance status is clear.
- Lateral planning hint: prefer center progress.","{""waypoints"":[{""x"":-1.1137226666666664,""y"":25.41666666666667},{""x"":-1.030389333333333,""y"":25.895833333333336},{""x"":-0.9470559999999997,""y"":26.375000000000004},{""x"":-0.8637226666666662,""y"":26.85416666666667},{""x"":-0.7803893333333332,""y"":27.333333333333336}],""reasoning"":""Selected waypoint 0 moves the reference anchor from 4.38 m to 3.89 m from goal immediately and to 1.95 m by the final waypoint, so progress is 0.49 m selected / 2.43 m final and passes with monotonic goal-distance reduction. Kinematics is evaluated on 5 unique label waypoint(s), excluding consecutive duplicate terminal holds, and checks only that the trajectory stays within the configured bounds speed <= 15.00 m/s and acceleration <= 8.00 m/s^2, so kinematics passes. Goal is not reached within this label waypoint window. Safety passes: minimum clearance 1.98 m against manifest obstacles with 0 violating segment(s).""}",-1.1137226666666664,25.41666666666667,-2.5,-1.030389333333333,25.895833333333336,-2.5,-0.9470559999999997,26.375000000000004,-2.5,-0.8637226666666662,26.85416666666667,-2.5,-0.7803893333333332,27.333333333333336,-2.5
1773856866.730803013,1773856866.730803013,0.000,offline_ground_truth_window,"Environment section (T(v)):
- Current position NED is (-1.19, 25.18, -2.49) m.
- Current velocity is (0.02, 0.06, 0.00) m/s (speed 0.07 m/s).
- Goal position NED is (-0.45, 29.25, -2.50) m.
- Output contract: predict exactly 5 waypoint x/y pairs in NED. The planner will set every waypoint z to goal z = -2.50 m before execution.
- Goal delta from current state is (0.74, 4.07, -0.01) m with distance 4.13 m.
- Obstacle pipeline: depth_camera_to_body_to_ned_current_frame.
- Current depth frame obstacle points projected into NED: 81. Nearest depth obstacle in NED is at (-1.26, 28.97, -2.62) m, relative vector (-0.07, 3.79, -0.13) m, distance 3.79 m.
- Depth validity fraction is 0.60. Global nearest obstacle distance is 3.64 m.
- Sector minimum distances [far_left, left, center, right, far_right] are [4.98, 4.98, 3.64, 3.80, 4.99] m.
- Nearest obstacle sector is center at 3.64 m and clearance status is clear.
- Lateral planning hint: left side is clearer.","{""waypoints"":[{""x"":-1.030389333333333,""y"":25.895833333333336},{""x"":-0.9470559999999997,""y"":26.375000000000004},{""x"":-0.8637226666666662,""y"":26.85416666666667},{""x"":-0.7803893333333332,""y"":27.333333333333336},{""x"":-0.6970559999999997,""y"":27.812500000000004}],""reasoning"":""Selected waypoint 0 moves the reference anchor from 3.89 m to 3.40 m from goal immediately and to 1.46 m by the final waypoint, so progress is 0.49 m selected / 2.43 m final and passes with monotonic goal-distance reduction. Kinematics is evaluated on 5 unique label waypoint(s), excluding consecutive duplicate terminal holds, and checks only that the trajectory stays within the configured bounds speed <= 15.00 m/s and acceleration <= 8.00 m/s^2, so kinematics passes. Goal is not reached within this label waypoint window. Safety passes: minimum clearance 2.27 m against manifest obstacles with 0 violating segment(s).""}",-1.030389333333333,25.895833333333336,-2.5,-0.9470559999999997,26.375000000000004,-2.5,-0.8637226666666662,26.85416666666667,-2.5,-0.7803893333333332,27.333333333333336,-2.5,-0.6970559999999997,27.812500000000004,-2.5
1773856873.896729469,1773856873.896729469,0.000,offline_ground_truth_window,"Environment section (T(v)):
- Current position NED is (-1.07, 25.66, -2.48) m.
- Current velocity is (0.00, 0.06, -0.01) m/s (speed 0.06 m/s).
- Goal position NED is (-0.45, 29.25, -2.50) m.
- Output contract: predict exactly 5 waypoint x/y pairs in NED. The planner will set every waypoint z to goal z = -2.50 m before execution.
- Goal delta from current state is (0.62, 3.59, -0.02) m with distance 3.65 m.
- Obstacle pipeline: depth_camera_to_body_to_ned_current_frame.
- Current depth frame obstacle points projected into NED: 78. Nearest depth obstacle in NED is at (-0.58, 29.28, -2.58) m, relative vector (0.49, 3.62, -0.10) m, distance 3.66 m.
- Depth validity fraction is 0.61. Global nearest obstacle distance is 3.17 m.
- Sector minimum distances [far_left, left, center, right, far_right] are [5.00, 5.00, 3.17, 3.20, 5.02] m.
- Nearest obstacle sector is center at 3.17 m and clearance status is clear.
- Lateral planning hint: left side is clearer.","{""waypoints"":[{""x"":-0.9470559999999997,""y"":26.375000000000004},{""x"":-0.8637226666666662,""y"":26.85416666666667},{""x"":-0.7803893333333332,""y"":27.333333333333336},{""x"":-0.6970559999999997,""y"":27.812500000000004},{""x"":-0.6137226666666662,""y"":28.29166666666667}],""reasoning"":""Selected waypoint 0 moves the reference anchor from 3.40 m to 2.92 m from goal immediately and to 0.97 m by the final waypoint, so progress is 0.49 m selected / 2.43 m final and passes with monotonic goal-distance reduction. Kinematics is evaluated on 5 unique label waypoint(s), excluding consecutive duplicate terminal holds, and checks only that the trajectory stays within the configured bounds speed <= 15.00 m/s and acceleration <= 8.00 m/s^2, so kinematics passes. Goal is not reached within this label waypoint window. Safety passes: minimum clearance 2.61 m against manifest obstacles with 0 violating segment(s).""}",-0.9470559999999997,26.375000000000004,-2.5,-0.8637226666666662,26.85416666666667,-2.5,-0.7803893333333332,27.333333333333336,-2.5,-0.6970559999999997,27.812500000000004,-2.5,-0.6137226666666662,28.29166666666667,-2.5
1773856880.402180672,1773856880.402180672,0.000,offline_ground_truth_window,"Environment section (T(v)):
- Current position NED is (-0.95, 26.13, -2.51) m.
- Current velocity is (0.01, 0.07, 0.00) m/s (speed 0.07 m/s).
- Goal position NED is (-0.45, 29.25, -2.50) m.
- Output contract: predict exactly 5 waypoint x/y pairs in NED. The planner will set every waypoint z to goal z = -2.50 m before execution.
- Goal delta from current state is (0.50, 3.12, 0.01) m with distance 3.16 m.
- Obstacle pipeline: depth_camera_to_body_to_ned_current_frame.
- Current depth frame obstacle points projected into NED: 111. Nearest depth obstacle in NED is at (-0.81, 29.00, -2.62) m, relative vector (0.13, 2.87, -0.11) m, distance 2.87 m.
- Depth validity fraction is 0.62. Global nearest obstacle distance is 2.71 m.
- Sector minimum distances [far_left, left, center, right, far_right] are [4.97, 4.97, 2.71, 2.71, 4.96] m.
- Nearest obstacle sector is right at 2.71 m and clearance status is caution.
- Lateral planning hint: left side is clearer.","{""waypoints"":[{""x"":-0.8637226666666662,""y"":26.85416666666667},{""x"":-0.7803893333333332,""y"":27.333333333333336},{""x"":-0.6970559999999997,""y"":27.812500000000004},{""x"":-0.6137226666666662,""y"":28.29166666666667},{""x"":-0.5303893333333332,""y"":28.770833333333336}],""reasoning"":""Selected waypoint 0 moves the reference anchor from 2.92 m to 2.43 m from goal immediately and to 0.49 m by the final waypoint, so progress is 0.49 m selected / 2.43 m final and passes with monotonic goal-distance reduction. Kinematics is evaluated on 5 unique label waypoint(s), excluding consecutive duplicate terminal holds, and checks only that the trajectory stays within the configured bounds speed <= 15.00 m/s and acceleration <= 8.00 m/s^2, so kinematics passes. Goal is not reached within this label waypoint window. Safety passes: minimum clearance 2.98 m against manifest obstacles with 0 violating segment(s).""}",-0.8637226666666662,26.85416666666667,-2.5,-0.7803893333333332,27.333333333333336,-2.5,-0.6970559999999997,27.812500000000004,-2.5,-0.6137226666666662,28.29166666666667,-2.5,-0.5303893333333332,28.770833333333336,-2.5
1773856886.419986010,1773856886.419986010,0.000,offline_ground_truth_window,"Environment section (T(v)):
- Current position NED is (-0.87, 26.61, -2.51) m.
- Current velocity is (0.01, 0.04, 0.00) m/s (speed 0.04 m/s).
- Goal position NED is (-0.45, 29.25, -2.50) m.
- Output contract: predict exactly 5 waypoint x/y pairs in NED. The planner will set every waypoint z to goal z = -2.50 m before execution.
- Goal delta from current state is (0.42, 2.64, 0.01) m with distance 2.67 m.
- Obstacle pipeline: depth_camera_to_body_to_ned_current_frame.
- Current depth frame obstacle points projected into NED: 122. Nearest depth obstacle in NED is at (-0.99, 29.13, -2.62) m, relative vector (-0.12, 2.52, -0.11) m, distance 2.52 m.
- Depth validity fraction is 0.64. Global nearest obstacle distance is 2.21 m.
- Sector minimum distances [far_left, left, center, right, far_right] are [5.01, 5.00, 2.22, 2.21, 4.99] m.
- Nearest obstacle sector is right at 2.21 m and clearance status is caution.
- Lateral planning hint: left side is clearer.","{""waypoints"":[{""x"":-0.7803893333333332,""y"":27.333333333333336},{""x"":-0.6970559999999997,""y"":27.812500000000004},{""x"":-0.6137226666666662,""y"":28.29166666666667},{""x"":-0.5303893333333332,""y"":28.770833333333336},{""x"":-0.4470559999999997,""y"":29.250000000000004}],""reasoning"":""Selected waypoint 0 moves the reference anchor from 2.43 m to 1.95 m from goal immediately and to 0.00 m by the final waypoint, so progress is 0.49 m selected / 2.43 m final and passes with monotonic goal-distance reduction. Kinematics is evaluated on 5 unique label waypoint(s), excluding consecutive duplicate terminal holds, and checks only that the trajectory stays within the configured bounds speed <= 15.00 m/s and acceleration <= 8.00 m/s^2, so kinematics passes. Goal will be reached in 5 waypoint(s) within 0.35 m tolerance. Safety passes: minimum clearance 3.15 m against manifest obstacles with 0 violating segment(s).""}",-0.7803893333333332,27.333333333333336,-2.5,-0.6970559999999997,27.812500000000004,-2.5,-0.6137226666666662,28.29166666666667,-2.5,-0.5303893333333332,28.770833333333336,-2.5,-0.4470559999999997,29.250000000000004,-2.5
1773856893.424682856,1773856893.424682856,0.000,offline_ground_truth_window,"Environment section (T(v)):
- Current position NED is (-0.85, 27.10, -2.49) m.
- Current velocity is (0.01, 0.05, 0.00) m/s (speed 0.05 m/s).
- Goal position NED is (-0.45, 29.25, -2.50) m.
- Output contract: predict exactly 5 waypoint x/y pairs in NED. The planner will set every waypoint z to goal z = -2.50 m before execution.
- Goal delta from current state is (0.40, 2.15, -0.01) m with distance 2.19 m.
- Obstacle pipeline: depth_camera_to_body_to_ned_current_frame.
- Current depth frame obstacle points projected into NED: 146. Nearest depth obstacle in NED is at (-0.69, 29.01, -2.56) m, relative vector (0.16, 1.91, -0.08) m, distance 1.92 m.
- Depth validity fraction is 0.66. Global nearest obstacle distance is 1.72 m.
- Sector minimum distances [far_left, left, center, right, far_right] are [4.93, 4.93, 1.76, 1.72, 1.80] m.
- Nearest obstacle sector is right at 1.72 m and clearance status is caution.
- Lateral planning hint: left side is clearer.","{""waypoints"":[{""x"":-0.4470559999999997,""y"":29.250000000000004},{""x"":-0.4470559999999997,""y"":29.250000000000004},{""x"":-0.4470559999999997,""y"":29.250000000000004},{""x"":-0.4470559999999997,""y"":29.250000000000004},{""x"":-0.4470559999999997,""y"":29.250000000000004}],""reasoning"":""Selected waypoint 0 moves the reference anchor from 1.95 m to 0.00 m from goal immediately and to 0.00 m by the final waypoint, so progress is 1.95 m selected / 1.95 m final and passes with monotonic goal-distance reduction. Kinematics is evaluated on 1 unique label waypoint(s), excluding consecutive duplicate terminal holds, and checks only that the trajectory stays within the configured bounds speed <= 15.00 m/s and acceleration <= 8.00 m/s^2, so kinematics passes. Goal will be reached in 1 waypoint(s) within 0.35 m tolerance. Safety passes: minimum clearance 3.15 m against manifest obstacles with 0 violating segment(s).""}",-0.4470559999999997,29.250000000000004,-2.5,-0.4470559999999997,29.250000000000004,-2.5,-0.4470559999999997,29.250000000000004,-2.5,-0.4470559999999997,29.250000000000004,-2.5,-0.4470559999999997,29.250000000000004,-2.5
1773856899.593052387,1773856899.593052387,0.000,offline_ground_truth_window,"Environment section (T(v)):
- Current position NED is (-0.73, 27.57, -2.49) m.
- Current velocity is (0.01, 0.05, 0.00) m/s (speed 0.05 m/s).
- Goal position NED is (-0.45, 29.25, -2.50) m.
- Output contract: predict exactly 5 waypoint x/y pairs in NED. The planner will set every waypoint z to goal z = -2.50 m before execution.
- Goal delta from current state is (0.28, 1.68, -0.01) m with distance 1.70 m.
- Obstacle pipeline: depth_camera_to_body_to_ned_current_frame.
- Current depth frame obstacle points projected into NED: 174. Nearest depth obstacle in NED is at (-0.41, 29.07, -2.57) m, relative vector (0.32, 1.50, -0.09) m, distance 1.53 m.
- Depth validity fraction is 0.68. Global nearest obstacle distance is 1.26 m.
- Sector minimum distances [far_left, left, center, right, far_right] are [4.74, 4.73, 1.39, 1.26, 1.26] m.
- Nearest obstacle sector is far_right at 1.26 m and clearance status is blocked.
- Lateral planning hint: left side is clearer.","{""waypoints"":[{""x"":-0.4470559999999997,""y"":29.250000000000004},{""x"":-0.4470559999999997,""y"":29.250000000000004},{""x"":-0.4470559999999997,""y"":29.250000000000004},{""x"":-0.4470559999999997,""y"":29.250000000000004},{""x"":-0.4470559999999997,""y"":29.250000000000004}],""reasoning"":""Selected waypoint 0 moves the reference anchor from 1.46 m to 0.00 m from goal immediately and to 0.00 m by the final waypoint, so progress is 1.46 m selected / 1.46 m final and passes with monotonic goal-distance reduction. Kinematics is evaluated on 1 unique label waypoint(s), excluding consecutive duplicate terminal holds, and checks only that the trajectory stays within the configured bounds speed <= 15.00 m/s and acceleration <= 8.00 m/s^2, so kinematics passes. Goal will be reached in 1 waypoint(s) within 0.35 m tolerance. Safety passes: minimum clearance 3.15 m against manifest obstacles with 0 violating segment(s).""}",-0.4470559999999997,29.250000000000004,-2.5,-0.4470559999999997,29.250000000000004,-2.5,-0.4470559999999997,29.250000000000004,-2.5,-0.4470559999999997,29.250000000000004,-2.5,-0.4470559999999997,29.250000000000004,-2.5
1773856907.560823441,1773856907.560823441,0.000,offline_ground_truth_window,"Environment section (T(v)):
- Current position NED is (-0.66, 28.05, -2.50) m.
- Current velocity is (-0.00, 0.07, 0.01) m/s (speed 0.07 m/s).
- Goal position NED is (-0.45, 29.25, -2.50) m.
- Output contract: predict exactly 5 waypoint x/y pairs in NED. The planner will set every waypoint z to goal z = -2.50 m before execution.
- Goal delta from current state is (0.21, 1.20, 0.00) m with distance 1.21 m.
- Obstacle pipeline: depth_camera_to_body_to_ned_current_frame.
- Current depth frame obstacle points projected into NED: 230. Nearest depth obstacle in NED is at (-0.33, 29.00, -2.60) m, relative vector (0.32, 0.95, -0.09) m, distance 1.01 m.
- Depth validity fraction is 0.70. Global nearest obstacle distance is 0.75 m.
- Sector minimum distances [far_left, left, center, right, far_right] are [4.21, 4.20, 0.97, 0.81, 0.75] m.
- Nearest obstacle sector is far_right at 0.75 m and clearance status is blocked.
- Lateral planning hint: left side is clearer.","{""waypoints"":[{""x"":-0.4470559999999997,""y"":29.250000000000004},{""x"":-0.4470559999999997,""y"":29.250000000000004},{""x"":-0.4470559999999997,""y"":29.250000000000004},{""x"":-0.4470559999999997,""y"":29.250000000000004},{""x"":-0.4470559999999997,""y"":29.250000000000004}],""reasoning"":""Selected waypoint 0 moves the reference anchor from 0.97 m to 0.00 m from goal immediately and to 0.00 m by the final waypoint, so progress is 0.97 m selected / 0.97 m final and passes with monotonic goal-distance reduction. Kinematics is evaluated on 1 unique label waypoint(s), excluding consecutive duplicate terminal holds, and checks only that the trajectory stays within the configured bounds speed <= 15.00 m/s and acceleration <= 8.00 m/s^2, so kinematics passes. Goal will be reached in 1 waypoint(s) within 0.35 m tolerance. Safety passes: minimum clearance 3.15 m against manifest obstacles with 0 violating segment(s).""}",-0.4470559999999997,29.250000000000004,-2.5,-0.4470559999999997,29.250000000000004,-2.5,-0.4470559999999997,29.250000000000004,-2.5,-0.4470559999999997,29.250000000000004,-2.5,-0.4470559999999997,29.250000000000004,-2.5
1773856912.414081573,1773856912.414081573,0.000,offline_ground_truth_window,"Environment section (T(v)):
- Current position NED is (-0.61, 28.54, -2.47) m.
- Current velocity is (0.02, 0.09, 0.00) m/s (speed 0.09 m/s).
- Goal position NED is (-0.45, 29.25, -2.50) m.
- Output contract: predict exactly 5 waypoint x/y pairs in NED. The planner will set every waypoint z to goal z = -2.50 m before execution.
- Goal delta from current state is (0.17, 0.71, -0.03) m with distance 0.73 m.
- Obstacle pipeline: depth_camera_to_body_to_ned_current_frame.
- Current depth frame obstacle points projected into NED: 223. Nearest depth obstacle in NED is at (-0.53, 29.30, -2.56) m, relative vector (0.08, 0.76, -0.08) m, distance 0.77 m.
- Depth validity fraction is 0.68. Global nearest obstacle distance is 0.61 m.
- Sector minimum distances [far_left, left, center, right, far_right] are [3.77, 3.75, 0.66, 0.61, 0.61] m.
- Nearest obstacle sector is far_right at 0.61 m and clearance status is blocked.
- Lateral planning hint: left side is clearer.","{""waypoints"":[{""x"":-0.4470559999999997,""y"":29.250000000000004},{""x"":-0.4470559999999997,""y"":29.250000000000004},{""x"":-0.4470559999999997,""y"":29.250000000000004},{""x"":-0.4470559999999997,""y"":29.250000000000004},{""x"":-0.4470559999999997,""y"":29.250000000000004}],""reasoning"":""Selected waypoint 0 moves the reference anchor from 0.49 m to 0.00 m from goal immediately and to 0.00 m by the final waypoint, so progress is 0.49 m selected / 0.49 m final and passes with monotonic goal-distance reduction. Kinematics is evaluated on 1 unique label waypoint(s), excluding consecutive duplicate terminal holds, and checks only that the trajectory stays within the configured bounds speed <= 15.00 m/s and acceleration <= 8.00 m/s^2, so kinematics passes. Goal will be reached in 1 waypoint(s) within 0.35 m tolerance. Safety passes: minimum clearance 3.15 m against manifest obstacles with 0 violating segment(s).""}",-0.4470559999999997,29.250000000000004,-2.5,-0.4470559999999997,29.250000000000004,-2.5,-0.4470559999999997,29.250000000000004,-2.5,-0.4470559999999997,29.250000000000004,-2.5,-0.4470559999999997,29.250000000000004,-2.5
1773856919.243762255,1773856919.243762255,0.000,offline_ground_truth_window,"Environment section (T(v)):
- Current position NED is (-0.48, 29.01, -2.51) m.
- Current velocity is (0.01, 0.05, 0.00) m/s (speed 0.05 m/s).
- Goal position NED is (-0.45, 29.25, -2.50) m.
- Output contract: predict exactly 5 waypoint x/y pairs in NED. The planner will set every waypoint z to goal z = -2.50 m before execution.
- Goal delta from current state is (0.03, 0.24, 0.01) m with distance 0.24 m.
- Obstacle pipeline: depth_camera_to_body_to_ned_current_frame.
- Current depth frame obstacle points projected into NED: 166. Nearest depth obstacle in NED is at (-0.29, 29.82, -2.60) m, relative vector (0.18, 0.81, -0.09) m, distance 0.84 m.
- Depth validity fraction is 0.63. Global nearest obstacle distance is 0.64 m.
- Sector minimum distances [far_left, left, center, right, far_right] are [3.29, 3.28, 4.96, 0.64, 0.64] m.
- Nearest obstacle sector is far_right at 0.64 m and clearance status is blocked.
- Lateral planning hint: left side is clearer.","{""waypoints"":[{""x"":-0.4470559999999997,""y"":29.250000000000004},{""x"":-0.4470559999999997,""y"":29.250000000000004},{""x"":-0.4470559999999997,""y"":29.250000000000004},{""x"":-0.4470559999999997,""y"":29.250000000000004},{""x"":-0.4470559999999997,""y"":29.250000000000004}],""reasoning"":""Selected waypoint 0 moves the reference anchor from 0.00 m to 0.00 m from goal immediately and to 0.00 m by the final waypoint, so progress is 0.00 m selected / 0.00 m final and fails with monotonic goal-distance reduction. Kinematics is evaluated on 1 unique label waypoint(s), excluding consecutive duplicate terminal holds, and checks only that the trajectory stays within the configured bounds speed <= 15.00 m/s and acceleration <= 8.00 m/s^2, so kinematics passes. Goal has already been reached at the reference anchor within 0.35 m tolerance. Safety passes: minimum clearance 3.15 m against manifest obstacles with 0 violating segment(s).""}",-0.4470559999999997,29.250000000000004,-2.5,-0.4470559999999997,29.250000000000004,-2.5,-0.4470559999999997,29.250000000000004,-2.5,-0.4470559999999997,29.250000000000004,-2.5,-0.4470559999999997,29.250000000000004,-2.5
