anchor_stamp_s,scene_stamp_s,sync_dt_ms,label_mode,prompt,label_waypoints_json,wp0_x,wp0_y,wp0_z,wp1_x,wp1_y,wp1_z,wp2_x,wp2_y,wp2_z,wp3_x,wp3_y,wp3_z,wp4_x,wp4_y,wp4_z
1773857305.192960978,1773857305.192960978,0.000,offline_ground_truth_window,"Environment section (T(v)):
- Current position NED is (0.02, -0.03, -2.38) m.
- Current velocity is (-0.01, -0.00, 0.00) m/s (speed 0.01 m/s).
- Goal position NED is (0.81, 27.66, -2.50) m.
- Output contract: predict exactly 5 waypoint x/y pairs in NED. The planner will set every waypoint z to goal z = -2.50 m before execution.
- Goal delta from current state is (0.79, 27.69, -0.12) m with distance 27.70 m.
- Obstacle pipeline: depth_camera_to_body_to_ned_current_frame.
- Current depth frame obstacle points projected into NED: 86. Nearest depth obstacle in NED is at (0.15, 0.69, -2.31) m, relative vector (0.12, 0.73, 0.08) m, distance 0.74 m.
- Depth validity fraction is 0.57. Global nearest obstacle distance is 0.56 m.
- Sector minimum distances [far_left, left, center, right, far_right] are [4.71, 1.06, 0.66, 0.56, 0.56] m.
- Nearest obstacle sector is far_right at 0.56 m and clearance status is blocked.
- Lateral planning hint: left side is clearer.","{""waypoints"":[{""x"":0.0776948571428566,""y"":0.4030457142857131},{""x"":0.09108771428571372,""y"":0.8985814285714273},{""x"":0.10448057142857087,""y"":1.3941171428571417},{""x"":0.11787342857142802,""y"":1.8896528571428557},{""x"":0.13126628571428517,""y"":2.3851885714285705}],""reasoning"":""Selected waypoint 0 moves the reference anchor from 27.76 m to 27.26 m from goal immediately and to 25.28 m by the final waypoint, so progress is 0.50 m selected / 2.48 m final and passes with monotonic goal-distance reduction. Kinematics is evaluated on 5 unique label waypoint(s), excluding consecutive duplicate terminal holds, and checks only that the trajectory stays within the configured bounds speed <= 15.00 m/s and acceleration <= 8.00 m/s^2, so kinematics passes. Goal is not reached within this label waypoint window. Safety passes: minimum clearance 5.21 m against manifest obstacles with 0 violating segment(s).""}",0.0776948571428566,0.4030457142857131,-2.5,0.09108771428571372,0.8985814285714273,-2.5,0.10448057142857087,1.3941171428571417,-2.5,0.11787342857142802,1.8896528571428557,-2.5,0.13126628571428517,2.3851885714285705,-2.5
1773857308.639542341,1773857308.639542341,0.000,offline_ground_truth_window,"Environment section (T(v)):
- Current position NED is (0.07, 0.16, -2.45) m.
- Current velocity is (0.01, 0.07, -0.03) m/s (speed 0.07 m/s).
- Goal position NED is (0.81, 27.66, -2.50) m.
- Output contract: predict exactly 5 waypoint x/y pairs in NED. The planner will set every waypoint z to goal z = -2.50 m before execution.
- Goal delta from current state is (0.75, 27.50, -0.05) m with distance 27.51 m.
- Obstacle pipeline: depth_camera_to_body_to_ned_current_frame.
- Current depth frame obstacle points projected into NED: 89. Nearest depth obstacle in NED is at (0.24, 0.71, -2.40) m, relative vector (0.17, 0.55, 0.05) m, distance 0.58 m.
- Depth validity fraction is 0.55. Global nearest obstacle distance is 0.38 m.
- Sector minimum distances [far_left, left, center, right, far_right] are [4.79, 4.79, 1.17, 0.42, 0.38] m.
- Nearest obstacle sector is far_right at 0.38 m and clearance status is blocked.
- Lateral planning hint: left side is clearer.","{""waypoints"":[{""x"":0.09108771428571372,""y"":0.8985814285714273},{""x"":0.10448057142857087,""y"":1.3941171428571417},{""x"":0.11787342857142802,""y"":1.8896528571428557},{""x"":0.13126628571428517,""y"":2.3851885714285705},{""x"":0.1446591428571423,""y"":2.8807242857142845}],""reasoning"":""Selected waypoint 0 moves the reference anchor from 27.26 m to 26.77 m from goal immediately and to 24.79 m by the final waypoint, so progress is 0.50 m selected / 2.48 m final and passes with monotonic goal-distance reduction. Kinematics is evaluated on 5 unique label waypoint(s), excluding consecutive duplicate terminal holds, and checks only that the trajectory stays within the configured bounds speed <= 15.00 m/s and acceleration <= 8.00 m/s^2, so kinematics passes. Goal is not reached within this label waypoint window. Safety passes: minimum clearance 4.97 m against manifest obstacles with 0 violating segment(s).""}",0.09108771428571372,0.8985814285714273,-2.5,0.10448057142857087,1.3941171428571417,-2.5,0.11787342857142802,1.8896528571428557,-2.5,0.13126628571428517,2.3851885714285705,-2.5,0.1446591428571423,2.8807242857142845,-2.5
1773857314.794779539,1773857314.794779539,0.000,offline_ground_truth_window,"Environment section (T(v)):
- Current position NED is (0.05, 0.65, -2.46) m.
- Current velocity is (-0.01, 0.07, -0.00) m/s (speed 0.07 m/s).
- Goal position NED is (0.81, 27.66, -2.50) m.
- Output contract: predict exactly 5 waypoint x/y pairs in NED. The planner will set every waypoint z to goal z = -2.50 m before execution.
- Goal delta from current state is (0.76, 27.00, -0.04) m with distance 27.01 m.
- Obstacle pipeline: depth_camera_to_body_to_ned_current_frame.
- Current depth frame obstacle points projected into NED: 6. Nearest depth obstacle in NED is at (2.61, 8.72, -2.29) m, relative vector (2.56, 8.07, 0.17) m, distance 8.46 m.
- Depth validity fraction is 0.54. Global nearest obstacle distance is 4.89 m.
- Sector minimum distances [far_left, left, center, right, far_right] are [4.89, 4.90, 4.90, 4.91, 4.91] m.
- Nearest obstacle sector is far_left at 4.89 m and clearance status is clear.
- Lateral planning hint: prefer center progress.","{""waypoints"":[{""x"":0.10448057142857087,""y"":1.3941171428571417},{""x"":0.11787342857142802,""y"":1.8896528571428557},{""x"":0.13126628571428517,""y"":2.3851885714285705},{""x"":0.1446591428571423,""y"":2.8807242857142845},{""x"":0.15805199999999944,""y"":3.376259999999999}],""reasoning"":""Selected waypoint 0 moves the reference anchor from 26.77 m to 26.27 m from goal immediately and to 24.29 m by the final waypoint, so progress is 0.50 m selected / 2.48 m final and passes with monotonic goal-distance reduction. Kinematics is evaluated on 5 unique label waypoint(s), excluding consecutive duplicate terminal holds, and checks only that the trajectory stays within the configured bounds speed <= 15.00 m/s and acceleration <= 8.00 m/s^2, so kinematics passes. Goal is not reached within this label waypoint window. Safety passes: minimum clearance 4.77 m against manifest obstacles with 0 violating segment(s).""}",0.10448057142857087,1.3941171428571417,-2.5,0.11787342857142802,1.8896528571428557,-2.5,0.13126628571428517,2.3851885714285705,-2.5,0.1446591428571423,2.8807242857142845,-2.5,0.15805199999999944,3.376259999999999,-2.5
1773857321.365472794,1773857321.365472794,0.000,offline_ground_truth_window,"Environment section (T(v)):
- Current position NED is (0.08, 1.15, -2.50) m.
- Current velocity is (-0.00, 0.06, 0.01) m/s (speed 0.06 m/s).
- Goal position NED is (0.81, 27.66, -2.50) m.
- Output contract: predict exactly 5 waypoint x/y pairs in NED. The planner will set every waypoint z to goal z = -2.50 m before execution.
- Goal delta from current state is (0.73, 26.51, 0.00) m with distance 26.52 m.
- Obstacle pipeline: depth_camera_to_body_to_ned_current_frame.
- Current depth frame obstacle points projected into NED: 5. Nearest depth obstacle in NED is at (2.70, 8.73, -2.31) m, relative vector (2.62, 7.59, 0.19) m, distance 8.03 m.
- Depth validity fraction is 0.53. Global nearest obstacle distance is 5.01 m.
- Sector minimum distances [far_left, left, center, right, far_right] are [5.01, 5.02, 5.02, 5.02, 5.02] m.
- Nearest obstacle sector is far_left at 5.01 m and clearance status is clear.
- Lateral planning hint: prefer center progress.","{""waypoints"":[{""x"":0.11787342857142802,""y"":1.8896528571428557},{""x"":0.13126628571428517,""y"":2.3851885714285705},{""x"":0.1446591428571423,""y"":2.8807242857142845},{""x"":0.15805199999999944,""y"":3.376259999999999},{""x"":0.17144485714285657,""y"":3.8717957142857125}],""reasoning"":""Selected waypoint 0 moves the reference anchor from 26.27 m to 25.78 m from goal immediately and to 23.79 m by the final waypoint, so progress is 0.50 m selected / 2.48 m final and passes with monotonic goal-distance reduction. Kinematics is evaluated on 5 unique label waypoint(s), excluding consecutive duplicate terminal holds, and checks only that the trajectory stays within the configured bounds speed <= 15.00 m/s and acceleration <= 8.00 m/s^2, so kinematics passes. Goal is not reached within this label waypoint window. Safety passes: minimum clearance 4.61 m against manifest obstacles with 0 violating segment(s).""}",0.11787342857142802,1.8896528571428557,-2.5,0.13126628571428517,2.3851885714285705,-2.5,0.1446591428571423,2.8807242857142845,-2.5,0.15805199999999944,3.376259999999999,-2.5,0.17144485714285657,3.8717957142857125,-2.5
1773857327.715426922,1773857327.715426922,0.000,offline_ground_truth_window,"Environment section (T(v)):
- Current position NED is (0.11, 1.64, -2.50) m.
- Current velocity is (-0.01, 0.06, 0.01) m/s (speed 0.06 m/s).
- Goal position NED is (0.81, 27.66, -2.50) m.
- Output contract: predict exactly 5 waypoint x/y pairs in NED. The planner will set every waypoint z to goal z = -2.50 m before execution.
- Goal delta from current state is (0.70, 26.02, 0.00) m with distance 26.02 m.
- Obstacle pipeline: depth_camera_to_body_to_ned_current_frame.
- Current depth frame obstacle points projected into NED: 8. Nearest depth obstacle in NED is at (2.96, 8.68, -2.34) m, relative vector (2.84, 7.04, 0.16) m, distance 7.59 m.
- Depth validity fraction is 0.54. Global nearest obstacle distance is 4.95 m.
- Sector minimum distances [far_left, left, center, right, far_right] are [4.95, 4.95, 4.96, 4.96, 4.96] m.
- Nearest obstacle sector is far_left at 4.95 m and clearance status is clear.
- Lateral planning hint: prefer center progress.","{""waypoints"":[{""x"":0.13126628571428517,""y"":2.3851885714285705},{""x"":0.1446591428571423,""y"":2.8807242857142845},{""x"":0.15805199999999944,""y"":3.376259999999999},{""x"":0.17144485714285657,""y"":3.8717957142857125},{""x"":0.18483771428571374,""y"":4.367331428571427}],""reasoning"":""Selected waypoint 0 moves the reference anchor from 25.78 m to 25.28 m from goal immediately and to 23.30 m by the final waypoint, so progress is 0.50 m selected / 2.48 m final and passes with monotonic goal-distance reduction. Kinematics is evaluated on 5 unique label waypoint(s), excluding consecutive duplicate terminal holds, and checks only that the trajectory stays within the configured bounds speed <= 15.00 m/s and acceleration <= 8.00 m/s^2, so kinematics passes. Goal is not reached within this label waypoint window. Safety passes: minimum clearance 4.48 m against manifest obstacles with 0 violating segment(s).""}",0.13126628571428517,2.3851885714285705,-2.5,0.1446591428571423,2.8807242857142845,-2.5,0.15805199999999944,3.376259999999999,-2.5,0.17144485714285657,3.8717957142857125,-2.5,0.18483771428571374,4.367331428571427,-2.5
1773857333.891044378,1773857333.891044378,0.000,offline_ground_truth_window,"Environment section (T(v)):
- Current position NED is (0.14, 2.15, -2.49) m.
- Current velocity is (-0.01, 0.07, 0.00) m/s (speed 0.07 m/s).
- Goal position NED is (0.81, 27.66, -2.50) m.
- Output contract: predict exactly 5 waypoint x/y pairs in NED. The planner will set every waypoint z to goal z = -2.50 m before execution.
- Goal delta from current state is (0.67, 25.51, -0.01) m with distance 25.52 m.
- Obstacle pipeline: depth_camera_to_body_to_ned_current_frame.
- Current depth frame obstacle points projected into NED: 10. Nearest depth obstacle in NED is at (2.92, 8.69, -2.70) m, relative vector (2.78, 6.55, -0.21) m, distance 7.12 m.
- Depth validity fraction is 0.54. Global nearest obstacle distance is 4.94 m.
- Sector minimum distances [far_left, left, center, right, far_right] are [4.94, 4.94, 4.94, 4.94, 4.94] m.
- Nearest obstacle sector is far_right at 4.94 m and clearance status is clear.
- Lateral planning hint: prefer center progress.","{""waypoints"":[{""x"":0.1446591428571423,""y"":2.8807242857142845},{""x"":0.15805199999999944,""y"":3.376259999999999},{""x"":0.17144485714285657,""y"":3.8717957142857125},{""x"":0.18483771428571374,""y"":4.367331428571427},{""x"":0.19823057142857087,""y"":4.862867142857143}],""reasoning"":""Selected waypoint 0 moves the reference anchor from 25.28 m to 24.79 m from goal immediately and to 22.80 m by the final waypoint, so progress is 0.50 m selected / 2.48 m final and passes with monotonic goal-distance reduction. Kinematics is evaluated on 5 unique label waypoint(s), excluding consecutive duplicate terminal holds, and checks only that the trajectory stays within the configured bounds speed <= 15.00 m/s and acceleration <= 8.00 m/s^2, so kinematics passes. Goal is not reached within this label waypoint window. Safety passes: minimum clearance 4.13 m against manifest obstacles with 0 violating segment(s).""}",0.1446591428571423,2.8807242857142845,-2.5,0.15805199999999944,3.376259999999999,-2.5,0.17144485714285657,3.8717957142857125,-2.5,0.18483771428571374,4.367331428571427,-2.5,0.19823057142857087,4.862867142857143,-2.5
1773857340.236755371,1773857340.236755371,0.000,offline_ground_truth_window,"Environment section (T(v)):
- Current position NED is (0.14, 2.64, -2.50) m.
- Current velocity is (-0.00, 0.06, 0.01) m/s (speed 0.06 m/s).
- Goal position NED is (0.81, 27.66, -2.50) m.
- Output contract: predict exactly 5 waypoint x/y pairs in NED. The planner will set every waypoint z to goal z = -2.50 m before execution.
- Goal delta from current state is (0.67, 25.02, 0.00) m with distance 25.03 m.
- Obstacle pipeline: depth_camera_to_body_to_ned_current_frame.
- Current depth frame obstacle points projected into NED: 9. Nearest depth obstacle in NED is at (3.13, 8.65, -2.55) m, relative vector (2.99, 6.01, -0.05) m, distance 6.71 m.
- Depth validity fraction is 0.54. Global nearest obstacle distance is 4.88 m.
- Sector minimum distances [far_left, left, center, right, far_right] are [4.88, 4.88, 4.88, 4.88, 4.88] m.
- Nearest obstacle sector is far_right at 4.88 m and clearance status is clear.
- Lateral planning hint: prefer center progress.","{""waypoints"":[{""x"":0.15805199999999944,""y"":3.376259999999999},{""x"":0.17144485714285657,""y"":3.8717957142857125},{""x"":0.18483771428571374,""y"":4.367331428571427},{""x"":0.19823057142857087,""y"":4.862867142857143},{""x"":0.21162342857142802,""y"":5.358402857142856}],""reasoning"":""Selected waypoint 0 moves the reference anchor from 24.79 m to 24.29 m from goal immediately and to 22.31 m by the final waypoint, so progress is 0.50 m selected / 2.48 m final and passes with monotonic goal-distance reduction. Kinematics is evaluated on 5 unique label waypoint(s), excluding consecutive duplicate terminal holds, and checks only that the trajectory stays within the configured bounds speed <= 15.00 m/s and acceleration <= 8.00 m/s^2, so kinematics passes. Goal is not reached within this label waypoint window. Safety passes: minimum clearance 3.82 m against manifest obstacles with 0 violating segment(s).""}",0.15805199999999944,3.376259999999999,-2.5,0.17144485714285657,3.8717957142857125,-2.5,0.18483771428571374,4.367331428571427,-2.5,0.19823057142857087,4.862867142857143,-2.5,0.21162342857142802,5.358402857142856,-2.5
1773857346.693559647,1773857346.693559647,0.000,offline_ground_truth_window,"Environment section (T(v)):
- Current position NED is (0.15, 3.13, -2.47) m.
- Current velocity is (-0.00, 0.03, 0.00) m/s (speed 0.03 m/s).
- Goal position NED is (0.81, 27.66, -2.50) m.
- Output contract: predict exactly 5 waypoint x/y pairs in NED. The planner will set every waypoint z to goal z = -2.50 m before execution.
- Goal delta from current state is (0.67, 24.53, -0.03) m with distance 24.54 m.
- Obstacle pipeline: depth_camera_to_body_to_ned_current_frame.
- Current depth frame obstacle points projected into NED: 8. Nearest depth obstacle in NED is at (3.25, 8.60, -2.29) m, relative vector (3.10, 5.47, 0.18) m, distance 6.29 m.
- Depth validity fraction is 0.54. Global nearest obstacle distance is 4.86 m.
- Sector minimum distances [far_left, left, center, right, far_right] are [4.86, 4.86, 4.87, 4.87, 4.87] m.
- Nearest obstacle sector is far_left at 4.86 m and clearance status is clear.
- Lateral planning hint: prefer center progress.","{""waypoints"":[{""x"":0.17144485714285657,""y"":3.8717957142857125},{""x"":0.18483771428571374,""y"":4.367331428571427},{""x"":0.19823057142857087,""y"":4.862867142857143},{""x"":0.21162342857142802,""y"":5.358402857142856},{""x"":0.22501628571428514,""y"":5.85393857142857}],""reasoning"":""Selected waypoint 0 moves the reference anchor from 24.29 m to 23.79 m from goal immediately and to 21.81 m by the final waypoint, so progress is 0.50 m selected / 2.48 m final and passes with monotonic goal-distance reduction. Kinematics is evaluated on 5 unique label waypoint(s), excluding consecutive duplicate terminal holds, and checks only that the trajectory stays within the configured bounds speed <= 15.00 m/s and acceleration <= 8.00 m/s^2, so kinematics passes. Goal is not reached within this label waypoint window. Safety passes: minimum clearance 3.55 m against manifest obstacles with 0 violating segment(s).""}",0.17144485714285657,3.8717957142857125,-2.5,0.18483771428571374,4.367331428571427,-2.5,0.19823057142857087,4.862867142857143,-2.5,0.21162342857142802,5.358402857142856,-2.5,0.22501628571428514,5.85393857142857,-2.5
1773857353.155078411,1773857353.155078411,0.000,offline_ground_truth_window,"Environment section (T(v)):
- Current position NED is (0.18, 3.63, -2.48) m.
- Current velocity is (0.00, 0.07, -0.00) m/s (speed 0.07 m/s).
- Goal position NED is (0.81, 27.66, -2.50) m.
- Output contract: predict exactly 5 waypoint x/y pairs in NED. The planner will set every waypoint z to goal z = -2.50 m before execution.
- Goal delta from current state is (0.63, 24.03, -0.02) m with distance 24.04 m.
- Obstacle pipeline: depth_camera_to_body_to_ned_current_frame.
- Current depth frame obstacle points projected into NED: 8. Nearest depth obstacle in NED is at (3.17, 8.68, -2.58) m, relative vector (2.99, 5.06, -0.10) m, distance 5.88 m.
- Depth validity fraction is 0.54. Global nearest obstacle distance is 4.64 m.
- Sector minimum distances [far_left, left, center, right, far_right] are [4.89, 4.89, 4.89, 4.89, 4.64] m.
- Nearest obstacle sector is far_right at 4.64 m and clearance status is clear.
- Lateral planning hint: prefer center progress.","{""waypoints"":[{""x"":0.18483771428571374,""y"":4.367331428571427},{""x"":0.19823057142857087,""y"":4.862867142857143},{""x"":0.21162342857142802,""y"":5.358402857142856},{""x"":0.22501628571428514,""y"":5.85393857142857},{""x"":0.2384091428571423,""y"":6.349474285714285}],""reasoning"":""Selected waypoint 0 moves the reference anchor from 23.79 m to 23.30 m from goal immediately and to 21.32 m by the final waypoint, so progress is 0.50 m selected / 2.48 m final and passes with monotonic goal-distance reduction. Kinematics is evaluated on 5 unique label waypoint(s), excluding consecutive duplicate terminal holds, and checks only that the trajectory stays within the configured bounds speed <= 15.00 m/s and acceleration <= 8.00 m/s^2, so kinematics passes. Goal is not reached within this label waypoint window. Safety passes: minimum clearance 3.32 m against manifest obstacles with 0 violating segment(s).""}",0.18483771428571374,4.367331428571427,-2.5,0.19823057142857087,4.862867142857143,-2.5,0.21162342857142802,5.358402857142856,-2.5,0.22501628571428514,5.85393857142857,-2.5,0.2384091428571423,6.349474285714285,-2.5
1773857359.224039316,1773857359.224039316,0.000,offline_ground_truth_window,"Environment section (T(v)):
- Current position NED is (0.11, 4.12, -2.48) m.
- Current velocity is (-0.00, 0.07, 0.01) m/s (speed 0.07 m/s).
- Goal position NED is (0.81, 27.66, -2.50) m.
- Output contract: predict exactly 5 waypoint x/y pairs in NED. The planner will set every waypoint z to goal z = -2.50 m before execution.
- Goal delta from current state is (0.70, 23.54, -0.02) m with distance 23.55 m.
- Obstacle pipeline: depth_camera_to_body_to_ned_current_frame.
- Current depth frame obstacle points projected into NED: 6. Nearest depth obstacle in NED is at (2.89, 8.97, -2.30) m, relative vector (2.78, 4.85, 0.19) m, distance 5.59 m.
- Depth validity fraction is 0.53. Global nearest obstacle distance is 4.33 m.
- Sector minimum distances [far_left, left, center, right, far_right] are [4.98, 4.98, 4.99, 4.99, 4.33] m.
- Nearest obstacle sector is far_right at 4.33 m and clearance status is clear.
- Lateral planning hint: prefer center progress.","{""waypoints"":[{""x"":0.19823057142857087,""y"":4.862867142857143},{""x"":0.21162342857142802,""y"":5.358402857142856},{""x"":0.22501628571428514,""y"":5.85393857142857},{""x"":0.2384091428571423,""y"":6.349474285714285},{""x"":0.2518019999999994,""y"":6.8450099999999985}],""reasoning"":""Selected waypoint 0 moves the reference anchor from 23.30 m to 22.80 m from goal immediately and to 20.82 m by the final waypoint, so progress is 0.50 m selected / 2.48 m final and passes with monotonic goal-distance reduction. Kinematics is evaluated on 5 unique label waypoint(s), excluding consecutive duplicate terminal holds, and checks only that the trajectory stays within the configured bounds speed <= 15.00 m/s and acceleration <= 8.00 m/s^2, so kinematics passes. Goal is not reached within this label waypoint window. Safety passes: minimum clearance 3.14 m against manifest obstacles with 0 violating segment(s).""}",0.19823057142857087,4.862867142857143,-2.5,0.21162342857142802,5.358402857142856,-2.5,0.22501628571428514,5.85393857142857,-2.5,0.2384091428571423,6.349474285714285,-2.5,0.2518019999999994,6.8450099999999985,-2.5
1773857366.831014872,1773857366.831014872,0.000,offline_ground_truth_window,"Environment section (T(v)):
- Current position NED is (0.18, 4.62, -2.51) m.
- Current velocity is (0.01, 0.05, 0.01) m/s (speed 0.05 m/s).
- Goal position NED is (0.81, 27.66, -2.50) m.
- Output contract: predict exactly 5 waypoint x/y pairs in NED. The planner will set every waypoint z to goal z = -2.50 m before execution.
- Goal delta from current state is (0.63, 23.04, 0.01) m with distance 23.05 m.
- Obstacle pipeline: depth_camera_to_body_to_ned_current_frame.
- Current depth frame obstacle points projected into NED: 5. Nearest depth obstacle in NED is at (-3.97, 11.44, -2.56) m, relative vector (-4.16, 6.82, -0.05) m, distance 7.99 m.
- Depth validity fraction is 0.54. Global nearest obstacle distance is 4.92 m.
- Sector minimum distances [far_left, left, center, right, far_right] are [4.93, 4.93, 4.93, 4.93, 4.92] m.
- Nearest obstacle sector is far_right at 4.92 m and clearance status is clear.
- Lateral planning hint: prefer center progress.","{""waypoints"":[{""x"":0.21162342857142802,""y"":5.358402857142856},{""x"":0.22501628571428514,""y"":5.85393857142857},{""x"":0.2384091428571423,""y"":6.349474285714285},{""x"":0.2518019999999994,""y"":6.8450099999999985},{""x"":0.2651948571428566,""y"":7.340545714285714}],""reasoning"":""Selected waypoint 0 moves the reference anchor from 22.80 m to 22.31 m from goal immediately and to 20.32 m by the final waypoint, so progress is 0.50 m selected / 2.48 m final and passes with monotonic goal-distance reduction. Kinematics is evaluated on 5 unique label waypoint(s), excluding consecutive duplicate terminal holds, and checks only that the trajectory stays within the configured bounds speed <= 15.00 m/s and acceleration <= 8.00 m/s^2, so kinematics passes. Goal is not reached within this label waypoint window. Safety passes: minimum clearance 3.02 m against manifest obstacles with 0 violating segment(s).""}",0.21162342857142802,5.358402857142856,-2.5,0.22501628571428514,5.85393857142857,-2.5,0.2384091428571423,6.349474285714285,-2.5,0.2518019999999994,6.8450099999999985,-2.5,0.2651948571428566,7.340545714285714,-2.5
1773857373.015796661,1773857373.015796661,0.000,offline_ground_truth_window,"Environment section (T(v)):
- Current position NED is (0.21, 5.11, -2.50) m.
- Current velocity is (-0.00, 0.06, 0.00) m/s (speed 0.06 m/s).
- Goal position NED is (0.81, 27.66, -2.50) m.
- Output contract: predict exactly 5 waypoint x/y pairs in NED. The planner will set every waypoint z to goal z = -2.50 m before execution.
- Goal delta from current state is (0.60, 22.54, -0.00) m with distance 22.55 m.
- Obstacle pipeline: depth_camera_to_body_to_ned_current_frame.
- Current depth frame obstacle points projected into NED: 2. Nearest depth obstacle in NED is at (-3.88, 11.46, -2.24) m, relative vector (-4.09, 6.34, 0.26) m, distance 7.56 m.
- Depth validity fraction is 0.55. Global nearest obstacle distance is 4.88 m.
- Sector minimum distances [far_left, left, center, right, far_right] are [4.88, 4.88, 4.88, 4.88, 4.88] m.
- Nearest obstacle sector is far_left at 4.88 m and clearance status is clear.
- Lateral planning hint: prefer center progress.","{""waypoints"":[{""x"":0.22501628571428514,""y"":5.85393857142857},{""x"":0.2384091428571423,""y"":6.349474285714285},{""x"":0.2518019999999994,""y"":6.8450099999999985},{""x"":0.2651948571428566,""y"":7.340545714285714},{""x"":0.2785877142857137,""y"":7.8360814285714255}],""reasoning"":""Selected waypoint 0 moves the reference anchor from 22.31 m to 21.81 m from goal immediately and to 19.83 m by the final waypoint, so progress is 0.50 m selected / 2.48 m final and passes with monotonic goal-distance reduction. Kinematics is evaluated on 5 unique label waypoint(s), excluding consecutive duplicate terminal holds, and checks only that the trajectory stays within the configured bounds speed <= 15.00 m/s and acceleration <= 8.00 m/s^2, so kinematics passes. Goal is not reached within this label waypoint window. Safety passes: minimum clearance 2.98 m against manifest obstacles with 0 violating segment(s).""}",0.22501628571428514,5.85393857142857,-2.5,0.2384091428571423,6.349474285714285,-2.5,0.2518019999999994,6.8450099999999985,-2.5,0.2651948571428566,7.340545714285714,-2.5,0.2785877142857137,7.8360814285714255,-2.5
1773857379.092630148,1773857379.092630148,0.000,offline_ground_truth_window,"Environment section (T(v)):
- Current position NED is (0.18, 5.61, -2.49) m.
- Current velocity is (0.01, 0.09, -0.00) m/s (speed 0.09 m/s).
- Goal position NED is (0.81, 27.66, -2.50) m.
- Output contract: predict exactly 5 waypoint x/y pairs in NED. The planner will set every waypoint z to goal z = -2.50 m before execution.
- Goal delta from current state is (0.63, 22.05, -0.01) m with distance 22.05 m.
- Obstacle pipeline: depth_camera_to_body_to_ned_current_frame.
- Current depth frame obstacle points projected into NED: 2. Nearest depth obstacle in NED is at (-3.74, 11.61, -2.35) m, relative vector (-3.93, 5.99, 0.14) m, distance 7.17 m.
- Depth validity fraction is 0.55. Global nearest obstacle distance is 4.87 m.
- Sector minimum distances [far_left, left, center, right, far_right] are [4.87, 4.88, 4.88, 4.89, 4.89] m.
- Nearest obstacle sector is far_left at 4.87 m and clearance status is clear.
- Lateral planning hint: prefer center progress.","{""waypoints"":[{""x"":0.2384091428571423,""y"":6.349474285714285},{""x"":0.2518019999999994,""y"":6.8450099999999985},{""x"":0.2651948571428566,""y"":7.340545714285714},{""x"":0.2785877142857137,""y"":7.8360814285714255},{""x"":0.2919805714285708,""y"":8.33161714285714}],""reasoning"":""Selected waypoint 0 moves the reference anchor from 21.81 m to 21.32 m from goal immediately and to 19.33 m by the final waypoint, so progress is 0.50 m selected / 2.48 m final and passes with monotonic goal-distance reduction. Kinematics is evaluated on 5 unique label waypoint(s), excluding consecutive duplicate terminal holds, and checks only that the trajectory stays within the configured bounds speed <= 15.00 m/s and acceleration <= 8.00 m/s^2, so kinematics passes. Goal is not reached within this label waypoint window. Safety passes: minimum clearance 2.98 m against manifest obstacles with 0 violating segment(s).""}",0.2384091428571423,6.349474285714285,-2.5,0.2518019999999994,6.8450099999999985,-2.5,0.2651948571428566,7.340545714285714,-2.5,0.2785877142857137,7.8360814285714255,-2.5,0.2919805714285708,8.33161714285714,-2.5
1773857385.683912992,1773857385.683912992,0.000,offline_ground_truth_window,"Environment section (T(v)):
- Current position NED is (0.21, 6.10, -2.52) m.
- Current velocity is (0.00, 0.05, 0.01) m/s (speed 0.05 m/s).
- Goal position NED is (0.81, 27.66, -2.50) m.
- Output contract: predict exactly 5 waypoint x/y pairs in NED. The planner will set every waypoint z to goal z = -2.50 m before execution.
- Goal delta from current state is (0.61, 21.55, 0.02) m with distance 21.56 m.
- Obstacle pipeline: depth_camera_to_body_to_ned_current_frame.
- Current depth frame obstacle points projected into NED: 8. Nearest depth obstacle in NED is at (-3.72, 11.53, -2.62) m, relative vector (-3.92, 5.43, -0.10) m, distance 6.70 m.
- Depth validity fraction is 0.55. Global nearest obstacle distance is 4.90 m.
- Sector minimum distances [far_left, left, center, right, far_right] are [4.90, 4.90, 4.90, 4.90, 4.91] m.
- Nearest obstacle sector is far_left at 4.90 m and clearance status is clear.
- Lateral planning hint: prefer center progress.","{""waypoints"":[{""x"":0.2518019999999994,""y"":6.8450099999999985},{""x"":0.2651948571428566,""y"":7.340545714285714},{""x"":0.2785877142857137,""y"":7.8360814285714255},{""x"":0.2919805714285708,""y"":8.33161714285714},{""x"":0.305373428571428,""y"":8.827152857142856}],""reasoning"":""Selected waypoint 0 moves the reference anchor from 21.32 m to 20.82 m from goal immediately and to 18.84 m by the final waypoint, so progress is 0.50 m selected / 2.48 m final and passes with monotonic goal-distance reduction. Kinematics is evaluated on 5 unique label waypoint(s), excluding consecutive duplicate terminal holds, and checks only that the trajectory stays within the configured bounds speed <= 15.00 m/s and acceleration <= 8.00 m/s^2, so kinematics passes. Goal is not reached within this label waypoint window. Safety passes: minimum clearance 2.98 m against manifest obstacles with 0 violating segment(s).""}",0.2518019999999994,6.8450099999999985,-2.5,0.2651948571428566,7.340545714285714,-2.5,0.2785877142857137,7.8360814285714255,-2.5,0.2919805714285708,8.33161714285714,-2.5,0.305373428571428,8.827152857142856,-2.5
1773857390.976234436,1773857390.976234436,0.000,offline_ground_truth_window,"Environment section (T(v)):
- Current position NED is (0.28, 6.60, -2.48) m.
- Current velocity is (0.00, 0.09, 0.01) m/s (speed 0.09 m/s).
- Goal position NED is (0.81, 27.66, -2.50) m.
- Output contract: predict exactly 5 waypoint x/y pairs in NED. The planner will set every waypoint z to goal z = -2.50 m before execution.
- Goal delta from current state is (0.54, 21.06, -0.02) m with distance 21.06 m.
- Obstacle pipeline: depth_camera_to_body_to_ned_current_frame.
- Current depth frame obstacle points projected into NED: 9. Nearest depth obstacle in NED is at (-3.58, 11.50, -2.01) m, relative vector (-3.86, 4.90, 0.47) m, distance 6.25 m.
- Depth validity fraction is 0.54. Global nearest obstacle distance is 4.94 m.
- Sector minimum distances [far_left, left, center, right, far_right] are [4.97, 4.96, 4.95, 4.95, 4.94] m.
- Nearest obstacle sector is far_right at 4.94 m and clearance status is clear.
- Lateral planning hint: prefer center progress.","{""waypoints"":[{""x"":0.2651948571428566,""y"":7.340545714285714},{""x"":0.2785877142857137,""y"":7.8360814285714255},{""x"":0.2919805714285708,""y"":8.33161714285714},{""x"":0.305373428571428,""y"":8.827152857142856},{""x"":0.3187662857142851,""y"":9.32268857142857}],""reasoning"":""Selected waypoint 0 moves the reference anchor from 20.82 m to 20.32 m from goal immediately and to 18.34 m by the final waypoint, so progress is 0.50 m selected / 2.48 m final and passes with monotonic goal-distance reduction. Kinematics is evaluated on 5 unique label waypoint(s), excluding consecutive duplicate terminal holds, and checks only that the trajectory stays within the configured bounds speed <= 15.00 m/s and acceleration <= 8.00 m/s^2, so kinematics passes. Goal is not reached within this label waypoint window. Safety passes: minimum clearance 2.98 m against manifest obstacles with 0 violating segment(s).""}",0.2651948571428566,7.340545714285714,-2.5,0.2785877142857137,7.8360814285714255,-2.5,0.2919805714285708,8.33161714285714,-2.5,0.305373428571428,8.827152857142856,-2.5,0.3187662857142851,9.32268857142857,-2.5
1773857399.436089277,1773857399.436089277,0.000,offline_ground_truth_window,"Environment section (T(v)):
- Current position NED is (0.24, 7.09, -2.50) m.
- Current velocity is (-0.00, 0.03, 0.00) m/s (speed 0.03 m/s).
- Goal position NED is (0.81, 27.66, -2.50) m.
- Output contract: predict exactly 5 waypoint x/y pairs in NED. The planner will set every waypoint z to goal z = -2.50 m before execution.
- Goal delta from current state is (0.57, 20.56, -0.00) m with distance 20.57 m.
- Obstacle pipeline: depth_camera_to_body_to_ned_current_frame.
- Current depth frame obstacle points projected into NED: 1. Nearest depth obstacle in NED is at (-3.46, 11.73, -2.74) m, relative vector (-3.71, 4.63, -0.25) m, distance 5.94 m.
- Depth validity fraction is 0.54. Global nearest obstacle distance is 4.64 m.
- Sector minimum distances [far_left, left, center, right, far_right] are [4.64, 4.97, 4.98, 4.98, 4.98] m.
- Nearest obstacle sector is far_left at 4.64 m and clearance status is clear.
- Lateral planning hint: prefer center progress.","{""waypoints"":[{""x"":0.2785877142857137,""y"":7.8360814285714255},{""x"":0.2919805714285708,""y"":8.33161714285714},{""x"":0.305373428571428,""y"":8.827152857142856},{""x"":0.3187662857142851,""y"":9.32268857142857},{""x"":0.3321591428571423,""y"":9.818224285714285}],""reasoning"":""Selected waypoint 0 moves the reference anchor from 20.32 m to 19.83 m from goal immediately and to 17.85 m by the final waypoint, so progress is 0.50 m selected / 2.48 m final and passes with monotonic goal-distance reduction. Kinematics is evaluated on 5 unique label waypoint(s), excluding consecutive duplicate terminal holds, and checks only that the trajectory stays within the configured bounds speed <= 15.00 m/s and acceleration <= 8.00 m/s^2, so kinematics passes. Goal is not reached within this label waypoint window. Safety passes: minimum clearance 2.98 m against manifest obstacles with 0 violating segment(s).""}",0.2785877142857137,7.8360814285714255,-2.5,0.2919805714285708,8.33161714285714,-2.5,0.305373428571428,8.827152857142856,-2.5,0.3187662857142851,9.32268857142857,-2.5,0.3321591428571423,9.818224285714285,-2.5
1773857406.185962677,1773857406.185962677,0.000,offline_ground_truth_window,"Environment section (T(v)):
- Current position NED is (0.31, 7.59, -2.52) m.
- Current velocity is (-0.01, 0.09, 0.01) m/s (speed 0.09 m/s).
- Goal position NED is (0.81, 27.66, -2.50) m.
- Output contract: predict exactly 5 waypoint x/y pairs in NED. The planner will set every waypoint z to goal z = -2.50 m before execution.
- Goal delta from current state is (0.50, 20.07, 0.02) m with distance 20.08 m.
- Obstacle pipeline: depth_camera_to_body_to_ned_current_frame.
- Current depth frame obstacle points projected into NED: 0. Nearest depth obstacle in NED is at (0.31, 7.59, -2.52) m, relative vector (20.00, 0.00, 0.00) m, distance 20.00 m.
- Depth validity fraction is 0.55. Global nearest obstacle distance is 4.92 m.
- Sector minimum distances [far_left, left, center, right, far_right] are [4.93, 4.93, 4.93, 4.92, 4.92] m.
- Nearest obstacle sector is far_right at 4.92 m and clearance status is clear.
- Lateral planning hint: prefer center progress.","{""waypoints"":[{""x"":0.2919805714285708,""y"":8.33161714285714},{""x"":0.305373428571428,""y"":8.827152857142856},{""x"":0.3187662857142851,""y"":9.32268857142857},{""x"":0.3321591428571423,""y"":9.818224285714285},{""x"":0.3455519999999994,""y"":10.313759999999998}],""reasoning"":""Selected waypoint 0 moves the reference anchor from 19.83 m to 19.33 m from goal immediately and to 17.35 m by the final waypoint, so progress is 0.50 m selected / 2.48 m final and passes with monotonic goal-distance reduction. Kinematics is evaluated on 5 unique label waypoint(s), excluding consecutive duplicate terminal holds, and checks only that the trajectory stays within the configured bounds speed <= 15.00 m/s and acceleration <= 8.00 m/s^2, so kinematics passes. Goal is not reached within this label waypoint window. Safety passes: minimum clearance 2.98 m against manifest obstacles with 0 violating segment(s).""}",0.2919805714285708,8.33161714285714,-2.5,0.305373428571428,8.827152857142856,-2.5,0.3187662857142851,9.32268857142857,-2.5,0.3321591428571423,9.818224285714285,-2.5,0.3455519999999994,10.313759999999998,-2.5
1773857411.842607498,1773857411.842607498,0.000,offline_ground_truth_window,"Environment section (T(v)):
- Current position NED is (0.29, 8.08, -2.50) m.
- Current velocity is (-0.00, 0.09, 0.00) m/s (speed 0.09 m/s).
- Goal position NED is (0.81, 27.66, -2.50) m.
- Output contract: predict exactly 5 waypoint x/y pairs in NED. The planner will set every waypoint z to goal z = -2.50 m before execution.
- Goal delta from current state is (0.52, 19.57, -0.00) m with distance 19.58 m.
- Obstacle pipeline: depth_camera_to_body_to_ned_current_frame.
- Current depth frame obstacle points projected into NED: 0. Nearest depth obstacle in NED is at (0.29, 8.08, -2.50) m, relative vector (20.00, 0.00, 0.00) m, distance 20.00 m.
- Depth validity fraction is 0.54. Global nearest obstacle distance is 4.92 m.
- Sector minimum distances [far_left, left, center, right, far_right] are [4.92, 4.92, 4.92, 4.92, 4.92] m.
- Nearest obstacle sector is far_right at 4.92 m and clearance status is clear.
- Lateral planning hint: prefer center progress.","{""waypoints"":[{""x"":0.305373428571428,""y"":8.827152857142856},{""x"":0.3187662857142851,""y"":9.32268857142857},{""x"":0.3321591428571423,""y"":9.818224285714285},{""x"":0.3455519999999994,""y"":10.313759999999998},{""x"":0.3589448571428566,""y"":10.809295714285712}],""reasoning"":""Selected waypoint 0 moves the reference anchor from 19.33 m to 18.84 m from goal immediately and to 16.85 m by the final waypoint, so progress is 0.50 m selected / 2.48 m final and passes with monotonic goal-distance reduction. Kinematics is evaluated on 5 unique label waypoint(s), excluding consecutive duplicate terminal holds, and checks only that the trajectory stays within the configured bounds speed <= 15.00 m/s and acceleration <= 8.00 m/s^2, so kinematics passes. Goal is not reached within this label waypoint window. Safety passes: minimum clearance 3.00 m against manifest obstacles with 0 violating segment(s).""}",0.305373428571428,8.827152857142856,-2.5,0.3187662857142851,9.32268857142857,-2.5,0.3321591428571423,9.818224285714285,-2.5,0.3455519999999994,10.313759999999998,-2.5,0.3589448571428566,10.809295714285712,-2.5
1773857418.092061758,1773857418.092061758,0.000,offline_ground_truth_window,"Environment section (T(v)):
- Current position NED is (0.25, 8.58, -2.50) m.
- Current velocity is (0.00, 0.04, 0.01) m/s (speed 0.04 m/s).
- Goal position NED is (0.81, 27.66, -2.50) m.
- Output contract: predict exactly 5 waypoint x/y pairs in NED. The planner will set every waypoint z to goal z = -2.50 m before execution.
- Goal delta from current state is (0.57, 19.08, -0.00) m with distance 19.08 m.
- Obstacle pipeline: depth_camera_to_body_to_ned_current_frame.
- Current depth frame obstacle points projected into NED: 0. Nearest depth obstacle in NED is at (0.25, 8.58, -2.50) m, relative vector (20.00, 0.00, 0.00) m, distance 20.00 m.
- Depth validity fraction is 0.54. Global nearest obstacle distance is 4.93 m.
- Sector minimum distances [far_left, left, center, right, far_right] are [4.93, 4.93, 4.94, 4.94, 4.95] m.
- Nearest obstacle sector is far_left at 4.93 m and clearance status is clear.
- Lateral planning hint: prefer center progress.","{""waypoints"":[{""x"":0.3187662857142851,""y"":9.32268857142857},{""x"":0.3321591428571423,""y"":9.818224285714285},{""x"":0.3455519999999994,""y"":10.313759999999998},{""x"":0.3589448571428566,""y"":10.809295714285712},{""x"":0.3723377142857137,""y"":11.304831428571427}],""reasoning"":""Selected waypoint 0 moves the reference anchor from 18.84 m to 18.34 m from goal immediately and to 16.36 m by the final waypoint, so progress is 0.50 m selected / 2.48 m final and passes with monotonic goal-distance reduction. Kinematics is evaluated on 5 unique label waypoint(s), excluding consecutive duplicate terminal holds, and checks only that the trajectory stays within the configured bounds speed <= 15.00 m/s and acceleration <= 8.00 m/s^2, so kinematics passes. Goal is not reached within this label waypoint window. Safety passes: minimum clearance 3.10 m against manifest obstacles with 0 violating segment(s).""}",0.3187662857142851,9.32268857142857,-2.5,0.3321591428571423,9.818224285714285,-2.5,0.3455519999999994,10.313759999999998,-2.5,0.3589448571428566,10.809295714285712,-2.5,0.3723377142857137,11.304831428571427,-2.5
1773857425.212025642,1773857425.212025642,0.000,offline_ground_truth_window,"Environment section (T(v)):
- Current position NED is (0.37, 9.08, -2.48) m.
- Current velocity is (-0.01, 0.07, 0.00) m/s (speed 0.08 m/s).
- Goal position NED is (0.81, 27.66, -2.50) m.
- Output contract: predict exactly 5 waypoint x/y pairs in NED. The planner will set every waypoint z to goal z = -2.50 m before execution.
- Goal delta from current state is (0.45, 18.58, -0.02) m with distance 18.59 m.
- Obstacle pipeline: depth_camera_to_body_to_ned_current_frame.
- Current depth frame obstacle points projected into NED: 0. Nearest depth obstacle in NED is at (0.37, 9.08, -2.48) m, relative vector (20.00, 0.00, 0.00) m, distance 20.00 m.
- Depth validity fraction is 0.54. Global nearest obstacle distance is 4.97 m.
- Sector minimum distances [far_left, left, center, right, far_right] are [4.99, 4.98, 4.98, 4.97, 4.97] m.
- Nearest obstacle sector is far_right at 4.97 m and clearance status is clear.
- Lateral planning hint: prefer center progress.","{""waypoints"":[{""x"":0.3321591428571423,""y"":9.818224285714285},{""x"":0.3455519999999994,""y"":10.313759999999998},{""x"":0.3589448571428566,""y"":10.809295714285712},{""x"":0.3723377142857137,""y"":11.304831428571427},{""x"":0.3857305714285708,""y"":11.80036714285714}],""reasoning"":""Selected waypoint 0 moves the reference anchor from 18.34 m to 17.85 m from goal immediately and to 15.86 m by the final waypoint, so progress is 0.50 m selected / 2.48 m final and passes with monotonic goal-distance reduction. Kinematics is evaluated on 5 unique label waypoint(s), excluding consecutive duplicate terminal holds, and checks only that the trajectory stays within the configured bounds speed <= 15.00 m/s and acceleration <= 8.00 m/s^2, so kinematics passes. Goal is not reached within this label waypoint window. Safety passes: minimum clearance 3.26 m against manifest obstacles with 0 violating segment(s).""}",0.3321591428571423,9.818224285714285,-2.5,0.3455519999999994,10.313759999999998,-2.5,0.3589448571428566,10.809295714285712,-2.5,0.3723377142857137,11.304831428571427,-2.5,0.3857305714285708,11.80036714285714,-2.5
1773857431.049503326,1773857431.049503326,0.000,offline_ground_truth_window,"Environment section (T(v)):
- Current position NED is (0.32, 9.57, -2.52) m.
- Current velocity is (-0.01, 0.10, 0.01) m/s (speed 0.10 m/s).
- Goal position NED is (0.81, 27.66, -2.50) m.
- Output contract: predict exactly 5 waypoint x/y pairs in NED. The planner will set every waypoint z to goal z = -2.50 m before execution.
- Goal delta from current state is (0.49, 18.09, 0.02) m with distance 18.09 m.
- Obstacle pipeline: depth_camera_to_body_to_ned_current_frame.
- Current depth frame obstacle points projected into NED: 0. Nearest depth obstacle in NED is at (0.32, 9.57, -2.52) m, relative vector (20.00, 0.00, 0.00) m, distance 20.00 m.
- Depth validity fraction is 0.54. Global nearest obstacle distance is 4.97 m.
- Sector minimum distances [far_left, left, center, right, far_right] are [4.97, 4.97, 4.98, 4.98, 4.98] m.
- Nearest obstacle sector is far_left at 4.97 m and clearance status is clear.
- Lateral planning hint: prefer center progress.","{""waypoints"":[{""x"":0.3455519999999994,""y"":10.313759999999998},{""x"":0.3589448571428566,""y"":10.809295714285712},{""x"":0.3723377142857137,""y"":11.304831428571427},{""x"":0.3857305714285708,""y"":11.80036714285714},{""x"":0.399123428571428,""y"":12.295902857142856}],""reasoning"":""Selected waypoint 0 moves the reference anchor from 17.85 m to 17.35 m from goal immediately and to 15.37 m by the final waypoint, so progress is 0.50 m selected / 2.48 m final and passes with monotonic goal-distance reduction. Kinematics is evaluated on 5 unique label waypoint(s), excluding consecutive duplicate terminal holds, and checks only that the trajectory stays within the configured bounds speed <= 15.00 m/s and acceleration <= 8.00 m/s^2, so kinematics passes. Goal is not reached within this label waypoint window. Safety passes: minimum clearance 3.47 m against manifest obstacles with 0 violating segment(s).""}",0.3455519999999994,10.313759999999998,-2.5,0.3589448571428566,10.809295714285712,-2.5,0.3723377142857137,11.304831428571427,-2.5,0.3857305714285708,11.80036714285714,-2.5,0.399123428571428,12.295902857142856,-2.5
1773857438.521538973,1773857438.521538973,0.000,offline_ground_truth_window,"Environment section (T(v)):
- Current position NED is (0.33, 10.07, -2.49) m.
- Current velocity is (0.00, 0.05, -0.00) m/s (speed 0.05 m/s).
- Goal position NED is (0.81, 27.66, -2.50) m.
- Output contract: predict exactly 5 waypoint x/y pairs in NED. The planner will set every waypoint z to goal z = -2.50 m before execution.
- Goal delta from current state is (0.49, 17.59, -0.01) m with distance 17.60 m.
- Obstacle pipeline: depth_camera_to_body_to_ned_current_frame.
- Current depth frame obstacle points projected into NED: 0. Nearest depth obstacle in NED is at (0.33, 10.07, -2.49) m, relative vector (20.00, 0.00, 0.00) m, distance 20.00 m.
- Depth validity fraction is 0.55. Global nearest obstacle distance is 4.93 m.
- Sector minimum distances [far_left, left, center, right, far_right] are [4.93, 4.93, 4.93, 4.93, 4.93] m.
- Nearest obstacle sector is far_left at 4.93 m and clearance status is clear.
- Lateral planning hint: prefer center progress.","{""waypoints"":[{""x"":0.3589448571428566,""y"":10.809295714285712},{""x"":0.3723377142857137,""y"":11.304831428571427},{""x"":0.3857305714285708,""y"":11.80036714285714},{""x"":0.399123428571428,""y"":12.295902857142856},{""x"":0.4125162857142851,""y"":12.79143857142857}],""reasoning"":""Selected waypoint 0 moves the reference anchor from 17.35 m to 16.85 m from goal immediately and to 14.87 m by the final waypoint, so progress is 0.50 m selected / 2.48 m final and passes with monotonic goal-distance reduction. Kinematics is evaluated on 5 unique label waypoint(s), excluding consecutive duplicate terminal holds, and checks only that the trajectory stays within the configured bounds speed <= 15.00 m/s and acceleration <= 8.00 m/s^2, so kinematics passes. Goal is not reached within this label waypoint window. Safety passes: minimum clearance 3.58 m against manifest obstacles with 0 violating segment(s).""}",0.3589448571428566,10.809295714285712,-2.5,0.3723377142857137,11.304831428571427,-2.5,0.3857305714285708,11.80036714285714,-2.5,0.399123428571428,12.295902857142856,-2.5,0.4125162857142851,12.79143857142857,-2.5
1773857444.354478598,1773857444.354478598,0.000,offline_ground_truth_window,"Environment section (T(v)):
- Current position NED is (0.33, 10.56, -2.50) m.
- Current velocity is (-0.00, 0.07, 0.00) m/s (speed 0.07 m/s).
- Goal position NED is (0.81, 27.66, -2.50) m.
- Output contract: predict exactly 5 waypoint x/y pairs in NED. The planner will set every waypoint z to goal z = -2.50 m before execution.
- Goal delta from current state is (0.49, 17.09, 0.00) m with distance 17.10 m.
- Obstacle pipeline: depth_camera_to_body_to_ned_current_frame.
- Current depth frame obstacle points projected into NED: 0. Nearest depth obstacle in NED is at (0.33, 10.56, -2.50) m, relative vector (20.00, 0.00, 0.00) m, distance 20.00 m.
- Depth validity fraction is 0.54. Global nearest obstacle distance is 4.97 m.
- Sector minimum distances [far_left, left, center, right, far_right] are [4.97, 4.98, 4.98, 4.98, 4.99] m.
- Nearest obstacle sector is far_left at 4.97 m and clearance status is clear.
- Lateral planning hint: prefer center progress.","{""waypoints"":[{""x"":0.3723377142857137,""y"":11.304831428571427},{""x"":0.3857305714285708,""y"":11.80036714285714},{""x"":0.399123428571428,""y"":12.295902857142856},{""x"":0.4125162857142851,""y"":12.79143857142857},{""x"":0.4259091428571423,""y"":13.286974285714285}],""reasoning"":""Selected waypoint 0 moves the reference anchor from 16.85 m to 16.36 m from goal immediately and to 14.38 m by the final waypoint, so progress is 0.50 m selected / 2.48 m final and passes with monotonic goal-distance reduction. Kinematics is evaluated on 5 unique label waypoint(s), excluding consecutive duplicate terminal holds, and checks only that the trajectory stays within the configured bounds speed <= 15.00 m/s and acceleration <= 8.00 m/s^2, so kinematics passes. Goal is not reached within this label waypoint window. Safety passes: minimum clearance 3.58 m against manifest obstacles with 0 violating segment(s).""}",0.3723377142857137,11.304831428571427,-2.5,0.3857305714285708,11.80036714285714,-2.5,0.399123428571428,12.295902857142856,-2.5,0.4125162857142851,12.79143857142857,-2.5,0.4259091428571423,13.286974285714285,-2.5
1773857451.901863813,1773857451.901863813,0.000,offline_ground_truth_window,"Environment section (T(v)):
- Current position NED is (0.32, 11.06, -2.47) m.
- Current velocity is (0.00, 0.04, 0.00) m/s (speed 0.04 m/s).
- Goal position NED is (0.81, 27.66, -2.50) m.
- Output contract: predict exactly 5 waypoint x/y pairs in NED. The planner will set every waypoint z to goal z = -2.50 m before execution.
- Goal delta from current state is (0.49, 16.60, -0.03) m with distance 16.61 m.
- Obstacle pipeline: depth_camera_to_body_to_ned_current_frame.
- Current depth frame obstacle points projected into NED: 0. Nearest depth obstacle in NED is at (0.32, 11.06, -2.47) m, relative vector (20.00, 0.00, 0.00) m, distance 20.00 m.
- Depth validity fraction is 0.55. Global nearest obstacle distance is 4.89 m.
- Sector minimum distances [far_left, left, center, right, far_right] are [4.89, 4.90, 4.90, 4.90, 4.91] m.
- Nearest obstacle sector is far_left at 4.89 m and clearance status is clear.
- Lateral planning hint: prefer center progress.","{""waypoints"":[{""x"":0.3857305714285708,""y"":11.80036714285714},{""x"":0.399123428571428,""y"":12.295902857142856},{""x"":0.4125162857142851,""y"":12.79143857142857},{""x"":0.4259091428571423,""y"":13.286974285714285},{""x"":0.4393019999999994,""y"":13.782509999999998}],""reasoning"":""Selected waypoint 0 moves the reference anchor from 16.36 m to 15.86 m from goal immediately and to 13.88 m by the final waypoint, so progress is 0.50 m selected / 2.48 m final and passes with monotonic goal-distance reduction. Kinematics is evaluated on 5 unique label waypoint(s), excluding consecutive duplicate terminal holds, and checks only that the trajectory stays within the configured bounds speed <= 15.00 m/s and acceleration <= 8.00 m/s^2, so kinematics passes. Goal is not reached within this label waypoint window. Safety passes: minimum clearance 3.58 m against manifest obstacles with 0 violating segment(s).""}",0.3857305714285708,11.80036714285714,-2.5,0.399123428571428,12.295902857142856,-2.5,0.4125162857142851,12.79143857142857,-2.5,0.4259091428571423,13.286974285714285,-2.5,0.4393019999999994,13.782509999999998,-2.5
1773857458.351848364,1773857458.351848364,0.000,offline_ground_truth_window,"Environment section (T(v)):
- Current position NED is (0.36, 11.55, -2.49) m.
- Current velocity is (0.00, 0.04, -0.00) m/s (speed 0.04 m/s).
- Goal position NED is (0.81, 27.66, -2.50) m.
- Output contract: predict exactly 5 waypoint x/y pairs in NED. The planner will set every waypoint z to goal z = -2.50 m before execution.
- Goal delta from current state is (0.45, 16.10, -0.01) m with distance 16.11 m.
- Obstacle pipeline: depth_camera_to_body_to_ned_current_frame.
- Current depth frame obstacle points projected into NED: 0. Nearest depth obstacle in NED is at (0.36, 11.55, -2.49) m, relative vector (20.00, 0.00, 0.00) m, distance 20.00 m.
- Depth validity fraction is 0.55. Global nearest obstacle distance is 4.91 m.
- Sector minimum distances [far_left, left, center, right, far_right] are [4.91, 4.91, 4.91, 4.91, 4.91] m.
- Nearest obstacle sector is far_left at 4.91 m and clearance status is clear.
- Lateral planning hint: prefer center progress.","{""waypoints"":[{""x"":0.399123428571428,""y"":12.295902857142856},{""x"":0.4125162857142851,""y"":12.79143857142857},{""x"":0.4259091428571423,""y"":13.286974285714285},{""x"":0.4393019999999994,""y"":13.782509999999998},{""x"":0.4526948571428566,""y"":14.278045714285714}],""reasoning"":""Selected waypoint 0 moves the reference anchor from 15.86 m to 15.37 m from goal immediately and to 13.38 m by the final waypoint, so progress is 0.50 m selected / 2.48 m final and passes with monotonic goal-distance reduction. Kinematics is evaluated on 5 unique label waypoint(s), excluding consecutive duplicate terminal holds, and checks only that the trajectory stays within the configured bounds speed <= 15.00 m/s and acceleration <= 8.00 m/s^2, so kinematics passes. Goal is not reached within this label waypoint window. Safety passes: minimum clearance 3.62 m against manifest obstacles with 0 violating segment(s).""}",0.399123428571428,12.295902857142856,-2.5,0.4125162857142851,12.79143857142857,-2.5,0.4259091428571423,13.286974285714285,-2.5,0.4393019999999994,13.782509999999998,-2.5,0.4526948571428566,14.278045714285714,-2.5
1773857464.699958563,1773857464.699958563,0.000,offline_ground_truth_window,"Environment section (T(v)):
- Current position NED is (0.37, 12.05, -2.51) m.
- Current velocity is (0.00, 0.06, 0.01) m/s (speed 0.06 m/s).
- Goal position NED is (0.81, 27.66, -2.50) m.
- Output contract: predict exactly 5 waypoint x/y pairs in NED. The planner will set every waypoint z to goal z = -2.50 m before execution.
- Goal delta from current state is (0.45, 15.61, 0.01) m with distance 15.61 m.
- Obstacle pipeline: depth_camera_to_body_to_ned_current_frame.
- Current depth frame obstacle points projected into NED: 4. Nearest depth obstacle in NED is at (-3.91, 23.27, -2.61) m, relative vector (-4.28, 11.22, -0.10) m, distance 12.01 m.
- Depth validity fraction is 0.54. Global nearest obstacle distance is 4.99 m.
- Sector minimum distances [far_left, left, center, right, far_right] are [5.00, 5.00, 5.00, 5.00, 4.99] m.
- Nearest obstacle sector is far_right at 4.99 m and clearance status is clear.
- Lateral planning hint: prefer center progress.","{""waypoints"":[{""x"":0.4125162857142851,""y"":12.79143857142857},{""x"":0.4259091428571423,""y"":13.286974285714285},{""x"":0.4393019999999994,""y"":13.782509999999998},{""x"":0.4526948571428566,""y"":14.278045714285714},{""x"":0.4660877142857137,""y"":14.773581428571427}],""reasoning"":""Selected waypoint 0 moves the reference anchor from 15.37 m to 14.87 m from goal immediately and to 12.89 m by the final waypoint, so progress is 0.50 m selected / 2.48 m final and passes with monotonic goal-distance reduction. Kinematics is evaluated on 5 unique label waypoint(s), excluding consecutive duplicate terminal holds, and checks only that the trajectory stays within the configured bounds speed <= 15.00 m/s and acceleration <= 8.00 m/s^2, so kinematics passes. Goal is not reached within this label waypoint window. Safety passes: minimum clearance 3.72 m against manifest obstacles with 0 violating segment(s).""}",0.4125162857142851,12.79143857142857,-2.5,0.4259091428571423,13.286974285714285,-2.5,0.4393019999999994,13.782509999999998,-2.5,0.4526948571428566,14.278045714285714,-2.5,0.4660877142857137,14.773581428571427,-2.5
1773857471.305367947,1773857471.305367947,0.000,offline_ground_truth_window,"Environment section (T(v)):
- Current position NED is (0.41, 12.55, -2.51) m.
- Current velocity is (0.00, 0.07, 0.01) m/s (speed 0.07 m/s).
- Goal position NED is (0.81, 27.66, -2.50) m.
- Output contract: predict exactly 5 waypoint x/y pairs in NED. The planner will set every waypoint z to goal z = -2.50 m before execution.
- Goal delta from current state is (0.41, 15.11, 0.01) m with distance 15.12 m.
- Obstacle pipeline: depth_camera_to_body_to_ned_current_frame.
- Current depth frame obstacle points projected into NED: 1. Nearest depth obstacle in NED is at (-4.21, 23.35, -2.02) m, relative vector (-4.61, 10.81, 0.49) m, distance 11.76 m.
- Depth validity fraction is 0.57. Global nearest obstacle distance is 4.96 m.
- Sector minimum distances [far_left, left, center, right, far_right] are [4.97, 4.97, 4.97, 4.97, 4.96] m.
- Nearest obstacle sector is far_right at 4.96 m and clearance status is clear.
- Lateral planning hint: prefer center progress.","{""waypoints"":[{""x"":0.4259091428571423,""y"":13.286974285714285},{""x"":0.4393019999999994,""y"":13.782509999999998},{""x"":0.4526948571428566,""y"":14.278045714285714},{""x"":0.4660877142857137,""y"":14.773581428571427},{""x"":0.4794805714285709,""y"":15.269117142857144}],""reasoning"":""Selected waypoint 0 moves the reference anchor from 14.87 m to 14.38 m from goal immediately and to 12.39 m by the final waypoint, so progress is 0.50 m selected / 2.48 m final and passes with monotonic goal-distance reduction. Kinematics is evaluated on 5 unique label waypoint(s), excluding consecutive duplicate terminal holds, and checks only that the trajectory stays within the configured bounds speed <= 15.00 m/s and acceleration <= 8.00 m/s^2, so kinematics passes. Goal is not reached within this label waypoint window. Safety passes: minimum clearance 3.88 m against manifest obstacles with 0 violating segment(s).""}",0.4259091428571423,13.286974285714285,-2.5,0.4393019999999994,13.782509999999998,-2.5,0.4526948571428566,14.278045714285714,-2.5,0.4660877142857137,14.773581428571427,-2.5,0.4794805714285709,15.269117142857144,-2.5
1773857478.272919416,1773857478.272919416,0.000,offline_ground_truth_window,"Environment section (T(v)):
- Current position NED is (0.37, 13.04, -2.49) m.
- Current velocity is (-0.00, 0.06, 0.00) m/s (speed 0.06 m/s).
- Goal position NED is (0.81, 27.66, -2.50) m.
- Output contract: predict exactly 5 waypoint x/y pairs in NED. The planner will set every waypoint z to goal z = -2.50 m before execution.
- Goal delta from current state is (0.44, 14.62, -0.01) m with distance 14.62 m.
- Obstacle pipeline: depth_camera_to_body_to_ned_current_frame.
- Current depth frame obstacle points projected into NED: 2. Nearest depth obstacle in NED is at (-3.49, 23.55, -2.09) m, relative vector (-3.86, 10.51, 0.40) m, distance 11.21 m.
- Depth validity fraction is 0.57. Global nearest obstacle distance is 5.01 m.
- Sector minimum distances [far_left, left, center, right, far_right] are [5.01, 5.02, 5.02, 5.02, 5.02] m.
- Nearest obstacle sector is far_left at 5.01 m and clearance status is clear.
- Lateral planning hint: prefer center progress.","{""waypoints"":[{""x"":0.4393019999999994,""y"":13.782509999999998},{""x"":0.4526948571428566,""y"":14.278045714285714},{""x"":0.4660877142857137,""y"":14.773581428571427},{""x"":0.4794805714285709,""y"":15.269117142857144},{""x"":0.492873428571428,""y"":15.764652857142853}],""reasoning"":""Selected waypoint 0 moves the reference anchor from 14.38 m to 13.88 m from goal immediately and to 11.90 m by the final waypoint, so progress is 0.50 m selected / 2.48 m final and passes with monotonic goal-distance reduction. Kinematics is evaluated on 5 unique label waypoint(s), excluding consecutive duplicate terminal holds, and checks only that the trajectory stays within the configured bounds speed <= 15.00 m/s and acceleration <= 8.00 m/s^2, so kinematics passes. Goal is not reached within this label waypoint window. Safety passes: minimum clearance 4.09 m against manifest obstacles with 0 violating segment(s).""}",0.4393019999999994,13.782509999999998,-2.5,0.4526948571428566,14.278045714285714,-2.5,0.4660877142857137,14.773581428571427,-2.5,0.4794805714285709,15.269117142857144,-2.5,0.492873428571428,15.764652857142853,-2.5
1773857484.945406914,1773857484.945406914,0.000,offline_ground_truth_window,"Environment section (T(v)):
- Current position NED is (0.43, 13.54, -2.51) m.
- Current velocity is (-0.01, 0.06, 0.00) m/s (speed 0.06 m/s).
- Goal position NED is (0.81, 27.66, -2.50) m.
- Output contract: predict exactly 5 waypoint x/y pairs in NED. The planner will set every waypoint z to goal z = -2.50 m before execution.
- Goal delta from current state is (0.39, 14.12, 0.01) m with distance 14.12 m.
- Obstacle pipeline: depth_camera_to_body_to_ned_current_frame.
- Current depth frame obstacle points projected into NED: 2. Nearest depth obstacle in NED is at (-3.63, 23.33, -2.60) m, relative vector (-4.06, 9.79, -0.10) m, distance 10.59 m.
- Depth validity fraction is 0.58. Global nearest obstacle distance is 4.90 m.
- Sector minimum distances [far_left, left, center, right, far_right] are [4.90, 4.91, 4.91, 4.92, 4.92] m.
- Nearest obstacle sector is far_left at 4.90 m and clearance status is clear.
- Lateral planning hint: prefer center progress.","{""waypoints"":[{""x"":0.4526948571428566,""y"":14.278045714285714},{""x"":0.4660877142857137,""y"":14.773581428571427},{""x"":0.4794805714285709,""y"":15.269117142857144},{""x"":0.492873428571428,""y"":15.764652857142853},{""x"":0.5062662857142851,""y"":16.26018857142857}],""reasoning"":""Selected waypoint 0 moves the reference anchor from 13.88 m to 13.38 m from goal immediately and to 11.40 m by the final waypoint, so progress is 0.50 m selected / 2.48 m final and passes with monotonic goal-distance reduction. Kinematics is evaluated on 5 unique label waypoint(s), excluding consecutive duplicate terminal holds, and checks only that the trajectory stays within the configured bounds speed <= 15.00 m/s and acceleration <= 8.00 m/s^2, so kinematics passes. Goal is not reached within this label waypoint window. Safety passes: minimum clearance 4.34 m against manifest obstacles with 0 violating segment(s).""}",0.4526948571428566,14.278045714285714,-2.5,0.4660877142857137,14.773581428571427,-2.5,0.4794805714285709,15.269117142857144,-2.5,0.492873428571428,15.764652857142853,-2.5,0.5062662857142851,16.26018857142857,-2.5
1773857490.210983515,1773857490.210983515,0.000,offline_ground_truth_window,"Environment section (T(v)):
- Current position NED is (0.47, 14.03, -2.48) m.
- Current velocity is (-0.00, 0.07, 0.00) m/s (speed 0.07 m/s).
- Goal position NED is (0.81, 27.66, -2.50) m.
- Output contract: predict exactly 5 waypoint x/y pairs in NED. The planner will set every waypoint z to goal z = -2.50 m before execution.
- Goal delta from current state is (0.35, 13.63, -0.02) m with distance 13.63 m.
- Obstacle pipeline: depth_camera_to_body_to_ned_current_frame.
- Current depth frame obstacle points projected into NED: 4. Nearest depth obstacle in NED is at (-3.78, 23.31, -2.18) m, relative vector (-4.25, 9.27, 0.30) m, distance 10.21 m.
- Depth validity fraction is 0.57. Global nearest obstacle distance is 4.96 m.
- Sector minimum distances [far_left, left, center, right, far_right] are [4.96, 4.96, 4.96, 4.96, 4.96] m.
- Nearest obstacle sector is far_right at 4.96 m and clearance status is clear.
- Lateral planning hint: prefer center progress.","{""waypoints"":[{""x"":0.4660877142857137,""y"":14.773581428571427},{""x"":0.4794805714285709,""y"":15.269117142857144},{""x"":0.492873428571428,""y"":15.764652857142853},{""x"":0.5062662857142851,""y"":16.26018857142857},{""x"":0.5196591428571422,""y"":16.755724285714283}],""reasoning"":""Selected waypoint 0 moves the reference anchor from 13.38 m to 12.89 m from goal immediately and to 10.91 m by the final waypoint, so progress is 0.50 m selected / 2.48 m final and passes with monotonic goal-distance reduction. Kinematics is evaluated on 5 unique label waypoint(s), excluding consecutive duplicate terminal holds, and checks only that the trajectory stays within the configured bounds speed <= 15.00 m/s and acceleration <= 8.00 m/s^2, so kinematics passes. Goal is not reached within this label waypoint window. Safety passes: minimum clearance 4.63 m against manifest obstacles with 0 violating segment(s).""}",0.4660877142857137,14.773581428571427,-2.5,0.4794805714285709,15.269117142857144,-2.5,0.492873428571428,15.764652857142853,-2.5,0.5062662857142851,16.26018857142857,-2.5,0.5196591428571422,16.755724285714283,-2.5
1773857496.799146891,1773857496.799146891,0.000,offline_ground_truth_window,"Environment section (T(v)):
- Current position NED is (0.42, 14.53, -2.48) m.
- Current velocity is (0.01, 0.06, -0.00) m/s (speed 0.06 m/s).
- Goal position NED is (0.81, 27.66, -2.50) m.
- Output contract: predict exactly 5 waypoint x/y pairs in NED. The planner will set every waypoint z to goal z = -2.50 m before execution.
- Goal delta from current state is (0.40, 13.13, -0.02) m with distance 13.14 m.
- Obstacle pipeline: depth_camera_to_body_to_ned_current_frame.
- Current depth frame obstacle points projected into NED: 3. Nearest depth obstacle in NED is at (-3.46, 23.41, -2.52) m, relative vector (-3.88, 8.88, -0.04) m, distance 9.70 m.
- Depth validity fraction is 0.59. Global nearest obstacle distance is 4.85 m.
- Sector minimum distances [far_left, left, center, right, far_right] are [4.85, 4.86, 4.87, 4.88, 4.88] m.
- Nearest obstacle sector is far_left at 4.85 m and clearance status is clear.
- Lateral planning hint: prefer center progress.","{""waypoints"":[{""x"":0.4794805714285709,""y"":15.269117142857144},{""x"":0.492873428571428,""y"":15.764652857142853},{""x"":0.5062662857142851,""y"":16.26018857142857},{""x"":0.5196591428571422,""y"":16.755724285714283},{""x"":0.5330519999999994,""y"":17.25126}],""reasoning"":""Selected waypoint 0 moves the reference anchor from 12.89 m to 12.39 m from goal immediately and to 10.41 m by the final waypoint, so progress is 0.50 m selected / 2.48 m final and passes with monotonic goal-distance reduction. Kinematics is evaluated on 5 unique label waypoint(s), excluding consecutive duplicate terminal holds, and checks only that the trajectory stays within the configured bounds speed <= 15.00 m/s and acceleration <= 8.00 m/s^2, so kinematics passes. Goal is not reached within this label waypoint window. Safety passes: minimum clearance 4.47 m against manifest obstacles with 0 violating segment(s).""}",0.4794805714285709,15.269117142857144,-2.5,0.492873428571428,15.764652857142853,-2.5,0.5062662857142851,16.26018857142857,-2.5,0.5196591428571422,16.755724285714283,-2.5,0.5330519999999994,17.25126,-2.5
1773857503.876127005,1773857503.876127005,0.000,offline_ground_truth_window,"Environment section (T(v)):
- Current position NED is (0.48, 15.02, -2.51) m.
- Current velocity is (-0.00, 0.04, 0.00) m/s (speed 0.04 m/s).
- Goal position NED is (0.81, 27.66, -2.50) m.
- Output contract: predict exactly 5 waypoint x/y pairs in NED. The planner will set every waypoint z to goal z = -2.50 m before execution.
- Goal delta from current state is (0.33, 12.64, 0.01) m with distance 12.64 m.
- Obstacle pipeline: depth_camera_to_body_to_ned_current_frame.
- Current depth frame obstacle points projected into NED: 9. Nearest depth obstacle in NED is at (-3.36, 23.38, -2.24) m, relative vector (-3.85, 8.36, 0.26) m, distance 9.21 m.
- Depth validity fraction is 0.58. Global nearest obstacle distance is 4.89 m.
- Sector minimum distances [far_left, left, center, right, far_right] are [4.90, 4.89, 4.89, 4.89, 4.89] m.
- Nearest obstacle sector is far_right at 4.89 m and clearance status is clear.
- Lateral planning hint: prefer center progress.","{""waypoints"":[{""x"":0.492873428571428,""y"":15.764652857142853},{""x"":0.5062662857142851,""y"":16.26018857142857},{""x"":0.5196591428571422,""y"":16.755724285714283},{""x"":0.5330519999999994,""y"":17.25126},{""x"":0.5464448571428566,""y"":17.746795714285714}],""reasoning"":""Selected waypoint 0 moves the reference anchor from 12.39 m to 11.90 m from goal immediately and to 9.91 m by the final waypoint, so progress is 0.50 m selected / 2.48 m final and passes with monotonic goal-distance reduction. Kinematics is evaluated on 5 unique label waypoint(s), excluding consecutive duplicate terminal holds, and checks only that the trajectory stays within the configured bounds speed <= 15.00 m/s and acceleration <= 8.00 m/s^2, so kinematics passes. Goal is not reached within this label waypoint window. Safety passes: minimum clearance 4.31 m against manifest obstacles with 0 violating segment(s).""}",0.492873428571428,15.764652857142853,-2.5,0.5062662857142851,16.26018857142857,-2.5,0.5196591428571422,16.755724285714283,-2.5,0.5330519999999994,17.25126,-2.5,0.5464448571428566,17.746795714285714,-2.5
1773857510.041057110,1773857510.041057110,0.000,offline_ground_truth_window,"Environment section (T(v)):
- Current position NED is (0.47, 15.52, -2.48) m.
- Current velocity is (-0.01, 0.06, 0.01) m/s (speed 0.06 m/s).
- Goal position NED is (0.81, 27.66, -2.50) m.
- Output contract: predict exactly 5 waypoint x/y pairs in NED. The planner will set every waypoint z to goal z = -2.50 m before execution.
- Goal delta from current state is (0.35, 12.14, -0.02) m with distance 12.14 m.
- Obstacle pipeline: depth_camera_to_body_to_ned_current_frame.
- Current depth frame obstacle points projected into NED: 1. Nearest depth obstacle in NED is at (-3.50, 23.36, -2.46) m, relative vector (-3.97, 7.84, 0.02) m, distance 8.78 m.
- Depth validity fraction is 0.58. Global nearest obstacle distance is 4.95 m.
- Sector minimum distances [far_left, left, center, right, far_right] are [4.96, 4.95, 4.95, 4.95, 4.95] m.
- Nearest obstacle sector is far_right at 4.95 m and clearance status is clear.
- Lateral planning hint: prefer center progress.","{""waypoints"":[{""x"":0.5062662857142851,""y"":16.26018857142857},{""x"":0.5196591428571422,""y"":16.755724285714283},{""x"":0.5330519999999994,""y"":17.25126},{""x"":0.5464448571428566,""y"":17.746795714285714},{""x"":0.5598377142857137,""y"":18.242331428571426}],""reasoning"":""Selected waypoint 0 moves the reference anchor from 11.90 m to 11.40 m from goal immediately and to 9.42 m by the final waypoint, so progress is 0.50 m selected / 2.48 m final and passes with monotonic goal-distance reduction. Kinematics is evaluated on 5 unique label waypoint(s), excluding consecutive duplicate terminal holds, and checks only that the trajectory stays within the configured bounds speed <= 15.00 m/s and acceleration <= 8.00 m/s^2, so kinematics passes. Goal is not reached within this label waypoint window. Safety passes: minimum clearance 4.20 m against manifest obstacles with 0 violating segment(s).""}",0.5062662857142851,16.26018857142857,-2.5,0.5196591428571422,16.755724285714283,-2.5,0.5330519999999994,17.25126,-2.5,0.5464448571428566,17.746795714285714,-2.5,0.5598377142857137,18.242331428571426,-2.5
1773857517.594856739,1773857517.594856739,0.000,offline_ground_truth_window,"Environment section (T(v)):
- Current position NED is (0.52, 16.01, -2.49) m.
- Current velocity is (0.00, 0.05, 0.00) m/s (speed 0.05 m/s).
- Goal position NED is (0.81, 27.66, -2.50) m.
- Output contract: predict exactly 5 waypoint x/y pairs in NED. The planner will set every waypoint z to goal z = -2.50 m before execution.
- Goal delta from current state is (0.29, 11.65, -0.01) m with distance 11.65 m.
- Obstacle pipeline: depth_camera_to_body_to_ned_current_frame.
- Current depth frame obstacle points projected into NED: 3. Nearest depth obstacle in NED is at (-3.27, 23.37, -2.67) m, relative vector (-3.80, 7.36, -0.18) m, distance 8.28 m.
- Depth validity fraction is 0.58. Global nearest obstacle distance is 4.94 m.
- Sector minimum distances [far_left, left, center, right, far_right] are [4.96, 4.95, 4.95, 4.95, 4.94] m.
- Nearest obstacle sector is far_right at 4.94 m and clearance status is clear.
- Lateral planning hint: prefer center progress.","{""waypoints"":[{""x"":0.5196591428571422,""y"":16.755724285714283},{""x"":0.5330519999999994,""y"":17.25126},{""x"":0.5464448571428566,""y"":17.746795714285714},{""x"":0.5598377142857137,""y"":18.242331428571426},{""x"":0.5732305714285708,""y"":18.73786714285714}],""reasoning"":""Selected waypoint 0 moves the reference anchor from 11.40 m to 10.91 m from goal immediately and to 8.92 m by the final waypoint, so progress is 0.50 m selected / 2.48 m final and passes with monotonic goal-distance reduction. Kinematics is evaluated on 5 unique label waypoint(s), excluding consecutive duplicate terminal holds, and checks only that the trajectory stays within the configured bounds speed <= 15.00 m/s and acceleration <= 8.00 m/s^2, so kinematics passes. Goal is not reached within this label waypoint window. Safety passes: minimum clearance 4.14 m against manifest obstacles with 0 violating segment(s).""}",0.5196591428571422,16.755724285714283,-2.5,0.5330519999999994,17.25126,-2.5,0.5464448571428566,17.746795714285714,-2.5,0.5598377142857137,18.242331428571426,-2.5,0.5732305714285708,18.73786714285714,-2.5
1773857523.022051811,1773857523.022051811,0.000,offline_ground_truth_window,"Environment section (T(v)):
- Current position NED is (0.49, 16.51, -2.51) m.
- Current velocity is (-0.01, 0.06, 0.01) m/s (speed 0.06 m/s).
- Goal position NED is (0.81, 27.66, -2.50) m.
- Output contract: predict exactly 5 waypoint x/y pairs in NED. The planner will set every waypoint z to goal z = -2.50 m before execution.
- Goal delta from current state is (0.32, 11.15, 0.01) m with distance 11.15 m.
- Obstacle pipeline: depth_camera_to_body_to_ned_current_frame.
- Current depth frame obstacle points projected into NED: 8. Nearest depth obstacle in NED is at (-3.20, 23.44, -2.40) m, relative vector (-3.69, 6.93, 0.11) m, distance 7.85 m.
- Depth validity fraction is 0.58. Global nearest obstacle distance is 4.93 m.
- Sector minimum distances [far_left, left, center, right, far_right] are [4.93, 4.93, 4.94, 4.94, 4.94] m.
- Nearest obstacle sector is far_left at 4.93 m and clearance status is clear.
- Lateral planning hint: prefer center progress.","{""waypoints"":[{""x"":0.5330519999999994,""y"":17.25126},{""x"":0.5464448571428566,""y"":17.746795714285714},{""x"":0.5598377142857137,""y"":18.242331428571426},{""x"":0.5732305714285708,""y"":18.73786714285714},{""x"":0.586623428571428,""y"":19.233402857142856}],""reasoning"":""Selected waypoint 0 moves the reference anchor from 10.91 m to 10.41 m from goal immediately and to 8.43 m by the final waypoint, so progress is 0.50 m selected / 2.48 m final and passes with monotonic goal-distance reduction. Kinematics is evaluated on 5 unique label waypoint(s), excluding consecutive duplicate terminal holds, and checks only that the trajectory stays within the configured bounds speed <= 15.00 m/s and acceleration <= 8.00 m/s^2, so kinematics passes. Goal is not reached within this label waypoint window. Safety passes: minimum clearance 4.13 m against manifest obstacles with 0 violating segment(s).""}",0.5330519999999994,17.25126,-2.5,0.5464448571428566,17.746795714285714,-2.5,0.5598377142857137,18.242331428571426,-2.5,0.5732305714285708,18.73786714285714,-2.5,0.586623428571428,19.233402857142856,-2.5
1773857529.186395407,1773857529.186395407,0.000,offline_ground_truth_window,"Environment section (T(v)):
- Current position NED is (0.48, 17.01, -2.49) m.
- Current velocity is (0.01, 0.07, 0.00) m/s (speed 0.07 m/s).
- Goal position NED is (0.81, 27.66, -2.50) m.
- Output contract: predict exactly 5 waypoint x/y pairs in NED. The planner will set every waypoint z to goal z = -2.50 m before execution.
- Goal delta from current state is (0.34, 10.65, -0.01) m with distance 10.66 m.
- Obstacle pipeline: depth_camera_to_body_to_ned_current_frame.
- Current depth frame obstacle points projected into NED: 8. Nearest depth obstacle in NED is at (-3.39, 23.39, -2.61) m, relative vector (-3.87, 6.38, -0.11) m, distance 7.46 m.
- Depth validity fraction is 0.58. Global nearest obstacle distance is 4.94 m.
- Sector minimum distances [far_left, left, center, right, far_right] are [4.94, 4.95, 4.95, 4.95, 4.96] m.
- Nearest obstacle sector is far_left at 4.94 m and clearance status is clear.
- Lateral planning hint: prefer center progress.","{""waypoints"":[{""x"":0.5464448571428566,""y"":17.746795714285714},{""x"":0.5598377142857137,""y"":18.242331428571426},{""x"":0.5732305714285708,""y"":18.73786714285714},{""x"":0.586623428571428,""y"":19.233402857142856},{""x"":0.6000162857142851,""y"":19.72893857142857}],""reasoning"":""Selected waypoint 0 moves the reference anchor from 10.41 m to 9.91 m from goal immediately and to 7.93 m by the final waypoint, so progress is 0.50 m selected / 2.48 m final and passes with monotonic goal-distance reduction. Kinematics is evaluated on 5 unique label waypoint(s), excluding consecutive duplicate terminal holds, and checks only that the trajectory stays within the configured bounds speed <= 15.00 m/s and acceleration <= 8.00 m/s^2, so kinematics passes. Goal is not reached within this label waypoint window. Safety passes: minimum clearance 4.13 m against manifest obstacles with 0 violating segment(s).""}",0.5464448571428566,17.746795714285714,-2.5,0.5598377142857137,18.242331428571426,-2.5,0.5732305714285708,18.73786714285714,-2.5,0.586623428571428,19.233402857142856,-2.5,0.6000162857142851,19.72893857142857,-2.5
1773857535.466455936,1773857535.466455936,0.000,offline_ground_truth_window,"Environment section (T(v)):
- Current position NED is (0.56, 17.50, -2.48) m.
- Current velocity is (-0.01, 0.06, 0.00) m/s (speed 0.06 m/s).
- Goal position NED is (0.81, 27.66, -2.50) m.
- Output contract: predict exactly 5 waypoint x/y pairs in NED. The planner will set every waypoint z to goal z = -2.50 m before execution.
- Goal delta from current state is (0.25, 10.15, -0.02) m with distance 10.16 m.
- Obstacle pipeline: depth_camera_to_body_to_ned_current_frame.
- Current depth frame obstacle points projected into NED: 10. Nearest depth obstacle in NED is at (-3.10, 23.40, -2.50) m, relative vector (-3.67, 5.90, -0.02) m, distance 6.94 m.
- Depth validity fraction is 0.58. Global nearest obstacle distance is 4.92 m.
- Sector minimum distances [far_left, left, center, right, far_right] are [4.93, 4.93, 4.92, 4.92, 4.92] m.
- Nearest obstacle sector is far_right at 4.92 m and clearance status is clear.
- Lateral planning hint: prefer center progress.","{""waypoints"":[{""x"":0.5598377142857137,""y"":18.242331428571426},{""x"":0.5732305714285708,""y"":18.73786714285714},{""x"":0.586623428571428,""y"":19.233402857142856},{""x"":0.6000162857142851,""y"":19.72893857142857},{""x"":0.6134091428571422,""y"":20.224474285714283}],""reasoning"":""Selected waypoint 0 moves the reference anchor from 9.91 m to 9.42 m from goal immediately and to 7.44 m by the final waypoint, so progress is 0.50 m selected / 2.48 m final and passes with monotonic goal-distance reduction. Kinematics is evaluated on 5 unique label waypoint(s), excluding consecutive duplicate terminal holds, and checks only that the trajectory stays within the configured bounds speed <= 15.00 m/s and acceleration <= 8.00 m/s^2, so kinematics passes. Goal is not reached within this label waypoint window. Safety passes: minimum clearance 4.13 m against manifest obstacles with 0 violating segment(s).""}",0.5598377142857137,18.242331428571426,-2.5,0.5732305714285708,18.73786714285714,-2.5,0.586623428571428,19.233402857142856,-2.5,0.6000162857142851,19.72893857142857,-2.5,0.6134091428571422,20.224474285714283,-2.5
1773857542.076500177,1773857542.076500177,0.000,offline_ground_truth_window,"Environment section (T(v)):
- Current position NED is (0.55, 18.00, -2.48) m.
- Current velocity is (0.00, 0.06, 0.00) m/s (speed 0.06 m/s).
- Goal position NED is (0.81, 27.66, -2.50) m.
- Output contract: predict exactly 5 waypoint x/y pairs in NED. The planner will set every waypoint z to goal z = -2.50 m before execution.
- Goal delta from current state is (0.27, 9.66, -0.02) m with distance 9.67 m.
- Obstacle pipeline: depth_camera_to_body_to_ned_current_frame.
- Current depth frame obstacle points projected into NED: 13. Nearest depth obstacle in NED is at (-2.99, 23.46, -2.68) m, relative vector (-3.54, 5.46, -0.20) m, distance 6.51 m.
- Depth validity fraction is 0.58. Global nearest obstacle distance is 4.89 m.
- Sector minimum distances [far_left, left, center, right, far_right] are [4.89, 4.89, 4.89, 4.89, 4.89] m.
- Nearest obstacle sector is far_right at 4.89 m and clearance status is clear.
- Lateral planning hint: prefer center progress.","{""waypoints"":[{""x"":0.5732305714285708,""y"":18.73786714285714},{""x"":0.586623428571428,""y"":19.233402857142856},{""x"":0.6000162857142851,""y"":19.72893857142857},{""x"":0.6134091428571422,""y"":20.224474285714283},{""x"":0.6268019999999994,""y"":20.72001}],""reasoning"":""Selected waypoint 0 moves the reference anchor from 9.42 m to 8.92 m from goal immediately and to 6.94 m by the final waypoint, so progress is 0.50 m selected / 2.48 m final and passes with monotonic goal-distance reduction. Kinematics is evaluated on 5 unique label waypoint(s), excluding consecutive duplicate terminal holds, and checks only that the trajectory stays within the configured bounds speed <= 15.00 m/s and acceleration <= 8.00 m/s^2, so kinematics passes. Goal is not reached within this label waypoint window. Safety passes: minimum clearance 4.12 m against manifest obstacles with 0 violating segment(s).""}",0.5732305714285708,18.73786714285714,-2.5,0.586623428571428,19.233402857142856,-2.5,0.6000162857142851,19.72893857142857,-2.5,0.6134091428571422,20.224474285714283,-2.5,0.6268019999999994,20.72001,-2.5
1773857549.696907043,1773857549.696907043,0.000,offline_ground_truth_window,"Environment section (T(v)):
- Current position NED is (0.54, 18.49, -2.50) m.
- Current velocity is (0.01, 0.05, 0.00) m/s (speed 0.05 m/s).
- Goal position NED is (0.81, 27.66, -2.50) m.
- Output contract: predict exactly 5 waypoint x/y pairs in NED. The planner will set every waypoint z to goal z = -2.50 m before execution.
- Goal delta from current state is (0.28, 9.17, -0.00) m with distance 9.17 m.
- Obstacle pipeline: depth_camera_to_body_to_ned_current_frame.
- Current depth frame obstacle points projected into NED: 9. Nearest depth obstacle in NED is at (-3.06, 23.43, -2.36) m, relative vector (-3.60, 4.94, 0.14) m, distance 6.11 m.
- Depth validity fraction is 0.58. Global nearest obstacle distance is 4.88 m.
- Sector minimum distances [far_left, left, center, right, far_right] are [4.88, 4.88, 4.88, 4.88, 4.88] m.
- Nearest obstacle sector is far_left at 4.88 m and clearance status is clear.
- Lateral planning hint: prefer center progress.","{""waypoints"":[{""x"":0.586623428571428,""y"":19.233402857142856},{""x"":0.6000162857142851,""y"":19.72893857142857},{""x"":0.6134091428571422,""y"":20.224474285714283},{""x"":0.6268019999999994,""y"":20.72001},{""x"":0.6401948571428566,""y"":21.215545714285714}],""reasoning"":""Selected waypoint 0 moves the reference anchor from 8.92 m to 8.43 m from goal immediately and to 6.44 m by the final waypoint, so progress is 0.50 m selected / 2.48 m final and passes with monotonic goal-distance reduction. Kinematics is evaluated on 5 unique label waypoint(s), excluding consecutive duplicate terminal holds, and checks only that the trajectory stays within the configured bounds speed <= 15.00 m/s and acceleration <= 8.00 m/s^2, so kinematics passes. Goal is not reached within this label waypoint window. Safety passes: minimum clearance 3.88 m against manifest obstacles with 0 violating segment(s).""}",0.586623428571428,19.233402857142856,-2.5,0.6000162857142851,19.72893857142857,-2.5,0.6134091428571422,20.224474285714283,-2.5,0.6268019999999994,20.72001,-2.5,0.6401948571428566,21.215545714285714,-2.5
1773857555.535611391,1773857555.535611391,0.000,offline_ground_truth_window,"Environment section (T(v)):
- Current position NED is (0.59, 18.99, -2.49) m.
- Current velocity is (-0.02, 0.07, 0.00) m/s (speed 0.07 m/s).
- Goal position NED is (0.81, 27.66, -2.50) m.
- Output contract: predict exactly 5 waypoint x/y pairs in NED. The planner will set every waypoint z to goal z = -2.50 m before execution.
- Goal delta from current state is (0.22, 8.67, -0.01) m with distance 8.67 m.
- Obstacle pipeline: depth_camera_to_body_to_ned_current_frame.
- Current depth frame obstacle points projected into NED: 7. Nearest depth obstacle in NED is at (-2.92, 23.50, -2.28) m, relative vector (-3.51, 4.51, 0.21) m, distance 5.72 m.
- Depth validity fraction is 0.57. Global nearest obstacle distance is 4.50 m.
- Sector minimum distances [far_left, left, center, right, far_right] are [4.50, 4.99, 5.00, 5.00, 5.01] m.
- Nearest obstacle sector is far_left at 4.50 m and clearance status is clear.
- Lateral planning hint: prefer center progress.","{""waypoints"":[{""x"":0.6000162857142851,""y"":19.72893857142857},{""x"":0.6134091428571422,""y"":20.224474285714283},{""x"":0.6268019999999994,""y"":20.72001},{""x"":0.6401948571428566,""y"":21.215545714285714},{""x"":0.6535877142857137,""y"":21.711081428571426}],""reasoning"":""Selected waypoint 0 moves the reference anchor from 8.43 m to 7.93 m from goal immediately and to 5.95 m by the final waypoint, so progress is 0.50 m selected / 2.48 m final and passes with monotonic goal-distance reduction. Kinematics is evaluated on 5 unique label waypoint(s), excluding consecutive duplicate terminal holds, and checks only that the trajectory stays within the configured bounds speed <= 15.00 m/s and acceleration <= 8.00 m/s^2, so kinematics passes. Goal is not reached within this label waypoint window. Safety passes: minimum clearance 3.68 m against manifest obstacles with 0 violating segment(s).""}",0.6000162857142851,19.72893857142857,-2.5,0.6134091428571422,20.224474285714283,-2.5,0.6268019999999994,20.72001,-2.5,0.6401948571428566,21.215545714285714,-2.5,0.6535877142857137,21.711081428571426,-2.5
1773857562.557642460,1773857562.557642460,0.000,offline_ground_truth_window,"Environment section (T(v)):
- Current position NED is (0.61, 19.48, -2.52) m.
- Current velocity is (-0.00, 0.07, 0.01) m/s (speed 0.07 m/s).
- Goal position NED is (0.81, 27.66, -2.50) m.
- Output contract: predict exactly 5 waypoint x/y pairs in NED. The planner will set every waypoint z to goal z = -2.50 m before execution.
- Goal delta from current state is (0.21, 8.17, 0.02) m with distance 8.18 m.
- Obstacle pipeline: depth_camera_to_body_to_ned_current_frame.
- Current depth frame obstacle points projected into NED: 28. Nearest depth obstacle in NED is at (-2.70, 23.81, -2.62) m, relative vector (-3.31, 4.33, -0.10) m, distance 5.45 m.
- Depth validity fraction is 0.58. Global nearest obstacle distance is 4.27 m.
- Sector minimum distances [far_left, left, center, right, far_right] are [4.27, 4.97, 4.97, 4.97, 4.97] m.
- Nearest obstacle sector is far_left at 4.27 m and clearance status is clear.
- Lateral planning hint: prefer center progress.","{""waypoints"":[{""x"":0.6134091428571422,""y"":20.224474285714283},{""x"":0.6268019999999994,""y"":20.72001},{""x"":0.6401948571428566,""y"":21.215545714285714},{""x"":0.6535877142857137,""y"":21.711081428571426},{""x"":0.6669805714285708,""y"":22.20661714285714}],""reasoning"":""Selected waypoint 0 moves the reference anchor from 7.93 m to 7.44 m from goal immediately and to 5.45 m by the final waypoint, so progress is 0.50 m selected / 2.48 m final and passes with monotonic goal-distance reduction. Kinematics is evaluated on 5 unique label waypoint(s), excluding consecutive duplicate terminal holds, and checks only that the trajectory stays within the configured bounds speed <= 15.00 m/s and acceleration <= 8.00 m/s^2, so kinematics passes. Goal is not reached within this label waypoint window. Safety passes: minimum clearance 3.53 m against manifest obstacles with 0 violating segment(s).""}",0.6134091428571422,20.224474285714283,-2.5,0.6268019999999994,20.72001,-2.5,0.6401948571428566,21.215545714285714,-2.5,0.6535877142857137,21.711081428571426,-2.5,0.6669805714285708,22.20661714285714,-2.5
1773857568.017416716,1773857568.017416716,0.000,offline_ground_truth_window,"Environment section (T(v)):
- Current position NED is (0.59, 19.98, -2.49) m.
- Current velocity is (0.01, 0.09, 0.01) m/s (speed 0.09 m/s).
- Goal position NED is (0.81, 27.66, -2.50) m.
- Output contract: predict exactly 5 waypoint x/y pairs in NED. The planner will set every waypoint z to goal z = -2.50 m before execution.
- Goal delta from current state is (0.22, 7.68, -0.01) m with distance 7.68 m.
- Obstacle pipeline: depth_camera_to_body_to_ned_current_frame.
- Current depth frame obstacle points projected into NED: 38. Nearest depth obstacle in NED is at (0.54, 28.37, -2.25) m, relative vector (-0.05, 8.39, 0.24) m, distance 8.39 m.
- Depth validity fraction is 0.57. Global nearest obstacle distance is 4.96 m.
- Sector minimum distances [far_left, left, center, right, far_right] are [4.97, 4.97, 4.96, 4.96, 4.96] m.
- Nearest obstacle sector is far_right at 4.96 m and clearance status is clear.
- Lateral planning hint: prefer center progress.","{""waypoints"":[{""x"":0.6268019999999994,""y"":20.72001},{""x"":0.6401948571428566,""y"":21.215545714285714},{""x"":0.6535877142857137,""y"":21.711081428571426},{""x"":0.6669805714285708,""y"":22.20661714285714},{""x"":0.680373428571428,""y"":22.702152857142856}],""reasoning"":""Selected waypoint 0 moves the reference anchor from 7.44 m to 6.94 m from goal immediately and to 4.96 m by the final waypoint, so progress is 0.50 m selected / 2.48 m final and passes with monotonic goal-distance reduction. Kinematics is evaluated on 5 unique label waypoint(s), excluding consecutive duplicate terminal holds, and checks only that the trajectory stays within the configured bounds speed <= 15.00 m/s and acceleration <= 8.00 m/s^2, so kinematics passes. Goal is not reached within this label waypoint window. Safety passes: minimum clearance 3.43 m against manifest obstacles with 0 violating segment(s).""}",0.6268019999999994,20.72001,-2.5,0.6401948571428566,21.215545714285714,-2.5,0.6535877142857137,21.711081428571426,-2.5,0.6669805714285708,22.20661714285714,-2.5,0.680373428571428,22.702152857142856,-2.5
1773857575.472451210,1773857575.472451210,0.000,offline_ground_truth_window,"Environment section (T(v)):
- Current position NED is (0.63, 20.48, -2.50) m.
- Current velocity is (-0.00, 0.05, -0.00) m/s (speed 0.05 m/s).
- Goal position NED is (0.81, 27.66, -2.50) m.
- Output contract: predict exactly 5 waypoint x/y pairs in NED. The planner will set every waypoint z to goal z = -2.50 m before execution.
- Goal delta from current state is (0.19, 7.18, -0.00) m with distance 7.18 m.
- Obstacle pipeline: depth_camera_to_body_to_ned_current_frame.
- Current depth frame obstacle points projected into NED: 36. Nearest depth obstacle in NED is at (-2.43, 28.66, -1.70) m, relative vector (-3.06, 8.18, 0.79) m, distance 8.77 m.
- Depth validity fraction is 0.58. Global nearest obstacle distance is 4.86 m.
- Sector minimum distances [far_left, left, center, right, far_right] are [4.86, 4.86, 4.86, 4.86, 4.86] m.
- Nearest obstacle sector is far_left at 4.86 m and clearance status is clear.
- Lateral planning hint: prefer center progress.","{""waypoints"":[{""x"":0.6401948571428566,""y"":21.215545714285714},{""x"":0.6535877142857137,""y"":21.711081428571426},{""x"":0.6669805714285708,""y"":22.20661714285714},{""x"":0.680373428571428,""y"":22.702152857142856},{""x"":0.6937662857142851,""y"":23.19768857142857}],""reasoning"":""Selected waypoint 0 moves the reference anchor from 6.94 m to 6.44 m from goal immediately and to 4.46 m by the final waypoint, so progress is 0.50 m selected / 2.48 m final and passes with monotonic goal-distance reduction. Kinematics is evaluated on 5 unique label waypoint(s), excluding consecutive duplicate terminal holds, and checks only that the trajectory stays within the configured bounds speed <= 15.00 m/s and acceleration <= 8.00 m/s^2, so kinematics passes. Goal is not reached within this label waypoint window. Safety passes: minimum clearance 3.40 m against manifest obstacles with 0 violating segment(s).""}",0.6401948571428566,21.215545714285714,-2.5,0.6535877142857137,21.711081428571426,-2.5,0.6669805714285708,22.20661714285714,-2.5,0.680373428571428,22.702152857142856,-2.5,0.6937662857142851,23.19768857142857,-2.5
1773857582.845651150,1773857582.845651150,0.000,offline_ground_truth_window,"Environment section (T(v)):
- Current position NED is (0.64, 20.97, -2.48) m.
- Current velocity is (-0.01, 0.04, 0.00) m/s (speed 0.04 m/s).
- Goal position NED is (0.81, 27.66, -2.50) m.
- Output contract: predict exactly 5 waypoint x/y pairs in NED. The planner will set every waypoint z to goal z = -2.50 m before execution.
- Goal delta from current state is (0.17, 6.69, -0.02) m with distance 6.69 m.
- Obstacle pipeline: depth_camera_to_body_to_ned_current_frame.
- Current depth frame obstacle points projected into NED: 41. Nearest depth obstacle in NED is at (0.30, 28.07, -2.52) m, relative vector (-0.34, 7.10, -0.04) m, distance 7.11 m.
- Depth validity fraction is 0.58. Global nearest obstacle distance is 4.86 m.
- Sector minimum distances [far_left, left, center, right, far_right] are [4.86, 4.87, 4.87, 4.87, 4.88] m.
- Nearest obstacle sector is far_left at 4.86 m and clearance status is clear.
- Lateral planning hint: prefer center progress.","{""waypoints"":[{""x"":0.6535877142857137,""y"":21.711081428571426},{""x"":0.6669805714285708,""y"":22.20661714285714},{""x"":0.680373428571428,""y"":22.702152857142856},{""x"":0.6937662857142851,""y"":23.19768857142857},{""x"":0.7071591428571422,""y"":23.693224285714283}],""reasoning"":""Selected waypoint 0 moves the reference anchor from 6.44 m to 5.95 m from goal immediately and to 3.97 m by the final waypoint, so progress is 0.50 m selected / 2.48 m final and passes with monotonic goal-distance reduction. Kinematics is evaluated on 5 unique label waypoint(s), excluding consecutive duplicate terminal holds, and checks only that the trajectory stays within the configured bounds speed <= 15.00 m/s and acceleration <= 8.00 m/s^2, so kinematics passes. Goal is not reached within this label waypoint window. Safety passes: minimum clearance 3.40 m against manifest obstacles with 0 violating segment(s).""}",0.6535877142857137,21.711081428571426,-2.5,0.6669805714285708,22.20661714285714,-2.5,0.680373428571428,22.702152857142856,-2.5,0.6937662857142851,23.19768857142857,-2.5,0.7071591428571422,23.693224285714283,-2.5
1773857588.329930544,1773857588.329930544,0.000,offline_ground_truth_window,"Environment section (T(v)):
- Current position NED is (0.68, 21.47, -2.47) m.
- Current velocity is (-0.01, 0.07, 0.00) m/s (speed 0.07 m/s).
- Goal position NED is (0.81, 27.66, -2.50) m.
- Output contract: predict exactly 5 waypoint x/y pairs in NED. The planner will set every waypoint z to goal z = -2.50 m before execution.
- Goal delta from current state is (0.14, 6.19, -0.03) m with distance 6.19 m.
- Obstacle pipeline: depth_camera_to_body_to_ned_current_frame.
- Current depth frame obstacle points projected into NED: 49. Nearest depth obstacle in NED is at (0.92, 28.46, -2.40) m, relative vector (0.24, 7.00, 0.06) m, distance 7.00 m.
- Depth validity fraction is 0.57. Global nearest obstacle distance is 4.98 m.
- Sector minimum distances [far_left, left, center, right, far_right] are [4.98, 4.98, 4.98, 4.98, 4.98] m.
- Nearest obstacle sector is far_right at 4.98 m and clearance status is clear.
- Lateral planning hint: prefer center progress.","{""waypoints"":[{""x"":0.6669805714285708,""y"":22.20661714285714},{""x"":0.680373428571428,""y"":22.702152857142856},{""x"":0.6937662857142851,""y"":23.19768857142857},{""x"":0.7071591428571422,""y"":23.693224285714283},{""x"":0.7205519999999994,""y"":24.18876}],""reasoning"":""Selected waypoint 0 moves the reference anchor from 5.95 m to 5.45 m from goal immediately and to 3.47 m by the final waypoint, so progress is 0.50 m selected / 2.48 m final and passes with monotonic goal-distance reduction. Kinematics is evaluated on 5 unique label waypoint(s), excluding consecutive duplicate terminal holds, and checks only that the trajectory stays within the configured bounds speed <= 15.00 m/s and acceleration <= 8.00 m/s^2, so kinematics passes. Goal is not reached within this label waypoint window. Safety passes: minimum clearance 3.40 m against manifest obstacles with 0 violating segment(s).""}",0.6669805714285708,22.20661714285714,-2.5,0.680373428571428,22.702152857142856,-2.5,0.6937662857142851,23.19768857142857,-2.5,0.7071591428571422,23.693224285714283,-2.5,0.7205519999999994,24.18876,-2.5
1773857593.666753292,1773857593.666753292,0.000,offline_ground_truth_window,"Environment section (T(v)):
- Current position NED is (0.68, 21.96, -2.48) m.
- Current velocity is (-0.01, 0.10, -0.00) m/s (speed 0.10 m/s).
- Goal position NED is (0.81, 27.66, -2.50) m.
- Output contract: predict exactly 5 waypoint x/y pairs in NED. The planner will set every waypoint z to goal z = -2.50 m before execution.
- Goal delta from current state is (0.13, 5.70, -0.02) m with distance 5.70 m.
- Obstacle pipeline: depth_camera_to_body_to_ned_current_frame.
- Current depth frame obstacle points projected into NED: 42. Nearest depth obstacle in NED is at (0.59, 28.05, -2.59) m, relative vector (-0.09, 6.09, -0.11) m, distance 6.09 m.
- Depth validity fraction is 0.57. Global nearest obstacle distance is 4.96 m.
- Sector minimum distances [far_left, left, center, right, far_right] are [4.96, 4.96, 4.96, 4.96, 4.96] m.
- Nearest obstacle sector is far_left at 4.96 m and clearance status is clear.
- Lateral planning hint: prefer center progress.","{""waypoints"":[{""x"":0.680373428571428,""y"":22.702152857142856},{""x"":0.6937662857142851,""y"":23.19768857142857},{""x"":0.7071591428571422,""y"":23.693224285714283},{""x"":0.7205519999999994,""y"":24.18876},{""x"":0.7339448571428566,""y"":24.684295714285714}],""reasoning"":""Selected waypoint 0 moves the reference anchor from 5.45 m to 4.96 m from goal immediately and to 2.97 m by the final waypoint, so progress is 0.50 m selected / 2.48 m final and passes with monotonic goal-distance reduction. Kinematics is evaluated on 5 unique label waypoint(s), excluding consecutive duplicate terminal holds, and checks only that the trajectory stays within the configured bounds speed <= 15.00 m/s and acceleration <= 8.00 m/s^2, so kinematics passes. Goal is not reached within this label waypoint window. Safety passes: minimum clearance 3.40 m against manifest obstacles with 0 violating segment(s).""}",0.680373428571428,22.702152857142856,-2.5,0.6937662857142851,23.19768857142857,-2.5,0.7071591428571422,23.693224285714283,-2.5,0.7205519999999994,24.18876,-2.5,0.7339448571428566,24.684295714285714,-2.5
1773857601.258144855,1773857601.258144855,0.000,offline_ground_truth_window,"Environment section (T(v)):
- Current position NED is (0.66, 22.46, -2.49) m.
- Current velocity is (-0.00, 0.05, 0.00) m/s (speed 0.05 m/s).
- Goal position NED is (0.81, 27.66, -2.50) m.
- Output contract: predict exactly 5 waypoint x/y pairs in NED. The planner will set every waypoint z to goal z = -2.50 m before execution.
- Goal delta from current state is (0.15, 5.20, -0.01) m with distance 5.20 m.
- Obstacle pipeline: depth_camera_to_body_to_ned_current_frame.
- Current depth frame obstacle points projected into NED: 52. Nearest depth obstacle in NED is at (0.63, 27.88, -2.61) m, relative vector (-0.03, 5.43, -0.12) m, distance 5.43 m.
- Depth validity fraction is 0.57. Global nearest obstacle distance is 4.98 m.
- Sector minimum distances [far_left, left, center, right, far_right] are [4.98, 4.98, 4.98, 4.99, 4.99] m.
- Nearest obstacle sector is far_left at 4.98 m and clearance status is clear.
- Lateral planning hint: prefer center progress.","{""waypoints"":[{""x"":0.6937662857142851,""y"":23.19768857142857},{""x"":0.7071591428571422,""y"":23.693224285714283},{""x"":0.7205519999999994,""y"":24.18876},{""x"":0.7339448571428566,""y"":24.684295714285714},{""x"":0.7473377142857137,""y"":25.179831428571426}],""reasoning"":""Selected waypoint 0 moves the reference anchor from 4.96 m to 4.46 m from goal immediately and to 2.48 m by the final waypoint, so progress is 0.50 m selected / 2.48 m final and passes with monotonic goal-distance reduction. Kinematics is evaluated on 5 unique label waypoint(s), excluding consecutive duplicate terminal holds, and checks only that the trajectory stays within the configured bounds speed <= 15.00 m/s and acceleration <= 8.00 m/s^2, so kinematics passes. Goal is not reached within this label waypoint window. Safety passes: minimum clearance 3.40 m against manifest obstacles with 0 violating segment(s).""}",0.6937662857142851,23.19768857142857,-2.5,0.7071591428571422,23.693224285714283,-2.5,0.7205519999999994,24.18876,-2.5,0.7339448571428566,24.684295714285714,-2.5,0.7473377142857137,25.179831428571426,-2.5
1773857608.304866314,1773857608.304866314,0.000,offline_ground_truth_window,"Environment section (T(v)):
- Current position NED is (0.73, 22.95, -2.51) m.
- Current velocity is (-0.01, 0.05, 0.00) m/s (speed 0.05 m/s).
- Goal position NED is (0.81, 27.66, -2.50) m.
- Output contract: predict exactly 5 waypoint x/y pairs in NED. The planner will set every waypoint z to goal z = -2.50 m before execution.
- Goal delta from current state is (0.08, 4.71, 0.01) m with distance 4.71 m.
- Obstacle pipeline: depth_camera_to_body_to_ned_current_frame.
- Current depth frame obstacle points projected into NED: 54. Nearest depth obstacle in NED is at (0.65, 27.89, -2.59) m, relative vector (-0.08, 4.94, -0.08) m, distance 4.94 m.
- Depth validity fraction is 0.58. Global nearest obstacle distance is 4.71 m.
- Sector minimum distances [far_left, left, center, right, far_right] are [4.96, 4.96, 4.71, 4.76, 4.94] m.
- Nearest obstacle sector is center at 4.71 m and clearance status is clear.
- Lateral planning hint: prefer center progress.","{""waypoints"":[{""x"":0.7071591428571422,""y"":23.693224285714283},{""x"":0.7205519999999994,""y"":24.18876},{""x"":0.7339448571428566,""y"":24.684295714285714},{""x"":0.7473377142857137,""y"":25.179831428571426},{""x"":0.7607305714285708,""y"":25.67536714285714}],""reasoning"":""Selected waypoint 0 moves the reference anchor from 4.46 m to 3.97 m from goal immediately and to 1.98 m by the final waypoint, so progress is 0.50 m selected / 2.48 m final and passes with monotonic goal-distance reduction. Kinematics is evaluated on 5 unique label waypoint(s), excluding consecutive duplicate terminal holds, and checks only that the trajectory stays within the configured bounds speed <= 15.00 m/s and acceleration <= 8.00 m/s^2, so kinematics passes. Goal is not reached within this label waypoint window. Safety passes: minimum clearance 3.40 m against manifest obstacles with 0 violating segment(s).""}",0.7071591428571422,23.693224285714283,-2.5,0.7205519999999994,24.18876,-2.5,0.7339448571428566,24.684295714285714,-2.5,0.7473377142857137,25.179831428571426,-2.5,0.7607305714285708,25.67536714285714,-2.5
1773857615.609519720,1773857615.609519720,0.000,offline_ground_truth_window,"Environment section (T(v)):
- Current position NED is (0.68, 23.45, -2.52) m.
- Current velocity is (-0.00, 0.06, 0.01) m/s (speed 0.06 m/s).
- Goal position NED is (0.81, 27.66, -2.50) m.
- Output contract: predict exactly 5 waypoint x/y pairs in NED. The planner will set every waypoint z to goal z = -2.50 m before execution.
- Goal delta from current state is (0.14, 4.21, 0.02) m with distance 4.21 m.
- Obstacle pipeline: depth_camera_to_body_to_ned_current_frame.
- Current depth frame obstacle points projected into NED: 72. Nearest depth obstacle in NED is at (0.94, 27.81, -2.69) m, relative vector (0.26, 4.37, -0.17) m, distance 4.38 m.
- Depth validity fraction is 0.58. Global nearest obstacle distance is 4.22 m.
- Sector minimum distances [far_left, left, center, right, far_right] are [5.03, 5.04, 4.22, 4.25, 5.05] m.
- Nearest obstacle sector is center at 4.22 m and clearance status is clear.
- Lateral planning hint: prefer center progress.","{""waypoints"":[{""x"":0.7205519999999994,""y"":24.18876},{""x"":0.7339448571428566,""y"":24.684295714285714},{""x"":0.7473377142857137,""y"":25.179831428571426},{""x"":0.7607305714285708,""y"":25.67536714285714},{""x"":0.774123428571428,""y"":26.170902857142856}],""reasoning"":""Selected waypoint 0 moves the reference anchor from 3.97 m to 3.47 m from goal immediately and to 1.49 m by the final waypoint, so progress is 0.50 m selected / 2.48 m final and passes with monotonic goal-distance reduction. Kinematics is evaluated on 5 unique label waypoint(s), excluding consecutive duplicate terminal holds, and checks only that the trajectory stays within the configured bounds speed <= 15.00 m/s and acceleration <= 8.00 m/s^2, so kinematics passes. Goal is not reached within this label waypoint window. Safety passes: minimum clearance 3.43 m against manifest obstacles with 0 violating segment(s).""}",0.7205519999999994,24.18876,-2.5,0.7339448571428566,24.684295714285714,-2.5,0.7473377142857137,25.179831428571426,-2.5,0.7607305714285708,25.67536714285714,-2.5,0.774123428571428,26.170902857142856,-2.5
1773857621.896541119,1773857621.896541119,0.000,offline_ground_truth_window,"Environment section (T(v)):
- Current position NED is (0.73, 23.94, -2.51) m.
- Current velocity is (0.00, 0.07, 0.01) m/s (speed 0.07 m/s).
- Goal position NED is (0.81, 27.66, -2.50) m.
- Output contract: predict exactly 5 waypoint x/y pairs in NED. The planner will set every waypoint z to goal z = -2.50 m before execution.
- Goal delta from current state is (0.08, 3.71, 0.01) m with distance 3.71 m.
- Obstacle pipeline: depth_camera_to_body_to_ned_current_frame.
- Current depth frame obstacle points projected into NED: 73. Nearest depth obstacle in NED is at (0.71, 27.86, -2.59) m, relative vector (-0.02, 3.92, -0.08) m, distance 3.92 m.
- Depth validity fraction is 0.59. Global nearest obstacle distance is 3.73 m.
- Sector minimum distances [far_left, left, center, right, far_right] are [4.66, 4.95, 3.73, 3.75, 4.94] m.
- Nearest obstacle sector is center at 3.73 m and clearance status is clear.
- Lateral planning hint: left side is clearer.","{""waypoints"":[{""x"":0.7339448571428566,""y"":24.684295714285714},{""x"":0.7473377142857137,""y"":25.179831428571426},{""x"":0.7607305714285708,""y"":25.67536714285714},{""x"":0.774123428571428,""y"":26.170902857142856},{""x"":0.7875162857142851,""y"":26.66643857142857}],""reasoning"":""Selected waypoint 0 moves the reference anchor from 3.47 m to 2.97 m from goal immediately and to 0.99 m by the final waypoint, so progress is 0.50 m selected / 2.48 m final and passes with monotonic goal-distance reduction. Kinematics is evaluated on 5 unique label waypoint(s), excluding consecutive duplicate terminal holds, and checks only that the trajectory stays within the configured bounds speed <= 15.00 m/s and acceleration <= 8.00 m/s^2, so kinematics passes. Goal is not reached within this label waypoint window. Safety passes: minimum clearance 3.27 m against manifest obstacles with 0 violating segment(s).""}",0.7339448571428566,24.684295714285714,-2.5,0.7473377142857137,25.179831428571426,-2.5,0.7607305714285708,25.67536714285714,-2.5,0.774123428571428,26.170902857142856,-2.5,0.7875162857142851,26.66643857142857,-2.5
1773857628.553766966,1773857628.553766966,0.000,offline_ground_truth_window,"Environment section (T(v)):
- Current position NED is (0.70, 24.44, -2.52) m.
- Current velocity is (-0.00, 0.05, 0.01) m/s (speed 0.05 m/s).
- Goal position NED is (0.81, 27.66, -2.50) m.
- Output contract: predict exactly 5 waypoint x/y pairs in NED. The planner will set every waypoint z to goal z = -2.50 m before execution.
- Goal delta from current state is (0.12, 3.22, 0.02) m with distance 3.22 m.
- Obstacle pipeline: depth_camera_to_body_to_ned_current_frame.
- Current depth frame obstacle points projected into NED: 117. Nearest depth obstacle in NED is at (0.82, 27.84, -2.60) m, relative vector (0.12, 3.40, -0.08) m, distance 3.41 m.
- Depth validity fraction is 0.61. Global nearest obstacle distance is 3.25 m.
- Sector minimum distances [far_left, left, center, right, far_right] are [4.18, 4.88, 3.25, 3.26, 4.90] m.
- Nearest obstacle sector is center at 3.25 m and clearance status is clear.
- Lateral planning hint: left side is clearer.","{""waypoints"":[{""x"":0.7473377142857137,""y"":25.179831428571426},{""x"":0.7607305714285708,""y"":25.67536714285714},{""x"":0.774123428571428,""y"":26.170902857142856},{""x"":0.7875162857142851,""y"":26.66643857142857},{""x"":0.8009091428571422,""y"":27.161974285714283}],""reasoning"":""Selected waypoint 0 moves the reference anchor from 2.97 m to 2.48 m from goal immediately and to 0.50 m by the final waypoint, so progress is 0.50 m selected / 2.48 m final and passes with monotonic goal-distance reduction. Kinematics is evaluated on 5 unique label waypoint(s), excluding consecutive duplicate terminal holds, and checks only that the trajectory stays within the configured bounds speed <= 15.00 m/s and acceleration <= 8.00 m/s^2, so kinematics passes. Goal is not reached within this label waypoint window. Safety passes: minimum clearance 3.09 m against manifest obstacles with 0 violating segment(s).""}",0.7473377142857137,25.179831428571426,-2.5,0.7607305714285708,25.67536714285714,-2.5,0.774123428571428,26.170902857142856,-2.5,0.7875162857142851,26.66643857142857,-2.5,0.8009091428571422,27.161974285714283,-2.5
1773857634.987970829,1773857634.987970829,0.000,offline_ground_truth_window,"Environment section (T(v)):
- Current position NED is (0.77, 24.94, -2.50) m.
- Current velocity is (0.00, 0.07, 0.01) m/s (speed 0.07 m/s).
- Goal position NED is (0.81, 27.66, -2.50) m.
- Output contract: predict exactly 5 waypoint x/y pairs in NED. The planner will set every waypoint z to goal z = -2.50 m before execution.
- Goal delta from current state is (0.05, 2.72, -0.00) m with distance 2.72 m.
- Obstacle pipeline: depth_camera_to_body_to_ned_current_frame.
- Current depth frame obstacle points projected into NED: 116. Nearest depth obstacle in NED is at (0.71, 27.89, -2.60) m, relative vector (-0.06, 2.95, -0.10) m, distance 2.96 m.
- Depth validity fraction is 0.63. Global nearest obstacle distance is 2.71 m.
- Sector minimum distances [far_left, left, center, right, far_right] are [3.68, 4.95, 2.71, 2.71, 4.94] m.
- Nearest obstacle sector is right at 2.71 m and clearance status is caution.
- Lateral planning hint: left side is clearer.","{""waypoints"":[{""x"":0.7607305714285708,""y"":25.67536714285714},{""x"":0.774123428571428,""y"":26.170902857142856},{""x"":0.7875162857142851,""y"":26.66643857142857},{""x"":0.8009091428571422,""y"":27.161974285714283},{""x"":0.8143019999999994,""y"":27.65751}],""reasoning"":""Selected waypoint 0 moves the reference anchor from 2.48 m to 1.98 m from goal immediately and to 0.00 m by the final waypoint, so progress is 0.50 m selected / 2.48 m final and passes with monotonic goal-distance reduction. Kinematics is evaluated on 5 unique label waypoint(s), excluding consecutive duplicate terminal holds, and checks only that the trajectory stays within the configured bounds speed <= 15.00 m/s and acceleration <= 8.00 m/s^2, so kinematics passes. Goal will be reached in 5 waypoint(s) within 0.35 m tolerance. Safety passes: minimum clearance 2.97 m against manifest obstacles with 0 violating segment(s).""}",0.7607305714285708,25.67536714285714,-2.5,0.774123428571428,26.170902857142856,-2.5,0.7875162857142851,26.66643857142857,-2.5,0.8009091428571422,27.161974285714283,-2.5,0.8143019999999994,27.65751,-2.5
1773857640.577744484,1773857640.577744484,0.000,offline_ground_truth_window,"Environment section (T(v)):
- Current position NED is (0.74, 25.43, -2.49) m.
- Current velocity is (0.00, 0.06, -0.00) m/s (speed 0.06 m/s).
- Goal position NED is (0.81, 27.66, -2.50) m.
- Output contract: predict exactly 5 waypoint x/y pairs in NED. The planner will set every waypoint z to goal z = -2.50 m before execution.
- Goal delta from current state is (0.08, 2.23, -0.01) m with distance 2.23 m.
- Obstacle pipeline: depth_camera_to_body_to_ned_current_frame.
- Current depth frame obstacle points projected into NED: 109. Nearest depth obstacle in NED is at (0.93, 27.81, -2.57) m, relative vector (0.20, 2.38, -0.07) m, distance 2.39 m.
- Depth validity fraction is 0.66. Global nearest obstacle distance is 2.23 m.
- Sector minimum distances [far_left, left, center, right, far_right] are [3.61, 4.90, 2.24, 2.23, 4.90] m.
- Nearest obstacle sector is right at 2.23 m and clearance status is caution.
- Lateral planning hint: left side is clearer.","{""waypoints"":[{""x"":0.8143019999999994,""y"":27.65751},{""x"":0.8143019999999994,""y"":27.65751},{""x"":0.8143019999999994,""y"":27.65751},{""x"":0.8143019999999994,""y"":27.65751},{""x"":0.8143019999999994,""y"":27.65751}],""reasoning"":""Selected waypoint 0 moves the reference anchor from 1.98 m to 0.00 m from goal immediately and to 0.00 m by the final waypoint, so progress is 1.98 m selected / 1.98 m final and passes with monotonic goal-distance reduction. Kinematics is evaluated on 1 unique label waypoint(s), excluding consecutive duplicate terminal holds, and checks only that the trajectory stays within the configured bounds speed <= 15.00 m/s and acceleration <= 8.00 m/s^2, so kinematics passes. Goal will be reached in 1 waypoint(s) within 0.35 m tolerance. Safety passes: minimum clearance 2.97 m against manifest obstacles with 0 violating segment(s).""}",0.8143019999999994,27.65751,-2.5,0.8143019999999994,27.65751,-2.5,0.8143019999999994,27.65751,-2.5,0.8143019999999994,27.65751,-2.5,0.8143019999999994,27.65751,-2.5
1773857646.450909376,1773857646.450909376,0.000,offline_ground_truth_window,"Environment section (T(v)):
- Current position NED is (0.78, 25.92, -2.48) m.
- Current velocity is (0.00, 0.08, -0.01) m/s (speed 0.08 m/s).
- Goal position NED is (0.81, 27.66, -2.50) m.
- Output contract: predict exactly 5 waypoint x/y pairs in NED. The planner will set every waypoint z to goal z = -2.50 m before execution.
- Goal delta from current state is (0.04, 1.73, -0.02) m with distance 1.73 m.
- Obstacle pipeline: depth_camera_to_body_to_ned_current_frame.
- Current depth frame obstacle points projected into NED: 145. Nearest depth obstacle in NED is at (1.01, 27.82, -2.53) m, relative vector (0.23, 1.89, -0.04) m, distance 1.91 m.
- Depth validity fraction is 0.67. Global nearest obstacle distance is 1.74 m.
- Sector minimum distances [far_left, left, center, right, far_right] are [4.86, 4.86, 1.76, 1.74, 1.87] m.
- Nearest obstacle sector is right at 1.74 m and clearance status is caution.
- Lateral planning hint: left side is clearer.","{""waypoints"":[{""x"":0.8143019999999994,""y"":27.65751},{""x"":0.8143019999999994,""y"":27.65751},{""x"":0.8143019999999994,""y"":27.65751},{""x"":0.8143019999999994,""y"":27.65751},{""x"":0.8143019999999994,""y"":27.65751}],""reasoning"":""Selected waypoint 0 moves the reference anchor from 1.49 m to 0.00 m from goal immediately and to 0.00 m by the final waypoint, so progress is 1.49 m selected / 1.49 m final and passes with monotonic goal-distance reduction. Kinematics is evaluated on 1 unique label waypoint(s), excluding consecutive duplicate terminal holds, and checks only that the trajectory stays within the configured bounds speed <= 15.00 m/s and acceleration <= 8.00 m/s^2, so kinematics passes. Goal will be reached in 1 waypoint(s) within 0.35 m tolerance. Safety passes: minimum clearance 2.97 m against manifest obstacles with 0 violating segment(s).""}",0.8143019999999994,27.65751,-2.5,0.8143019999999994,27.65751,-2.5,0.8143019999999994,27.65751,-2.5,0.8143019999999994,27.65751,-2.5,0.8143019999999994,27.65751,-2.5
1773857653.442231655,1773857653.442231655,0.000,offline_ground_truth_window,"Environment section (T(v)):
- Current position NED is (0.79, 26.42, -2.49) m.
- Current velocity is (-0.00, 0.07, 0.00) m/s (speed 0.07 m/s).
- Goal position NED is (0.81, 27.66, -2.50) m.
- Output contract: predict exactly 5 waypoint x/y pairs in NED. The planner will set every waypoint z to goal z = -2.50 m before execution.
- Goal delta from current state is (0.02, 1.24, -0.01) m with distance 1.24 m.
- Obstacle pipeline: depth_camera_to_body_to_ned_current_frame.
- Current depth frame obstacle points projected into NED: 164. Nearest depth obstacle in NED is at (0.96, 27.84, -2.57) m, relative vector (0.17, 1.42, -0.09) m, distance 1.44 m.
- Depth validity fraction is 0.67. Global nearest obstacle distance is 1.26 m.
- Sector minimum distances [far_left, left, center, right, far_right] are [4.90, 1.71, 1.30, 1.26, 1.29] m.
- Nearest obstacle sector is right at 1.26 m and clearance status is blocked.
- Lateral planning hint: left side is clearer.","{""waypoints"":[{""x"":0.8143019999999994,""y"":27.65751},{""x"":0.8143019999999994,""y"":27.65751},{""x"":0.8143019999999994,""y"":27.65751},{""x"":0.8143019999999994,""y"":27.65751},{""x"":0.8143019999999994,""y"":27.65751}],""reasoning"":""Selected waypoint 0 moves the reference anchor from 0.99 m to 0.00 m from goal immediately and to 0.00 m by the final waypoint, so progress is 0.99 m selected / 0.99 m final and passes with monotonic goal-distance reduction. Kinematics is evaluated on 1 unique label waypoint(s), excluding consecutive duplicate terminal holds, and checks only that the trajectory stays within the configured bounds speed <= 15.00 m/s and acceleration <= 8.00 m/s^2, so kinematics passes. Goal will be reached in 1 waypoint(s) within 0.35 m tolerance. Safety passes: minimum clearance 2.97 m against manifest obstacles with 0 violating segment(s).""}",0.8143019999999994,27.65751,-2.5,0.8143019999999994,27.65751,-2.5,0.8143019999999994,27.65751,-2.5,0.8143019999999994,27.65751,-2.5,0.8143019999999994,27.65751,-2.5
1773857660.070568562,1773857660.070568562,0.000,offline_ground_truth_window,"Environment section (T(v)):
- Current position NED is (0.78, 26.92, -2.51) m.
- Current velocity is (0.00, 0.05, 0.00) m/s (speed 0.05 m/s).
- Goal position NED is (0.81, 27.66, -2.50) m.
- Output contract: predict exactly 5 waypoint x/y pairs in NED. The planner will set every waypoint z to goal z = -2.50 m before execution.
- Goal delta from current state is (0.03, 0.74, 0.01) m with distance 0.74 m.
- Obstacle pipeline: depth_camera_to_body_to_ned_current_frame.
- Current depth frame obstacle points projected into NED: 251. Nearest depth obstacle in NED is at (0.97, 27.84, -2.57) m, relative vector (0.18, 0.93, -0.07) m, distance 0.95 m.
- Depth validity fraction is 0.72. Global nearest obstacle distance is 0.75 m.
- Sector minimum distances [far_left, left, center, right, far_right] are [4.38, 1.04, 0.81, 0.76, 0.75] m.
- Nearest obstacle sector is far_right at 0.75 m and clearance status is blocked.
- Lateral planning hint: left side is clearer.","{""waypoints"":[{""x"":0.8143019999999994,""y"":27.65751},{""x"":0.8143019999999994,""y"":27.65751},{""x"":0.8143019999999994,""y"":27.65751},{""x"":0.8143019999999994,""y"":27.65751},{""x"":0.8143019999999994,""y"":27.65751}],""reasoning"":""Selected waypoint 0 moves the reference anchor from 0.50 m to 0.00 m from goal immediately and to 0.00 m by the final waypoint, so progress is 0.50 m selected / 0.50 m final and passes with monotonic goal-distance reduction. Kinematics is evaluated on 1 unique label waypoint(s), excluding consecutive duplicate terminal holds, and checks only that the trajectory stays within the configured bounds speed <= 15.00 m/s and acceleration <= 8.00 m/s^2, so kinematics passes. Goal will be reached in 1 waypoint(s) within 0.35 m tolerance. Safety passes: minimum clearance 2.97 m against manifest obstacles with 0 violating segment(s).""}",0.8143019999999994,27.65751,-2.5,0.8143019999999994,27.65751,-2.5,0.8143019999999994,27.65751,-2.5,0.8143019999999994,27.65751,-2.5,0.8143019999999994,27.65751,-2.5
1773857664.921629906,1773857664.921629906,0.000,offline_ground_truth_window,"Environment section (T(v)):
- Current position NED is (0.84, 27.42, -2.50) m.
- Current velocity is (-0.01, 0.07, 0.01) m/s (speed 0.07 m/s).
- Goal position NED is (0.81, 27.66, -2.50) m.
- Output contract: predict exactly 5 waypoint x/y pairs in NED. The planner will set every waypoint z to goal z = -2.50 m before execution.
- Goal delta from current state is (-0.02, 0.24, 0.00) m with distance 0.24 m.
- Obstacle pipeline: depth_camera_to_body_to_ned_current_frame.
- Current depth frame obstacle points projected into NED: 312. Nearest depth obstacle in NED is at (0.88, 28.10, -2.54) m, relative vector (0.05, 0.69, -0.04) m, distance 0.69 m.
- Depth validity fraction is 0.74. Global nearest obstacle distance is 0.54 m.
- Sector minimum distances [far_left, left, center, right, far_right] are [3.87, 0.54, 0.54, 0.54, 0.54] m.
- Nearest obstacle sector is left at 0.54 m and clearance status is blocked.
- Lateral planning hint: left side is clearer.","{""waypoints"":[{""x"":0.8143019999999994,""y"":27.65751},{""x"":0.8143019999999994,""y"":27.65751},{""x"":0.8143019999999994,""y"":27.65751},{""x"":0.8143019999999994,""y"":27.65751},{""x"":0.8143019999999994,""y"":27.65751}],""reasoning"":""Selected waypoint 0 moves the reference anchor from 0.00 m to 0.00 m from goal immediately and to 0.00 m by the final waypoint, so progress is 0.00 m selected / 0.00 m final and fails with monotonic goal-distance reduction. Kinematics is evaluated on 1 unique label waypoint(s), excluding consecutive duplicate terminal holds, and checks only that the trajectory stays within the configured bounds speed <= 15.00 m/s and acceleration <= 8.00 m/s^2, so kinematics passes. Goal has already been reached at the reference anchor within 0.35 m tolerance. Safety passes: minimum clearance 2.97 m against manifest obstacles with 0 violating segment(s).""}",0.8143019999999994,27.65751,-2.5,0.8143019999999994,27.65751,-2.5,0.8143019999999994,27.65751,-2.5,0.8143019999999994,27.65751,-2.5,0.8143019999999994,27.65751,-2.5
