anchor_stamp_s,scene_stamp_s,sync_dt_ms,label_mode,prompt,label_waypoints_json,wp0_x,wp0_y,wp0_z,wp1_x,wp1_y,wp1_z,wp2_x,wp2_y,wp2_z,wp3_x,wp3_y,wp3_z,wp4_x,wp4_y,wp4_z
1773859416.961144686,1773859416.961144686,0.000,offline_ground_truth_window,"Environment section (T(v)):
- Current position NED is (-0.04, -0.02, -2.31) m.
- Current velocity is (-0.01, -0.00, 0.00) m/s (speed 0.01 m/s).
- Goal position NED is (-1.11, 27.57, -2.50) m.
- Output contract: predict exactly 5 waypoint x/y pairs in NED. The planner will set every waypoint z to goal z = -2.50 m before execution.
- Goal delta from current state is (-1.07, 27.59, -0.19) m with distance 27.61 m.
- Obstacle pipeline: depth_camera_to_body_to_ned_current_frame.
- Current depth frame obstacle points projected into NED: 67. Nearest depth obstacle in NED is at (-0.23, 0.93, -2.23) m, relative vector (-0.18, 0.95, 0.07) m, distance 0.97 m.
- Depth validity fraction is 0.61. Global nearest obstacle distance is 0.83 m.
- Sector minimum distances [far_left, left, center, right, far_right] are [1.04, 0.84, 0.83, 1.04, 1.04] m.
- Nearest obstacle sector is center at 0.83 m and clearance status is blocked.
- Lateral planning hint: prefer center progress.","{""waypoints"":[{""x"":-0.18898507692307603,""y"":0.5330404615384625},{""x"":-0.26590815384615296,""y"":0.9945789230769242},{""x"":-0.3428312307692299,""y"":1.4561173846153854},{""x"":-0.4197543076923068,""y"":1.917655846153847},{""x"":-0.49667738461538374,""y"":2.379194307692309}],""reasoning"":""Selected waypoint 0 moves the reference anchor from 27.52 m to 27.05 m from goal immediately and to 25.20 m by the final waypoint, so progress is 0.46 m selected / 2.32 m final and passes with monotonic goal-distance reduction. Kinematics is evaluated on 5 unique label waypoint(s), excluding consecutive duplicate terminal holds, and checks only that the trajectory stays within the configured bounds speed <= 15.00 m/s and acceleration <= 8.00 m/s^2, so kinematics passes. Goal is not reached within this label waypoint window. Safety passes: minimum clearance 2.69 m against manifest obstacles with 0 violating segment(s).""}",-0.18898507692307603,0.5330404615384625,-2.5,-0.26590815384615296,0.9945789230769242,-2.5,-0.3428312307692299,1.4561173846153854,-2.5,-0.4197543076923068,1.917655846153847,-2.5,-0.49667738461538374,2.379194307692309,-2.5
1773859422.263144732,1773859422.263144732,0.000,offline_ground_truth_window,"Environment section (T(v)):
- Current position NED is (-0.08, 0.32, -2.43) m.
- Current velocity is (-0.04, 0.07, -0.01) m/s (speed 0.08 m/s).
- Goal position NED is (-1.11, 27.57, -2.50) m.
- Output contract: predict exactly 5 waypoint x/y pairs in NED. The planner will set every waypoint z to goal z = -2.50 m before execution.
- Goal delta from current state is (-1.04, 27.26, -0.07) m with distance 27.28 m.
- Obstacle pipeline: depth_camera_to_body_to_ned_current_frame.
- Current depth frame obstacle points projected into NED: 115. Nearest depth obstacle in NED is at (-0.24, 0.93, -2.45) m, relative vector (-0.17, 0.62, -0.02) m, distance 0.64 m.
- Depth validity fraction is 0.58. Global nearest obstacle distance is 0.50 m.
- Sector minimum distances [far_left, left, center, right, far_right] are [0.53, 0.50, 0.50, 1.27, 4.90] m.
- Nearest obstacle sector is left at 0.50 m and clearance status is blocked.
- Lateral planning hint: right side is clearer.","{""waypoints"":[{""x"":-0.26590815384615296,""y"":0.9945789230769242},{""x"":-0.3428312307692299,""y"":1.4561173846153854},{""x"":-0.4197543076923068,""y"":1.917655846153847},{""x"":-0.49667738461538374,""y"":2.379194307692309},{""x"":-0.5736004615384607,""y"":2.84073276923077}],""reasoning"":""Selected waypoint 0 moves the reference anchor from 27.05 m to 26.59 m from goal immediately and to 24.74 m by the final waypoint, so progress is 0.46 m selected / 2.32 m final and passes with monotonic goal-distance reduction. Kinematics is evaluated on 5 unique label waypoint(s), excluding consecutive duplicate terminal holds, and checks only that the trajectory stays within the configured bounds speed <= 15.00 m/s and acceleration <= 8.00 m/s^2, so kinematics passes. Goal is not reached within this label waypoint window. Safety passes: minimum clearance 2.34 m against manifest obstacles with 0 violating segment(s).""}",-0.26590815384615296,0.9945789230769242,-2.5,-0.3428312307692299,1.4561173846153854,-2.5,-0.4197543076923068,1.917655846153847,-2.5,-0.49667738461538374,2.379194307692309,-2.5,-0.5736004615384607,2.84073276923077,-2.5
1773859428.941370010,1773859428.941370010,0.000,offline_ground_truth_window,"Environment section (T(v)):
- Current position NED is (-0.22, 0.77, -2.50) m.
- Current velocity is (-0.02, 0.07, 0.00) m/s (speed 0.07 m/s).
- Goal position NED is (-1.11, 27.57, -2.50) m.
- Output contract: predict exactly 5 waypoint x/y pairs in NED. The planner will set every waypoint z to goal z = -2.50 m before execution.
- Goal delta from current state is (-0.90, 26.80, -0.00) m with distance 26.82 m.
- Obstacle pipeline: depth_camera_to_body_to_ned_current_frame.
- Current depth frame obstacle points projected into NED: 25. Nearest depth obstacle in NED is at (-0.43, 1.16, -2.40) m, relative vector (-0.21, 0.39, 0.10) m, distance 0.46 m.
- Depth validity fraction is 0.57. Global nearest obstacle distance is 0.26 m.
- Sector minimum distances [far_left, left, center, right, far_right] are [0.26, 0.34, 5.08, 5.08, 5.08] m.
- Nearest obstacle sector is far_left at 0.26 m and clearance status is blocked.
- Lateral planning hint: right side is clearer.","{""waypoints"":[{""x"":-0.3428312307692299,""y"":1.4561173846153854},{""x"":-0.4197543076923068,""y"":1.917655846153847},{""x"":-0.49667738461538374,""y"":2.379194307692309},{""x"":-0.5736004615384607,""y"":2.84073276923077},{""x"":-0.6505235384615375,""y"":3.3022712307692315}],""reasoning"":""Selected waypoint 0 moves the reference anchor from 26.59 m to 26.13 m from goal immediately and to 24.27 m by the final waypoint, so progress is 0.46 m selected / 2.32 m final and passes with monotonic goal-distance reduction. Kinematics is evaluated on 5 unique label waypoint(s), excluding consecutive duplicate terminal holds, and checks only that the trajectory stays within the configured bounds speed <= 15.00 m/s and acceleration <= 8.00 m/s^2, so kinematics passes. Goal is not reached within this label waypoint window. Safety passes: minimum clearance 2.03 m against manifest obstacles with 0 violating segment(s).""}",-0.3428312307692299,1.4561173846153854,-2.5,-0.4197543076923068,1.917655846153847,-2.5,-0.49667738461538374,2.379194307692309,-2.5,-0.5736004615384607,2.84073276923077,-2.5,-0.6505235384615375,3.3022712307692315,-2.5
1773859436.852244616,1773859436.852244616,0.000,offline_ground_truth_window,"Environment section (T(v)):
- Current position NED is (-0.28, 1.23, -2.49) m.
- Current velocity is (-0.01, 0.04, 0.00) m/s (speed 0.04 m/s).
- Goal position NED is (-1.11, 27.57, -2.50) m.
- Output contract: predict exactly 5 waypoint x/y pairs in NED. The planner will set every waypoint z to goal z = -2.50 m before execution.
- Goal delta from current state is (-0.83, 26.34, -0.01) m with distance 26.36 m.
- Obstacle pipeline: depth_camera_to_body_to_ned_current_frame.
- Current depth frame obstacle points projected into NED: 28. Nearest depth obstacle in NED is at (-2.07, 5.66, -2.24) m, relative vector (-1.79, 4.43, 0.26) m, distance 4.78 m.
- Depth validity fraction is 0.58. Global nearest obstacle distance is 4.44 m.
- Sector minimum distances [far_left, left, center, right, far_right] are [4.95, 4.44, 4.95, 4.95, 4.95] m.
- Nearest obstacle sector is left at 4.44 m and clearance status is clear.
- Lateral planning hint: prefer center progress.","{""waypoints"":[{""x"":-0.4197543076923068,""y"":1.917655846153847},{""x"":-0.49667738461538374,""y"":2.379194307692309},{""x"":-0.5736004615384607,""y"":2.84073276923077},{""x"":-0.6505235384615375,""y"":3.3022712307692315},{""x"":-0.7274466153846145,""y"":3.763809692307693}],""reasoning"":""Selected waypoint 0 moves the reference anchor from 26.13 m to 25.66 m from goal immediately and to 23.81 m by the final waypoint, so progress is 0.46 m selected / 2.32 m final and passes with monotonic goal-distance reduction. Kinematics is evaluated on 5 unique label waypoint(s), excluding consecutive duplicate terminal holds, and checks only that the trajectory stays within the configured bounds speed <= 15.00 m/s and acceleration <= 8.00 m/s^2, so kinematics passes. Goal is not reached within this label waypoint window. Safety passes: minimum clearance 1.78 m against manifest obstacles with 0 violating segment(s).""}",-0.4197543076923068,1.917655846153847,-2.5,-0.49667738461538374,2.379194307692309,-2.5,-0.5736004615384607,2.84073276923077,-2.5,-0.6505235384615375,3.3022712307692315,-2.5,-0.7274466153846145,3.763809692307693,-2.5
1773859446.159240007,1773859446.159240007,0.000,offline_ground_truth_window,"Environment section (T(v)):
- Current position NED is (-0.38, 1.69, -2.46) m.
- Current velocity is (-0.00, 0.03, -0.01) m/s (speed 0.03 m/s).
- Goal position NED is (-1.11, 27.57, -2.50) m.
- Output contract: predict exactly 5 waypoint x/y pairs in NED. The planner will set every waypoint z to goal z = -2.50 m before execution.
- Goal delta from current state is (-0.73, 25.88, -0.04) m with distance 25.89 m.
- Obstacle pipeline: depth_camera_to_body_to_ned_current_frame.
- Current depth frame obstacle points projected into NED: 40. Nearest depth obstacle in NED is at (-2.18, 5.65, -2.25) m, relative vector (-1.80, 3.96, 0.21) m, distance 4.35 m.
- Depth validity fraction is 0.59. Global nearest obstacle distance is 3.96 m.
- Sector minimum distances [far_left, left, center, right, far_right] are [4.03, 3.96, 4.86, 4.86, 4.86] m.
- Nearest obstacle sector is left at 3.96 m and clearance status is clear.
- Lateral planning hint: right side is clearer.","{""waypoints"":[{""x"":-0.49667738461538374,""y"":2.379194307692309},{""x"":-0.5736004615384607,""y"":2.84073276923077},{""x"":-0.6505235384615375,""y"":3.3022712307692315},{""x"":-0.7274466153846145,""y"":3.763809692307693},{""x"":-0.8043696923076914,""y"":4.225348153846154}],""reasoning"":""Selected waypoint 0 moves the reference anchor from 25.66 m to 25.20 m from goal immediately and to 23.35 m by the final waypoint, so progress is 0.46 m selected / 2.32 m final and passes with monotonic goal-distance reduction. Kinematics is evaluated on 5 unique label waypoint(s), excluding consecutive duplicate terminal holds, and checks only that the trajectory stays within the configured bounds speed <= 15.00 m/s and acceleration <= 8.00 m/s^2, so kinematics passes. Goal is not reached within this label waypoint window. Safety passes: minimum clearance 1.60 m against manifest obstacles with 0 violating segment(s).""}",-0.49667738461538374,2.379194307692309,-2.5,-0.5736004615384607,2.84073276923077,-2.5,-0.6505235384615375,3.3022712307692315,-2.5,-0.7274466153846145,3.763809692307693,-2.5,-0.8043696923076914,4.225348153846154,-2.5
1773859453.583439112,1773859453.583439112,0.000,offline_ground_truth_window,"Environment section (T(v)):
- Current position NED is (-0.44, 2.15, -2.49) m.
- Current velocity is (-0.02, 0.07, -0.00) m/s (speed 0.07 m/s).
- Goal position NED is (-1.11, 27.57, -2.50) m.
- Output contract: predict exactly 5 waypoint x/y pairs in NED. The planner will set every waypoint z to goal z = -2.50 m before execution.
- Goal delta from current state is (-0.67, 25.42, -0.01) m with distance 25.43 m.
- Obstacle pipeline: depth_camera_to_body_to_ned_current_frame.
- Current depth frame obstacle points projected into NED: 36. Nearest depth obstacle in NED is at (-2.22, 5.67, -2.42) m, relative vector (-1.78, 3.51, 0.06) m, distance 3.94 m.
- Depth validity fraction is 0.58. Global nearest obstacle distance is 3.51 m.
- Sector minimum distances [far_left, left, center, right, far_right] are [3.51, 3.51, 5.01, 5.01, 5.01] m.
- Nearest obstacle sector is far_left at 3.51 m and clearance status is clear.
- Lateral planning hint: right side is clearer.","{""waypoints"":[{""x"":-0.5736004615384607,""y"":2.84073276923077},{""x"":-0.6505235384615375,""y"":3.3022712307692315},{""x"":-0.7274466153846145,""y"":3.763809692307693},{""x"":-0.8043696923076914,""y"":4.225348153846154},{""x"":-0.8812927692307684,""y"":4.6868866153846165}],""reasoning"":""Selected waypoint 0 moves the reference anchor from 25.20 m to 24.74 m from goal immediately and to 22.89 m by the final waypoint, so progress is 0.46 m selected / 2.31 m final and passes with monotonic goal-distance reduction. Kinematics is evaluated on 5 unique label waypoint(s), excluding consecutive duplicate terminal holds, and checks only that the trajectory stays within the configured bounds speed <= 15.00 m/s and acceleration <= 8.00 m/s^2, so kinematics passes. Goal is not reached within this label waypoint window. Safety passes: minimum clearance 1.51 m against manifest obstacles with 0 violating segment(s).""}",-0.5736004615384607,2.84073276923077,-2.5,-0.6505235384615375,3.3022712307692315,-2.5,-0.7274466153846145,3.763809692307693,-2.5,-0.8043696923076914,4.225348153846154,-2.5,-0.8812927692307684,4.6868866153846165,-2.5
1773859460.430046320,1773859460.430046320,0.000,offline_ground_truth_window,"Environment section (T(v)):
- Current position NED is (-0.54, 2.61, -2.50) m.
- Current velocity is (-0.00, 0.06, 0.01) m/s (speed 0.06 m/s).
- Goal position NED is (-1.11, 27.57, -2.50) m.
- Output contract: predict exactly 5 waypoint x/y pairs in NED. The planner will set every waypoint z to goal z = -2.50 m before execution.
- Goal delta from current state is (-0.57, 24.96, 0.00) m with distance 24.97 m.
- Obstacle pipeline: depth_camera_to_body_to_ned_current_frame.
- Current depth frame obstacle points projected into NED: 44. Nearest depth obstacle in NED is at (-2.32, 5.68, -2.44) m, relative vector (-1.78, 3.06, 0.07) m, distance 3.54 m.
- Depth validity fraction is 0.58. Global nearest obstacle distance is 3.04 m.
- Sector minimum distances [far_left, left, center, right, far_right] are [3.04, 3.13, 5.04, 5.03, 4.85] m.
- Nearest obstacle sector is far_left at 3.04 m and clearance status is clear.
- Lateral planning hint: right side is clearer.","{""waypoints"":[{""x"":-0.6505235384615375,""y"":3.3022712307692315},{""x"":-0.7274466153846145,""y"":3.763809692307693},{""x"":-0.8043696923076914,""y"":4.225348153846154},{""x"":-0.8812927692307684,""y"":4.6868866153846165},{""x"":-0.9582158461538453,""y"":5.148425076923077}],""reasoning"":""Selected waypoint 0 moves the reference anchor from 24.74 m to 24.27 m from goal immediately and to 22.42 m by the final waypoint, so progress is 0.46 m selected / 2.31 m final and passes with monotonic goal-distance reduction. Kinematics is evaluated on 5 unique label waypoint(s), excluding consecutive duplicate terminal holds, and checks only that the trajectory stays within the configured bounds speed <= 15.00 m/s and acceleration <= 8.00 m/s^2, so kinematics passes. Goal is not reached within this label waypoint window. Safety passes: minimum clearance 1.51 m against manifest obstacles with 0 violating segment(s).""}",-0.6505235384615375,3.3022712307692315,-2.5,-0.7274466153846145,3.763809692307693,-2.5,-0.8043696923076914,4.225348153846154,-2.5,-0.8812927692307684,4.6868866153846165,-2.5,-0.9582158461538453,5.148425076923077,-2.5
1773859466.725099325,1773859466.725099325,0.000,offline_ground_truth_window,"Environment section (T(v)):
- Current position NED is (-0.60, 3.07, -2.51) m.
- Current velocity is (-0.00, 0.02, 0.01) m/s (speed 0.02 m/s).
- Goal position NED is (-1.11, 27.57, -2.50) m.
- Output contract: predict exactly 5 waypoint x/y pairs in NED. The planner will set every waypoint z to goal z = -2.50 m before execution.
- Goal delta from current state is (-0.51, 24.50, 0.01) m with distance 24.50 m.
- Obstacle pipeline: depth_camera_to_body_to_ned_current_frame.
- Current depth frame obstacle points projected into NED: 62. Nearest depth obstacle in NED is at (-2.43, 5.68, -2.35) m, relative vector (-1.83, 2.61, 0.16) m, distance 3.19 m.
- Depth validity fraction is 0.57. Global nearest obstacle distance is 2.60 m.
- Sector minimum distances [far_left, left, center, right, far_right] are [2.60, 2.91, 5.06, 5.06, 4.41] m.
- Nearest obstacle sector is far_left at 2.60 m and clearance status is caution.
- Lateral planning hint: right side is clearer.","{""waypoints"":[{""x"":-0.7274466153846145,""y"":3.763809692307693},{""x"":-0.8043696923076914,""y"":4.225348153846154},{""x"":-0.8812927692307684,""y"":4.6868866153846165},{""x"":-0.9582158461538453,""y"":5.148425076923077},{""x"":-1.0351389230769223,""y"":5.609963538461539}],""reasoning"":""Selected waypoint 0 moves the reference anchor from 24.27 m to 23.81 m from goal immediately and to 21.96 m by the final waypoint, so progress is 0.46 m selected / 2.31 m final and passes with monotonic goal-distance reduction. Kinematics is evaluated on 5 unique label waypoint(s), excluding consecutive duplicate terminal holds, and checks only that the trajectory stays within the configured bounds speed <= 15.00 m/s and acceleration <= 8.00 m/s^2, so kinematics passes. Goal is not reached within this label waypoint window. Safety passes: minimum clearance 1.51 m against manifest obstacles with 0 violating segment(s).""}",-0.7274466153846145,3.763809692307693,-2.5,-0.8043696923076914,4.225348153846154,-2.5,-0.8812927692307684,4.6868866153846165,-2.5,-0.9582158461538453,5.148425076923077,-2.5,-1.0351389230769223,5.609963538461539,-2.5
1773859473.851442575,1773859473.851442575,0.000,offline_ground_truth_window,"Environment section (T(v)):
- Current position NED is (-0.70, 3.53, -2.50) m.
- Current velocity is (-0.01, 0.07, 0.00) m/s (speed 0.07 m/s).
- Goal position NED is (-1.11, 27.57, -2.50) m.
- Output contract: predict exactly 5 waypoint x/y pairs in NED. The planner will set every waypoint z to goal z = -2.50 m before execution.
- Goal delta from current state is (-0.41, 24.04, 0.00) m with distance 24.04 m.
- Obstacle pipeline: depth_camera_to_body_to_ned_current_frame.
- Current depth frame obstacle points projected into NED: 65. Nearest depth obstacle in NED is at (-2.49, 5.73, -2.53) m, relative vector (-1.79, 2.20, -0.02) m, distance 2.83 m.
- Depth validity fraction is 0.57. Global nearest obstacle distance is 2.20 m.
- Sector minimum distances [far_left, left, center, right, far_right] are [2.20, 4.99, 4.99, 4.99, 3.96] m.
- Nearest obstacle sector is far_left at 2.20 m and clearance status is caution.
- Lateral planning hint: right side is clearer.","{""waypoints"":[{""x"":-0.8043696923076914,""y"":4.225348153846154},{""x"":-0.8812927692307684,""y"":4.6868866153846165},{""x"":-0.9582158461538453,""y"":5.148425076923077},{""x"":-1.0351389230769223,""y"":5.609963538461539},{""x"":-1.112061999999999,""y"":6.071502000000001}],""reasoning"":""Selected waypoint 0 moves the reference anchor from 23.81 m to 23.35 m from goal immediately and to 21.50 m by the final waypoint, so progress is 0.46 m selected / 2.31 m final and passes with monotonic goal-distance reduction. Kinematics is evaluated on 5 unique label waypoint(s), excluding consecutive duplicate terminal holds, and checks only that the trajectory stays within the configured bounds speed <= 15.00 m/s and acceleration <= 8.00 m/s^2, so kinematics passes. Goal is not reached within this label waypoint window. Safety passes: minimum clearance 1.51 m against manifest obstacles with 0 violating segment(s).""}",-0.8043696923076914,4.225348153846154,-2.5,-0.8812927692307684,4.6868866153846165,-2.5,-0.9582158461538453,5.148425076923077,-2.5,-1.0351389230769223,5.609963538461539,-2.5,-1.112061999999999,6.071502000000001,-2.5
1773859479.945920229,1773859479.945920229,0.000,offline_ground_truth_window,"Environment section (T(v)):
- Current position NED is (-0.77, 4.00, -2.49) m.
- Current velocity is (-0.01, 0.07, 0.00) m/s (speed 0.07 m/s).
- Goal position NED is (-1.11, 27.57, -2.50) m.
- Output contract: predict exactly 5 waypoint x/y pairs in NED. The planner will set every waypoint z to goal z = -2.50 m before execution.
- Goal delta from current state is (-0.34, 23.58, -0.01) m with distance 23.58 m.
- Obstacle pipeline: depth_camera_to_body_to_ned_current_frame.
- Current depth frame obstacle points projected into NED: 42. Nearest depth obstacle in NED is at (-2.42, 5.93, -2.47) m, relative vector (-1.65, 1.94, 0.02) m, distance 2.55 m.
- Depth validity fraction is 0.57. Global nearest obstacle distance is 1.96 m.
- Sector minimum distances [far_left, left, center, right, far_right] are [1.96, 5.04, 5.04, 5.04, 3.53] m.
- Nearest obstacle sector is far_left at 1.96 m and clearance status is caution.
- Lateral planning hint: right side is clearer.","{""waypoints"":[{""x"":-0.8812927692307684,""y"":4.6868866153846165},{""x"":-0.9582158461538453,""y"":5.148425076923077},{""x"":-1.0351389230769223,""y"":5.609963538461539},{""x"":-1.112061999999999,""y"":6.071502000000001},{""x"":-0.9692048571428563,""y"":6.547692476190477}],""reasoning"":""Selected waypoint 0 moves the reference anchor from 23.35 m to 22.89 m from goal immediately and to 21.02 m by the final waypoint, so progress is 0.46 m selected / 2.32 m final and passes with monotonic goal-distance reduction. Kinematics is evaluated on 5 unique label waypoint(s), excluding consecutive duplicate terminal holds, and checks only that the trajectory stays within the configured bounds speed <= 15.00 m/s and acceleration <= 8.00 m/s^2, so kinematics passes. Goal is not reached within this label waypoint window. Safety passes: minimum clearance 1.51 m against manifest obstacles with 0 violating segment(s).""}",-0.8812927692307684,4.6868866153846165,-2.5,-0.9582158461538453,5.148425076923077,-2.5,-1.0351389230769223,5.609963538461539,-2.5,-1.112061999999999,6.071502000000001,-2.5,-0.9692048571428563,6.547692476190477,-2.5
1773859485.377345085,1773859485.377345085,0.000,offline_ground_truth_window,"Environment section (T(v)):
- Current position NED is (-0.85, 4.46, -2.52) m.
- Current velocity is (-0.00, 0.08, 0.01) m/s (speed 0.08 m/s).
- Goal position NED is (-1.11, 27.57, -2.50) m.
- Output contract: predict exactly 5 waypoint x/y pairs in NED. The planner will set every waypoint z to goal z = -2.50 m before execution.
- Goal delta from current state is (-0.26, 23.12, 0.02) m with distance 23.12 m.
- Obstacle pipeline: depth_camera_to_body_to_ned_current_frame.
- Current depth frame obstacle points projected into NED: 31. Nearest depth obstacle in NED is at (1.12, 7.94, -2.55) m, relative vector (1.98, 3.49, -0.03) m, distance 4.01 m.
- Depth validity fraction is 0.57. Global nearest obstacle distance is 3.14 m.
- Sector minimum distances [far_left, left, center, right, far_right] are [5.02, 5.02, 5.02, 5.02, 3.14] m.
- Nearest obstacle sector is far_right at 3.14 m and clearance status is clear.
- Lateral planning hint: left side is clearer.","{""waypoints"":[{""x"":-0.9582158461538453,""y"":5.148425076923077},{""x"":-1.0351389230769223,""y"":5.609963538461539},{""x"":-1.112061999999999,""y"":6.071502000000001},{""x"":-0.9692048571428563,""y"":6.547692476190477},{""x"":-0.8263477142857134,""y"":7.023882952380953}],""reasoning"":""Selected waypoint 0 moves the reference anchor from 22.89 m to 22.42 m from goal immediately and to 20.55 m by the final waypoint, so progress is 0.46 m selected / 2.34 m final and passes with monotonic goal-distance reduction. Kinematics is evaluated on 5 unique label waypoint(s), excluding consecutive duplicate terminal holds, and checks only that the trajectory stays within the configured bounds speed <= 15.00 m/s and acceleration <= 8.00 m/s^2, so kinematics passes. Goal is not reached within this label waypoint window. Safety passes: minimum clearance 1.51 m against manifest obstacles with 0 violating segment(s).""}",-0.9582158461538453,5.148425076923077,-2.5,-1.0351389230769223,5.609963538461539,-2.5,-1.112061999999999,6.071502000000001,-2.5,-0.9692048571428563,6.547692476190477,-2.5,-0.8263477142857134,7.023882952380953,-2.5
1773859490.851488590,1773859490.851488590,0.000,offline_ground_truth_window,"Environment section (T(v)):
- Current position NED is (-0.94, 4.92, -2.49) m.
- Current velocity is (-0.01, 0.07, 0.00) m/s (speed 0.07 m/s).
- Goal position NED is (-1.11, 27.57, -2.50) m.
- Output contract: predict exactly 5 waypoint x/y pairs in NED. The planner will set every waypoint z to goal z = -2.50 m before execution.
- Goal delta from current state is (-0.18, 22.66, -0.01) m with distance 22.66 m.
- Obstacle pipeline: depth_camera_to_body_to_ned_current_frame.
- Current depth frame obstacle points projected into NED: 20. Nearest depth obstacle in NED is at (0.84, 8.15, -2.59) m, relative vector (1.78, 3.24, -0.11) m, distance 3.70 m.
- Depth validity fraction is 0.57. Global nearest obstacle distance is 2.87 m.
- Sector minimum distances [far_left, left, center, right, far_right] are [4.78, 4.96, 4.96, 4.97, 2.87] m.
- Nearest obstacle sector is far_right at 2.87 m and clearance status is caution.
- Lateral planning hint: left side is clearer.","{""waypoints"":[{""x"":-1.0351389230769223,""y"":5.609963538461539},{""x"":-1.112061999999999,""y"":6.071502000000001},{""x"":-0.9692048571428563,""y"":6.547692476190477},{""x"":-0.8263477142857134,""y"":7.023882952380953},{""x"":-0.6834905714285705,""y"":7.5000734285714294}],""reasoning"":""Selected waypoint 0 moves the reference anchor from 22.42 m to 21.96 m from goal immediately and to 20.08 m by the final waypoint, so progress is 0.46 m selected / 2.35 m final and passes with monotonic goal-distance reduction. Kinematics is evaluated on 5 unique label waypoint(s), excluding consecutive duplicate terminal holds, and checks only that the trajectory stays within the configured bounds speed <= 15.00 m/s and acceleration <= 8.00 m/s^2, so kinematics passes. Goal is not reached within this label waypoint window. Safety passes: minimum clearance 1.53 m against manifest obstacles with 0 violating segment(s).""}",-1.0351389230769223,5.609963538461539,-2.5,-1.112061999999999,6.071502000000001,-2.5,-0.9692048571428563,6.547692476190477,-2.5,-0.8263477142857134,7.023882952380953,-2.5,-0.6834905714285705,7.5000734285714294,-2.5
1773859496.594177485,1773859496.594177485,0.000,offline_ground_truth_window,"Environment section (T(v)):
- Current position NED is (-1.00, 5.38, -2.46) m.
- Current velocity is (-0.02, 0.07, -0.01) m/s (speed 0.08 m/s).
- Goal position NED is (-1.11, 27.57, -2.50) m.
- Output contract: predict exactly 5 waypoint x/y pairs in NED. The planner will set every waypoint z to goal z = -2.50 m before execution.
- Goal delta from current state is (-0.11, 22.19, -0.04) m with distance 22.19 m.
- Obstacle pipeline: depth_camera_to_body_to_ned_current_frame.
- Current depth frame obstacle points projected into NED: 34. Nearest depth obstacle in NED is at (0.65, 8.33, -2.27) m, relative vector (1.65, 2.95, 0.19) m, distance 3.39 m.
- Depth validity fraction is 0.57. Global nearest obstacle distance is 2.62 m.
- Sector minimum distances [far_left, left, center, right, far_right] are [4.31, 4.97, 4.97, 4.98, 2.62] m.
- Nearest obstacle sector is far_right at 2.62 m and clearance status is caution.
- Lateral planning hint: left side is clearer.","{""waypoints"":[{""x"":-1.112061999999999,""y"":6.071502000000001},{""x"":-0.9692048571428563,""y"":6.547692476190477},{""x"":-0.8263477142857134,""y"":7.023882952380953},{""x"":-0.6834905714285705,""y"":7.5000734285714294},{""x"":-0.5406334285714277,""y"":7.976263904761906}],""reasoning"":""Selected waypoint 0 moves the reference anchor from 21.96 m to 21.50 m from goal immediately and to 19.60 m by the final waypoint, so progress is 0.46 m selected / 2.36 m final and passes with monotonic goal-distance reduction. Kinematics is evaluated on 5 unique label waypoint(s), excluding consecutive duplicate terminal holds, and checks only that the trajectory stays within the configured bounds speed <= 15.00 m/s and acceleration <= 8.00 m/s^2, so kinematics passes. Goal is not reached within this label waypoint window. Safety passes: minimum clearance 1.65 m against manifest obstacles with 0 violating segment(s).""}",-1.112061999999999,6.071502000000001,-2.5,-0.9692048571428563,6.547692476190477,-2.5,-0.8263477142857134,7.023882952380953,-2.5,-0.6834905714285705,7.5000734285714294,-2.5,-0.5406334285714277,7.976263904761906,-2.5
1773859502.565268517,1773859502.565268517,0.000,offline_ground_truth_window,"Environment section (T(v)):
- Current position NED is (-1.05, 5.85, -2.49) m.
- Current velocity is (-0.02, 0.06, 0.00) m/s (speed 0.07 m/s).
- Goal position NED is (-1.11, 27.57, -2.50) m.
- Output contract: predict exactly 5 waypoint x/y pairs in NED. The planner will set every waypoint z to goal z = -2.50 m before execution.
- Goal delta from current state is (-0.06, 21.73, -0.01) m with distance 21.73 m.
- Obstacle pipeline: depth_camera_to_body_to_ned_current_frame.
- Current depth frame obstacle points projected into NED: 8. Nearest depth obstacle in NED is at (-4.10, 9.58, -2.29) m, relative vector (-3.05, 3.73, 0.20) m, distance 4.83 m.
- Depth validity fraction is 0.57. Global nearest obstacle distance is 3.80 m.
- Sector minimum distances [far_left, left, center, right, far_right] are [3.80, 5.03, 5.03, 5.03, 5.03] m.
- Nearest obstacle sector is far_left at 3.80 m and clearance status is clear.
- Lateral planning hint: right side is clearer.","{""waypoints"":[{""x"":-0.9692048571428563,""y"":6.547692476190477},{""x"":-0.8263477142857134,""y"":7.023882952380953},{""x"":-0.6834905714285705,""y"":7.5000734285714294},{""x"":-0.5406334285714277,""y"":7.976263904761906},{""x"":-0.3977762857142849,""y"":8.452454380952382}],""reasoning"":""Selected waypoint 0 moves the reference anchor from 21.50 m to 21.02 m from goal immediately and to 19.13 m by the final waypoint, so progress is 0.48 m selected / 2.37 m final and passes with monotonic goal-distance reduction. Kinematics is evaluated on 5 unique label waypoint(s), excluding consecutive duplicate terminal holds, and checks only that the trajectory stays within the configured bounds speed <= 15.00 m/s and acceleration <= 8.00 m/s^2, so kinematics passes. Goal is not reached within this label waypoint window. Safety passes: minimum clearance 1.86 m against manifest obstacles with 0 violating segment(s).""}",-0.9692048571428563,6.547692476190477,-2.5,-0.8263477142857134,7.023882952380953,-2.5,-0.6834905714285705,7.5000734285714294,-2.5,-0.5406334285714277,7.976263904761906,-2.5,-0.3977762857142849,8.452454380952382,-2.5
1773859507.647304773,1773859507.647304773,0.000,offline_ground_truth_window,"Environment section (T(v)):
- Current position NED is (-1.00, 6.30, -2.50) m.
- Current velocity is (0.02, 0.07, 0.00) m/s (speed 0.07 m/s).
- Goal position NED is (-1.11, 27.57, -2.50) m.
- Output contract: predict exactly 5 waypoint x/y pairs in NED. The planner will set every waypoint z to goal z = -2.50 m before execution.
- Goal delta from current state is (-0.11, 21.27, 0.00) m with distance 21.27 m.
- Obstacle pipeline: depth_camera_to_body_to_ned_current_frame.
- Current depth frame obstacle points projected into NED: 7. Nearest depth obstacle in NED is at (-3.80, 9.69, -2.69) m, relative vector (-2.80, 3.39, -0.19) m, distance 4.41 m.
- Depth validity fraction is 0.57. Global nearest obstacle distance is 3.45 m.
- Sector minimum distances [far_left, left, center, right, far_right] are [3.45, 5.11, 5.11, 5.11, 5.11] m.
- Nearest obstacle sector is far_left at 3.45 m and clearance status is clear.
- Lateral planning hint: right side is clearer.","{""waypoints"":[{""x"":-0.8263477142857134,""y"":7.023882952380953},{""x"":-0.6834905714285705,""y"":7.5000734285714294},{""x"":-0.5406334285714277,""y"":7.976263904761906},{""x"":-0.3977762857142849,""y"":8.452454380952382},{""x"":-0.254919142857142,""y"":8.928644857142858}],""reasoning"":""Selected waypoint 0 moves the reference anchor from 21.02 m to 20.55 m from goal immediately and to 18.66 m by the final waypoint, so progress is 0.47 m selected / 2.36 m final and passes with monotonic goal-distance reduction. Kinematics is evaluated on 5 unique label waypoint(s), excluding consecutive duplicate terminal holds, and checks only that the trajectory stays within the configured bounds speed <= 15.00 m/s and acceleration <= 8.00 m/s^2, so kinematics passes. Goal is not reached within this label waypoint window. Safety passes: minimum clearance 1.65 m against manifest obstacles with 0 violating segment(s).""}",-0.8263477142857134,7.023882952380953,-2.5,-0.6834905714285705,7.5000734285714294,-2.5,-0.5406334285714277,7.976263904761906,-2.5,-0.3977762857142849,8.452454380952382,-2.5,-0.254919142857142,8.928644857142858,-2.5
1773859514.376638412,1773859514.376638412,0.000,offline_ground_truth_window,"Environment section (T(v)):
- Current position NED is (-0.89, 6.78, -2.51) m.
- Current velocity is (0.01, 0.06, 0.01) m/s (speed 0.06 m/s).
- Goal position NED is (-1.11, 27.57, -2.50) m.
- Output contract: predict exactly 5 waypoint x/y pairs in NED. The planner will set every waypoint z to goal z = -2.50 m before execution.
- Goal delta from current state is (-0.22, 20.79, 0.01) m with distance 20.79 m.
- Obstacle pipeline: depth_camera_to_body_to_ned_current_frame.
- Current depth frame obstacle points projected into NED: 14. Nearest depth obstacle in NED is at (-3.47, 9.87, -2.50) m, relative vector (-2.58, 3.09, 0.00) m, distance 4.03 m.
- Depth validity fraction is 0.57. Global nearest obstacle distance is 3.14 m.
- Sector minimum distances [far_left, left, center, right, far_right] are [3.14, 5.01, 5.02, 5.02, 5.03] m.
- Nearest obstacle sector is far_left at 3.14 m and clearance status is clear.
- Lateral planning hint: right side is clearer.","{""waypoints"":[{""x"":-0.6834905714285705,""y"":7.5000734285714294},{""x"":-0.5406334285714277,""y"":7.976263904761906},{""x"":-0.3977762857142849,""y"":8.452454380952382},{""x"":-0.254919142857142,""y"":8.928644857142858},{""x"":-0.1120619999999991,""y"":9.404835333333333}],""reasoning"":""Selected waypoint 0 moves the reference anchor from 20.55 m to 20.08 m from goal immediately and to 18.19 m by the final waypoint, so progress is 0.47 m selected / 2.36 m final and passes with monotonic goal-distance reduction. Kinematics is evaluated on 5 unique label waypoint(s), excluding consecutive duplicate terminal holds, and checks only that the trajectory stays within the configured bounds speed <= 15.00 m/s and acceleration <= 8.00 m/s^2, so kinematics passes. Goal is not reached within this label waypoint window. Safety passes: minimum clearance 1.55 m against manifest obstacles with 0 violating segment(s).""}",-0.6834905714285705,7.5000734285714294,-2.5,-0.5406334285714277,7.976263904761906,-2.5,-0.3977762857142849,8.452454380952382,-2.5,-0.254919142857142,8.928644857142858,-2.5,-0.1120619999999991,9.404835333333333,-2.5
1773859519.533794641,1773859519.533794641,0.000,offline_ground_truth_window,"Environment section (T(v)):
- Current position NED is (-0.75, 7.26, -2.49) m.
- Current velocity is (0.02, 0.08, -0.00) m/s (speed 0.08 m/s).
- Goal position NED is (-1.11, 27.57, -2.50) m.
- Output contract: predict exactly 5 waypoint x/y pairs in NED. The planner will set every waypoint z to goal z = -2.50 m before execution.
- Goal delta from current state is (-0.37, 20.31, -0.01) m with distance 20.32 m.
- Obstacle pipeline: depth_camera_to_body_to_ned_current_frame.
- Current depth frame obstacle points projected into NED: 5. Nearest depth obstacle in NED is at (1.00, 17.74, -2.46) m, relative vector (1.74, 10.48, 0.03) m, distance 10.62 m.
- Depth validity fraction is 0.57. Global nearest obstacle distance is 5.04 m.
- Sector minimum distances [far_left, left, center, right, far_right] are [5.04, 5.04, 5.04, 5.04, 5.04] m.
- Nearest obstacle sector is far_right at 5.04 m and clearance status is clear.
- Lateral planning hint: prefer center progress.","{""waypoints"":[{""x"":-0.5406334285714277,""y"":7.976263904761906},{""x"":-0.3977762857142849,""y"":8.452454380952382},{""x"":-0.254919142857142,""y"":8.928644857142858},{""x"":-0.1120619999999991,""y"":9.404835333333333},{""x"":0.030795142857143687,""y"":9.88102580952381}],""reasoning"":""Selected waypoint 0 moves the reference anchor from 20.08 m to 19.60 m from goal immediately and to 17.73 m by the final waypoint, so progress is 0.47 m selected / 2.35 m final and passes with monotonic goal-distance reduction. Kinematics is evaluated on 5 unique label waypoint(s), excluding consecutive duplicate terminal holds, and checks only that the trajectory stays within the configured bounds speed <= 15.00 m/s and acceleration <= 8.00 m/s^2, so kinematics passes. Goal is not reached within this label waypoint window. Safety passes: minimum clearance 1.54 m against manifest obstacles with 0 violating segment(s).""}",-0.5406334285714277,7.976263904761906,-2.5,-0.3977762857142849,8.452454380952382,-2.5,-0.254919142857142,8.928644857142858,-2.5,-0.1120619999999991,9.404835333333333,-2.5,0.030795142857143687,9.88102580952381,-2.5
1773859525.785810709,1773859525.785810709,0.000,offline_ground_truth_window,"Environment section (T(v)):
- Current position NED is (-0.62, 7.74, -2.51) m.
- Current velocity is (0.02, 0.07, 0.01) m/s (speed 0.07 m/s).
- Goal position NED is (-1.11, 27.57, -2.50) m.
- Output contract: predict exactly 5 waypoint x/y pairs in NED. The planner will set every waypoint z to goal z = -2.50 m before execution.
- Goal delta from current state is (-0.50, 19.83, 0.01) m with distance 19.84 m.
- Obstacle pipeline: depth_camera_to_body_to_ned_current_frame.
- Current depth frame obstacle points projected into NED: 6. Nearest depth obstacle in NED is at (1.48, 17.70, -2.53) m, relative vector (2.09, 9.96, -0.02) m, distance 10.18 m.
- Depth validity fraction is 0.57. Global nearest obstacle distance is 5.00 m.
- Sector minimum distances [far_left, left, center, right, far_right] are [5.02, 5.01, 5.01, 5.00, 5.00] m.
- Nearest obstacle sector is far_right at 5.00 m and clearance status is clear.
- Lateral planning hint: prefer center progress.","{""waypoints"":[{""x"":-0.3977762857142849,""y"":8.452454380952382},{""x"":-0.254919142857142,""y"":8.928644857142858},{""x"":-0.1120619999999991,""y"":9.404835333333333},{""x"":0.030795142857143687,""y"":9.88102580952381},{""x"":0.17365228571428648,""y"":10.357216285714285}],""reasoning"":""Selected waypoint 0 moves the reference anchor from 19.60 m to 19.13 m from goal immediately and to 17.26 m by the final waypoint, so progress is 0.47 m selected / 2.34 m final and passes with monotonic goal-distance reduction. Kinematics is evaluated on 5 unique label waypoint(s), excluding consecutive duplicate terminal holds, and checks only that the trajectory stays within the configured bounds speed <= 15.00 m/s and acceleration <= 8.00 m/s^2, so kinematics passes. Goal is not reached within this label waypoint window. Safety passes: minimum clearance 1.54 m against manifest obstacles with 0 violating segment(s).""}",-0.3977762857142849,8.452454380952382,-2.5,-0.254919142857142,8.928644857142858,-2.5,-0.1120619999999991,9.404835333333333,-2.5,0.030795142857143687,9.88102580952381,-2.5,0.17365228571428648,10.357216285714285,-2.5
1773859532.375024557,1773859532.375024557,0.000,offline_ground_truth_window,"Environment section (T(v)):
- Current position NED is (-0.47, 8.21, -2.47) m.
- Current velocity is (0.01, 0.06, 0.01) m/s (speed 0.06 m/s).
- Goal position NED is (-1.11, 27.57, -2.50) m.
- Output contract: predict exactly 5 waypoint x/y pairs in NED. The planner will set every waypoint z to goal z = -2.50 m before execution.
- Goal delta from current state is (-0.64, 19.36, -0.03) m with distance 19.37 m.
- Obstacle pipeline: depth_camera_to_body_to_ned_current_frame.
- Current depth frame obstacle points projected into NED: 8. Nearest depth obstacle in NED is at (1.74, 17.75, -2.37) m, relative vector (2.21, 9.54, 0.10) m, distance 9.79 m.
- Depth validity fraction is 0.57. Global nearest obstacle distance is 4.96 m.
- Sector minimum distances [far_left, left, center, right, far_right] are [4.97, 4.97, 4.97, 4.97, 4.96] m.
- Nearest obstacle sector is far_right at 4.96 m and clearance status is clear.
- Lateral planning hint: prefer center progress.","{""waypoints"":[{""x"":-0.254919142857142,""y"":8.928644857142858},{""x"":-0.1120619999999991,""y"":9.404835333333333},{""x"":0.030795142857143687,""y"":9.88102580952381},{""x"":0.17365228571428648,""y"":10.357216285714285},{""x"":0.3165094285714293,""y"":10.833406761904763}],""reasoning"":""Selected waypoint 0 moves the reference anchor from 19.13 m to 18.66 m from goal immediately and to 16.80 m by the final waypoint, so progress is 0.47 m selected / 2.33 m final and passes with monotonic goal-distance reduction. Kinematics is evaluated on 5 unique label waypoint(s), excluding consecutive duplicate terminal holds, and checks only that the trajectory stays within the configured bounds speed <= 15.00 m/s and acceleration <= 8.00 m/s^2, so kinematics passes. Goal is not reached within this label waypoint window. Safety passes: minimum clearance 1.54 m against manifest obstacles with 0 violating segment(s).""}",-0.254919142857142,8.928644857142858,-2.5,-0.1120619999999991,9.404835333333333,-2.5,0.030795142857143687,9.88102580952381,-2.5,0.17365228571428648,10.357216285714285,-2.5,0.3165094285714293,10.833406761904763,-2.5
1773859538.534129381,1773859538.534129381,0.000,offline_ground_truth_window,"Environment section (T(v)):
- Current position NED is (-0.28, 8.68, -2.47) m.
- Current velocity is (0.02, 0.07, -0.00) m/s (speed 0.08 m/s).
- Goal position NED is (-1.11, 27.57, -2.50) m.
- Output contract: predict exactly 5 waypoint x/y pairs in NED. The planner will set every waypoint z to goal z = -2.50 m before execution.
- Goal delta from current state is (-0.83, 18.89, -0.03) m with distance 18.91 m.
- Obstacle pipeline: depth_camera_to_body_to_ned_current_frame.
- Current depth frame obstacle points projected into NED: 9. Nearest depth obstacle in NED is at (2.35, 17.67, -2.63) m, relative vector (2.63, 9.00, -0.16) m, distance 9.37 m.
- Depth validity fraction is 0.56. Global nearest obstacle distance is 4.96 m.
- Sector minimum distances [far_left, left, center, right, far_right] are [5.00, 4.99, 4.98, 4.97, 4.96] m.
- Nearest obstacle sector is far_right at 4.96 m and clearance status is clear.
- Lateral planning hint: prefer center progress.","{""waypoints"":[{""x"":-0.1120619999999991,""y"":9.404835333333333},{""x"":0.030795142857143687,""y"":9.88102580952381},{""x"":0.17365228571428648,""y"":10.357216285714285},{""x"":0.3165094285714293,""y"":10.833406761904763},{""x"":0.4593665714285725,""y"":11.309597238095238}],""reasoning"":""Selected waypoint 0 moves the reference anchor from 18.66 m to 18.19 m from goal immediately and to 16.34 m by the final waypoint, so progress is 0.47 m selected / 2.32 m final and passes with monotonic goal-distance reduction. Kinematics is evaluated on 5 unique label waypoint(s), excluding consecutive duplicate terminal holds, and checks only that the trajectory stays within the configured bounds speed <= 15.00 m/s and acceleration <= 8.00 m/s^2, so kinematics passes. Goal is not reached within this label waypoint window. Safety passes: minimum clearance 1.54 m against manifest obstacles with 0 violating segment(s).""}",-0.1120619999999991,9.404835333333333,-2.5,0.030795142857143687,9.88102580952381,-2.5,0.17365228571428648,10.357216285714285,-2.5,0.3165094285714293,10.833406761904763,-2.5,0.4593665714285725,11.309597238095238,-2.5
1773859544.506704092,1773859544.506704092,0.000,offline_ground_truth_window,"Environment section (T(v)):
- Current position NED is (-0.13, 9.16, -2.49) m.
- Current velocity is (0.01, 0.06, 0.01) m/s (speed 0.06 m/s).
- Goal position NED is (-1.11, 27.57, -2.50) m.
- Output contract: predict exactly 5 waypoint x/y pairs in NED. The planner will set every waypoint z to goal z = -2.50 m before execution.
- Goal delta from current state is (-0.98, 18.42, -0.01) m with distance 18.44 m.
- Obstacle pipeline: depth_camera_to_body_to_ned_current_frame.
- Current depth frame obstacle points projected into NED: 8. Nearest depth obstacle in NED is at (2.49, 17.69, -2.10) m, relative vector (2.63, 8.54, 0.40) m, distance 8.94 m.
- Depth validity fraction is 0.56. Global nearest obstacle distance is 5.04 m.
- Sector minimum distances [far_left, left, center, right, far_right] are [5.06, 5.06, 5.05, 5.04, 5.04] m.
- Nearest obstacle sector is far_right at 5.04 m and clearance status is clear.
- Lateral planning hint: prefer center progress.","{""waypoints"":[{""x"":0.030795142857143687,""y"":9.88102580952381},{""x"":0.17365228571428648,""y"":10.357216285714285},{""x"":0.3165094285714293,""y"":10.833406761904763},{""x"":0.4593665714285725,""y"":11.309597238095238},{""x"":0.6022237142857151,""y"":11.785787714285714}],""reasoning"":""Selected waypoint 0 moves the reference anchor from 18.19 m to 17.73 m from goal immediately and to 15.88 m by the final waypoint, so progress is 0.47 m selected / 2.32 m final and passes with monotonic goal-distance reduction. Kinematics is evaluated on 5 unique label waypoint(s), excluding consecutive duplicate terminal holds, and checks only that the trajectory stays within the configured bounds speed <= 15.00 m/s and acceleration <= 8.00 m/s^2, so kinematics passes. Goal is not reached within this label waypoint window. Safety passes: minimum clearance 1.54 m against manifest obstacles with 0 violating segment(s).""}",0.030795142857143687,9.88102580952381,-2.5,0.17365228571428648,10.357216285714285,-2.5,0.3165094285714293,10.833406761904763,-2.5,0.4593665714285725,11.309597238095238,-2.5,0.6022237142857151,11.785787714285714,-2.5
1773859550.679708242,1773859550.679708242,0.000,offline_ground_truth_window,"Environment section (T(v)):
- Current position NED is (-0.03, 9.64, -2.49) m.
- Current velocity is (0.03, 0.08, 0.00) m/s (speed 0.08 m/s).
- Goal position NED is (-1.11, 27.57, -2.50) m.
- Output contract: predict exactly 5 waypoint x/y pairs in NED. The planner will set every waypoint z to goal z = -2.50 m before execution.
- Goal delta from current state is (-1.09, 17.93, -0.01) m with distance 17.96 m.
- Obstacle pipeline: depth_camera_to_body_to_ned_current_frame.
- Current depth frame obstacle points projected into NED: 10. Nearest depth obstacle in NED is at (2.88, 17.65, -1.97) m, relative vector (2.90, 8.01, 0.52) m, distance 8.54 m.
- Depth validity fraction is 0.56. Global nearest obstacle distance is 4.98 m.
- Sector minimum distances [far_left, left, center, right, far_right] are [4.99, 4.99, 4.99, 4.99, 4.98] m.
- Nearest obstacle sector is far_right at 4.98 m and clearance status is clear.
- Lateral planning hint: prefer center progress.","{""waypoints"":[{""x"":0.17365228571428648,""y"":10.357216285714285},{""x"":0.3165094285714293,""y"":10.833406761904763},{""x"":0.4593665714285725,""y"":11.309597238095238},{""x"":0.6022237142857151,""y"":11.785787714285714},{""x"":0.7450808571428581,""y"":12.26197819047619}],""reasoning"":""Selected waypoint 0 moves the reference anchor from 17.73 m to 17.26 m from goal immediately and to 15.42 m by the final waypoint, so progress is 0.47 m selected / 2.31 m final and passes with monotonic goal-distance reduction. Kinematics is evaluated on 5 unique label waypoint(s), excluding consecutive duplicate terminal holds, and checks only that the trajectory stays within the configured bounds speed <= 15.00 m/s and acceleration <= 8.00 m/s^2, so kinematics passes. Goal is not reached within this label waypoint window. Safety passes: minimum clearance 1.57 m against manifest obstacles with 0 violating segment(s).""}",0.17365228571428648,10.357216285714285,-2.5,0.3165094285714293,10.833406761904763,-2.5,0.4593665714285725,11.309597238095238,-2.5,0.6022237142857151,11.785787714285714,-2.5,0.7450808571428581,12.26197819047619,-2.5
1773859559.094811678,1773859559.094811678,0.000,offline_ground_truth_window,"Environment section (T(v)):
- Current position NED is (0.06, 10.13, -2.50) m.
- Current velocity is (0.02, 0.04, -0.00) m/s (speed 0.05 m/s).
- Goal position NED is (-1.11, 27.57, -2.50) m.
- Output contract: predict exactly 5 waypoint x/y pairs in NED. The planner will set every waypoint z to goal z = -2.50 m before execution.
- Goal delta from current state is (-1.17, 17.44, 0.00) m with distance 17.48 m.
- Obstacle pipeline: depth_camera_to_body_to_ned_current_frame.
- Current depth frame obstacle points projected into NED: 17. Nearest depth obstacle in NED is at (2.91, 17.71, -1.95) m, relative vector (2.85, 7.58, 0.55) m, distance 8.11 m.
- Depth validity fraction is 0.57. Global nearest obstacle distance is 4.98 m.
- Sector minimum distances [far_left, left, center, right, far_right] are [4.98, 4.99, 5.00, 5.01, 5.02] m.
- Nearest obstacle sector is far_left at 4.98 m and clearance status is clear.
- Lateral planning hint: prefer center progress.","{""waypoints"":[{""x"":0.3165094285714293,""y"":10.833406761904763},{""x"":0.4593665714285725,""y"":11.309597238095238},{""x"":0.6022237142857151,""y"":11.785787714285714},{""x"":0.7450808571428581,""y"":12.26197819047619},{""x"":0.8879380000000009,""y"":12.738168666666667}],""reasoning"":""Selected waypoint 0 moves the reference anchor from 17.26 m to 16.80 m from goal immediately and to 14.97 m by the final waypoint, so progress is 0.46 m selected / 2.29 m final and passes with monotonic goal-distance reduction. Kinematics is evaluated on 5 unique label waypoint(s), excluding consecutive duplicate terminal holds, and checks only that the trajectory stays within the configured bounds speed <= 15.00 m/s and acceleration <= 8.00 m/s^2, so kinematics passes. Goal is not reached within this label waypoint window. Safety passes: minimum clearance 1.72 m against manifest obstacles with 0 violating segment(s).""}",0.3165094285714293,10.833406761904763,-2.5,0.4593665714285725,11.309597238095238,-2.5,0.6022237142857151,11.785787714285714,-2.5,0.7450808571428581,12.26197819047619,-2.5,0.8879380000000009,12.738168666666667,-2.5
1773859565.991729736,1773859565.991729736,0.000,offline_ground_truth_window,"Environment section (T(v)):
- Current position NED is (0.26, 10.59, -2.50) m.
- Current velocity is (0.01, 0.04, 0.00) m/s (speed 0.04 m/s).
- Goal position NED is (-1.11, 27.57, -2.50) m.
- Output contract: predict exactly 5 waypoint x/y pairs in NED. The planner will set every waypoint z to goal z = -2.50 m before execution.
- Goal delta from current state is (-1.37, 16.98, -0.00) m with distance 17.03 m.
- Obstacle pipeline: depth_camera_to_body_to_ned_current_frame.
- Current depth frame obstacle points projected into NED: 14. Nearest depth obstacle in NED is at (3.46, 17.65, -2.55) m, relative vector (3.21, 7.06, -0.05) m, distance 7.76 m.
- Depth validity fraction is 0.57. Global nearest obstacle distance is 5.06 m.
- Sector minimum distances [far_left, left, center, right, far_right] are [5.06, 5.06, 5.06, 5.06, 5.06] m.
- Nearest obstacle sector is far_right at 5.06 m and clearance status is clear.
- Lateral planning hint: prefer center progress.","{""waypoints"":[{""x"":0.4593665714285725,""y"":11.309597238095238},{""x"":0.6022237142857151,""y"":11.785787714285714},{""x"":0.7450808571428581,""y"":12.26197819047619},{""x"":0.8879380000000009,""y"":12.738168666666667},{""x"":1.0307951428571438,""y"":13.214359142857143}],""reasoning"":""Selected waypoint 0 moves the reference anchor from 16.80 m to 16.34 m from goal immediately and to 14.52 m by the final waypoint, so progress is 0.46 m selected / 2.28 m final and passes with monotonic goal-distance reduction. Kinematics is evaluated on 5 unique label waypoint(s), excluding consecutive duplicate terminal holds, and checks only that the trajectory stays within the configured bounds speed <= 15.00 m/s and acceleration <= 8.00 m/s^2, so kinematics passes. Goal is not reached within this label waypoint window. Safety passes: minimum clearance 1.97 m against manifest obstacles with 0 violating segment(s).""}",0.4593665714285725,11.309597238095238,-2.5,0.6022237142857151,11.785787714285714,-2.5,0.7450808571428581,12.26197819047619,-2.5,0.8879380000000009,12.738168666666667,-2.5,1.0307951428571438,13.214359142857143,-2.5
1773859573.473791838,1773859573.473791838,0.000,offline_ground_truth_window,"Environment section (T(v)):
- Current position NED is (0.40, 11.07, -2.53) m.
- Current velocity is (0.01, 0.05, 0.01) m/s (speed 0.05 m/s).
- Goal position NED is (-1.11, 27.57, -2.50) m.
- Output contract: predict exactly 5 waypoint x/y pairs in NED. The planner will set every waypoint z to goal z = -2.50 m before execution.
- Goal delta from current state is (-1.52, 16.50, 0.03) m with distance 16.57 m.
- Obstacle pipeline: depth_camera_to_body_to_ned_current_frame.
- Current depth frame obstacle points projected into NED: 16. Nearest depth obstacle in NED is at (3.66, 17.71, -2.28) m, relative vector (3.26, 6.64, 0.25) m, distance 7.40 m.
- Depth validity fraction is 0.57. Global nearest obstacle distance is 5.08 m.
- Sector minimum distances [far_left, left, center, right, far_right] are [5.08, 5.08, 5.08, 5.08, 5.09] m.
- Nearest obstacle sector is far_left at 5.08 m and clearance status is clear.
- Lateral planning hint: prefer center progress.","{""waypoints"":[{""x"":0.6022237142857151,""y"":11.785787714285714},{""x"":0.7450808571428581,""y"":12.26197819047619},{""x"":0.8879380000000009,""y"":12.738168666666667},{""x"":1.0307951428571438,""y"":13.214359142857143},{""x"":1.1736522857142866,""y"":13.69054961904762}],""reasoning"":""Selected waypoint 0 moves the reference anchor from 16.34 m to 15.88 m from goal immediately and to 14.07 m by the final waypoint, so progress is 0.46 m selected / 2.27 m final and passes with monotonic goal-distance reduction. Kinematics is evaluated on 5 unique label waypoint(s), excluding consecutive duplicate terminal holds, and checks only that the trajectory stays within the configured bounds speed <= 15.00 m/s and acceleration <= 8.00 m/s^2, so kinematics passes. Goal is not reached within this label waypoint window. Safety passes: minimum clearance 2.29 m against manifest obstacles with 0 violating segment(s).""}",0.6022237142857151,11.785787714285714,-2.5,0.7450808571428581,12.26197819047619,-2.5,0.8879380000000009,12.738168666666667,-2.5,1.0307951428571438,13.214359142857143,-2.5,1.1736522857142866,13.69054961904762,-2.5
1773859580.912727118,1773859580.912727118,0.000,offline_ground_truth_window,"Environment section (T(v)):
- Current position NED is (0.54, 11.55, -2.52) m.
- Current velocity is (0.02, 0.06, 0.01) m/s (speed 0.07 m/s).
- Goal position NED is (-1.11, 27.57, -2.50) m.
- Output contract: predict exactly 5 waypoint x/y pairs in NED. The planner will set every waypoint z to goal z = -2.50 m before execution.
- Goal delta from current state is (-1.65, 16.02, 0.02) m with distance 16.11 m.
- Obstacle pipeline: depth_camera_to_body_to_ned_current_frame.
- Current depth frame obstacle points projected into NED: 10. Nearest depth obstacle in NED is at (3.91, 17.76, -2.58) m, relative vector (3.37, 6.22, -0.06) m, distance 7.07 m.
- Depth validity fraction is 0.56. Global nearest obstacle distance is 5.13 m.
- Sector minimum distances [far_left, left, center, right, far_right] are [5.15, 5.15, 5.14, 5.13, 5.13] m.
- Nearest obstacle sector is far_right at 5.13 m and clearance status is clear.
- Lateral planning hint: prefer center progress.","{""waypoints"":[{""x"":0.7450808571428581,""y"":12.26197819047619},{""x"":0.8879380000000009,""y"":12.738168666666667},{""x"":1.0307951428571438,""y"":13.214359142857143},{""x"":1.1736522857142866,""y"":13.69054961904762},{""x"":1.3165094285714298,""y"":14.166740095238096}],""reasoning"":""Selected waypoint 0 moves the reference anchor from 15.88 m to 15.42 m from goal immediately and to 13.62 m by the final waypoint, so progress is 0.46 m selected / 2.26 m final and passes with monotonic goal-distance reduction. Kinematics is evaluated on 5 unique label waypoint(s), excluding consecutive duplicate terminal holds, and checks only that the trajectory stays within the configured bounds speed <= 15.00 m/s and acceleration <= 8.00 m/s^2, so kinematics passes. Goal is not reached within this label waypoint window. Safety passes: minimum clearance 2.65 m against manifest obstacles with 0 violating segment(s).""}",0.7450808571428581,12.26197819047619,-2.5,0.8879380000000009,12.738168666666667,-2.5,1.0307951428571438,13.214359142857143,-2.5,1.1736522857142866,13.69054961904762,-2.5,1.3165094285714298,14.166740095238096,-2.5
1773859587.414277315,1773859587.414277315,0.000,offline_ground_truth_window,"Environment section (T(v)):
- Current position NED is (0.68, 12.02, -2.52) m.
- Current velocity is (0.02, 0.08, 0.01) m/s (speed 0.08 m/s).
- Goal position NED is (-1.11, 27.57, -2.50) m.
- Output contract: predict exactly 5 waypoint x/y pairs in NED. The planner will set every waypoint z to goal z = -2.50 m before execution.
- Goal delta from current state is (-1.80, 15.55, 0.02) m with distance 15.65 m.
- Obstacle pipeline: depth_camera_to_body_to_ned_current_frame.
- Current depth frame obstacle points projected into NED: 17. Nearest depth obstacle in NED is at (4.34, 17.70, -2.48) m, relative vector (3.65, 5.67, 0.04) m, distance 6.75 m.
- Depth validity fraction is 0.58. Global nearest obstacle distance is 5.00 m.
- Sector minimum distances [far_left, left, center, right, far_right] are [5.00, 5.00, 5.01, 5.01, 5.01] m.
- Nearest obstacle sector is far_left at 5.00 m and clearance status is clear.
- Lateral planning hint: prefer center progress.","{""waypoints"":[{""x"":0.8879380000000009,""y"":12.738168666666667},{""x"":1.0307951428571438,""y"":13.214359142857143},{""x"":1.1736522857142866,""y"":13.69054961904762},{""x"":1.3165094285714298,""y"":14.166740095238096},{""x"":1.4593665714285722,""y"":14.642930571428572}],""reasoning"":""Selected waypoint 0 moves the reference anchor from 15.42 m to 14.97 m from goal immediately and to 13.18 m by the final waypoint, so progress is 0.45 m selected / 2.24 m final and passes with monotonic goal-distance reduction. Kinematics is evaluated on 5 unique label waypoint(s), excluding consecutive duplicate terminal holds, and checks only that the trajectory stays within the configured bounds speed <= 15.00 m/s and acceleration <= 8.00 m/s^2, so kinematics passes. Goal is not reached within this label waypoint window. Safety passes: minimum clearance 3.05 m against manifest obstacles with 0 violating segment(s).""}",0.8879380000000009,12.738168666666667,-2.5,1.0307951428571438,13.214359142857143,-2.5,1.1736522857142866,13.69054961904762,-2.5,1.3165094285714298,14.166740095238096,-2.5,1.4593665714285722,14.642930571428572,-2.5
1773859593.786525726,1773859593.786525726,0.000,offline_ground_truth_window,"Environment section (T(v)):
- Current position NED is (0.81, 12.50, -2.49) m.
- Current velocity is (0.03, 0.09, -0.00) m/s (speed 0.10 m/s).
- Goal position NED is (-1.11, 27.57, -2.50) m.
- Output contract: predict exactly 5 waypoint x/y pairs in NED. The planner will set every waypoint z to goal z = -2.50 m before execution.
- Goal delta from current state is (-1.92, 15.07, -0.01) m with distance 15.19 m.
- Obstacle pipeline: depth_camera_to_body_to_ned_current_frame.
- Current depth frame obstacle points projected into NED: 10. Nearest depth obstacle in NED is at (0.10, 19.35, -2.46) m, relative vector (-0.71, 6.85, 0.02) m, distance 6.88 m.
- Depth validity fraction is 0.59. Global nearest obstacle distance is 4.98 m.
- Sector minimum distances [far_left, left, center, right, far_right] are [4.98, 4.98, 4.98, 4.98, 4.98] m.
- Nearest obstacle sector is far_left at 4.98 m and clearance status is clear.
- Lateral planning hint: prefer center progress.","{""waypoints"":[{""x"":1.0307951428571438,""y"":13.214359142857143},{""x"":1.1736522857142866,""y"":13.69054961904762},{""x"":1.3165094285714298,""y"":14.166740095238096},{""x"":1.4593665714285722,""y"":14.642930571428572},{""x"":1.6022237142857154,""y"":15.119121047619048}],""reasoning"":""Selected waypoint 0 moves the reference anchor from 14.97 m to 14.52 m from goal immediately and to 12.74 m by the final waypoint, so progress is 0.45 m selected / 2.22 m final and passes with monotonic goal-distance reduction. Kinematics is evaluated on 5 unique label waypoint(s), excluding consecutive duplicate terminal holds, and checks only that the trajectory stays within the configured bounds speed <= 15.00 m/s and acceleration <= 8.00 m/s^2, so kinematics passes. Goal is not reached within this label waypoint window. Safety passes: minimum clearance 3.10 m against manifest obstacles with 0 violating segment(s).""}",1.0307951428571438,13.214359142857143,-2.5,1.1736522857142866,13.69054961904762,-2.5,1.3165094285714298,14.166740095238096,-2.5,1.4593665714285722,14.642930571428572,-2.5,1.6022237142857154,15.119121047619048,-2.5
1773859599.351044655,1773859599.351044655,0.000,offline_ground_truth_window,"Environment section (T(v)):
- Current position NED is (0.99, 12.97, -2.50) m.
- Current velocity is (0.01, 0.06, 0.00) m/s (speed 0.06 m/s).
- Goal position NED is (-1.11, 27.57, -2.50) m.
- Output contract: predict exactly 5 waypoint x/y pairs in NED. The planner will set every waypoint z to goal z = -2.50 m before execution.
- Goal delta from current state is (-2.10, 14.60, -0.00) m with distance 14.75 m.
- Obstacle pipeline: depth_camera_to_body_to_ned_current_frame.
- Current depth frame obstacle points projected into NED: 11. Nearest depth obstacle in NED is at (0.49, 19.34, -2.32) m, relative vector (-0.49, 6.37, 0.18) m, distance 6.39 m.
- Depth validity fraction is 0.60. Global nearest obstacle distance is 4.99 m.
- Sector minimum distances [far_left, left, center, right, far_right] are [5.00, 5.00, 5.00, 4.99, 4.99] m.
- Nearest obstacle sector is far_right at 4.99 m and clearance status is clear.
- Lateral planning hint: prefer center progress.","{""waypoints"":[{""x"":1.1736522857142866,""y"":13.69054961904762},{""x"":1.3165094285714298,""y"":14.166740095238096},{""x"":1.4593665714285722,""y"":14.642930571428572},{""x"":1.6022237142857154,""y"":15.119121047619048},{""x"":1.7450808571428578,""y"":15.595311523809526}],""reasoning"":""Selected waypoint 0 moves the reference anchor from 14.52 m to 14.07 m from goal immediately and to 12.31 m by the final waypoint, so progress is 0.45 m selected / 2.20 m final and passes with monotonic goal-distance reduction. Kinematics is evaluated on 5 unique label waypoint(s), excluding consecutive duplicate terminal holds, and checks only that the trajectory stays within the configured bounds speed <= 15.00 m/s and acceleration <= 8.00 m/s^2, so kinematics passes. Goal is not reached within this label waypoint window. Safety passes: minimum clearance 2.63 m against manifest obstacles with 0 violating segment(s).""}",1.1736522857142866,13.69054961904762,-2.5,1.3165094285714298,14.166740095238096,-2.5,1.4593665714285722,14.642930571428572,-2.5,1.6022237142857154,15.119121047619048,-2.5,1.7450808571428578,15.595311523809526,-2.5
1773859608.199727774,1773859608.199727774,0.000,offline_ground_truth_window,"Environment section (T(v)):
- Current position NED is (1.09, 13.46, -2.47) m.
- Current velocity is (0.00, 0.05, 0.00) m/s (speed 0.05 m/s).
- Goal position NED is (-1.11, 27.57, -2.50) m.
- Output contract: predict exactly 5 waypoint x/y pairs in NED. The planner will set every waypoint z to goal z = -2.50 m before execution.
- Goal delta from current state is (-2.20, 14.11, -0.03) m with distance 14.29 m.
- Obstacle pipeline: depth_camera_to_body_to_ned_current_frame.
- Current depth frame obstacle points projected into NED: 17. Nearest depth obstacle in NED is at (0.72, 19.34, -2.31) m, relative vector (-0.37, 5.89, 0.16) m, distance 5.90 m.
- Depth validity fraction is 0.56. Global nearest obstacle distance is 4.95 m.
- Sector minimum distances [far_left, left, center, right, far_right] are [4.95, 4.95, 4.95, 4.95, 4.95] m.
- Nearest obstacle sector is far_left at 4.95 m and clearance status is clear.
- Lateral planning hint: prefer center progress.","{""waypoints"":[{""x"":1.3165094285714298,""y"":14.166740095238096},{""x"":1.4593665714285722,""y"":14.642930571428572},{""x"":1.6022237142857154,""y"":15.119121047619048},{""x"":1.7450808571428578,""y"":15.595311523809526},{""x"":1.887938000000001,""y"":16.071502000000002}],""reasoning"":""Selected waypoint 0 moves the reference anchor from 14.07 m to 13.62 m from goal immediately and to 11.88 m by the final waypoint, so progress is 0.44 m selected / 2.18 m final and passes with monotonic goal-distance reduction. Kinematics is evaluated on 5 unique label waypoint(s), excluding consecutive duplicate terminal holds, and checks only that the trajectory stays within the configured bounds speed <= 15.00 m/s and acceleration <= 8.00 m/s^2, so kinematics passes. Goal is not reached within this label waypoint window. Safety passes: minimum clearance 2.18 m against manifest obstacles with 0 violating segment(s).""}",1.3165094285714298,14.166740095238096,-2.5,1.4593665714285722,14.642930571428572,-2.5,1.6022237142857154,15.119121047619048,-2.5,1.7450808571428578,15.595311523809526,-2.5,1.887938000000001,16.071502000000002,-2.5
1773859615.543016195,1773859615.543016195,0.000,offline_ground_truth_window,"Environment section (T(v)):
- Current position NED is (1.24, 13.93, -2.47) m.
- Current velocity is (0.01, 0.06, 0.00) m/s (speed 0.06 m/s).
- Goal position NED is (-1.11, 27.57, -2.50) m.
- Output contract: predict exactly 5 waypoint x/y pairs in NED. The planner will set every waypoint z to goal z = -2.50 m before execution.
- Goal delta from current state is (-2.35, 13.64, -0.03) m with distance 13.84 m.
- Obstacle pipeline: depth_camera_to_body_to_ned_current_frame.
- Current depth frame obstacle points projected into NED: 22. Nearest depth obstacle in NED is at (0.99, 19.37, -2.49) m, relative vector (-0.25, 5.44, -0.02) m, distance 5.44 m.
- Depth validity fraction is 0.57. Global nearest obstacle distance is 5.02 m.
- Sector minimum distances [far_left, left, center, right, far_right] are [5.02, 5.02, 5.02, 5.02, 5.02] m.
- Nearest obstacle sector is far_right at 5.02 m and clearance status is clear.
- Lateral planning hint: prefer center progress.","{""waypoints"":[{""x"":1.4593665714285722,""y"":14.642930571428572},{""x"":1.6022237142857154,""y"":15.119121047619048},{""x"":1.7450808571428578,""y"":15.595311523809526},{""x"":1.887938000000001,""y"":16.071502000000002},{""x"":2.187938000000001,""y"":16.421502000000004}],""reasoning"":""Selected waypoint 0 moves the reference anchor from 13.62 m to 13.18 m from goal immediately and to 11.63 m by the final waypoint, so progress is 0.44 m selected / 1.99 m final and passes with monotonic goal-distance reduction. Kinematics is evaluated on 5 unique label waypoint(s), excluding consecutive duplicate terminal holds, and checks only that the trajectory stays within the configured bounds speed <= 15.00 m/s and acceleration <= 8.00 m/s^2, so kinematics passes. Goal is not reached within this label waypoint window. Safety passes: minimum clearance 1.91 m against manifest obstacles with 0 violating segment(s).""}",1.4593665714285722,14.642930571428572,-2.5,1.6022237142857154,15.119121047619048,-2.5,1.7450808571428578,15.595311523809526,-2.5,1.887938000000001,16.071502000000002,-2.5,2.187938000000001,16.421502000000004,-2.5
1773859623.301160812,1773859623.301160812,0.000,offline_ground_truth_window,"Environment section (T(v)):
- Current position NED is (1.38, 14.41, -2.49) m.
- Current velocity is (0.01, 0.08, -0.00) m/s (speed 0.08 m/s).
- Goal position NED is (-1.11, 27.57, -2.50) m.
- Output contract: predict exactly 5 waypoint x/y pairs in NED. The planner will set every waypoint z to goal z = -2.50 m before execution.
- Goal delta from current state is (-2.50, 13.16, -0.01) m with distance 13.40 m.
- Obstacle pipeline: depth_camera_to_body_to_ned_current_frame.
- Current depth frame obstacle points projected into NED: 19. Nearest depth obstacle in NED is at (1.34, 19.35, -2.67) m, relative vector (-0.04, 4.94, -0.19) m, distance 4.95 m.
- Depth validity fraction is 0.58. Global nearest obstacle distance is 4.80 m.
- Sector minimum distances [far_left, left, center, right, far_right] are [5.07, 5.08, 4.80, 5.09, 5.10] m.
- Nearest obstacle sector is center at 4.80 m and clearance status is clear.
- Lateral planning hint: prefer center progress.","{""waypoints"":[{""x"":1.6022237142857154,""y"":15.119121047619048},{""x"":1.7450808571428578,""y"":15.595311523809526},{""x"":1.887938000000001,""y"":16.071502000000002},{""x"":2.187938000000001,""y"":16.421502000000004},{""x"":2.487938000000001,""y"":16.771502}],""reasoning"":""Selected waypoint 0 moves the reference anchor from 13.18 m to 12.74 m from goal immediately and to 11.38 m by the final waypoint, so progress is 0.44 m selected / 1.80 m final and passes with monotonic goal-distance reduction. Kinematics is evaluated on 5 unique label waypoint(s), excluding consecutive duplicate terminal holds, and checks only that the trajectory stays within the configured bounds speed <= 15.00 m/s and acceleration <= 8.00 m/s^2, so kinematics passes. Goal is not reached within this label waypoint window. Safety passes: minimum clearance 1.70 m against manifest obstacles with 0 violating segment(s).""}",1.6022237142857154,15.119121047619048,-2.5,1.7450808571428578,15.595311523809526,-2.5,1.887938000000001,16.071502000000002,-2.5,2.187938000000001,16.421502000000004,-2.5,2.487938000000001,16.771502,-2.5
1773859630.282016039,1773859630.282016039,0.000,offline_ground_truth_window,"Environment section (T(v)):
- Current position NED is (1.52, 14.88, -2.52) m.
- Current velocity is (0.02, 0.07, 0.01) m/s (speed 0.07 m/s).
- Goal position NED is (-1.11, 27.57, -2.50) m.
- Output contract: predict exactly 5 waypoint x/y pairs in NED. The planner will set every waypoint z to goal z = -2.50 m before execution.
- Goal delta from current state is (-2.64, 12.69, 0.02) m with distance 12.96 m.
- Obstacle pipeline: depth_camera_to_body_to_ned_current_frame.
- Current depth frame obstacle points projected into NED: 40. Nearest depth obstacle in NED is at (1.62, 19.35, -2.41) m, relative vector (0.09, 4.46, 0.11) m, distance 4.47 m.
- Depth validity fraction is 0.58. Global nearest obstacle distance is 4.31 m.
- Sector minimum distances [far_left, left, center, right, far_right] are [5.14, 5.14, 4.31, 4.41, 4.98] m.
- Nearest obstacle sector is center at 4.31 m and clearance status is clear.
- Lateral planning hint: left side is clearer.","{""waypoints"":[{""x"":1.7450808571428578,""y"":15.595311523809526},{""x"":1.887938000000001,""y"":16.071502000000002},{""x"":2.187938000000001,""y"":16.421502000000004},{""x"":2.487938000000001,""y"":16.771502},{""x"":2.787938000000001,""y"":17.121502000000003}],""reasoning"":""Selected waypoint 0 moves the reference anchor from 12.74 m to 12.31 m from goal immediately and to 11.15 m by the final waypoint, so progress is 0.43 m selected / 1.59 m final and passes with monotonic goal-distance reduction. Kinematics is evaluated on 5 unique label waypoint(s), excluding consecutive duplicate terminal holds, and checks only that the trajectory stays within the configured bounds speed <= 15.00 m/s and acceleration <= 8.00 m/s^2, so kinematics passes. Goal is not reached within this label waypoint window. Safety passes: minimum clearance 1.57 m against manifest obstacles with 0 violating segment(s).""}",1.7450808571428578,15.595311523809526,-2.5,1.887938000000001,16.071502000000002,-2.5,2.187938000000001,16.421502000000004,-2.5,2.487938000000001,16.771502,-2.5,2.787938000000001,17.121502000000003,-2.5
1773859638.227260113,1773859638.227260113,0.000,offline_ground_truth_window,"Environment section (T(v)):
- Current position NED is (1.69, 15.35, -2.51) m.
- Current velocity is (0.01, 0.04, 0.01) m/s (speed 0.04 m/s).
- Goal position NED is (-1.11, 27.57, -2.50) m.
- Output contract: predict exactly 5 waypoint x/y pairs in NED. The planner will set every waypoint z to goal z = -2.50 m before execution.
- Goal delta from current state is (-2.80, 12.22, 0.01) m with distance 12.54 m.
- Obstacle pipeline: depth_camera_to_body_to_ned_current_frame.
- Current depth frame obstacle points projected into NED: 58. Nearest depth obstacle in NED is at (2.00, 19.33, -2.41) m, relative vector (0.31, 3.98, 0.10) m, distance 3.99 m.
- Depth validity fraction is 0.59. Global nearest obstacle distance is 3.83 m.
- Sector minimum distances [far_left, left, center, right, far_right] are [5.02, 5.02, 3.83, 3.85, 4.63] m.
- Nearest obstacle sector is center at 3.83 m and clearance status is clear.
- Lateral planning hint: left side is clearer.","{""waypoints"":[{""x"":1.887938000000001,""y"":16.071502000000002},{""x"":2.187938000000001,""y"":16.421502000000004},{""x"":2.487938000000001,""y"":16.771502},{""x"":2.787938000000001,""y"":17.121502000000003},{""x"":3.087938000000001,""y"":17.471502}],""reasoning"":""Selected waypoint 0 moves the reference anchor from 12.31 m to 11.88 m from goal immediately and to 10.94 m by the final waypoint, so progress is 0.43 m selected / 1.37 m final and passes with monotonic goal-distance reduction. Kinematics is evaluated on 5 unique label waypoint(s), excluding consecutive duplicate terminal holds, and checks only that the trajectory stays within the configured bounds speed <= 15.00 m/s and acceleration <= 8.00 m/s^2, so kinematics passes. Goal is not reached within this label waypoint window. Safety passes: minimum clearance 1.54 m against manifest obstacles with 0 violating segment(s).""}",1.887938000000001,16.071502000000002,-2.5,2.187938000000001,16.421502000000004,-2.5,2.487938000000001,16.771502,-2.5,2.787938000000001,17.121502000000003,-2.5,3.087938000000001,17.471502,-2.5
1773859644.896496058,1773859644.896496058,0.000,offline_ground_truth_window,"Environment section (T(v)):
- Current position NED is (1.80, 15.84, -2.49) m.
- Current velocity is (0.02, 0.05, -0.00) m/s (speed 0.06 m/s).
- Goal position NED is (-1.11, 27.57, -2.50) m.
- Output contract: predict exactly 5 waypoint x/y pairs in NED. The planner will set every waypoint z to goal z = -2.50 m before execution.
- Goal delta from current state is (-2.91, 11.73, -0.01) m with distance 12.09 m.
- Obstacle pipeline: depth_camera_to_body_to_ned_current_frame.
- Current depth frame obstacle points projected into NED: 75. Nearest depth obstacle in NED is at (2.24, 19.32, -2.53) m, relative vector (0.44, 3.48, -0.04) m, distance 3.51 m.
- Depth validity fraction is 0.60. Global nearest obstacle distance is 3.33 m.
- Sector minimum distances [far_left, left, center, right, far_right] are [4.96, 4.96, 3.34, 3.33, 4.97] m.
- Nearest obstacle sector is right at 3.33 m and clearance status is clear.
- Lateral planning hint: left side is clearer.","{""waypoints"":[{""x"":2.187938000000001,""y"":16.421502000000004},{""x"":2.487938000000001,""y"":16.771502},{""x"":2.787938000000001,""y"":17.121502000000003},{""x"":3.087938000000001,""y"":17.471502},{""x"":3.387938000000001,""y"":17.821502000000002}],""reasoning"":""Selected waypoint 0 moves the reference anchor from 11.88 m to 11.63 m from goal immediately and to 10.74 m by the final waypoint, so progress is 0.26 m selected / 1.15 m final and passes with monotonic goal-distance reduction. Kinematics is evaluated on 5 unique label waypoint(s), excluding consecutive duplicate terminal holds, and checks only that the trajectory stays within the configured bounds speed <= 15.00 m/s and acceleration <= 8.00 m/s^2, so kinematics passes. Goal is not reached within this label waypoint window. Safety passes: minimum clearance 1.54 m against manifest obstacles with 0 violating segment(s).""}",2.187938000000001,16.421502000000004,-2.5,2.487938000000001,16.771502,-2.5,2.787938000000001,17.121502000000003,-2.5,3.087938000000001,17.471502,-2.5,3.387938000000001,17.821502000000002,-2.5
1773859650.387828112,1773859650.387828112,0.000,offline_ground_truth_window,"Environment section (T(v)):
- Current position NED is (2.04, 16.25, -2.49) m.
- Current velocity is (0.04, 0.07, -0.00) m/s (speed 0.08 m/s).
- Goal position NED is (-1.11, 27.57, -2.50) m.
- Output contract: predict exactly 5 waypoint x/y pairs in NED. The planner will set every waypoint z to goal z = -2.50 m before execution.
- Goal delta from current state is (-3.15, 11.33, -0.01) m with distance 11.76 m.
- Obstacle pipeline: depth_camera_to_body_to_ned_current_frame.
- Current depth frame obstacle points projected into NED: 87. Nearest depth obstacle in NED is at (2.62, 19.35, -2.42) m, relative vector (0.58, 3.10, 0.07) m, distance 3.16 m.
- Depth validity fraction is 0.61. Global nearest obstacle distance is 2.94 m.
- Sector minimum distances [far_left, left, center, right, far_right] are [4.92, 5.02, 3.05, 2.94, 5.03] m.
- Nearest obstacle sector is right at 2.94 m and clearance status is caution.
- Lateral planning hint: left side is clearer.","{""waypoints"":[{""x"":2.487938000000001,""y"":16.771502},{""x"":2.787938000000001,""y"":17.121502000000003},{""x"":3.087938000000001,""y"":17.471502},{""x"":3.387938000000001,""y"":17.821502000000002},{""x"":3.450438000000001,""y"":18.196502000000002}],""reasoning"":""Selected waypoint 0 moves the reference anchor from 11.63 m to 11.38 m from goal immediately and to 10.43 m by the final waypoint, so progress is 0.24 m selected / 1.20 m final and passes with monotonic goal-distance reduction. Kinematics is evaluated on 5 unique label waypoint(s), excluding consecutive duplicate terminal holds, and checks only that the trajectory stays within the configured bounds speed <= 15.00 m/s and acceleration <= 8.00 m/s^2, so kinematics fails. Goal is not reached within this label waypoint window. Safety passes: minimum clearance 1.52 m against manifest obstacles with 0 violating segment(s).""}",2.487938000000001,16.771502,-2.5,2.787938000000001,17.121502000000003,-2.5,3.087938000000001,17.471502,-2.5,3.387938000000001,17.821502000000002,-2.5,3.450438000000001,18.196502000000002,-2.5
1773859657.304746151,1773859657.304746151,0.000,offline_ground_truth_window,"Environment section (T(v)):
- Current position NED is (2.33, 16.61, -2.50) m.
- Current velocity is (0.03, 0.04, 0.00) m/s (speed 0.05 m/s).
- Goal position NED is (-1.11, 27.57, -2.50) m.
- Output contract: predict exactly 5 waypoint x/y pairs in NED. The planner will set every waypoint z to goal z = -2.50 m before execution.
- Goal delta from current state is (-3.44, 10.96, -0.00) m with distance 11.49 m.
- Obstacle pipeline: depth_camera_to_body_to_ned_current_frame.
- Current depth frame obstacle points projected into NED: 108. Nearest depth obstacle in NED is at (3.20, 19.29, -2.36) m, relative vector (0.87, 2.68, 0.13) m, distance 2.82 m.
- Depth validity fraction is 0.63. Global nearest obstacle distance is 2.52 m.
- Sector minimum distances [far_left, left, center, right, far_right] are [4.53, 5.05, 5.05, 2.52, 2.52] m.
- Nearest obstacle sector is right at 2.52 m and clearance status is caution.
- Lateral planning hint: left side is clearer.","{""waypoints"":[{""x"":2.787938000000001,""y"":17.121502000000003},{""x"":3.087938000000001,""y"":17.471502},{""x"":3.387938000000001,""y"":17.821502000000002},{""x"":3.450438000000001,""y"":18.196502000000002},{""x"":3.512938000000001,""y"":18.571502000000002}],""reasoning"":""Selected waypoint 0 moves the reference anchor from 11.38 m to 11.15 m from goal immediately and to 10.12 m by the final waypoint, so progress is 0.23 m selected / 1.27 m final and passes with monotonic goal-distance reduction. Kinematics is evaluated on 5 unique label waypoint(s), excluding consecutive duplicate terminal holds, and checks only that the trajectory stays within the configured bounds speed <= 15.00 m/s and acceleration <= 8.00 m/s^2, so kinematics fails. Goal is not reached within this label waypoint window. Safety passes: minimum clearance 1.51 m against manifest obstacles with 0 violating segment(s).""}",2.787938000000001,17.121502000000003,-2.5,3.087938000000001,17.471502,-2.5,3.387938000000001,17.821502000000002,-2.5,3.450438000000001,18.196502000000002,-2.5,3.512938000000001,18.571502000000002,-2.5
1773859662.333661795,1773859662.333661795,0.000,offline_ground_truth_window,"Environment section (T(v)):
- Current position NED is (2.64, 16.94, -2.51) m.
- Current velocity is (0.06, 0.07, 0.00) m/s (speed 0.09 m/s).
- Goal position NED is (-1.11, 27.57, -2.50) m.
- Output contract: predict exactly 5 waypoint x/y pairs in NED. The planner will set every waypoint z to goal z = -2.50 m before execution.
- Goal delta from current state is (-3.75, 10.63, 0.01) m with distance 11.27 m.
- Obstacle pipeline: depth_camera_to_body_to_ned_current_frame.
- Current depth frame obstacle points projected into NED: 135. Nearest depth obstacle in NED is at (3.75, 19.30, -2.57) m, relative vector (1.11, 2.36, -0.05) m, distance 2.61 m.
- Depth validity fraction is 0.67. Global nearest obstacle distance is 2.17 m.
- Sector minimum distances [far_left, left, center, right, far_right] are [4.13, 5.09, 5.09, 2.28, 2.17] m.
- Nearest obstacle sector is far_right at 2.17 m and clearance status is caution.
- Lateral planning hint: left side is clearer.","{""waypoints"":[{""x"":3.087938000000001,""y"":17.471502},{""x"":3.387938000000001,""y"":17.821502000000002},{""x"":3.450438000000001,""y"":18.196502000000002},{""x"":3.512938000000001,""y"":18.571502000000002},{""x"":3.575438000000001,""y"":18.946502000000002}],""reasoning"":""Selected waypoint 0 moves the reference anchor from 11.15 m to 10.94 m from goal immediately and to 9.82 m by the final waypoint, so progress is 0.22 m selected / 1.34 m final and passes with monotonic goal-distance reduction. Kinematics is evaluated on 5 unique label waypoint(s), excluding consecutive duplicate terminal holds, and checks only that the trajectory stays within the configured bounds speed <= 15.00 m/s and acceleration <= 8.00 m/s^2, so kinematics fails. Goal is not reached within this label waypoint window. Safety passes: minimum clearance 1.51 m against manifest obstacles with 0 violating segment(s).""}",3.087938000000001,17.471502,-2.5,3.387938000000001,17.821502000000002,-2.5,3.450438000000001,18.196502000000002,-2.5,3.512938000000001,18.571502000000002,-2.5,3.575438000000001,18.946502000000002,-2.5
1773859668.425460100,1773859668.425460100,0.000,offline_ground_truth_window,"Environment section (T(v)):
- Current position NED is (2.94, 17.30, -2.52) m.
- Current velocity is (0.04, 0.04, 0.01) m/s (speed 0.06 m/s).
- Goal position NED is (-1.11, 27.57, -2.50) m.
- Output contract: predict exactly 5 waypoint x/y pairs in NED. The planner will set every waypoint z to goal z = -2.50 m before execution.
- Goal delta from current state is (-4.05, 10.27, 0.02) m with distance 11.04 m.
- Obstacle pipeline: depth_camera_to_body_to_ned_current_frame.
- Current depth frame obstacle points projected into NED: 165. Nearest depth obstacle in NED is at (4.18, 19.35, -2.50) m, relative vector (1.25, 2.05, 0.01) m, distance 2.40 m.
- Depth validity fraction is 0.68. Global nearest obstacle distance is 1.85 m.
- Sector minimum distances [far_left, left, center, right, far_right] are [3.78, 5.03, 5.03, 2.32, 1.85] m.
- Nearest obstacle sector is far_right at 1.85 m and clearance status is caution.
- Lateral planning hint: left side is clearer.","{""waypoints"":[{""x"":3.387938000000001,""y"":17.821502000000002},{""x"":3.450438000000001,""y"":18.196502000000002},{""x"":3.512938000000001,""y"":18.571502000000002},{""x"":3.575438000000001,""y"":18.946502000000002},{""x"":3.637938000000001,""y"":19.321502000000002}],""reasoning"":""Selected waypoint 0 moves the reference anchor from 10.94 m to 10.74 m from goal immediately and to 9.52 m by the final waypoint, so progress is 0.20 m selected / 1.42 m final and passes with monotonic goal-distance reduction. Kinematics is evaluated on 5 unique label waypoint(s), excluding consecutive duplicate terminal holds, and checks only that the trajectory stays within the configured bounds speed <= 15.00 m/s and acceleration <= 8.00 m/s^2, so kinematics passes. Goal is not reached within this label waypoint window. Safety passes: minimum clearance 1.51 m against manifest obstacles with 0 violating segment(s).""}",3.387938000000001,17.821502000000002,-2.5,3.450438000000001,18.196502000000002,-2.5,3.512938000000001,18.571502000000002,-2.5,3.575438000000001,18.946502000000002,-2.5,3.637938000000001,19.321502000000002,-2.5
1773859676.553454161,1773859676.553454161,0.000,offline_ground_truth_window,"Environment section (T(v)):
- Current position NED is (3.24, 17.64, -2.47) m.
- Current velocity is (0.03, 0.04, -0.00) m/s (speed 0.05 m/s).
- Goal position NED is (-1.11, 27.57, -2.50) m.
- Output contract: predict exactly 5 waypoint x/y pairs in NED. The planner will set every waypoint z to goal z = -2.50 m before execution.
- Goal delta from current state is (-4.36, 9.93, -0.03) m with distance 10.84 m.
- Obstacle pipeline: depth_camera_to_body_to_ned_current_frame.
- Current depth frame obstacle points projected into NED: 120. Nearest depth obstacle in NED is at (4.57, 19.62, -2.71) m, relative vector (1.32, 1.98, -0.23) m, distance 2.39 m.
- Depth validity fraction is 0.68. Global nearest obstacle distance is 1.82 m.
- Sector minimum distances [far_left, left, center, right, far_right] are [3.39, 4.99, 4.99, 4.99, 1.82] m.
- Nearest obstacle sector is far_right at 1.82 m and clearance status is caution.
- Lateral planning hint: left side is clearer.","{""waypoints"":[{""x"":3.450438000000001,""y"":18.196502000000002},{""x"":3.512938000000001,""y"":18.571502000000002},{""x"":3.575438000000001,""y"":18.946502000000002},{""x"":3.637938000000001,""y"":19.321502000000002},{""x"":3.637938000000001,""y"":19.821502000000002}],""reasoning"":""Selected waypoint 0 moves the reference anchor from 10.74 m to 10.43 m from goal immediately and to 9.09 m by the final waypoint, so progress is 0.31 m selected / 1.65 m final and passes with monotonic goal-distance reduction. Kinematics is evaluated on 5 unique label waypoint(s), excluding consecutive duplicate terminal holds, and checks only that the trajectory stays within the configured bounds speed <= 15.00 m/s and acceleration <= 8.00 m/s^2, so kinematics fails. Goal is not reached within this label waypoint window. Safety passes: minimum clearance 1.51 m against manifest obstacles with 0 violating segment(s).""}",3.450438000000001,18.196502000000002,-2.5,3.512938000000001,18.571502000000002,-2.5,3.575438000000001,18.946502000000002,-2.5,3.637938000000001,19.321502000000002,-2.5,3.637938000000001,19.821502000000002,-2.5
1773859683.794977427,1773859683.794977427,0.000,offline_ground_truth_window,"Environment section (T(v)):
- Current position NED is (3.38, 18.02, -2.50) m.
- Current velocity is (0.01, 0.06, 0.00) m/s (speed 0.06 m/s).
- Goal position NED is (-1.11, 27.57, -2.50) m.
- Output contract: predict exactly 5 waypoint x/y pairs in NED. The planner will set every waypoint z to goal z = -2.50 m before execution.
- Goal delta from current state is (-4.50, 9.56, -0.00) m with distance 10.56 m.
- Obstacle pipeline: depth_camera_to_body_to_ned_current_frame.
- Current depth frame obstacle points projected into NED: 132. Nearest depth obstacle in NED is at (5.57, 21.37, -2.45) m, relative vector (2.19, 3.35, 0.04) m, distance 4.00 m.
- Depth validity fraction is 0.68. Global nearest obstacle distance is 3.13 m.
- Sector minimum distances [far_left, left, center, right, far_right] are [3.17, 4.98, 5.04, 4.95, 3.13] m.
- Nearest obstacle sector is far_right at 3.13 m and clearance status is clear.
- Lateral planning hint: prefer center progress.","{""waypoints"":[{""x"":3.512938000000001,""y"":18.571502000000002},{""x"":3.575438000000001,""y"":18.946502000000002},{""x"":3.637938000000001,""y"":19.321502000000002},{""x"":3.637938000000001,""y"":19.821502000000002},{""x"":3.637938000000001,""y"":20.321502000000002}],""reasoning"":""Selected waypoint 0 moves the reference anchor from 10.43 m to 10.12 m from goal immediately and to 8.67 m by the final waypoint, so progress is 0.31 m selected / 1.76 m final and passes with monotonic goal-distance reduction. Kinematics is evaluated on 5 unique label waypoint(s), excluding consecutive duplicate terminal holds, and checks only that the trajectory stays within the configured bounds speed <= 15.00 m/s and acceleration <= 8.00 m/s^2, so kinematics fails. Goal is not reached within this label waypoint window. Safety passes: minimum clearance 1.51 m against manifest obstacles with 0 violating segment(s).""}",3.512938000000001,18.571502000000002,-2.5,3.575438000000001,18.946502000000002,-2.5,3.637938000000001,19.321502000000002,-2.5,3.637938000000001,19.821502000000002,-2.5,3.637938000000001,20.321502000000002,-2.5
1773859689.059772015,1773859689.059772015,0.000,offline_ground_truth_window,"Environment section (T(v)):
- Current position NED is (3.51, 18.38, -2.48) m.
- Current velocity is (0.01, 0.05, 0.01) m/s (speed 0.05 m/s).
- Goal position NED is (-1.11, 27.57, -2.50) m.
- Output contract: predict exactly 5 waypoint x/y pairs in NED. The planner will set every waypoint z to goal z = -2.50 m before execution.
- Goal delta from current state is (-4.63, 9.19, -0.02) m with distance 10.29 m.
- Obstacle pipeline: depth_camera_to_body_to_ned_current_frame.
- Current depth frame obstacle points projected into NED: 129. Nearest depth obstacle in NED is at (5.64, 21.50, -2.58) m, relative vector (2.13, 3.12, -0.11) m, distance 3.78 m.
- Depth validity fraction is 0.68. Global nearest obstacle distance is 2.95 m.
- Sector minimum distances [far_left, left, center, right, far_right] are [3.06, 4.82, 5.01, 5.00, 2.95] m.
- Nearest obstacle sector is far_right at 2.95 m and clearance status is caution.
- Lateral planning hint: prefer center progress.","{""waypoints"":[{""x"":3.575438000000001,""y"":18.946502000000002},{""x"":3.637938000000001,""y"":19.321502000000002},{""x"":3.637938000000001,""y"":19.821502000000002},{""x"":3.637938000000001,""y"":20.321502000000002},{""x"":3.637938000000001,""y"":20.821502000000002}],""reasoning"":""Selected waypoint 0 moves the reference anchor from 10.12 m to 9.82 m from goal immediately and to 8.25 m by the final waypoint, so progress is 0.30 m selected / 1.87 m final and passes with monotonic goal-distance reduction. Kinematics is evaluated on 5 unique label waypoint(s), excluding consecutive duplicate terminal holds, and checks only that the trajectory stays within the configured bounds speed <= 15.00 m/s and acceleration <= 8.00 m/s^2, so kinematics fails. Goal is not reached within this label waypoint window. Safety passes: minimum clearance 1.51 m against manifest obstacles with 0 violating segment(s).""}",3.575438000000001,18.946502000000002,-2.5,3.637938000000001,19.321502000000002,-2.5,3.637938000000001,19.821502000000002,-2.5,3.637938000000001,20.321502000000002,-2.5,3.637938000000001,20.821502000000002,-2.5
1773859695.767719269,1773859695.767719269,0.000,offline_ground_truth_window,"Environment section (T(v)):
- Current position NED is (3.51, 18.77, -2.52) m.
- Current velocity is (0.01, 0.05, 0.01) m/s (speed 0.06 m/s).
- Goal position NED is (-1.11, 27.57, -2.50) m.
- Output contract: predict exactly 5 waypoint x/y pairs in NED. The planner will set every waypoint z to goal z = -2.50 m before execution.
- Goal delta from current state is (-4.62, 8.81, 0.02) m with distance 9.95 m.
- Obstacle pipeline: depth_camera_to_body_to_ned_current_frame.
- Current depth frame obstacle points projected into NED: 114. Nearest depth obstacle in NED is at (5.61, 21.84, -2.67) m, relative vector (2.10, 3.07, -0.16) m, distance 3.72 m.
- Depth validity fraction is 0.69. Global nearest obstacle distance is 2.86 m.
- Sector minimum distances [far_left, left, center, right, far_right] are [3.04, 4.78, 5.03, 5.03, 2.86] m.
- Nearest obstacle sector is far_right at 2.86 m and clearance status is caution.
- Lateral planning hint: prefer center progress.","{""waypoints"":[{""x"":3.637938000000001,""y"":19.321502000000002},{""x"":3.637938000000001,""y"":19.821502000000002},{""x"":3.637938000000001,""y"":20.321502000000002},{""x"":3.637938000000001,""y"":20.821502000000002},{""x"":3.637938000000001,""y"":21.321502000000002}],""reasoning"":""Selected waypoint 0 moves the reference anchor from 9.82 m to 9.52 m from goal immediately and to 7.85 m by the final waypoint, so progress is 0.30 m selected / 1.97 m final and passes with monotonic goal-distance reduction. Kinematics is evaluated on 5 unique label waypoint(s), excluding consecutive duplicate terminal holds, and checks only that the trajectory stays within the configured bounds speed <= 15.00 m/s and acceleration <= 8.00 m/s^2, so kinematics passes. Goal is not reached within this label waypoint window. Safety passes: minimum clearance 1.56 m against manifest obstacles with 0 violating segment(s).""}",3.637938000000001,19.321502000000002,-2.5,3.637938000000001,19.821502000000002,-2.5,3.637938000000001,20.321502000000002,-2.5,3.637938000000001,20.821502000000002,-2.5,3.637938000000001,21.321502000000002,-2.5
1773859702.612174273,1773859702.612174273,0.000,offline_ground_truth_window,"Environment section (T(v)):
- Current position NED is (3.61, 19.13, -2.51) m.
- Current velocity is (0.00, 0.06, 0.01) m/s (speed 0.06 m/s).
- Goal position NED is (-1.11, 27.57, -2.50) m.
- Output contract: predict exactly 5 waypoint x/y pairs in NED. The planner will set every waypoint z to goal z = -2.50 m before execution.
- Goal delta from current state is (-4.73, 8.44, 0.01) m with distance 9.67 m.
- Obstacle pipeline: depth_camera_to_body_to_ned_current_frame.
- Current depth frame obstacle points projected into NED: 109. Nearest depth obstacle in NED is at (1.45, 22.18, -2.39) m, relative vector (-2.17, 3.05, 0.13) m, distance 3.75 m.
- Depth validity fraction is 0.69. Global nearest obstacle distance is 2.89 m.
- Sector minimum distances [far_left, left, center, right, far_right] are [2.89, 4.56, 5.01, 4.75, 3.93] m.
- Nearest obstacle sector is far_left at 2.89 m and clearance status is caution.
- Lateral planning hint: right side is clearer.","{""waypoints"":[{""x"":3.637938000000001,""y"":19.821502000000002},{""x"":3.637938000000001,""y"":20.321502000000002},{""x"":3.637938000000001,""y"":20.821502000000002},{""x"":3.637938000000001,""y"":21.321502000000002},{""x"":3.637938000000001,""y"":21.821502000000002}],""reasoning"":""Selected waypoint 0 moves the reference anchor from 9.52 m to 9.09 m from goal immediately and to 7.46 m by the final waypoint, so progress is 0.43 m selected / 2.06 m final and passes with monotonic goal-distance reduction. Kinematics is evaluated on 5 unique label waypoint(s), excluding consecutive duplicate terminal holds, and checks only that the trajectory stays within the configured bounds speed <= 15.00 m/s and acceleration <= 8.00 m/s^2, so kinematics passes. Goal is not reached within this label waypoint window. Safety passes: minimum clearance 1.68 m against manifest obstacles with 0 violating segment(s).""}",3.637938000000001,19.821502000000002,-2.5,3.637938000000001,20.321502000000002,-2.5,3.637938000000001,20.821502000000002,-2.5,3.637938000000001,21.321502000000002,-2.5,3.637938000000001,21.821502000000002,-2.5
1773859709.313109875,1773859709.313109875,0.000,offline_ground_truth_window,"Environment section (T(v)):
- Current position NED is (3.65, 19.57, -2.47) m.
- Current velocity is (-0.01, 0.06, -0.01) m/s (speed 0.07 m/s).
- Goal position NED is (-1.11, 27.57, -2.50) m.
- Output contract: predict exactly 5 waypoint x/y pairs in NED. The planner will set every waypoint z to goal z = -2.50 m before execution.
- Goal delta from current state is (-4.76, 8.00, -0.03) m with distance 9.31 m.
- Obstacle pipeline: depth_camera_to_body_to_ned_current_frame.
- Current depth frame obstacle points projected into NED: 131. Nearest depth obstacle in NED is at (1.51, 22.53, -2.05) m, relative vector (-2.14, 2.96, 0.42) m, distance 3.67 m.
- Depth validity fraction is 0.70. Global nearest obstacle distance is 2.84 m.
- Sector minimum distances [far_left, left, center, right, far_right] are [2.84, 4.48, 4.95, 4.50, 3.88] m.
- Nearest obstacle sector is far_left at 2.84 m and clearance status is caution.
- Lateral planning hint: right side is clearer.","{""waypoints"":[{""x"":3.637938000000001,""y"":20.321502000000002},{""x"":3.637938000000001,""y"":20.821502000000002},{""x"":3.637938000000001,""y"":21.321502000000002},{""x"":3.637938000000001,""y"":21.821502000000002},{""x"":3.637938000000001,""y"":22.321502000000002}],""reasoning"":""Selected waypoint 0 moves the reference anchor from 9.09 m to 8.67 m from goal immediately and to 7.08 m by the final waypoint, so progress is 0.42 m selected / 2.01 m final and passes with monotonic goal-distance reduction. Kinematics is evaluated on 5 unique label waypoint(s), excluding consecutive duplicate terminal holds, and checks only that the trajectory stays within the configured bounds speed <= 15.00 m/s and acceleration <= 8.00 m/s^2, so kinematics passes. Goal is not reached within this label waypoint window. Safety passes: minimum clearance 1.84 m against manifest obstacles with 0 violating segment(s).""}",3.637938000000001,20.321502000000002,-2.5,3.637938000000001,20.821502000000002,-2.5,3.637938000000001,21.321502000000002,-2.5,3.637938000000001,21.821502000000002,-2.5,3.637938000000001,22.321502000000002,-2.5
1773859716.434489727,1773859716.434489727,0.000,offline_ground_truth_window,"Environment section (T(v)):
- Current position NED is (3.65, 20.07, -2.50) m.
- Current velocity is (0.01, 0.05, 0.01) m/s (speed 0.05 m/s).
- Goal position NED is (-1.11, 27.57, -2.50) m.
- Output contract: predict exactly 5 waypoint x/y pairs in NED. The planner will set every waypoint z to goal z = -2.50 m before execution.
- Goal delta from current state is (-4.76, 7.50, -0.00) m with distance 8.88 m.
- Obstacle pipeline: depth_camera_to_body_to_ned_current_frame.
- Current depth frame obstacle points projected into NED: 165. Nearest depth obstacle in NED is at (1.50, 23.05, -2.22) m, relative vector (-2.15, 2.98, 0.28) m, distance 3.69 m.
- Depth validity fraction is 0.69. Global nearest obstacle distance is 2.86 m.
- Sector minimum distances [far_left, left, center, right, far_right] are [2.86, 4.51, 5.05, 5.05, 3.73] m.
- Nearest obstacle sector is far_left at 2.86 m and clearance status is caution.
- Lateral planning hint: right side is clearer.","{""waypoints"":[{""x"":3.637938000000001,""y"":20.821502000000002},{""x"":3.637938000000001,""y"":21.321502000000002},{""x"":3.637938000000001,""y"":21.821502000000002},{""x"":3.637938000000001,""y"":22.321502000000002},{""x"":3.637938000000001,""y"":22.821502000000002}],""reasoning"":""Selected waypoint 0 moves the reference anchor from 8.67 m to 8.25 m from goal immediately and to 6.72 m by the final waypoint, so progress is 0.41 m selected / 1.95 m final and passes with monotonic goal-distance reduction. Kinematics is evaluated on 5 unique label waypoint(s), excluding consecutive duplicate terminal holds, and checks only that the trajectory stays within the configured bounds speed <= 15.00 m/s and acceleration <= 8.00 m/s^2, so kinematics passes. Goal is not reached within this label waypoint window. Safety passes: minimum clearance 1.72 m against manifest obstacles with 0 violating segment(s).""}",3.637938000000001,20.821502000000002,-2.5,3.637938000000001,21.321502000000002,-2.5,3.637938000000001,21.821502000000002,-2.5,3.637938000000001,22.321502000000002,-2.5,3.637938000000001,22.821502000000002,-2.5
1773859722.603970528,1773859722.603970528,0.000,offline_ground_truth_window,"Environment section (T(v)):
- Current position NED is (3.64, 20.57, -2.52) m.
- Current velocity is (-0.01, 0.10, 0.01) m/s (speed 0.10 m/s).
- Goal position NED is (-1.11, 27.57, -2.50) m.
- Output contract: predict exactly 5 waypoint x/y pairs in NED. The planner will set every waypoint z to goal z = -2.50 m before execution.
- Goal delta from current state is (-4.76, 7.00, 0.02) m with distance 8.46 m.
- Obstacle pipeline: depth_camera_to_body_to_ned_current_frame.
- Current depth frame obstacle points projected into NED: 151. Nearest depth obstacle in NED is at (1.47, 23.57, -2.22) m, relative vector (-2.17, 2.99, 0.30) m, distance 3.71 m.
- Depth validity fraction is 0.68. Global nearest obstacle distance is 2.88 m.
- Sector minimum distances [far_left, left, center, right, far_right] are [2.88, 4.55, 5.07, 5.07, 3.22] m.
- Nearest obstacle sector is far_left at 2.88 m and clearance status is caution.
- Lateral planning hint: right side is clearer.","{""waypoints"":[{""x"":3.637938000000001,""y"":21.321502000000002},{""x"":3.637938000000001,""y"":21.821502000000002},{""x"":3.637938000000001,""y"":22.321502000000002},{""x"":3.637938000000001,""y"":22.821502000000002},{""x"":3.637938000000001,""y"":23.321502000000002}],""reasoning"":""Selected waypoint 0 moves the reference anchor from 8.25 m to 7.85 m from goal immediately and to 6.37 m by the final waypoint, so progress is 0.40 m selected / 1.88 m final and passes with monotonic goal-distance reduction. Kinematics is evaluated on 5 unique label waypoint(s), excluding consecutive duplicate terminal holds, and checks only that the trajectory stays within the configured bounds speed <= 15.00 m/s and acceleration <= 8.00 m/s^2, so kinematics passes. Goal is not reached within this label waypoint window. Safety passes: minimum clearance 1.66 m against manifest obstacles with 0 violating segment(s).""}",3.637938000000001,21.321502000000002,-2.5,3.637938000000001,21.821502000000002,-2.5,3.637938000000001,22.321502000000002,-2.5,3.637938000000001,22.821502000000002,-2.5,3.637938000000001,23.321502000000002,-2.5
1773859728.014868736,1773859728.014868736,0.000,offline_ground_truth_window,"Environment section (T(v)):
- Current position NED is (3.64, 21.07, -2.50) m.
- Current velocity is (-0.00, 0.05, 0.01) m/s (speed 0.05 m/s).
- Goal position NED is (-1.11, 27.57, -2.50) m.
- Output contract: predict exactly 5 waypoint x/y pairs in NED. The planner will set every waypoint z to goal z = -2.50 m before execution.
- Goal delta from current state is (-4.75, 6.50, 0.00) m with distance 8.05 m.
- Obstacle pipeline: depth_camera_to_body_to_ned_current_frame.
- Current depth frame obstacle points projected into NED: 148. Nearest depth obstacle in NED is at (5.59, 24.03, -2.54) m, relative vector (1.96, 2.96, -0.04) m, distance 3.55 m.
- Depth validity fraction is 0.67. Global nearest obstacle distance is 2.77 m.
- Sector minimum distances [far_left, left, center, right, far_right] are [2.88, 4.54, 5.02, 5.02, 2.77] m.
- Nearest obstacle sector is far_right at 2.77 m and clearance status is caution.
- Lateral planning hint: prefer center progress.","{""waypoints"":[{""x"":3.637938000000001,""y"":21.821502000000002},{""x"":3.637938000000001,""y"":22.321502000000002},{""x"":3.637938000000001,""y"":22.821502000000002},{""x"":3.637938000000001,""y"":23.321502000000002},{""x"":3.637938000000001,""y"":23.821502000000002}],""reasoning"":""Selected waypoint 0 moves the reference anchor from 7.85 m to 7.46 m from goal immediately and to 6.05 m by the final waypoint, so progress is 0.39 m selected / 1.80 m final and passes with monotonic goal-distance reduction. Kinematics is evaluated on 5 unique label waypoint(s), excluding consecutive duplicate terminal holds, and checks only that the trajectory stays within the configured bounds speed <= 15.00 m/s and acceleration <= 8.00 m/s^2, so kinematics passes. Goal is not reached within this label waypoint window. Safety passes: minimum clearance 1.66 m against manifest obstacles with 0 violating segment(s).""}",3.637938000000001,21.821502000000002,-2.5,3.637938000000001,22.321502000000002,-2.5,3.637938000000001,22.821502000000002,-2.5,3.637938000000001,23.321502000000002,-2.5,3.637938000000001,23.821502000000002,-2.5
1773859733.480727673,1773859733.480727673,0.000,offline_ground_truth_window,"Environment section (T(v)):
- Current position NED is (3.65, 21.57, -2.49) m.
- Current velocity is (0.00, 0.07, 0.00) m/s (speed 0.07 m/s).
- Goal position NED is (-1.11, 27.57, -2.50) m.
- Output contract: predict exactly 5 waypoint x/y pairs in NED. The planner will set every waypoint z to goal z = -2.50 m before execution.
- Goal delta from current state is (-4.76, 6.00, -0.01) m with distance 7.66 m.
- Obstacle pipeline: depth_camera_to_body_to_ned_current_frame.
- Current depth frame obstacle points projected into NED: 134. Nearest depth obstacle in NED is at (5.44, 24.25, -2.54) m, relative vector (1.79, 2.68, -0.04) m, distance 3.22 m.
- Depth validity fraction is 0.66. Global nearest obstacle distance is 2.48 m.
- Sector minimum distances [far_left, left, center, right, far_right] are [2.87, 4.52, 4.97, 4.97, 2.48] m.
- Nearest obstacle sector is far_right at 2.48 m and clearance status is caution.
- Lateral planning hint: prefer center progress.","{""waypoints"":[{""x"":3.637938000000001,""y"":22.321502000000002},{""x"":3.637938000000001,""y"":22.821502000000002},{""x"":3.637938000000001,""y"":23.321502000000002},{""x"":3.637938000000001,""y"":23.821502000000002},{""x"":3.387938000000001,""y"":24.134002000000002}],""reasoning"":""Selected waypoint 0 moves the reference anchor from 7.46 m to 7.08 m from goal immediately and to 5.66 m by the final waypoint, so progress is 0.38 m selected / 1.80 m final and passes with monotonic goal-distance reduction. Kinematics is evaluated on 5 unique label waypoint(s), excluding consecutive duplicate terminal holds, and checks only that the trajectory stays within the configured bounds speed <= 15.00 m/s and acceleration <= 8.00 m/s^2, so kinematics fails. Goal is not reached within this label waypoint window. Safety passes: minimum clearance 1.57 m against manifest obstacles with 0 violating segment(s).""}",3.637938000000001,22.321502000000002,-2.5,3.637938000000001,22.821502000000002,-2.5,3.637938000000001,23.321502000000002,-2.5,3.637938000000001,23.821502000000002,-2.5,3.387938000000001,24.134002000000002,-2.5
1773859741.271978617,1773859741.271978617,0.000,offline_ground_truth_window,"Environment section (T(v)):
- Current position NED is (3.60, 22.07, -2.50) m.
- Current velocity is (0.01, 0.06, 0.00) m/s (speed 0.06 m/s).
- Goal position NED is (-1.11, 27.57, -2.50) m.
- Output contract: predict exactly 5 waypoint x/y pairs in NED. The planner will set every waypoint z to goal z = -2.50 m before execution.
- Goal delta from current state is (-4.71, 5.50, -0.00) m with distance 7.24 m.
- Obstacle pipeline: depth_camera_to_body_to_ned_current_frame.
- Current depth frame obstacle points projected into NED: 139. Nearest depth obstacle in NED is at (1.39, 25.12, -2.06) m, relative vector (-2.21, 3.05, 0.44) m, distance 3.79 m.
- Depth validity fraction is 0.65. Global nearest obstacle distance is 2.93 m.
- Sector minimum distances [far_left, left, center, right, far_right] are [2.93, 4.62, 5.00, 5.00, 5.00] m.
- Nearest obstacle sector is far_left at 2.93 m and clearance status is caution.
- Lateral planning hint: right side is clearer.","{""waypoints"":[{""x"":3.637938000000001,""y"":22.821502000000002},{""x"":3.637938000000001,""y"":23.321502000000002},{""x"":3.637938000000001,""y"":23.821502000000002},{""x"":3.387938000000001,""y"":24.134002000000002},{""x"":3.137938000000001,""y"":24.446502000000002}],""reasoning"":""Selected waypoint 0 moves the reference anchor from 7.08 m to 6.72 m from goal immediately and to 5.28 m by the final waypoint, so progress is 0.36 m selected / 1.80 m final and passes with monotonic goal-distance reduction. Kinematics is evaluated on 5 unique label waypoint(s), excluding consecutive duplicate terminal holds, and checks only that the trajectory stays within the configured bounds speed <= 15.00 m/s and acceleration <= 8.00 m/s^2, so kinematics fails. Goal is not reached within this label waypoint window. Safety passes: minimum clearance 1.51 m against manifest obstacles with 0 violating segment(s).""}",3.637938000000001,22.821502000000002,-2.5,3.637938000000001,23.321502000000002,-2.5,3.637938000000001,23.821502000000002,-2.5,3.387938000000001,24.134002000000002,-2.5,3.137938000000001,24.446502000000002,-2.5
1773859749.851807117,1773859749.851807117,0.000,offline_ground_truth_window,"Environment section (T(v)):
- Current position NED is (3.62, 22.57, -2.49) m.
- Current velocity is (0.00, 0.03, -0.00) m/s (speed 0.03 m/s).
- Goal position NED is (-1.11, 27.57, -2.50) m.
- Output contract: predict exactly 5 waypoint x/y pairs in NED. The planner will set every waypoint z to goal z = -2.50 m before execution.
- Goal delta from current state is (-4.74, 5.00, -0.01) m with distance 6.89 m.
- Obstacle pipeline: depth_camera_to_body_to_ned_current_frame.
- Current depth frame obstacle points projected into NED: 146. Nearest depth obstacle in NED is at (1.44, 25.58, -2.63) m, relative vector (-2.18, 3.01, -0.14) m, distance 3.72 m.
- Depth validity fraction is 0.65. Global nearest obstacle distance is 2.90 m.
- Sector minimum distances [far_left, left, center, right, far_right] are [2.90, 4.57, 5.02, 5.02, 5.02] m.
- Nearest obstacle sector is far_left at 2.90 m and clearance status is caution.
- Lateral planning hint: right side is clearer.","{""waypoints"":[{""x"":3.637938000000001,""y"":23.321502000000002},{""x"":3.637938000000001,""y"":23.821502000000002},{""x"":3.387938000000001,""y"":24.134002000000002},{""x"":3.137938000000001,""y"":24.446502000000002},{""x"":2.887938000000001,""y"":24.759002000000002}],""reasoning"":""Selected waypoint 0 moves the reference anchor from 6.72 m to 6.37 m from goal immediately and to 4.89 m by the final waypoint, so progress is 0.34 m selected / 1.83 m final and passes with monotonic goal-distance reduction. Kinematics is evaluated on 5 unique label waypoint(s), excluding consecutive duplicate terminal holds, and checks only that the trajectory stays within the configured bounds speed <= 15.00 m/s and acceleration <= 8.00 m/s^2, so kinematics fails. Goal is not reached within this label waypoint window. Safety passes: minimum clearance 1.51 m against manifest obstacles with 0 violating segment(s).""}",3.637938000000001,23.321502000000002,-2.5,3.637938000000001,23.821502000000002,-2.5,3.387938000000001,24.134002000000002,-2.5,3.137938000000001,24.446502000000002,-2.5,2.887938000000001,24.759002000000002,-2.5
1773859757.502724409,1773859757.502724409,0.000,offline_ground_truth_window,"Environment section (T(v)):
- Current position NED is (3.60, 23.07, -2.51) m.
- Current velocity is (-0.00, 0.07, 0.00) m/s (speed 0.07 m/s).
- Goal position NED is (-1.11, 27.57, -2.50) m.
- Output contract: predict exactly 5 waypoint x/y pairs in NED. The planner will set every waypoint z to goal z = -2.50 m before execution.
- Goal delta from current state is (-4.71, 4.50, 0.01) m with distance 6.51 m.
- Obstacle pipeline: depth_camera_to_body_to_ned_current_frame.
- Current depth frame obstacle points projected into NED: 116. Nearest depth obstacle in NED is at (1.37, 26.23, -2.01) m, relative vector (-2.23, 3.16, 0.49) m, distance 3.90 m.
- Depth validity fraction is 0.66. Global nearest obstacle distance is 2.96 m.
- Sector minimum distances [far_left, left, center, right, far_right] are [2.96, 4.67, 4.97, 4.98, 4.99] m.
- Nearest obstacle sector is far_left at 2.96 m and clearance status is caution.
- Lateral planning hint: right side is clearer.","{""waypoints"":[{""x"":3.637938000000001,""y"":23.821502000000002},{""x"":3.387938000000001,""y"":24.134002000000002},{""x"":3.137938000000001,""y"":24.446502000000002},{""x"":2.887938000000001,""y"":24.759002000000002},{""x"":2.637938000000001,""y"":25.071502000000002}],""reasoning"":""Selected waypoint 0 moves the reference anchor from 6.37 m to 6.05 m from goal immediately and to 4.51 m by the final waypoint, so progress is 0.32 m selected / 1.87 m final and passes with monotonic goal-distance reduction. Kinematics is evaluated on 5 unique label waypoint(s), excluding consecutive duplicate terminal holds, and checks only that the trajectory stays within the configured bounds speed <= 15.00 m/s and acceleration <= 8.00 m/s^2, so kinematics passes. Goal is not reached within this label waypoint window. Safety passes: minimum clearance 1.51 m against manifest obstacles with 0 violating segment(s).""}",3.637938000000001,23.821502000000002,-2.5,3.387938000000001,24.134002000000002,-2.5,3.137938000000001,24.446502000000002,-2.5,2.887938000000001,24.759002000000002,-2.5,2.637938000000001,25.071502000000002,-2.5
1773859766.132228136,1773859766.132228136,0.000,offline_ground_truth_window,"Environment section (T(v)):
- Current position NED is (3.62, 23.57, -2.48) m.
- Current velocity is (-0.00, 0.05, -0.00) m/s (speed 0.05 m/s).
- Goal position NED is (-1.11, 27.57, -2.50) m.
- Output contract: predict exactly 5 waypoint x/y pairs in NED. The planner will set every waypoint z to goal z = -2.50 m before execution.
- Goal delta from current state is (-4.74, 4.00, -0.02) m with distance 6.20 m.
- Obstacle pipeline: depth_camera_to_body_to_ned_current_frame.
- Current depth frame obstacle points projected into NED: 133. Nearest depth obstacle in NED is at (1.44, 26.60, -2.28) m, relative vector (-2.18, 3.03, 0.19) m, distance 3.74 m.
- Depth validity fraction is 0.66. Global nearest obstacle distance is 2.91 m.
- Sector minimum distances [far_left, left, center, right, far_right] are [2.91, 4.58, 4.93, 5.04, 5.04] m.
- Nearest obstacle sector is far_left at 2.91 m and clearance status is caution.
- Lateral planning hint: right side is clearer.","{""waypoints"":[{""x"":3.387938000000001,""y"":24.134002000000002},{""x"":3.137938000000001,""y"":24.446502000000002},{""x"":2.887938000000001,""y"":24.759002000000002},{""x"":2.637938000000001,""y"":25.071502000000002},{""x"":2.262938000000001,""y"":25.321502000000002}],""reasoning"":""Selected waypoint 0 moves the reference anchor from 6.05 m to 5.66 m from goal immediately and to 4.06 m by the final waypoint, so progress is 0.39 m selected / 2.00 m final and passes with monotonic goal-distance reduction. Kinematics is evaluated on 5 unique label waypoint(s), excluding consecutive duplicate terminal holds, and checks only that the trajectory stays within the configured bounds speed <= 15.00 m/s and acceleration <= 8.00 m/s^2, so kinematics passes. Goal is not reached within this label waypoint window. Safety passes: minimum clearance 1.51 m against manifest obstacles with 0 violating segment(s).""}",3.387938000000001,24.134002000000002,-2.5,3.137938000000001,24.446502000000002,-2.5,2.887938000000001,24.759002000000002,-2.5,2.637938000000001,25.071502000000002,-2.5,2.262938000000001,25.321502000000002,-2.5
1773859771.513231277,1773859771.513231277,0.000,offline_ground_truth_window,"Environment section (T(v)):
- Current position NED is (3.47, 23.95, -2.49) m.
- Current velocity is (-0.03, 0.03, 0.01) m/s (speed 0.04 m/s).
- Goal position NED is (-1.11, 27.57, -2.50) m.
- Output contract: predict exactly 5 waypoint x/y pairs in NED. The planner will set every waypoint z to goal z = -2.50 m before execution.
- Goal delta from current state is (-4.58, 3.63, -0.01) m with distance 5.84 m.
- Obstacle pipeline: depth_camera_to_body_to_ned_current_frame.
- Current depth frame obstacle points projected into NED: 123. Nearest depth obstacle in NED is at (1.09, 27.24, -2.56) m, relative vector (-2.37, 3.29, -0.07) m, distance 4.06 m.
- Depth validity fraction is 0.66. Global nearest obstacle distance is 3.14 m.
- Sector minimum distances [far_left, left, center, right, far_right] are [3.14, 4.98, 4.56, 5.02, 5.02] m.
- Nearest obstacle sector is far_left at 3.14 m and clearance status is clear.
- Lateral planning hint: right side is clearer.","{""waypoints"":[{""x"":3.137938000000001,""y"":24.446502000000002},{""x"":2.887938000000001,""y"":24.759002000000002},{""x"":2.637938000000001,""y"":25.071502000000002},{""x"":2.262938000000001,""y"":25.321502000000002},{""x"":1.887938000000001,""y"":25.571502000000002}],""reasoning"":""Selected waypoint 0 moves the reference anchor from 5.66 m to 5.28 m from goal immediately and to 3.61 m by the final waypoint, so progress is 0.39 m selected / 2.06 m final and passes with monotonic goal-distance reduction. Kinematics is evaluated on 5 unique label waypoint(s), excluding consecutive duplicate terminal holds, and checks only that the trajectory stays within the configured bounds speed <= 15.00 m/s and acceleration <= 8.00 m/s^2, so kinematics passes. Goal is not reached within this label waypoint window. Safety passes: minimum clearance 1.51 m against manifest obstacles with 0 violating segment(s).""}",3.137938000000001,24.446502000000002,-2.5,2.887938000000001,24.759002000000002,-2.5,2.637938000000001,25.071502000000002,-2.5,2.262938000000001,25.321502000000002,-2.5,1.887938000000001,25.571502000000002,-2.5
1773859777.882894993,1773859777.882894993,0.000,offline_ground_truth_window,"Environment section (T(v)):
- Current position NED is (3.25, 24.29, -2.50) m.
- Current velocity is (-0.04, 0.05, 0.00) m/s (speed 0.06 m/s).
- Goal position NED is (-1.11, 27.57, -2.50) m.
- Output contract: predict exactly 5 waypoint x/y pairs in NED. The planner will set every waypoint z to goal z = -2.50 m before execution.
- Goal delta from current state is (-4.37, 3.29, -0.00) m with distance 5.46 m.
- Obstacle pipeline: depth_camera_to_body_to_ned_current_frame.
- Current depth frame obstacle points projected into NED: 141. Nearest depth obstacle in NED is at (0.63, 27.80, -2.49) m, relative vector (-2.63, 3.52, 0.01) m, distance 4.39 m.
- Depth validity fraction is 0.65. Global nearest obstacle distance is 3.44 m.
- Sector minimum distances [far_left, left, center, right, far_right] are [3.44, 5.01, 4.25, 5.02, 5.03] m.
- Nearest obstacle sector is far_left at 3.44 m and clearance status is clear.
- Lateral planning hint: right side is clearer.","{""waypoints"":[{""x"":2.887938000000001,""y"":24.759002000000002},{""x"":2.637938000000001,""y"":25.071502000000002},{""x"":2.262938000000001,""y"":25.321502000000002},{""x"":1.887938000000001,""y"":25.571502000000002},{""x"":1.512938000000001,""y"":25.821502000000002}],""reasoning"":""Selected waypoint 0 moves the reference anchor from 5.28 m to 4.89 m from goal immediately and to 3.15 m by the final waypoint, so progress is 0.39 m selected / 2.12 m final and passes with monotonic goal-distance reduction. Kinematics is evaluated on 5 unique label waypoint(s), excluding consecutive duplicate terminal holds, and checks only that the trajectory stays within the configured bounds speed <= 15.00 m/s and acceleration <= 8.00 m/s^2, so kinematics passes. Goal is not reached within this label waypoint window. Safety passes: minimum clearance 1.51 m against manifest obstacles with 0 violating segment(s).""}",2.887938000000001,24.759002000000002,-2.5,2.637938000000001,25.071502000000002,-2.5,2.262938000000001,25.321502000000002,-2.5,1.887938000000001,25.571502000000002,-2.5,1.512938000000001,25.821502000000002,-2.5
1773859783.288205862,1773859783.288205862,0.000,offline_ground_truth_window,"Environment section (T(v)):
- Current position NED is (3.01, 24.60, -2.49) m.
- Current velocity is (-0.02, 0.03, -0.00) m/s (speed 0.04 m/s).
- Goal position NED is (-1.11, 27.57, -2.50) m.
- Output contract: predict exactly 5 waypoint x/y pairs in NED. The planner will set every waypoint z to goal z = -2.50 m before execution.
- Goal delta from current state is (-4.12, 2.97, -0.01) m with distance 5.08 m.
- Obstacle pipeline: depth_camera_to_body_to_ned_current_frame.
- Current depth frame obstacle points projected into NED: 138. Nearest depth obstacle in NED is at (2.34, 28.69, -2.63) m, relative vector (-0.67, 4.09, -0.14) m, distance 4.15 m.
- Depth validity fraction is 0.64. Global nearest obstacle distance is 3.76 m.
- Sector minimum distances [far_left, left, center, right, far_right] are [3.76, 3.97, 3.96, 5.01, 5.00] m.
- Nearest obstacle sector is far_left at 3.76 m and clearance status is clear.
- Lateral planning hint: right side is clearer.","{""waypoints"":[{""x"":2.637938000000001,""y"":25.071502000000002},{""x"":2.262938000000001,""y"":25.321502000000002},{""x"":1.887938000000001,""y"":25.571502000000002},{""x"":1.512938000000001,""y"":25.821502000000002},{""x"":1.137938000000001,""y"":26.071502000000002}],""reasoning"":""Selected waypoint 0 moves the reference anchor from 4.89 m to 4.51 m from goal immediately and to 2.70 m by the final waypoint, so progress is 0.38 m selected / 2.19 m final and passes with monotonic goal-distance reduction. Kinematics is evaluated on 5 unique label waypoint(s), excluding consecutive duplicate terminal holds, and checks only that the trajectory stays within the configured bounds speed <= 15.00 m/s and acceleration <= 8.00 m/s^2, so kinematics passes. Goal is not reached within this label waypoint window. Safety passes: minimum clearance 1.53 m against manifest obstacles with 0 violating segment(s).""}",2.637938000000001,25.071502000000002,-2.5,2.262938000000001,25.321502000000002,-2.5,1.887938000000001,25.571502000000002,-2.5,1.512938000000001,25.821502000000002,-2.5,1.137938000000001,26.071502000000002,-2.5
1773859790.176780939,1773859790.176780939,0.000,offline_ground_truth_window,"Environment section (T(v)):
- Current position NED is (2.73, 24.90, -2.51) m.
- Current velocity is (-0.03, 0.04, 0.01) m/s (speed 0.05 m/s).
- Goal position NED is (-1.11, 27.57, -2.50) m.
- Output contract: predict exactly 5 waypoint x/y pairs in NED. The planner will set every waypoint z to goal z = -2.50 m before execution.
- Goal delta from current state is (-3.84, 2.68, 0.01) m with distance 4.68 m.
- Obstacle pipeline: depth_camera_to_body_to_ned_current_frame.
- Current depth frame obstacle points projected into NED: 118. Nearest depth obstacle in NED is at (1.89, 28.68, -2.59) m, relative vector (-0.84, 3.78, -0.08) m, distance 3.88 m.
- Depth validity fraction is 0.62. Global nearest obstacle distance is 3.65 m.
- Sector minimum distances [far_left, left, center, right, far_right] are [4.12, 3.65, 3.83, 5.05, 5.06] m.
- Nearest obstacle sector is left at 3.65 m and clearance status is clear.
- Lateral planning hint: right side is clearer.","{""waypoints"":[{""x"":2.262938000000001,""y"":25.321502000000002},{""x"":1.887938000000001,""y"":25.571502000000002},{""x"":1.512938000000001,""y"":25.821502000000002},{""x"":1.137938000000001,""y"":26.071502000000002},{""x"":0.7629380000000009,""y"":26.321502000000002}],""reasoning"":""Selected waypoint 0 moves the reference anchor from 4.51 m to 4.06 m from goal immediately and to 2.25 m by the final waypoint, so progress is 0.45 m selected / 2.25 m final and passes with monotonic goal-distance reduction. Kinematics is evaluated on 5 unique label waypoint(s), excluding consecutive duplicate terminal holds, and checks only that the trajectory stays within the configured bounds speed <= 15.00 m/s and acceleration <= 8.00 m/s^2, so kinematics passes. Goal is not reached within this label waypoint window. Safety passes: minimum clearance 1.64 m against manifest obstacles with 0 violating segment(s).""}",2.262938000000001,25.321502000000002,-2.5,1.887938000000001,25.571502000000002,-2.5,1.512938000000001,25.821502000000002,-2.5,1.137938000000001,26.071502000000002,-2.5,0.7629380000000009,26.321502000000002,-2.5
1773859795.743666649,1773859795.743666649,0.000,offline_ground_truth_window,"Environment section (T(v)):
- Current position NED is (2.43, 25.18, -2.50) m.
- Current velocity is (-0.04, 0.04, -0.00) m/s (speed 0.06 m/s).
- Goal position NED is (-1.11, 27.57, -2.50) m.
- Output contract: predict exactly 5 waypoint x/y pairs in NED. The planner will set every waypoint z to goal z = -2.50 m before execution.
- Goal delta from current state is (-3.55, 2.39, -0.00) m with distance 4.28 m.
- Obstacle pipeline: depth_camera_to_body_to_ned_current_frame.
- Current depth frame obstacle points projected into NED: 115. Nearest depth obstacle in NED is at (1.27, 28.69, -2.25) m, relative vector (-1.17, 3.51, 0.25) m, distance 3.71 m.
- Depth validity fraction is 0.61. Global nearest obstacle distance is 3.39 m.
- Sector minimum distances [far_left, left, center, right, far_right] are [4.51, 3.39, 4.94, 4.92, 4.91] m.
- Nearest obstacle sector is left at 3.39 m and clearance status is clear.
- Lateral planning hint: right side is clearer.","{""waypoints"":[{""x"":1.887938000000001,""y"":25.571502000000002},{""x"":1.512938000000001,""y"":25.821502000000002},{""x"":1.137938000000001,""y"":26.071502000000002},{""x"":0.7629380000000009,""y"":26.321502000000002},{""x"":0.3879380000000009,""y"":26.571502000000002}],""reasoning"":""Selected waypoint 0 moves the reference anchor from 4.06 m to 3.61 m from goal immediately and to 1.80 m by the final waypoint, so progress is 0.45 m selected / 2.25 m final and passes with monotonic goal-distance reduction. Kinematics is evaluated on 5 unique label waypoint(s), excluding consecutive duplicate terminal holds, and checks only that the trajectory stays within the configured bounds speed <= 15.00 m/s and acceleration <= 8.00 m/s^2, so kinematics passes. Goal is not reached within this label waypoint window. Safety passes: minimum clearance 1.71 m against manifest obstacles with 0 violating segment(s).""}",1.887938000000001,25.571502000000002,-2.5,1.512938000000001,25.821502000000002,-2.5,1.137938000000001,26.071502000000002,-2.5,0.7629380000000009,26.321502000000002,-2.5,0.3879380000000009,26.571502000000002,-2.5
1773859801.316575766,1773859801.316575766,0.000,offline_ground_truth_window,"Environment section (T(v)):
- Current position NED is (2.06, 25.43, -2.48) m.
- Current velocity is (-0.05, 0.04, -0.00) m/s (speed 0.07 m/s).
- Goal position NED is (-1.11, 27.57, -2.50) m.
- Output contract: predict exactly 5 waypoint x/y pairs in NED. The planner will set every waypoint z to goal z = -2.50 m before execution.
- Goal delta from current state is (-3.18, 2.14, -0.02) m with distance 3.83 m.
- Obstacle pipeline: depth_camera_to_body_to_ned_current_frame.
- Current depth frame obstacle points projected into NED: 95. Nearest depth obstacle in NED is at (0.54, 28.69, -2.56) m, relative vector (-1.52, 3.25, -0.08) m, distance 3.59 m.
- Depth validity fraction is 0.58. Global nearest obstacle distance is 3.13 m.
- Sector minimum distances [far_left, left, center, right, far_right] are [3.13, 3.17, 4.98, 4.98, 3.43] m.
- Nearest obstacle sector is far_left at 3.13 m and clearance status is clear.
- Lateral planning hint: right side is clearer.","{""waypoints"":[{""x"":1.512938000000001,""y"":25.821502000000002},{""x"":1.137938000000001,""y"":26.071502000000002},{""x"":0.7629380000000009,""y"":26.321502000000002},{""x"":0.3879380000000009,""y"":26.571502000000002},{""x"":0.012938000000000893,""y"":26.821502000000002}],""reasoning"":""Selected waypoint 0 moves the reference anchor from 3.61 m to 3.15 m from goal immediately and to 1.35 m by the final waypoint, so progress is 0.45 m selected / 2.25 m final and passes with monotonic goal-distance reduction. Kinematics is evaluated on 5 unique label waypoint(s), excluding consecutive duplicate terminal holds, and checks only that the trajectory stays within the configured bounds speed <= 15.00 m/s and acceleration <= 8.00 m/s^2, so kinematics passes. Goal is not reached within this label waypoint window. Safety passes: minimum clearance 1.87 m against manifest obstacles with 0 violating segment(s).""}",1.512938000000001,25.821502000000002,-2.5,1.137938000000001,26.071502000000002,-2.5,0.7629380000000009,26.321502000000002,-2.5,0.3879380000000009,26.571502000000002,-2.5,0.012938000000000893,26.821502000000002,-2.5
1773859806.960976839,1773859806.960976839,0.000,offline_ground_truth_window,"Environment section (T(v)):
- Current position NED is (1.68, 25.67, -2.50) m.
- Current velocity is (-0.04, 0.02, 0.00) m/s (speed 0.04 m/s).
- Goal position NED is (-1.11, 27.57, -2.50) m.
- Output contract: predict exactly 5 waypoint x/y pairs in NED. The planner will set every waypoint z to goal z = -2.50 m before execution.
- Goal delta from current state is (-2.79, 1.91, -0.00) m with distance 3.38 m.
- Obstacle pipeline: depth_camera_to_body_to_ned_current_frame.
- Current depth frame obstacle points projected into NED: 66. Nearest depth obstacle in NED is at (-0.29, 28.68, -2.68) m, relative vector (-1.97, 3.01, -0.19) m, distance 3.60 m.
- Depth validity fraction is 0.55. Global nearest obstacle distance is 2.75 m.
- Sector minimum distances [far_left, left, center, right, far_right] are [2.92, 5.00, 5.01, 5.02, 2.75] m.
- Nearest obstacle sector is far_right at 2.75 m and clearance status is caution.
- Lateral planning hint: prefer center progress.","{""waypoints"":[{""x"":1.137938000000001,""y"":26.071502000000002},{""x"":0.7629380000000009,""y"":26.321502000000002},{""x"":0.3879380000000009,""y"":26.571502000000002},{""x"":0.012938000000000893,""y"":26.821502000000002},{""x"":-0.3620619999999991,""y"":27.071502000000002}],""reasoning"":""Selected waypoint 0 moves the reference anchor from 3.15 m to 2.70 m from goal immediately and to 0.90 m by the final waypoint, so progress is 0.45 m selected / 2.25 m final and passes with monotonic goal-distance reduction. Kinematics is evaluated on 5 unique label waypoint(s), excluding consecutive duplicate terminal holds, and checks only that the trajectory stays within the configured bounds speed <= 15.00 m/s and acceleration <= 8.00 m/s^2, so kinematics passes. Goal is not reached within this label waypoint window. Safety passes: minimum clearance 2.11 m against manifest obstacles with 0 violating segment(s).""}",1.137938000000001,26.071502000000002,-2.5,0.7629380000000009,26.321502000000002,-2.5,0.3879380000000009,26.571502000000002,-2.5,0.012938000000000893,26.821502000000002,-2.5,-0.3620619999999991,27.071502000000002,-2.5
1773859814.926609755,1773859814.926609755,0.000,offline_ground_truth_window,"Environment section (T(v)):
- Current position NED is (1.31, 25.92, -2.48) m.
- Current velocity is (-0.03, 0.03, -0.00) m/s (speed 0.04 m/s).
- Goal position NED is (-1.11, 27.57, -2.50) m.
- Output contract: predict exactly 5 waypoint x/y pairs in NED. The planner will set every waypoint z to goal z = -2.50 m before execution.
- Goal delta from current state is (-2.42, 1.65, -0.02) m with distance 2.93 m.
- Obstacle pipeline: depth_camera_to_body_to_ned_current_frame.
- Current depth frame obstacle points projected into NED: 61. Nearest depth obstacle in NED is at (2.85, 28.69, -2.58) m, relative vector (1.54, 2.77, -0.11) m, distance 3.18 m.
- Depth validity fraction is 0.55. Global nearest obstacle distance is 2.30 m.
- Sector minimum distances [far_left, left, center, right, far_right] are [2.83, 4.97, 4.97, 4.97, 2.30] m.
- Nearest obstacle sector is far_right at 2.30 m and clearance status is caution.
- Lateral planning hint: prefer center progress.","{""waypoints"":[{""x"":0.7629380000000009,""y"":26.321502000000002},{""x"":0.3879380000000009,""y"":26.571502000000002},{""x"":0.012938000000000893,""y"":26.821502000000002},{""x"":-0.3620619999999991,""y"":27.071502000000002},{""x"":-0.7370619999999991,""y"":27.321502000000002}],""reasoning"":""Selected waypoint 0 moves the reference anchor from 2.70 m to 2.25 m from goal immediately and to 0.45 m by the final waypoint, so progress is 0.45 m selected / 2.25 m final and passes with monotonic goal-distance reduction. Kinematics is evaluated on 5 unique label waypoint(s), excluding consecutive duplicate terminal holds, and checks only that the trajectory stays within the configured bounds speed <= 15.00 m/s and acceleration <= 8.00 m/s^2, so kinematics passes. Goal is not reached within this label waypoint window. Safety passes: minimum clearance 2.40 m against manifest obstacles with 0 violating segment(s).""}",0.7629380000000009,26.321502000000002,-2.5,0.3879380000000009,26.571502000000002,-2.5,0.012938000000000893,26.821502000000002,-2.5,-0.3620619999999991,27.071502000000002,-2.5,-0.7370619999999991,27.321502000000002,-2.5
1773859823.836574078,1773859823.836574078,0.000,offline_ground_truth_window,"Environment section (T(v)):
- Current position NED is (0.96, 26.22, -2.50) m.
- Current velocity is (-0.04, 0.03, 0.00) m/s (speed 0.05 m/s).
- Goal position NED is (-1.11, 27.57, -2.50) m.
- Output contract: predict exactly 5 waypoint x/y pairs in NED. The planner will set every waypoint z to goal z = -2.50 m before execution.
- Goal delta from current state is (-2.08, 1.35, 0.00) m with distance 2.48 m.
- Obstacle pipeline: depth_camera_to_body_to_ned_current_frame.
- Current depth frame obstacle points projected into NED: 81. Nearest depth obstacle in NED is at (2.31, 28.31, -2.67) m, relative vector (1.35, 2.09, -0.16) m, distance 2.49 m.
- Depth validity fraction is 0.54. Global nearest obstacle distance is 1.91 m.
- Sector minimum distances [far_left, left, center, right, far_right] are [5.05, 5.06, 5.06, 5.07, 1.91] m.
- Nearest obstacle sector is far_right at 1.91 m and clearance status is caution.
- Lateral planning hint: left side is clearer.","{""waypoints"":[{""x"":0.3879380000000009,""y"":26.571502000000002},{""x"":0.012938000000000893,""y"":26.821502000000002},{""x"":-0.3620619999999991,""y"":27.071502000000002},{""x"":-0.7370619999999991,""y"":27.321502000000002},{""x"":-1.112061999999999,""y"":27.571502000000002}],""reasoning"":""Selected waypoint 0 moves the reference anchor from 2.25 m to 1.80 m from goal immediately and to 0.00 m by the final waypoint, so progress is 0.45 m selected / 2.25 m final and passes with monotonic goal-distance reduction. Kinematics is evaluated on 5 unique label waypoint(s), excluding consecutive duplicate terminal holds, and checks only that the trajectory stays within the configured bounds speed <= 15.00 m/s and acceleration <= 8.00 m/s^2, so kinematics passes. Goal will be reached in 5 waypoint(s) within 0.35 m tolerance. Safety passes: minimum clearance 2.72 m against manifest obstacles with 0 violating segment(s).""}",0.3879380000000009,26.571502000000002,-2.5,0.012938000000000893,26.821502000000002,-2.5,-0.3620619999999991,27.071502000000002,-2.5,-0.7370619999999991,27.321502000000002,-2.5,-1.112061999999999,27.571502000000002,-2.5
1773859830.313625813,1773859830.313625813,0.000,offline_ground_truth_window,"Environment section (T(v)):
- Current position NED is (0.58, 26.45, -2.50) m.
- Current velocity is (-0.05, 0.02, 0.00) m/s (speed 0.05 m/s).
- Goal position NED is (-1.11, 27.57, -2.50) m.
- Output contract: predict exactly 5 waypoint x/y pairs in NED. The planner will set every waypoint z to goal z = -2.50 m before execution.
- Goal delta from current state is (-1.69, 1.12, 0.00) m with distance 2.03 m.
- Obstacle pipeline: depth_camera_to_body_to_ned_current_frame.
- Current depth frame obstacle points projected into NED: 120. Nearest depth obstacle in NED is at (1.66, 28.18, -2.63) m, relative vector (1.08, 1.74, -0.12) m, distance 2.05 m.
- Depth validity fraction is 0.56. Global nearest obstacle distance is 1.56 m.
- Sector minimum distances [far_left, left, center, right, far_right] are [5.04, 4.93, 4.91, 1.96, 1.56] m.
- Nearest obstacle sector is far_right at 1.56 m and clearance status is caution.
- Lateral planning hint: left side is clearer.","{""waypoints"":[{""x"":-1.112061999999999,""y"":27.571502000000002},{""x"":-1.112061999999999,""y"":27.571502000000002},{""x"":-1.112061999999999,""y"":27.571502000000002},{""x"":-1.112061999999999,""y"":27.571502000000002},{""x"":-1.112061999999999,""y"":27.571502000000002}],""reasoning"":""Selected waypoint 0 moves the reference anchor from 1.80 m to 0.00 m from goal immediately and to 0.00 m by the final waypoint, so progress is 1.80 m selected / 1.80 m final and passes with monotonic goal-distance reduction. Kinematics is evaluated on 1 unique label waypoint(s), excluding consecutive duplicate terminal holds, and checks only that the trajectory stays within the configured bounds speed <= 15.00 m/s and acceleration <= 8.00 m/s^2, so kinematics passes. Goal will be reached in 1 waypoint(s) within 0.35 m tolerance. Safety passes: minimum clearance 3.08 m against manifest obstacles with 0 violating segment(s).""}",-1.112061999999999,27.571502000000002,-2.5,-1.112061999999999,27.571502000000002,-2.5,-1.112061999999999,27.571502000000002,-2.5,-1.112061999999999,27.571502000000002,-2.5,-1.112061999999999,27.571502000000002,-2.5
1773859835.669443607,1773859835.669443607,0.000,offline_ground_truth_window,"Environment section (T(v)):
- Current position NED is (0.21, 26.71, -2.51) m.
- Current velocity is (-0.05, 0.03, 0.01) m/s (speed 0.06 m/s).
- Goal position NED is (-1.11, 27.57, -2.50) m.
- Output contract: predict exactly 5 waypoint x/y pairs in NED. The planner will set every waypoint z to goal z = -2.50 m before execution.
- Goal delta from current state is (-1.32, 0.86, 0.01) m with distance 1.58 m.
- Obstacle pipeline: depth_camera_to_body_to_ned_current_frame.
- Current depth frame obstacle points projected into NED: 130. Nearest depth obstacle in NED is at (0.96, 28.16, -2.65) m, relative vector (0.75, 1.45, -0.13) m, distance 1.64 m.
- Depth validity fraction is 0.60. Global nearest obstacle distance is 1.23 m.
- Sector minimum distances [far_left, left, center, right, far_right] are [4.68, 4.66, 4.65, 1.43, 1.23] m.
- Nearest obstacle sector is far_right at 1.23 m and clearance status is blocked.
- Lateral planning hint: left side is clearer.","{""waypoints"":[{""x"":-1.112061999999999,""y"":27.571502000000002},{""x"":-1.112061999999999,""y"":27.571502000000002},{""x"":-1.112061999999999,""y"":27.571502000000002},{""x"":-1.112061999999999,""y"":27.571502000000002},{""x"":-1.112061999999999,""y"":27.571502000000002}],""reasoning"":""Selected waypoint 0 moves the reference anchor from 1.35 m to 0.00 m from goal immediately and to 0.00 m by the final waypoint, so progress is 1.35 m selected / 1.35 m final and passes with monotonic goal-distance reduction. Kinematics is evaluated on 1 unique label waypoint(s), excluding consecutive duplicate terminal holds, and checks only that the trajectory stays within the configured bounds speed <= 15.00 m/s and acceleration <= 8.00 m/s^2, so kinematics passes. Goal will be reached in 1 waypoint(s) within 0.35 m tolerance. Safety passes: minimum clearance 3.18 m against manifest obstacles with 0 violating segment(s).""}",-1.112061999999999,27.571502000000002,-2.5,-1.112061999999999,27.571502000000002,-2.5,-1.112061999999999,27.571502000000002,-2.5,-1.112061999999999,27.571502000000002,-2.5,-1.112061999999999,27.571502000000002,-2.5
1773859843.631900787,1773859843.631900787,0.000,offline_ground_truth_window,"Environment section (T(v)):
- Current position NED is (-0.19, 26.92, -2.47) m.
- Current velocity is (-0.03, 0.02, -0.00) m/s (speed 0.03 m/s).
- Goal position NED is (-1.11, 27.57, -2.50) m.
- Output contract: predict exactly 5 waypoint x/y pairs in NED. The planner will set every waypoint z to goal z = -2.50 m before execution.
- Goal delta from current state is (-0.92, 0.65, -0.03) m with distance 1.13 m.
- Obstacle pipeline: depth_camera_to_body_to_ned_current_frame.
- Current depth frame obstacle points projected into NED: 186. Nearest depth obstacle in NED is at (0.26, 28.09, -2.57) m, relative vector (0.45, 1.17, -0.10) m, distance 1.26 m.
- Depth validity fraction is 0.67. Global nearest obstacle distance is 0.97 m.
- Sector minimum distances [far_left, left, center, right, far_right] are [4.46, 4.44, 1.28, 1.04, 0.97] m.
- Nearest obstacle sector is far_right at 0.97 m and clearance status is blocked.
- Lateral planning hint: left side is clearer.","{""waypoints"":[{""x"":-1.112061999999999,""y"":27.571502000000002},{""x"":-1.112061999999999,""y"":27.571502000000002},{""x"":-1.112061999999999,""y"":27.571502000000002},{""x"":-1.112061999999999,""y"":27.571502000000002},{""x"":-1.112061999999999,""y"":27.571502000000002}],""reasoning"":""Selected waypoint 0 moves the reference anchor from 0.90 m to 0.00 m from goal immediately and to 0.00 m by the final waypoint, so progress is 0.90 m selected / 0.90 m final and passes with monotonic goal-distance reduction. Kinematics is evaluated on 1 unique label waypoint(s), excluding consecutive duplicate terminal holds, and checks only that the trajectory stays within the configured bounds speed <= 15.00 m/s and acceleration <= 8.00 m/s^2, so kinematics passes. Goal will be reached in 1 waypoint(s) within 0.35 m tolerance. Safety passes: minimum clearance 3.18 m against manifest obstacles with 0 violating segment(s).""}",-1.112061999999999,27.571502000000002,-2.5,-1.112061999999999,27.571502000000002,-2.5,-1.112061999999999,27.571502000000002,-2.5,-1.112061999999999,27.571502000000002,-2.5,-1.112061999999999,27.571502000000002,-2.5
1773859852.493948460,1773859852.493948460,0.000,offline_ground_truth_window,"Environment section (T(v)):
- Current position NED is (-0.57, 27.17, -2.47) m.
- Current velocity is (-0.04, 0.04, -0.00) m/s (speed 0.05 m/s).
- Goal position NED is (-1.11, 27.57, -2.50) m.
- Output contract: predict exactly 5 waypoint x/y pairs in NED. The planner will set every waypoint z to goal z = -2.50 m before execution.
- Goal delta from current state is (-0.55, 0.40, -0.03) m with distance 0.68 m.
- Obstacle pipeline: depth_camera_to_body_to_ned_current_frame.
- Current depth frame obstacle points projected into NED: 276. Nearest depth obstacle in NED is at (-0.30, 28.04, -2.56) m, relative vector (0.26, 0.86, -0.09) m, distance 0.91 m.
- Depth validity fraction is 0.74. Global nearest obstacle distance is 0.71 m.
- Sector minimum distances [far_left, left, center, right, far_right] are [4.19, 1.00, 0.78, 0.72, 0.71] m.
- Nearest obstacle sector is far_right at 0.71 m and clearance status is blocked.
- Lateral planning hint: left side is clearer.","{""waypoints"":[{""x"":-1.112061999999999,""y"":27.571502000000002},{""x"":-1.112061999999999,""y"":27.571502000000002},{""x"":-1.112061999999999,""y"":27.571502000000002},{""x"":-1.112061999999999,""y"":27.571502000000002},{""x"":-1.112061999999999,""y"":27.571502000000002}],""reasoning"":""Selected waypoint 0 moves the reference anchor from 0.45 m to 0.00 m from goal immediately and to 0.00 m by the final waypoint, so progress is 0.45 m selected / 0.45 m final and passes with monotonic goal-distance reduction. Kinematics is evaluated on 1 unique label waypoint(s), excluding consecutive duplicate terminal holds, and checks only that the trajectory stays within the configured bounds speed <= 15.00 m/s and acceleration <= 8.00 m/s^2, so kinematics passes. Goal will be reached in 1 waypoint(s) within 0.35 m tolerance. Safety passes: minimum clearance 3.18 m against manifest obstacles with 0 violating segment(s).""}",-1.112061999999999,27.571502000000002,-2.5,-1.112061999999999,27.571502000000002,-2.5,-1.112061999999999,27.571502000000002,-2.5,-1.112061999999999,27.571502000000002,-2.5,-1.112061999999999,27.571502000000002,-2.5
1773859857.876971483,1773859857.876971483,0.000,offline_ground_truth_window,"Environment section (T(v)):
- Current position NED is (-0.90, 27.48, -2.48) m.
- Current velocity is (-0.08, 0.04, -0.00) m/s (speed 0.08 m/s).
- Goal position NED is (-1.11, 27.57, -2.50) m.
- Output contract: predict exactly 5 waypoint x/y pairs in NED. The planner will set every waypoint z to goal z = -2.50 m before execution.
- Goal delta from current state is (-0.21, 0.09, -0.02) m with distance 0.23 m.
- Obstacle pipeline: depth_camera_to_body_to_ned_current_frame.
- Current depth frame obstacle points projected into NED: 321. Nearest depth obstacle in NED is at (-0.94, 28.34, -2.62) m, relative vector (-0.04, 0.86, -0.14) m, distance 0.87 m.
- Depth validity fraction is 0.76. Global nearest obstacle distance is 0.72 m.
- Sector minimum distances [far_left, left, center, right, far_right] are [0.72, 0.72, 0.72, 0.72, 0.72] m.
- Nearest obstacle sector is far_left at 0.72 m and clearance status is blocked.
- Lateral planning hint: prefer center progress.","{""waypoints"":[{""x"":-1.112061999999999,""y"":27.571502000000002},{""x"":-1.112061999999999,""y"":27.571502000000002},{""x"":-1.112061999999999,""y"":27.571502000000002},{""x"":-1.112061999999999,""y"":27.571502000000002},{""x"":-1.112061999999999,""y"":27.571502000000002}],""reasoning"":""Selected waypoint 0 moves the reference anchor from 0.00 m to 0.00 m from goal immediately and to 0.00 m by the final waypoint, so progress is 0.00 m selected / 0.00 m final and fails with monotonic goal-distance reduction. Kinematics is evaluated on 1 unique label waypoint(s), excluding consecutive duplicate terminal holds, and checks only that the trajectory stays within the configured bounds speed <= 15.00 m/s and acceleration <= 8.00 m/s^2, so kinematics passes. Goal has already been reached at the reference anchor within 0.35 m tolerance. Safety passes: minimum clearance 3.18 m against manifest obstacles with 0 violating segment(s).""}",-1.112061999999999,27.571502000000002,-2.5,-1.112061999999999,27.571502000000002,-2.5,-1.112061999999999,27.571502000000002,-2.5,-1.112061999999999,27.571502000000002,-2.5,-1.112061999999999,27.571502000000002,-2.5
