anchor_stamp_s,scene_stamp_s,sync_dt_ms,label_mode,prompt,label_waypoints_json,wp0_x,wp0_y,wp0_z,wp1_x,wp1_y,wp1_z,wp2_x,wp2_y,wp2_z,wp3_x,wp3_y,wp3_z,wp4_x,wp4_y,wp4_z
1773860753.962386847,1773860753.962386847,0.000,offline_ground_truth_window,"Environment section (T(v)):
- Current position NED is (-0.04, 0.07, -2.33) m.
- Current velocity is (0.00, -0.01, 0.00) m/s (speed 0.01 m/s).
- Goal position NED is (-0.91, 28.25, -2.50) m.
- Output contract: predict exactly 5 waypoint x/y pairs in NED. The planner will set every waypoint z to goal z = -2.50 m before execution.
- Goal delta from current state is (-0.87, 28.18, -0.17) m with distance 28.19 m.
- Obstacle pipeline: depth_camera_to_body_to_ned_current_frame.
- Current depth frame obstacle points projected into NED: 55. Nearest depth obstacle in NED is at (-0.24, 0.82, -2.20) m, relative vector (-0.20, 0.75, 0.13) m, distance 0.78 m.
- Depth validity fraction is 0.63. Global nearest obstacle distance is 0.62 m.
- Sector minimum distances [far_left, left, center, right, far_right] are [0.66, 0.62, 0.64, 0.95, 0.95] m.
- Nearest obstacle sector is left at 0.62 m and clearance status is blocked.
- Lateral planning hint: prefer center progress.","{""waypoints"":[{""x"":-0.13681747619047485,""y"":0.44047669047619054},{""x"":-0.363007952380951,""y"":0.880952880952381},{""x"":-0.5891984285714271,""y"":1.3214290714285712},{""x"":-0.8153889047619034,""y"":1.761905261904762},{""x"":-1.0415793809523797,""y"":2.202381452380952}],""reasoning"":""Selected waypoint 0 moves the reference anchor from 28.27 m to 27.82 m from goal immediately and to 26.05 m by the final waypoint, so progress is 0.45 m selected / 2.22 m final and passes with monotonic goal-distance reduction. Kinematics is evaluated on 5 unique label waypoint(s), excluding consecutive duplicate terminal holds, and checks only that the trajectory stays within the configured bounds speed <= 15.00 m/s and acceleration <= 8.00 m/s^2, so kinematics passes. Goal is not reached within this label waypoint window. Safety passes: minimum clearance 4.81 m against manifest obstacles with 0 violating segment(s).""}",-0.13681747619047485,0.44047669047619054,-2.5,-0.363007952380951,0.880952880952381,-2.5,-0.5891984285714271,1.3214290714285712,-2.5,-0.8153889047619034,1.761905261904762,-2.5,-1.0415793809523797,2.202381452380952,-2.5
1773860756.691807032,1773860756.691807032,0.000,offline_ground_truth_window,"Environment section (T(v)):
- Current position NED is (-0.05, 0.21, -2.43) m.
- Current velocity is (-0.03, 0.11, -0.04) m/s (speed 0.12 m/s).
- Goal position NED is (-0.91, 28.25, -2.50) m.
- Output contract: predict exactly 5 waypoint x/y pairs in NED. The planner will set every waypoint z to goal z = -2.50 m before execution.
- Goal delta from current state is (-0.86, 28.04, -0.07) m with distance 28.06 m.
- Obstacle pipeline: depth_camera_to_body_to_ned_current_frame.
- Current depth frame obstacle points projected into NED: 110. Nearest depth obstacle in NED is at (-0.25, 0.82, -2.38) m, relative vector (-0.20, 0.61, 0.04) m, distance 0.65 m.
- Depth validity fraction is 0.60. Global nearest obstacle distance is 0.49 m.
- Sector minimum distances [far_left, left, center, right, far_right] are [0.50, 0.49, 0.52, 1.12, 4.74] m.
- Nearest obstacle sector is left at 0.49 m and clearance status is blocked.
- Lateral planning hint: right side is clearer.","{""waypoints"":[{""x"":-0.363007952380951,""y"":0.880952880952381},{""x"":-0.5891984285714271,""y"":1.3214290714285712},{""x"":-0.8153889047619034,""y"":1.761905261904762},{""x"":-1.0415793809523797,""y"":2.202381452380952},{""x"":-1.2677698571428557,""y"":2.642857642857143}],""reasoning"":""Selected waypoint 0 moves the reference anchor from 27.82 m to 27.37 m from goal immediately and to 25.61 m by the final waypoint, so progress is 0.45 m selected / 2.21 m final and passes with monotonic goal-distance reduction. Kinematics is evaluated on 5 unique label waypoint(s), excluding consecutive duplicate terminal holds, and checks only that the trajectory stays within the configured bounds speed <= 15.00 m/s and acceleration <= 8.00 m/s^2, so kinematics passes. Goal is not reached within this label waypoint window. Safety passes: minimum clearance 4.66 m against manifest obstacles with 0 violating segment(s).""}",-0.363007952380951,0.880952880952381,-2.5,-0.5891984285714271,1.3214290714285712,-2.5,-0.8153889047619034,1.761905261904762,-2.5,-1.0415793809523797,2.202381452380952,-2.5,-1.2677698571428557,2.642857642857143,-2.5
1773860762.355062008,1773860762.355062008,0.000,offline_ground_truth_window,"Environment section (T(v)):
- Current position NED is (-0.25, 0.66, -2.48) m.
- Current velocity is (-0.04, 0.07, -0.00) m/s (speed 0.08 m/s).
- Goal position NED is (-0.91, 28.25, -2.50) m.
- Output contract: predict exactly 5 waypoint x/y pairs in NED. The planner will set every waypoint z to goal z = -2.50 m before execution.
- Goal delta from current state is (-0.66, 27.59, -0.02) m with distance 27.60 m.
- Obstacle pipeline: depth_camera_to_body_to_ned_current_frame.
- Current depth frame obstacle points projected into NED: 17. Nearest depth obstacle in NED is at (-0.48, 1.04, -2.37) m, relative vector (-0.23, 0.38, 0.11) m, distance 0.46 m.
- Depth validity fraction is 0.58. Global nearest obstacle distance is 0.26 m.
- Sector minimum distances [far_left, left, center, right, far_right] are [0.26, 4.91, 4.92, 4.92, 4.93] m.
- Nearest obstacle sector is far_left at 0.26 m and clearance status is blocked.
- Lateral planning hint: right side is clearer.","{""waypoints"":[{""x"":-0.5891984285714271,""y"":1.3214290714285712},{""x"":-0.8153889047619034,""y"":1.761905261904762},{""x"":-1.0415793809523797,""y"":2.202381452380952},{""x"":-1.2677698571428557,""y"":2.642857642857143},{""x"":-1.493960333333332,""y"":3.083333833333333}],""reasoning"":""Selected waypoint 0 moves the reference anchor from 27.37 m to 26.93 m from goal immediately and to 25.17 m by the final waypoint, so progress is 0.44 m selected / 2.20 m final and passes with monotonic goal-distance reduction. Kinematics is evaluated on 5 unique label waypoint(s), excluding consecutive duplicate terminal holds, and checks only that the trajectory stays within the configured bounds speed <= 15.00 m/s and acceleration <= 8.00 m/s^2, so kinematics passes. Goal is not reached within this label waypoint window. Safety passes: minimum clearance 4.57 m against manifest obstacles with 0 violating segment(s).""}",-0.5891984285714271,1.3214290714285712,-2.5,-0.8153889047619034,1.761905261904762,-2.5,-1.0415793809523797,2.202381452380952,-2.5,-1.2677698571428557,2.642857642857143,-2.5,-1.493960333333332,3.083333833333333,-2.5
1773860767.961252213,1773860767.961252213,0.000,offline_ground_truth_window,"Environment section (T(v)):
- Current position NED is (-0.50, 1.09, -2.47) m.
- Current velocity is (-0.04, 0.08, 0.01) m/s (speed 0.09 m/s).
- Goal position NED is (-0.91, 28.25, -2.50) m.
- Output contract: predict exactly 5 waypoint x/y pairs in NED. The planner will set every waypoint z to goal z = -2.50 m before execution.
- Goal delta from current state is (-0.41, 27.16, -0.03) m with distance 27.16 m.
- Obstacle pipeline: depth_camera_to_body_to_ned_current_frame.
- Current depth frame obstacle points projected into NED: 15. Nearest depth obstacle in NED is at (-4.18, 6.25, -2.37) m, relative vector (-3.68, 5.16, 0.10) m, distance 6.34 m.
- Depth validity fraction is 0.58. Global nearest obstacle distance is 4.91 m.
- Sector minimum distances [far_left, left, center, right, far_right] are [4.91, 4.92, 4.92, 4.92, 4.92] m.
- Nearest obstacle sector is far_left at 4.91 m and clearance status is clear.
- Lateral planning hint: prefer center progress.","{""waypoints"":[{""x"":-0.8153889047619034,""y"":1.761905261904762},{""x"":-1.0415793809523797,""y"":2.202381452380952},{""x"":-1.2677698571428557,""y"":2.642857642857143},{""x"":-1.493960333333332,""y"":3.083333833333333},{""x"":-1.720150809523808,""y"":3.523810023809524}],""reasoning"":""Selected waypoint 0 moves the reference anchor from 26.93 m to 26.49 m from goal immediately and to 24.74 m by the final waypoint, so progress is 0.44 m selected / 2.19 m final and passes with monotonic goal-distance reduction. Kinematics is evaluated on 5 unique label waypoint(s), excluding consecutive duplicate terminal holds, and checks only that the trajectory stays within the configured bounds speed <= 15.00 m/s and acceleration <= 8.00 m/s^2, so kinematics passes. Goal is not reached within this label waypoint window. Safety passes: minimum clearance 4.44 m against manifest obstacles with 0 violating segment(s).""}",-0.8153889047619034,1.761905261904762,-2.5,-1.0415793809523797,2.202381452380952,-2.5,-1.2677698571428557,2.642857642857143,-2.5,-1.493960333333332,3.083333833333333,-2.5,-1.720150809523808,3.523810023809524,-2.5
1773860773.384387016,1773860773.384387016,0.000,offline_ground_truth_window,"Environment section (T(v)):
- Current position NED is (-0.70, 1.55, -2.47) m.
- Current velocity is (-0.04, 0.09, 0.00) m/s (speed 0.09 m/s).
- Goal position NED is (-0.91, 28.25, -2.50) m.
- Output contract: predict exactly 5 waypoint x/y pairs in NED. The planner will set every waypoint z to goal z = -2.50 m before execution.
- Goal delta from current state is (-0.21, 26.70, -0.03) m with distance 26.70 m.
- Obstacle pipeline: depth_camera_to_body_to_ned_current_frame.
- Current depth frame obstacle points projected into NED: 19. Nearest depth obstacle in NED is at (-4.53, 6.20, -2.55) m, relative vector (-3.84, 4.65, -0.08) m, distance 6.03 m.
- Depth validity fraction is 0.59. Global nearest obstacle distance is 4.87 m.
- Sector minimum distances [far_left, left, center, right, far_right] are [4.87, 4.90, 4.90, 4.90, 4.90] m.
- Nearest obstacle sector is far_left at 4.87 m and clearance status is clear.
- Lateral planning hint: prefer center progress.","{""waypoints"":[{""x"":-1.0415793809523797,""y"":2.202381452380952},{""x"":-1.2677698571428557,""y"":2.642857642857143},{""x"":-1.493960333333332,""y"":3.083333833333333},{""x"":-1.720150809523808,""y"":3.523810023809524},{""x"":-1.9463412857142843,""y"":3.9642862142857136}],""reasoning"":""Selected waypoint 0 moves the reference anchor from 26.49 m to 26.05 m from goal immediately and to 24.31 m by the final waypoint, so progress is 0.44 m selected / 2.18 m final and passes with monotonic goal-distance reduction. Kinematics is evaluated on 5 unique label waypoint(s), excluding consecutive duplicate terminal holds, and checks only that the trajectory stays within the configured bounds speed <= 15.00 m/s and acceleration <= 8.00 m/s^2, so kinematics passes. Goal is not reached within this label waypoint window. Safety passes: minimum clearance 4.21 m against manifest obstacles with 0 violating segment(s).""}",-1.0415793809523797,2.202381452380952,-2.5,-1.2677698571428557,2.642857642857143,-2.5,-1.493960333333332,3.083333833333333,-2.5,-1.720150809523808,3.523810023809524,-2.5,-1.9463412857142843,3.9642862142857136,-2.5
1773860778.962584019,1773860778.962584019,0.000,offline_ground_truth_window,"Environment section (T(v)):
- Current position NED is (-0.94, 1.98, -2.48) m.
- Current velocity is (-0.04, 0.06, 0.01) m/s (speed 0.07 m/s).
- Goal position NED is (-0.91, 28.25, -2.50) m.
- Output contract: predict exactly 5 waypoint x/y pairs in NED. The planner will set every waypoint z to goal z = -2.50 m before execution.
- Goal delta from current state is (0.03, 26.27, -0.02) m with distance 26.27 m.
- Obstacle pipeline: depth_camera_to_body_to_ned_current_frame.
- Current depth frame obstacle points projected into NED: 18. Nearest depth obstacle in NED is at (-4.84, 6.31, -2.65) m, relative vector (-3.90, 4.33, -0.17) m, distance 5.83 m.
- Depth validity fraction is 0.58. Global nearest obstacle distance is 4.59 m.
- Sector minimum distances [far_left, left, center, right, far_right] are [4.59, 4.97, 4.97, 4.98, 4.99] m.
- Nearest obstacle sector is far_left at 4.59 m and clearance status is clear.
- Lateral planning hint: prefer center progress.","{""waypoints"":[{""x"":-1.2677698571428557,""y"":2.642857642857143},{""x"":-1.493960333333332,""y"":3.083333833333333},{""x"":-1.720150809523808,""y"":3.523810023809524},{""x"":-1.9463412857142843,""y"":3.9642862142857136},{""x"":-2.1725317619047604,""y"":4.404762404761904}],""reasoning"":""Selected waypoint 0 moves the reference anchor from 26.05 m to 25.61 m from goal immediately and to 23.88 m by the final waypoint, so progress is 0.44 m selected / 2.17 m final and passes with monotonic goal-distance reduction. Kinematics is evaluated on 5 unique label waypoint(s), excluding consecutive duplicate terminal holds, and checks only that the trajectory stays within the configured bounds speed <= 15.00 m/s and acceleration <= 8.00 m/s^2, so kinematics passes. Goal is not reached within this label waypoint window. Safety passes: minimum clearance 3.99 m against manifest obstacles with 0 violating segment(s).""}",-1.2677698571428557,2.642857642857143,-2.5,-1.493960333333332,3.083333833333333,-2.5,-1.720150809523808,3.523810023809524,-2.5,-1.9463412857142843,3.9642862142857136,-2.5,-2.1725317619047604,4.404762404761904,-2.5
1773860784.157198906,1773860784.157198906,0.000,offline_ground_truth_window,"Environment section (T(v)):
- Current position NED is (-1.16, 2.42, -2.50) m.
- Current velocity is (-0.04, 0.06, 0.01) m/s (speed 0.08 m/s).
- Goal position NED is (-0.91, 28.25, -2.50) m.
- Output contract: predict exactly 5 waypoint x/y pairs in NED. The planner will set every waypoint z to goal z = -2.50 m before execution.
- Goal delta from current state is (0.24, 25.83, 0.00) m with distance 25.83 m.
- Obstacle pipeline: depth_camera_to_body_to_ned_current_frame.
- Current depth frame obstacle points projected into NED: 6. Nearest depth obstacle in NED is at (-3.45, 9.34, -2.48) m, relative vector (-2.30, 6.92, 0.02) m, distance 7.29 m.
- Depth validity fraction is 0.58. Global nearest obstacle distance is 5.01 m.
- Sector minimum distances [far_left, left, center, right, far_right] are [5.01, 5.02, 5.03, 5.03, 5.04] m.
- Nearest obstacle sector is far_left at 5.01 m and clearance status is clear.
- Lateral planning hint: prefer center progress.","{""waypoints"":[{""x"":-1.493960333333332,""y"":3.083333833333333},{""x"":-1.720150809523808,""y"":3.523810023809524},{""x"":-1.9463412857142843,""y"":3.9642862142857136},{""x"":-2.1725317619047604,""y"":4.404762404761904},{""x"":-2.3987222380952367,""y"":4.845238595238095}],""reasoning"":""Selected waypoint 0 moves the reference anchor from 25.61 m to 25.17 m from goal immediately and to 23.45 m by the final waypoint, so progress is 0.44 m selected / 2.16 m final and passes with monotonic goal-distance reduction. Kinematics is evaluated on 5 unique label waypoint(s), excluding consecutive duplicate terminal holds, and checks only that the trajectory stays within the configured bounds speed <= 15.00 m/s and acceleration <= 8.00 m/s^2, so kinematics passes. Goal is not reached within this label waypoint window. Safety passes: minimum clearance 3.76 m against manifest obstacles with 0 violating segment(s).""}",-1.493960333333332,3.083333833333333,-2.5,-1.720150809523808,3.523810023809524,-2.5,-1.9463412857142843,3.9642862142857136,-2.5,-2.1725317619047604,4.404762404761904,-2.5,-2.3987222380952367,4.845238595238095,-2.5
1773860789.765619040,1773860789.765619040,0.000,offline_ground_truth_window,"Environment section (T(v)):
- Current position NED is (-1.37, 2.87, -2.51) m.
- Current velocity is (-0.03, 0.07, 0.01) m/s (speed 0.08 m/s).
- Goal position NED is (-0.91, 28.25, -2.50) m.
- Output contract: predict exactly 5 waypoint x/y pairs in NED. The planner will set every waypoint z to goal z = -2.50 m before execution.
- Goal delta from current state is (0.46, 25.38, 0.01) m with distance 25.38 m.
- Obstacle pipeline: depth_camera_to_body_to_ned_current_frame.
- Current depth frame obstacle points projected into NED: 9. Nearest depth obstacle in NED is at (-4.05, 9.15, -2.32) m, relative vector (-2.68, 6.27, 0.19) m, distance 6.83 m.
- Depth validity fraction is 0.59. Global nearest obstacle distance is 5.03 m.
- Sector minimum distances [far_left, left, center, right, far_right] are [5.03, 5.04, 5.04, 5.04, 5.04] m.
- Nearest obstacle sector is far_left at 5.03 m and clearance status is clear.
- Lateral planning hint: prefer center progress.","{""waypoints"":[{""x"":-1.720150809523808,""y"":3.523810023809524},{""x"":-1.9463412857142843,""y"":3.9642862142857136},{""x"":-2.1725317619047604,""y"":4.404762404761904},{""x"":-2.3987222380952367,""y"":4.845238595238095},{""x"":-2.6249127142857125,""y"":5.285714785714285}],""reasoning"":""Selected waypoint 0 moves the reference anchor from 25.17 m to 24.74 m from goal immediately and to 23.03 m by the final waypoint, so progress is 0.43 m selected / 2.15 m final and passes with monotonic goal-distance reduction. Kinematics is evaluated on 5 unique label waypoint(s), excluding consecutive duplicate terminal holds, and checks only that the trajectory stays within the configured bounds speed <= 15.00 m/s and acceleration <= 8.00 m/s^2, so kinematics passes. Goal is not reached within this label waypoint window. Safety passes: minimum clearance 3.54 m against manifest obstacles with 0 violating segment(s).""}",-1.720150809523808,3.523810023809524,-2.5,-1.9463412857142843,3.9642862142857136,-2.5,-2.1725317619047604,4.404762404761904,-2.5,-2.3987222380952367,4.845238595238095,-2.5,-2.6249127142857125,5.285714785714285,-2.5
1773860795.084768534,1773860795.084768534,0.000,offline_ground_truth_window,"Environment section (T(v)):
- Current position NED is (-1.59, 3.31, -2.50) m.
- Current velocity is (-0.05, 0.10, 0.00) m/s (speed 0.11 m/s).
- Goal position NED is (-0.91, 28.25, -2.50) m.
- Output contract: predict exactly 5 waypoint x/y pairs in NED. The planner will set every waypoint z to goal z = -2.50 m before execution.
- Goal delta from current state is (0.68, 24.94, -0.00) m with distance 24.94 m.
- Obstacle pipeline: depth_camera_to_body_to_ned_current_frame.
- Current depth frame obstacle points projected into NED: 13. Nearest depth obstacle in NED is at (-4.42, 9.12, -1.79) m, relative vector (-2.83, 5.80, 0.71) m, distance 6.50 m.
- Depth validity fraction is 0.60. Global nearest obstacle distance is 4.93 m.
- Sector minimum distances [far_left, left, center, right, far_right] are [4.93, 4.93, 4.93, 4.94, 4.94] m.
- Nearest obstacle sector is far_left at 4.93 m and clearance status is clear.
- Lateral planning hint: prefer center progress.","{""waypoints"":[{""x"":-1.9463412857142843,""y"":3.9642862142857136},{""x"":-2.1725317619047604,""y"":4.404762404761904},{""x"":-2.3987222380952367,""y"":4.845238595238095},{""x"":-2.6249127142857125,""y"":5.285714785714285},{""x"":-2.851103190476189,""y"":5.726190976190477}],""reasoning"":""Selected waypoint 0 moves the reference anchor from 24.74 m to 24.31 m from goal immediately and to 22.61 m by the final waypoint, so progress is 0.43 m selected / 2.13 m final and passes with monotonic goal-distance reduction. Kinematics is evaluated on 5 unique label waypoint(s), excluding consecutive duplicate terminal holds, and checks only that the trajectory stays within the configured bounds speed <= 15.00 m/s and acceleration <= 8.00 m/s^2, so kinematics passes. Goal is not reached within this label waypoint window. Safety passes: minimum clearance 3.31 m against manifest obstacles with 0 violating segment(s).""}",-1.9463412857142843,3.9642862142857136,-2.5,-2.1725317619047604,4.404762404761904,-2.5,-2.3987222380952367,4.845238595238095,-2.5,-2.6249127142857125,5.285714785714285,-2.5,-2.851103190476189,5.726190976190477,-2.5
1773860801.099388838,1773860801.099388838,0.000,offline_ground_truth_window,"Environment section (T(v)):
- Current position NED is (-1.83, 3.75, -2.48) m.
- Current velocity is (-0.04, 0.06, -0.01) m/s (speed 0.07 m/s).
- Goal position NED is (-0.91, 28.25, -2.50) m.
- Output contract: predict exactly 5 waypoint x/y pairs in NED. The planner will set every waypoint z to goal z = -2.50 m before execution.
- Goal delta from current state is (0.92, 24.50, -0.02) m with distance 24.52 m.
- Obstacle pipeline: depth_camera_to_body_to_ned_current_frame.
- Current depth frame obstacle points projected into NED: 65. Nearest depth obstacle in NED is at (-4.86, 9.08, -2.42) m, relative vector (-3.02, 5.33, 0.06) m, distance 6.13 m.
- Depth validity fraction is 0.62. Global nearest obstacle distance is 4.85 m.
- Sector minimum distances [far_left, left, center, right, far_right] are [4.88, 4.87, 4.86, 4.86, 4.85] m.
- Nearest obstacle sector is far_right at 4.85 m and clearance status is clear.
- Lateral planning hint: prefer center progress.","{""waypoints"":[{""x"":-2.1725317619047604,""y"":4.404762404761904},{""x"":-2.3987222380952367,""y"":4.845238595238095},{""x"":-2.6249127142857125,""y"":5.285714785714285},{""x"":-2.851103190476189,""y"":5.726190976190477},{""x"":-3.077293666666665,""y"":6.166667166666667}],""reasoning"":""Selected waypoint 0 moves the reference anchor from 24.31 m to 23.88 m from goal immediately and to 22.19 m by the final waypoint, so progress is 0.43 m selected / 2.12 m final and passes with monotonic goal-distance reduction. Kinematics is evaluated on 5 unique label waypoint(s), excluding consecutive duplicate terminal holds, and checks only that the trajectory stays within the configured bounds speed <= 15.00 m/s and acceleration <= 8.00 m/s^2, so kinematics passes. Goal is not reached within this label waypoint window. Safety passes: minimum clearance 2.96 m against manifest obstacles with 0 violating segment(s).""}",-2.1725317619047604,4.404762404761904,-2.5,-2.3987222380952367,4.845238595238095,-2.5,-2.6249127142857125,5.285714785714285,-2.5,-2.851103190476189,5.726190976190477,-2.5,-3.077293666666665,6.166667166666667,-2.5
1773860807.457209349,1773860807.457209349,0.000,offline_ground_truth_window,"Environment section (T(v)):
- Current position NED is (-2.07, 4.18, -2.51) m.
- Current velocity is (-0.04, 0.07, 0.01) m/s (speed 0.09 m/s).
- Goal position NED is (-0.91, 28.25, -2.50) m.
- Output contract: predict exactly 5 waypoint x/y pairs in NED. The planner will set every waypoint z to goal z = -2.50 m before execution.
- Goal delta from current state is (1.16, 24.07, 0.01) m with distance 24.10 m.
- Obstacle pipeline: depth_camera_to_body_to_ned_current_frame.
- Current depth frame obstacle points projected into NED: 90. Nearest depth obstacle in NED is at (-5.21, 9.10, -2.74) m, relative vector (-3.14, 4.92, -0.23) m, distance 5.85 m.
- Depth validity fraction is 0.61. Global nearest obstacle distance is 4.91 m.
- Sector minimum distances [far_left, left, center, right, far_right] are [4.91, 4.91, 4.91, 4.92, 4.92] m.
- Nearest obstacle sector is far_left at 4.91 m and clearance status is clear.
- Lateral planning hint: prefer center progress.","{""waypoints"":[{""x"":-2.3987222380952367,""y"":4.845238595238095},{""x"":-2.6249127142857125,""y"":5.285714785714285},{""x"":-2.851103190476189,""y"":5.726190976190477},{""x"":-3.077293666666665,""y"":6.166667166666667},{""x"":-3.3034841428571413,""y"":6.607143357142858}],""reasoning"":""Selected waypoint 0 moves the reference anchor from 23.88 m to 23.45 m from goal immediately and to 21.77 m by the final waypoint, so progress is 0.43 m selected / 2.10 m final and passes with monotonic goal-distance reduction. Kinematics is evaluated on 5 unique label waypoint(s), excluding consecutive duplicate terminal holds, and checks only that the trajectory stays within the configured bounds speed <= 15.00 m/s and acceleration <= 8.00 m/s^2, so kinematics passes. Goal is not reached within this label waypoint window. Safety passes: minimum clearance 2.58 m against manifest obstacles with 0 violating segment(s).""}",-2.3987222380952367,4.845238595238095,-2.5,-2.6249127142857125,5.285714785714285,-2.5,-2.851103190476189,5.726190976190477,-2.5,-3.077293666666665,6.166667166666667,-2.5,-3.3034841428571413,6.607143357142858,-2.5
1773860813.316408157,1773860813.316408157,0.000,offline_ground_truth_window,"Environment section (T(v)):
- Current position NED is (-2.31, 4.62, -2.48) m.
- Current velocity is (-0.03, 0.07, 0.00) m/s (speed 0.07 m/s).
- Goal position NED is (-0.91, 28.25, -2.50) m.
- Output contract: predict exactly 5 waypoint x/y pairs in NED. The planner will set every waypoint z to goal z = -2.50 m before execution.
- Goal delta from current state is (1.40, 23.63, -0.02) m with distance 23.68 m.
- Obstacle pipeline: depth_camera_to_body_to_ned_current_frame.
- Current depth frame obstacle points projected into NED: 80. Nearest depth obstacle in NED is at (-5.64, 9.04, -2.69) m, relative vector (-3.33, 4.43, -0.21) m, distance 5.54 m.
- Depth validity fraction is 0.62. Global nearest obstacle distance is 4.61 m.
- Sector minimum distances [far_left, left, center, right, far_right] are [4.61, 4.89, 4.89, 4.89, 4.76] m.
- Nearest obstacle sector is far_left at 4.61 m and clearance status is clear.
- Lateral planning hint: prefer center progress.","{""waypoints"":[{""x"":-2.6249127142857125,""y"":5.285714785714285},{""x"":-2.851103190476189,""y"":5.726190976190477},{""x"":-3.077293666666665,""y"":6.166667166666667},{""x"":-3.3034841428571413,""y"":6.607143357142858},{""x"":-3.529674619047617,""y"":7.047619547619048}],""reasoning"":""Selected waypoint 0 moves the reference anchor from 23.45 m to 23.03 m from goal immediately and to 21.36 m by the final waypoint, so progress is 0.42 m selected / 2.09 m final and passes with monotonic goal-distance reduction. Kinematics is evaluated on 5 unique label waypoint(s), excluding consecutive duplicate terminal holds, and checks only that the trajectory stays within the configured bounds speed <= 15.00 m/s and acceleration <= 8.00 m/s^2, so kinematics passes. Goal is not reached within this label waypoint window. Safety passes: minimum clearance 2.23 m against manifest obstacles with 0 violating segment(s).""}",-2.6249127142857125,5.285714785714285,-2.5,-2.851103190476189,5.726190976190477,-2.5,-3.077293666666665,6.166667166666667,-2.5,-3.3034841428571413,6.607143357142858,-2.5,-3.529674619047617,7.047619547619048,-2.5
1773860818.733160973,1773860818.733160973,0.000,offline_ground_truth_window,"Environment section (T(v)):
- Current position NED is (-2.55, 5.04, -2.47) m.
- Current velocity is (-0.04, 0.11, -0.01) m/s (speed 0.12 m/s).
- Goal position NED is (-0.91, 28.25, -2.50) m.
- Output contract: predict exactly 5 waypoint x/y pairs in NED. The planner will set every waypoint z to goal z = -2.50 m before execution.
- Goal delta from current state is (1.64, 23.21, -0.03) m with distance 23.26 m.
- Obstacle pipeline: depth_camera_to_body_to_ned_current_frame.
- Current depth frame obstacle points projected into NED: 90. Nearest depth obstacle in NED is at (-3.65, 10.02, -2.50) m, relative vector (-1.10, 4.98, -0.03) m, distance 5.10 m.
- Depth validity fraction is 0.63. Global nearest obstacle distance is 4.17 m.
- Sector minimum distances [far_left, left, center, right, far_right] are [4.17, 4.85, 4.85, 4.86, 4.45] m.
- Nearest obstacle sector is far_left at 4.17 m and clearance status is clear.
- Lateral planning hint: prefer center progress.","{""waypoints"":[{""x"":-2.851103190476189,""y"":5.726190976190477},{""x"":-3.077293666666665,""y"":6.166667166666667},{""x"":-3.3034841428571413,""y"":6.607143357142858},{""x"":-3.529674619047617,""y"":7.047619547619048},{""x"":-3.755865095238094,""y"":7.488095738095238}],""reasoning"":""Selected waypoint 0 moves the reference anchor from 23.03 m to 22.61 m from goal immediately and to 20.96 m by the final waypoint, so progress is 0.42 m selected / 2.07 m final and passes with monotonic goal-distance reduction. Kinematics is evaluated on 5 unique label waypoint(s), excluding consecutive duplicate terminal holds, and checks only that the trajectory stays within the configured bounds speed <= 15.00 m/s and acceleration <= 8.00 m/s^2, so kinematics passes. Goal is not reached within this label waypoint window. Safety passes: minimum clearance 1.94 m against manifest obstacles with 0 violating segment(s).""}",-2.851103190476189,5.726190976190477,-2.5,-3.077293666666665,6.166667166666667,-2.5,-3.3034841428571413,6.607143357142858,-2.5,-3.529674619047617,7.047619547619048,-2.5,-3.755865095238094,7.488095738095238,-2.5
1773860823.681006670,1773860823.681006670,0.000,offline_ground_truth_window,"Environment section (T(v)):
- Current position NED is (-2.74, 5.51, -2.49) m.
- Current velocity is (-0.04, 0.08, 0.00) m/s (speed 0.09 m/s).
- Goal position NED is (-0.91, 28.25, -2.50) m.
- Output contract: predict exactly 5 waypoint x/y pairs in NED. The planner will set every waypoint z to goal z = -2.50 m before execution.
- Goal delta from current state is (1.83, 22.74, -0.01) m with distance 22.81 m.
- Obstacle pipeline: depth_camera_to_body_to_ned_current_frame.
- Current depth frame obstacle points projected into NED: 79. Nearest depth obstacle in NED is at (-3.93, 9.98, -2.52) m, relative vector (-1.19, 4.47, -0.03) m, distance 4.63 m.
- Depth validity fraction is 0.64. Global nearest obstacle distance is 3.99 m.
- Sector minimum distances [far_left, left, center, right, far_right] are [3.99, 4.46, 4.45, 4.97, 4.18] m.
- Nearest obstacle sector is far_left at 3.99 m and clearance status is clear.
- Lateral planning hint: prefer center progress.","{""waypoints"":[{""x"":-3.077293666666665,""y"":6.166667166666667},{""x"":-3.3034841428571413,""y"":6.607143357142858},{""x"":-3.529674619047617,""y"":7.047619547619048},{""x"":-3.755865095238094,""y"":7.488095738095238},{""x"":-3.9820555714285697,""y"":7.928571928571428}],""reasoning"":""Selected waypoint 0 moves the reference anchor from 22.61 m to 22.19 m from goal immediately and to 20.55 m by the final waypoint, so progress is 0.42 m selected / 2.06 m final and passes with monotonic goal-distance reduction. Kinematics is evaluated on 5 unique label waypoint(s), excluding consecutive duplicate terminal holds, and checks only that the trajectory stays within the configured bounds speed <= 15.00 m/s and acceleration <= 8.00 m/s^2, so kinematics passes. Goal is not reached within this label waypoint window. Safety passes: minimum clearance 1.71 m against manifest obstacles with 0 violating segment(s).""}",-3.077293666666665,6.166667166666667,-2.5,-3.3034841428571413,6.607143357142858,-2.5,-3.529674619047617,7.047619547619048,-2.5,-3.755865095238094,7.488095738095238,-2.5,-3.9820555714285697,7.928571928571428,-2.5
1773860828.661360025,1773860828.661360025,0.000,offline_ground_truth_window,"Environment section (T(v)):
- Current position NED is (-2.97, 5.95, -2.50) m.
- Current velocity is (-0.03, 0.07, 0.00) m/s (speed 0.08 m/s).
- Goal position NED is (-0.91, 28.25, -2.50) m.
- Output contract: predict exactly 5 waypoint x/y pairs in NED. The planner will set every waypoint z to goal z = -2.50 m before execution.
- Goal delta from current state is (2.05, 22.30, -0.00) m with distance 22.40 m.
- Obstacle pipeline: depth_camera_to_body_to_ned_current_frame.
- Current depth frame obstacle points projected into NED: 96. Nearest depth obstacle in NED is at (-4.24, 9.96, -2.53) m, relative vector (-1.27, 4.01, -0.04) m, distance 4.21 m.
- Depth validity fraction is 0.65. Global nearest obstacle distance is 3.93 m.
- Sector minimum distances [far_left, left, center, right, far_right] are [4.93, 4.01, 4.04, 4.92, 3.93] m.
- Nearest obstacle sector is far_right at 3.93 m and clearance status is clear.
- Lateral planning hint: prefer center progress.","{""waypoints"":[{""x"":-3.3034841428571413,""y"":6.607143357142858},{""x"":-3.529674619047617,""y"":7.047619547619048},{""x"":-3.755865095238094,""y"":7.488095738095238},{""x"":-3.9820555714285697,""y"":7.928571928571428},{""x"":-4.208246047619046,""y"":8.36904811904762}],""reasoning"":""Selected waypoint 0 moves the reference anchor from 22.19 m to 21.77 m from goal immediately and to 20.15 m by the final waypoint, so progress is 0.41 m selected / 2.04 m final and passes with monotonic goal-distance reduction. Kinematics is evaluated on 5 unique label waypoint(s), excluding consecutive duplicate terminal holds, and checks only that the trajectory stays within the configured bounds speed <= 15.00 m/s and acceleration <= 8.00 m/s^2, so kinematics passes. Goal is not reached within this label waypoint window. Safety passes: minimum clearance 1.59 m against manifest obstacles with 0 violating segment(s).""}",-3.3034841428571413,6.607143357142858,-2.5,-3.529674619047617,7.047619547619048,-2.5,-3.755865095238094,7.488095738095238,-2.5,-3.9820555714285697,7.928571928571428,-2.5,-4.208246047619046,8.36904811904762,-2.5
1773860835.738432407,1773860835.738432407,0.000,offline_ground_truth_window,"Environment section (T(v)):
- Current position NED is (-3.20, 6.38, -2.47) m.
- Current velocity is (-0.03, 0.05, -0.01) m/s (speed 0.06 m/s).
- Goal position NED is (-0.91, 28.25, -2.50) m.
- Output contract: predict exactly 5 waypoint x/y pairs in NED. The planner will set every waypoint z to goal z = -2.50 m before execution.
- Goal delta from current state is (2.29, 21.87, -0.03) m with distance 21.99 m.
- Obstacle pipeline: depth_camera_to_body_to_ned_current_frame.
- Current depth frame obstacle points projected into NED: 106. Nearest depth obstacle in NED is at (-4.57, 9.93, -2.50) m, relative vector (-1.38, 3.55, -0.03) m, distance 3.81 m.
- Depth validity fraction is 0.66. Global nearest obstacle distance is 3.55 m.
- Sector minimum distances [far_left, left, center, right, far_right] are [4.86, 3.55, 3.87, 4.88, 3.58] m.
- Nearest obstacle sector is left at 3.55 m and clearance status is clear.
- Lateral planning hint: prefer center progress.","{""waypoints"":[{""x"":-3.529674619047617,""y"":7.047619547619048},{""x"":-3.755865095238094,""y"":7.488095738095238},{""x"":-3.9820555714285697,""y"":7.928571928571428},{""x"":-4.208246047619046,""y"":8.36904811904762},{""x"":-4.434436523809523,""y"":8.809524309523809}],""reasoning"":""Selected waypoint 0 moves the reference anchor from 21.77 m to 21.36 m from goal immediately and to 19.76 m by the final waypoint, so progress is 0.41 m selected / 2.02 m final and passes with monotonic goal-distance reduction. Kinematics is evaluated on 5 unique label waypoint(s), excluding consecutive duplicate terminal holds, and checks only that the trajectory stays within the configured bounds speed <= 15.00 m/s and acceleration <= 8.00 m/s^2, so kinematics passes. Goal is not reached within this label waypoint window. Safety passes: minimum clearance 1.57 m against manifest obstacles with 0 violating segment(s).""}",-3.529674619047617,7.047619547619048,-2.5,-3.755865095238094,7.488095738095238,-2.5,-3.9820555714285697,7.928571928571428,-2.5,-4.208246047619046,8.36904811904762,-2.5,-4.434436523809523,8.809524309523809,-2.5
1773860842.150604725,1773860842.150604725,0.000,offline_ground_truth_window,"Environment section (T(v)):
- Current position NED is (-3.40, 6.84, -2.49) m.
- Current velocity is (-0.03, 0.04, 0.00) m/s (speed 0.05 m/s).
- Goal position NED is (-0.91, 28.25, -2.50) m.
- Output contract: predict exactly 5 waypoint x/y pairs in NED. The planner will set every waypoint z to goal z = -2.50 m before execution.
- Goal delta from current state is (2.49, 21.41, -0.01) m with distance 21.56 m.
- Obstacle pipeline: depth_camera_to_body_to_ned_current_frame.
- Current depth frame obstacle points projected into NED: 119. Nearest depth obstacle in NED is at (-4.83, 9.95, -2.64) m, relative vector (-1.43, 3.11, -0.16) m, distance 3.43 m.
- Depth validity fraction is 0.67. Global nearest obstacle distance is 3.10 m.
- Sector minimum distances [far_left, left, center, right, far_right] are [3.13, 3.10, 4.93, 4.94, 3.31] m.
- Nearest obstacle sector is left at 3.10 m and clearance status is clear.
- Lateral planning hint: right side is clearer.","{""waypoints"":[{""x"":-3.755865095238094,""y"":7.488095738095238},{""x"":-3.9820555714285697,""y"":7.928571928571428},{""x"":-4.208246047619046,""y"":8.36904811904762},{""x"":-4.434436523809523,""y"":8.809524309523809},{""x"":-4.660626999999999,""y"":9.2500005}],""reasoning"":""Selected waypoint 0 moves the reference anchor from 21.36 m to 20.96 m from goal immediately and to 19.37 m by the final waypoint, so progress is 0.41 m selected / 2.00 m final and passes with monotonic goal-distance reduction. Kinematics is evaluated on 5 unique label waypoint(s), excluding consecutive duplicate terminal holds, and checks only that the trajectory stays within the configured bounds speed <= 15.00 m/s and acceleration <= 8.00 m/s^2, so kinematics passes. Goal is not reached within this label waypoint window. Safety passes: minimum clearance 1.50 m against manifest obstacles with 0 violating segment(s).""}",-3.755865095238094,7.488095738095238,-2.5,-3.9820555714285697,7.928571928571428,-2.5,-4.208246047619046,8.36904811904762,-2.5,-4.434436523809523,8.809524309523809,-2.5,-4.660626999999999,9.2500005,-2.5
1773860848.030788898,1773860848.030788898,0.000,offline_ground_truth_window,"Environment section (T(v)):
- Current position NED is (-3.63, 7.28, -2.51) m.
- Current velocity is (-0.04, 0.08, 0.01) m/s (speed 0.09 m/s).
- Goal position NED is (-0.91, 28.25, -2.50) m.
- Output contract: predict exactly 5 waypoint x/y pairs in NED. The planner will set every waypoint z to goal z = -2.50 m before execution.
- Goal delta from current state is (2.72, 20.97, 0.01) m with distance 21.15 m.
- Obstacle pipeline: depth_camera_to_body_to_ned_current_frame.
- Current depth frame obstacle points projected into NED: 128. Nearest depth obstacle in NED is at (-5.21, 9.91, -2.60) m, relative vector (-1.58, 2.63, -0.08) m, distance 3.07 m.
- Depth validity fraction is 0.69. Global nearest obstacle distance is 2.63 m.
- Sector minimum distances [far_left, left, center, right, far_right] are [2.63, 2.70, 4.95, 4.79, 3.00] m.
- Nearest obstacle sector is far_left at 2.63 m and clearance status is caution.
- Lateral planning hint: right side is clearer.","{""waypoints"":[{""x"":-3.9820555714285697,""y"":7.928571928571428},{""x"":-4.208246047619046,""y"":8.36904811904762},{""x"":-4.434436523809523,""y"":8.809524309523809},{""x"":-4.660626999999999,""y"":9.2500005},{""x"":-4.553484142857142,""y"":9.67857192857143}],""reasoning"":""Selected waypoint 0 moves the reference anchor from 20.96 m to 20.55 m from goal immediately and to 18.93 m by the final waypoint, so progress is 0.40 m selected / 2.03 m final and passes with monotonic goal-distance reduction. Kinematics is evaluated on 5 unique label waypoint(s), excluding consecutive duplicate terminal holds, and checks only that the trajectory stays within the configured bounds speed <= 15.00 m/s and acceleration <= 8.00 m/s^2, so kinematics passes. Goal is not reached within this label waypoint window. Safety passes: minimum clearance 1.50 m against manifest obstacles with 0 violating segment(s).""}",-3.9820555714285697,7.928571928571428,-2.5,-4.208246047619046,8.36904811904762,-2.5,-4.434436523809523,8.809524309523809,-2.5,-4.660626999999999,9.2500005,-2.5,-4.553484142857142,9.67857192857143,-2.5
1773860853.845925093,1773860853.845925093,0.000,offline_ground_truth_window,"Environment section (T(v)):
- Current position NED is (-3.86, 7.72, -2.49) m.
- Current velocity is (-0.05, 0.07, 0.00) m/s (speed 0.09 m/s).
- Goal position NED is (-0.91, 28.25, -2.50) m.
- Output contract: predict exactly 5 waypoint x/y pairs in NED. The planner will set every waypoint z to goal z = -2.50 m before execution.
- Goal delta from current state is (2.95, 20.53, -0.01) m with distance 20.74 m.
- Obstacle pipeline: depth_camera_to_body_to_ned_current_frame.
- Current depth frame obstacle points projected into NED: 159. Nearest depth obstacle in NED is at (-5.60, 9.86, -2.58) m, relative vector (-1.74, 2.14, -0.09) m, distance 2.77 m.
- Depth validity fraction is 0.70. Global nearest obstacle distance is 2.17 m.
- Sector minimum distances [far_left, left, center, right, far_right] are [2.17, 2.68, 4.94, 4.27, 2.68] m.
- Nearest obstacle sector is far_left at 2.17 m and clearance status is caution.
- Lateral planning hint: right side is clearer.","{""waypoints"":[{""x"":-4.208246047619046,""y"":8.36904811904762},{""x"":-4.434436523809523,""y"":8.809524309523809},{""x"":-4.660626999999999,""y"":9.2500005},{""x"":-4.553484142857142,""y"":9.67857192857143},{""x"":-4.4463412857142846,""y"":10.107143357142858}],""reasoning"":""Selected waypoint 0 moves the reference anchor from 20.55 m to 20.15 m from goal immediately and to 18.48 m by the final waypoint, so progress is 0.40 m selected / 2.07 m final and passes with monotonic goal-distance reduction. Kinematics is evaluated on 5 unique label waypoint(s), excluding consecutive duplicate terminal holds, and checks only that the trajectory stays within the configured bounds speed <= 15.00 m/s and acceleration <= 8.00 m/s^2, so kinematics passes. Goal is not reached within this label waypoint window. Safety passes: minimum clearance 1.50 m against manifest obstacles with 0 violating segment(s).""}",-4.208246047619046,8.36904811904762,-2.5,-4.434436523809523,8.809524309523809,-2.5,-4.660626999999999,9.2500005,-2.5,-4.553484142857142,9.67857192857143,-2.5,-4.4463412857142846,10.107143357142858,-2.5
1773860860.314481497,1773860860.314481497,0.000,offline_ground_truth_window,"Environment section (T(v)):
- Current position NED is (-4.11, 8.14, -2.49) m.
- Current velocity is (-0.03, 0.06, -0.00) m/s (speed 0.07 m/s).
- Goal position NED is (-0.91, 28.25, -2.50) m.
- Output contract: predict exactly 5 waypoint x/y pairs in NED. The planner will set every waypoint z to goal z = -2.50 m before execution.
- Goal delta from current state is (3.20, 20.11, -0.01) m with distance 20.36 m.
- Obstacle pipeline: depth_camera_to_body_to_ned_current_frame.
- Current depth frame obstacle points projected into NED: 126. Nearest depth obstacle in NED is at (-5.82, 10.06, -2.57) m, relative vector (-1.70, 1.92, -0.08) m, distance 2.57 m.
- Depth validity fraction is 0.68. Global nearest obstacle distance is 1.96 m.
- Sector minimum distances [far_left, left, center, right, far_right] are [1.96, 4.92, 4.92, 3.82, 2.40] m.
- Nearest obstacle sector is far_left at 1.96 m and clearance status is caution.
- Lateral planning hint: prefer center progress.","{""waypoints"":[{""x"":-4.434436523809523,""y"":8.809524309523809},{""x"":-4.660626999999999,""y"":9.2500005},{""x"":-4.553484142857142,""y"":9.67857192857143},{""x"":-4.4463412857142846,""y"":10.107143357142858},{""x"":-4.339198428571428,""y"":10.535714785714285}],""reasoning"":""Selected waypoint 0 moves the reference anchor from 20.15 m to 19.76 m from goal immediately and to 18.04 m by the final waypoint, so progress is 0.40 m selected / 2.11 m final and passes with monotonic goal-distance reduction. Kinematics is evaluated on 5 unique label waypoint(s), excluding consecutive duplicate terminal holds, and checks only that the trajectory stays within the configured bounds speed <= 15.00 m/s and acceleration <= 8.00 m/s^2, so kinematics passes. Goal is not reached within this label waypoint window. Safety passes: minimum clearance 1.50 m against manifest obstacles with 0 violating segment(s).""}",-4.434436523809523,8.809524309523809,-2.5,-4.660626999999999,9.2500005,-2.5,-4.553484142857142,9.67857192857143,-2.5,-4.4463412857142846,10.107143357142858,-2.5,-4.339198428571428,10.535714785714285,-2.5
1773860865.831399202,1773860865.831399202,0.000,offline_ground_truth_window,"Environment section (T(v)):
- Current position NED is (-4.35, 8.58, -2.50) m.
- Current velocity is (-0.04, 0.07, 0.00) m/s (speed 0.08 m/s).
- Goal position NED is (-0.91, 28.25, -2.50) m.
- Output contract: predict exactly 5 waypoint x/y pairs in NED. The planner will set every waypoint z to goal z = -2.50 m before execution.
- Goal delta from current state is (3.44, 19.67, -0.00) m with distance 19.97 m.
- Obstacle pipeline: depth_camera_to_body_to_ned_current_frame.
- Current depth frame obstacle points projected into NED: 122. Nearest depth obstacle in NED is at (-3.13, 11.06, -2.34) m, relative vector (1.22, 2.48, 0.15) m, distance 2.77 m.
- Depth validity fraction is 0.66. Global nearest obstacle distance is 2.09 m.
- Sector minimum distances [far_left, left, center, right, far_right] are [4.97, 4.98, 4.99, 3.31, 2.09] m.
- Nearest obstacle sector is far_right at 2.09 m and clearance status is caution.
- Lateral planning hint: left side is clearer.","{""waypoints"":[{""x"":-4.660626999999999,""y"":9.2500005},{""x"":-4.553484142857142,""y"":9.67857192857143},{""x"":-4.4463412857142846,""y"":10.107143357142858},{""x"":-4.339198428571428,""y"":10.535714785714285},{""x"":-4.23205557142857,""y"":10.964286214285714}],""reasoning"":""Selected waypoint 0 moves the reference anchor from 19.76 m to 19.37 m from goal immediately and to 17.60 m by the final waypoint, so progress is 0.39 m selected / 2.16 m final and passes with monotonic goal-distance reduction. Kinematics is evaluated on 5 unique label waypoint(s), excluding consecutive duplicate terminal holds, and checks only that the trajectory stays within the configured bounds speed <= 15.00 m/s and acceleration <= 8.00 m/s^2, so kinematics passes. Goal is not reached within this label waypoint window. Safety passes: minimum clearance 1.50 m against manifest obstacles with 0 violating segment(s).""}",-4.660626999999999,9.2500005,-2.5,-4.553484142857142,9.67857192857143,-2.5,-4.4463412857142846,10.107143357142858,-2.5,-4.339198428571428,10.535714785714285,-2.5,-4.23205557142857,10.964286214285714,-2.5
1773860871.433400154,1773860871.433400154,0.000,offline_ground_truth_window,"Environment section (T(v)):
- Current position NED is (-4.54, 9.04, -2.49) m.
- Current velocity is (-0.04, 0.07, 0.00) m/s (speed 0.08 m/s).
- Goal position NED is (-0.91, 28.25, -2.50) m.
- Output contract: predict exactly 5 waypoint x/y pairs in NED. The planner will set every waypoint z to goal z = -2.50 m before execution.
- Goal delta from current state is (3.63, 19.21, -0.01) m with distance 19.55 m.
- Obstacle pipeline: depth_camera_to_body_to_ned_current_frame.
- Current depth frame obstacle points projected into NED: 151. Nearest depth obstacle in NED is at (-3.45, 11.21, -2.17) m, relative vector (1.09, 2.17, 0.32) m, distance 2.45 m.
- Depth validity fraction is 0.67. Global nearest obstacle distance is 1.87 m.
- Sector minimum distances [far_left, left, center, right, far_right] are [4.96, 4.96, 4.96, 2.96, 1.87] m.
- Nearest obstacle sector is far_right at 1.87 m and clearance status is caution.
- Lateral planning hint: left side is clearer.","{""waypoints"":[{""x"":-4.553484142857142,""y"":9.67857192857143},{""x"":-4.4463412857142846,""y"":10.107143357142858},{""x"":-4.339198428571428,""y"":10.535714785714285},{""x"":-4.23205557142857,""y"":10.964286214285714},{""x"":-4.124912714285713,""y"":11.392857642857143}],""reasoning"":""Selected waypoint 0 moves the reference anchor from 19.37 m to 18.93 m from goal immediately and to 17.16 m by the final waypoint, so progress is 0.44 m selected / 2.21 m final and passes with monotonic goal-distance reduction. Kinematics is evaluated on 5 unique label waypoint(s), excluding consecutive duplicate terminal holds, and checks only that the trajectory stays within the configured bounds speed <= 15.00 m/s and acceleration <= 8.00 m/s^2, so kinematics passes. Goal is not reached within this label waypoint window. Safety passes: minimum clearance 1.50 m against manifest obstacles with 0 violating segment(s).""}",-4.553484142857142,9.67857192857143,-2.5,-4.4463412857142846,10.107143357142858,-2.5,-4.339198428571428,10.535714785714285,-2.5,-4.23205557142857,10.964286214285714,-2.5,-4.124912714285713,11.392857642857143,-2.5
1773860877.156274080,1773860877.156274080,0.000,offline_ground_truth_window,"Environment section (T(v)):
- Current position NED is (-4.56, 9.45, -2.51) m.
- Current velocity is (-0.00, 0.05, 0.01) m/s (speed 0.05 m/s).
- Goal position NED is (-0.91, 28.25, -2.50) m.
- Output contract: predict exactly 5 waypoint x/y pairs in NED. The planner will set every waypoint z to goal z = -2.50 m before execution.
- Goal delta from current state is (3.65, 18.80, 0.01) m with distance 19.15 m.
- Obstacle pipeline: depth_camera_to_body_to_ned_current_frame.
- Current depth frame obstacle points projected into NED: 156. Nearest depth obstacle in NED is at (-3.46, 11.60, -2.67) m, relative vector (1.10, 2.14, -0.16) m, distance 2.41 m.
- Depth validity fraction is 0.68. Global nearest obstacle distance is 1.84 m.
- Sector minimum distances [far_left, left, center, right, far_right] are [4.94, 4.94, 4.95, 2.93, 1.84] m.
- Nearest obstacle sector is far_right at 1.84 m and clearance status is caution.
- Lateral planning hint: left side is clearer.","{""waypoints"":[{""x"":-4.4463412857142846,""y"":10.107143357142858},{""x"":-4.339198428571428,""y"":10.535714785714285},{""x"":-4.23205557142857,""y"":10.964286214285714},{""x"":-4.124912714285713,""y"":11.392857642857143},{""x"":-4.017769857142856,""y"":11.821429071428572}],""reasoning"":""Selected waypoint 0 moves the reference anchor from 18.93 m to 18.48 m from goal immediately and to 16.72 m by the final waypoint, so progress is 0.44 m selected / 2.21 m final and passes with monotonic goal-distance reduction. Kinematics is evaluated on 5 unique label waypoint(s), excluding consecutive duplicate terminal holds, and checks only that the trajectory stays within the configured bounds speed <= 15.00 m/s and acceleration <= 8.00 m/s^2, so kinematics passes. Goal is not reached within this label waypoint window. Safety passes: minimum clearance 1.53 m against manifest obstacles with 0 violating segment(s).""}",-4.4463412857142846,10.107143357142858,-2.5,-4.339198428571428,10.535714785714285,-2.5,-4.23205557142857,10.964286214285714,-2.5,-4.124912714285713,11.392857642857143,-2.5,-4.017769857142856,11.821429071428572,-2.5
1773860881.965239048,1773860881.965239048,0.000,offline_ground_truth_window,"Environment section (T(v)):
- Current position NED is (-4.47, 9.89, -2.52) m.
- Current velocity is (0.01, 0.08, 0.01) m/s (speed 0.09 m/s).
- Goal position NED is (-0.91, 28.25, -2.50) m.
- Output contract: predict exactly 5 waypoint x/y pairs in NED. The planner will set every waypoint z to goal z = -2.50 m before execution.
- Goal delta from current state is (3.56, 18.36, 0.02) m with distance 18.70 m.
- Obstacle pipeline: depth_camera_to_body_to_ned_current_frame.
- Current depth frame obstacle points projected into NED: 142. Nearest depth obstacle in NED is at (-3.30, 12.17, -2.35) m, relative vector (1.17, 2.28, 0.17) m, distance 2.57 m.
- Depth validity fraction is 0.67. Global nearest obstacle distance is 1.95 m.
- Sector minimum distances [far_left, left, center, right, far_right] are [5.00, 5.00, 5.00, 3.12, 1.95] m.
- Nearest obstacle sector is far_right at 1.95 m and clearance status is caution.
- Lateral planning hint: left side is clearer.","{""waypoints"":[{""x"":-4.339198428571428,""y"":10.535714785714285},{""x"":-4.23205557142857,""y"":10.964286214285714},{""x"":-4.124912714285713,""y"":11.392857642857143},{""x"":-4.017769857142856,""y"":11.821429071428572},{""x"":-3.9106269999999985,""y"":12.2500005}],""reasoning"":""Selected waypoint 0 moves the reference anchor from 18.48 m to 18.04 m from goal immediately and to 16.28 m by the final waypoint, so progress is 0.44 m selected / 2.21 m final and passes with monotonic goal-distance reduction. Kinematics is evaluated on 5 unique label waypoint(s), excluding consecutive duplicate terminal holds, and checks only that the trajectory stays within the configured bounds speed <= 15.00 m/s and acceleration <= 8.00 m/s^2, so kinematics passes. Goal is not reached within this label waypoint window. Safety passes: minimum clearance 1.53 m against manifest obstacles with 0 violating segment(s).""}",-4.339198428571428,10.535714785714285,-2.5,-4.23205557142857,10.964286214285714,-2.5,-4.124912714285713,11.392857642857143,-2.5,-4.017769857142856,11.821429071428572,-2.5,-3.9106269999999985,12.2500005,-2.5
1773860887.266696930,1773860887.266696930,0.000,offline_ground_truth_window,"Environment section (T(v)):
- Current position NED is (-4.39, 10.32, -2.51) m.
- Current velocity is (0.01, 0.07, 0.01) m/s (speed 0.07 m/s).
- Goal position NED is (-0.91, 28.25, -2.50) m.
- Output contract: predict exactly 5 waypoint x/y pairs in NED. The planner will set every waypoint z to goal z = -2.50 m before execution.
- Goal delta from current state is (3.48, 17.93, 0.01) m with distance 18.26 m.
- Obstacle pipeline: depth_camera_to_body_to_ned_current_frame.
- Current depth frame obstacle points projected into NED: 132. Nearest depth obstacle in NED is at (-3.11, 12.73, -2.46) m, relative vector (1.28, 2.41, 0.05) m, distance 2.73 m.
- Depth validity fraction is 0.67. Global nearest obstacle distance is 2.10 m.
- Sector minimum distances [far_left, left, center, right, far_right] are [5.01, 5.02, 5.02, 3.37, 2.10] m.
- Nearest obstacle sector is far_right at 2.10 m and clearance status is caution.
- Lateral planning hint: left side is clearer.","{""waypoints"":[{""x"":-4.23205557142857,""y"":10.964286214285714},{""x"":-4.124912714285713,""y"":11.392857642857143},{""x"":-4.017769857142856,""y"":11.821429071428572},{""x"":-3.9106269999999985,""y"":12.2500005},{""x"":-3.594837526315788,""y"":12.61842155263158}],""reasoning"":""Selected waypoint 0 moves the reference anchor from 18.04 m to 17.60 m from goal immediately and to 15.86 m by the final waypoint, so progress is 0.44 m selected / 2.18 m final and passes with monotonic goal-distance reduction. Kinematics is evaluated on 5 unique label waypoint(s), excluding consecutive duplicate terminal holds, and checks only that the trajectory stays within the configured bounds speed <= 15.00 m/s and acceleration <= 8.00 m/s^2, so kinematics passes. Goal is not reached within this label waypoint window. Safety passes: minimum clearance 1.59 m against manifest obstacles with 0 violating segment(s).""}",-4.23205557142857,10.964286214285714,-2.5,-4.124912714285713,11.392857642857143,-2.5,-4.017769857142856,11.821429071428572,-2.5,-3.9106269999999985,12.2500005,-2.5,-3.594837526315788,12.61842155263158,-2.5
1773860892.841416597,1773860892.841416597,0.000,offline_ground_truth_window,"Environment section (T(v)):
- Current position NED is (-4.28, 10.75, -2.52) m.
- Current velocity is (0.01, 0.07, 0.01) m/s (speed 0.07 m/s).
- Goal position NED is (-0.91, 28.25, -2.50) m.
- Output contract: predict exactly 5 waypoint x/y pairs in NED. The planner will set every waypoint z to goal z = -2.50 m before execution.
- Goal delta from current state is (3.37, 17.50, 0.02) m with distance 17.82 m.
- Obstacle pipeline: depth_camera_to_body_to_ned_current_frame.
- Current depth frame obstacle points projected into NED: 148. Nearest depth obstacle in NED is at (-2.90, 13.31, -2.77) m, relative vector (1.38, 2.56, -0.25) m, distance 2.91 m.
- Depth validity fraction is 0.67. Global nearest obstacle distance is 2.25 m.
- Sector minimum distances [far_left, left, center, right, far_right] are [4.98, 4.98, 4.98, 3.61, 2.25] m.
- Nearest obstacle sector is far_right at 2.25 m and clearance status is caution.
- Lateral planning hint: left side is clearer.","{""waypoints"":[{""x"":-4.124912714285713,""y"":11.392857642857143},{""x"":-4.017769857142856,""y"":11.821429071428572},{""x"":-3.9106269999999985,""y"":12.2500005},{""x"":-3.594837526315788,""y"":12.61842155263158},{""x"":-3.2790480526315773,""y"":12.986842605263158}],""reasoning"":""Selected waypoint 0 moves the reference anchor from 17.60 m to 17.16 m from goal immediately and to 15.45 m by the final waypoint, so progress is 0.44 m selected / 2.16 m final and passes with monotonic goal-distance reduction. Kinematics is evaluated on 5 unique label waypoint(s), excluding consecutive duplicate terminal holds, and checks only that the trajectory stays within the configured bounds speed <= 15.00 m/s and acceleration <= 8.00 m/s^2, so kinematics passes. Goal is not reached within this label waypoint window. Safety passes: minimum clearance 1.74 m against manifest obstacles with 0 violating segment(s).""}",-4.124912714285713,11.392857642857143,-2.5,-4.017769857142856,11.821429071428572,-2.5,-3.9106269999999985,12.2500005,-2.5,-3.594837526315788,12.61842155263158,-2.5,-3.2790480526315773,12.986842605263158,-2.5
1773860898.018196583,1773860898.018196583,0.000,offline_ground_truth_window,"Environment section (T(v)):
- Current position NED is (-4.16, 11.18, -2.51) m.
- Current velocity is (0.01, 0.06, 0.01) m/s (speed 0.06 m/s).
- Goal position NED is (-0.91, 28.25, -2.50) m.
- Output contract: predict exactly 5 waypoint x/y pairs in NED. The planner will set every waypoint z to goal z = -2.50 m before execution.
- Goal delta from current state is (3.25, 17.07, 0.01) m with distance 17.38 m.
- Obstacle pipeline: depth_camera_to_body_to_ned_current_frame.
- Current depth frame obstacle points projected into NED: 128. Nearest depth obstacle in NED is at (-2.71, 13.92, -2.76) m, relative vector (1.45, 2.74, -0.25) m, distance 3.11 m.
- Depth validity fraction is 0.67. Global nearest obstacle distance is 2.37 m.
- Sector minimum distances [far_left, left, center, right, far_right] are [4.98, 4.97, 4.97, 3.80, 2.37] m.
- Nearest obstacle sector is far_right at 2.37 m and clearance status is caution.
- Lateral planning hint: left side is clearer.","{""waypoints"":[{""x"":-4.017769857142856,""y"":11.821429071428572},{""x"":-3.9106269999999985,""y"":12.2500005},{""x"":-3.594837526315788,""y"":12.61842155263158},{""x"":-3.2790480526315773,""y"":12.986842605263158},{""x"":-2.963258578947367,""y"":13.355263657894737}],""reasoning"":""Selected waypoint 0 moves the reference anchor from 17.16 m to 16.72 m from goal immediately and to 15.04 m by the final waypoint, so progress is 0.44 m selected / 2.13 m final and passes with monotonic goal-distance reduction. Kinematics is evaluated on 5 unique label waypoint(s), excluding consecutive duplicate terminal holds, and checks only that the trajectory stays within the configured bounds speed <= 15.00 m/s and acceleration <= 8.00 m/s^2, so kinematics passes. Goal is not reached within this label waypoint window. Safety passes: minimum clearance 1.96 m against manifest obstacles with 0 violating segment(s).""}",-4.017769857142856,11.821429071428572,-2.5,-3.9106269999999985,12.2500005,-2.5,-3.594837526315788,12.61842155263158,-2.5,-3.2790480526315773,12.986842605263158,-2.5,-2.963258578947367,13.355263657894737,-2.5
1773860904.088700294,1773860904.088700294,0.000,offline_ground_truth_window,"Environment section (T(v)):
- Current position NED is (-4.06, 11.61, -2.48) m.
- Current velocity is (0.01, 0.06, 0.00) m/s (speed 0.06 m/s).
- Goal position NED is (-0.91, 28.25, -2.50) m.
- Output contract: predict exactly 5 waypoint x/y pairs in NED. The planner will set every waypoint z to goal z = -2.50 m before execution.
- Goal delta from current state is (3.15, 16.64, -0.02) m with distance 16.94 m.
- Obstacle pipeline: depth_camera_to_body_to_ned_current_frame.
- Current depth frame obstacle points projected into NED: 124. Nearest depth obstacle in NED is at (-2.55, 14.49, -2.47) m, relative vector (1.51, 2.88, 0.01) m, distance 3.25 m.
- Depth validity fraction is 0.67. Global nearest obstacle distance is 2.47 m.
- Sector minimum distances [far_left, left, center, right, far_right] are [4.87, 4.87, 4.87, 3.97, 2.47] m.
- Nearest obstacle sector is far_right at 2.47 m and clearance status is caution.
- Lateral planning hint: left side is clearer.","{""waypoints"":[{""x"":-3.9106269999999985,""y"":12.2500005},{""x"":-3.594837526315788,""y"":12.61842155263158},{""x"":-3.2790480526315773,""y"":12.986842605263158},{""x"":-2.963258578947367,""y"":13.355263657894737},{""x"":-2.6474691052631565,""y"":13.723684710526316}],""reasoning"":""Selected waypoint 0 moves the reference anchor from 16.72 m to 16.28 m from goal immediately and to 14.63 m by the final waypoint, so progress is 0.44 m selected / 2.09 m final and passes with monotonic goal-distance reduction. Kinematics is evaluated on 5 unique label waypoint(s), excluding consecutive duplicate terminal holds, and checks only that the trajectory stays within the configured bounds speed <= 15.00 m/s and acceleration <= 8.00 m/s^2, so kinematics passes. Goal is not reached within this label waypoint window. Safety passes: minimum clearance 2.14 m against manifest obstacles with 0 violating segment(s).""}",-3.9106269999999985,12.2500005,-2.5,-3.594837526315788,12.61842155263158,-2.5,-3.2790480526315773,12.986842605263158,-2.5,-2.963258578947367,13.355263657894737,-2.5,-2.6474691052631565,13.723684710526316,-2.5
1773860910.016572714,1773860910.016572714,0.000,offline_ground_truth_window,"Environment section (T(v)):
- Current position NED is (-3.98, 12.04, -2.46) m.
- Current velocity is (0.00, 0.04, -0.01) m/s (speed 0.05 m/s).
- Goal position NED is (-0.91, 28.25, -2.50) m.
- Output contract: predict exactly 5 waypoint x/y pairs in NED. The planner will set every waypoint z to goal z = -2.50 m before execution.
- Goal delta from current state is (3.07, 16.21, -0.04) m with distance 16.50 m.
- Obstacle pipeline: depth_camera_to_body_to_ned_current_frame.
- Current depth frame obstacle points projected into NED: 123. Nearest depth obstacle in NED is at (-2.36, 15.01, -2.54) m, relative vector (1.63, 2.97, -0.08) m, distance 3.39 m.
- Depth validity fraction is 0.67. Global nearest obstacle distance is 2.61 m.
- Sector minimum distances [far_left, left, center, right, far_right] are [4.89, 4.89, 4.90, 4.20, 2.61] m.
- Nearest obstacle sector is far_right at 2.61 m and clearance status is caution.
- Lateral planning hint: left side is clearer.","{""waypoints"":[{""x"":-3.594837526315788,""y"":12.61842155263158},{""x"":-3.2790480526315773,""y"":12.986842605263158},{""x"":-2.963258578947367,""y"":13.355263657894737},{""x"":-2.6474691052631565,""y"":13.723684710526316},{""x"":-2.331679631578946,""y"":14.092105763157894}],""reasoning"":""Selected waypoint 0 moves the reference anchor from 16.28 m to 15.86 m from goal immediately and to 14.23 m by the final waypoint, so progress is 0.42 m selected / 2.05 m final and passes with monotonic goal-distance reduction. Kinematics is evaluated on 5 unique label waypoint(s), excluding consecutive duplicate terminal holds, and checks only that the trajectory stays within the configured bounds speed <= 15.00 m/s and acceleration <= 8.00 m/s^2, so kinematics passes. Goal is not reached within this label waypoint window. Safety passes: minimum clearance 2.25 m against manifest obstacles with 0 violating segment(s).""}",-3.594837526315788,12.61842155263158,-2.5,-3.2790480526315773,12.986842605263158,-2.5,-2.963258578947367,13.355263657894737,-2.5,-2.6474691052631565,13.723684710526316,-2.5,-2.331679631578946,14.092105763157894,-2.5
1773860916.381002903,1773860916.381002903,0.000,offline_ground_truth_window,"Environment section (T(v)):
- Current position NED is (-3.73, 12.42, -2.50) m.
- Current velocity is (0.03, 0.07, 0.00) m/s (speed 0.08 m/s).
- Goal position NED is (-0.91, 28.25, -2.50) m.
- Output contract: predict exactly 5 waypoint x/y pairs in NED. The planner will set every waypoint z to goal z = -2.50 m before execution.
- Goal delta from current state is (2.82, 15.83, 0.00) m with distance 16.08 m.
- Obstacle pipeline: depth_camera_to_body_to_ned_current_frame.
- Current depth frame obstacle points projected into NED: 108. Nearest depth obstacle in NED is at (-1.89, 15.72, -2.67) m, relative vector (1.84, 3.30, -0.17) m, distance 3.79 m.
- Depth validity fraction is 0.66. Global nearest obstacle distance is 2.91 m.
- Sector minimum distances [far_left, left, center, right, far_right] are [5.01, 5.00, 5.00, 4.72, 2.91] m.
- Nearest obstacle sector is far_right at 2.91 m and clearance status is caution.
- Lateral planning hint: left side is clearer.","{""waypoints"":[{""x"":-3.2790480526315773,""y"":12.986842605263158},{""x"":-2.963258578947367,""y"":13.355263657894737},{""x"":-2.6474691052631565,""y"":13.723684710526316},{""x"":-2.331679631578946,""y"":14.092105763157894},{""x"":-2.0158901578947357,""y"":14.460526815789473}],""reasoning"":""Selected waypoint 0 moves the reference anchor from 15.86 m to 15.45 m from goal immediately and to 13.83 m by the final waypoint, so progress is 0.41 m selected / 2.03 m final and passes with monotonic goal-distance reduction. Kinematics is evaluated on 5 unique label waypoint(s), excluding consecutive duplicate terminal holds, and checks only that the trajectory stays within the configured bounds speed <= 15.00 m/s and acceleration <= 8.00 m/s^2, so kinematics passes. Goal is not reached within this label waypoint window. Safety passes: minimum clearance 2.57 m against manifest obstacles with 0 violating segment(s).""}",-3.2790480526315773,12.986842605263158,-2.5,-2.963258578947367,13.355263657894737,-2.5,-2.6474691052631565,13.723684710526316,-2.5,-2.331679631578946,14.092105763157894,-2.5,-2.0158901578947357,14.460526815789473,-2.5
1773860921.542315483,1773860921.542315483,0.000,offline_ground_truth_window,"Environment section (T(v)):
- Current position NED is (-3.46, 12.83, -2.50) m.
- Current velocity is (0.05, 0.07, 0.01) m/s (speed 0.09 m/s).
- Goal position NED is (-0.91, 28.25, -2.50) m.
- Output contract: predict exactly 5 waypoint x/y pairs in NED. The planner will set every waypoint z to goal z = -2.50 m before execution.
- Goal delta from current state is (2.55, 15.42, 0.00) m with distance 15.63 m.
- Obstacle pipeline: depth_camera_to_body_to_ned_current_frame.
- Current depth frame obstacle points projected into NED: 107. Nearest depth obstacle in NED is at (-1.30, 16.55, -2.61) m, relative vector (2.16, 3.73, -0.11) m, distance 4.31 m.
- Depth validity fraction is 0.65. Global nearest obstacle distance is 3.35 m.
- Sector minimum distances [far_left, left, center, right, far_right] are [4.94, 4.94, 4.93, 4.93, 3.35] m.
- Nearest obstacle sector is far_right at 3.35 m and clearance status is clear.
- Lateral planning hint: left side is clearer.","{""waypoints"":[{""x"":-2.963258578947367,""y"":13.355263657894737},{""x"":-2.6474691052631565,""y"":13.723684710526316},{""x"":-2.331679631578946,""y"":14.092105763157894},{""x"":-2.0158901578947357,""y"":14.460526815789473},{""x"":-1.7001006842105253,""y"":14.828947868421054}],""reasoning"":""Selected waypoint 0 moves the reference anchor from 15.45 m to 15.04 m from goal immediately and to 13.44 m by the final waypoint, so progress is 0.41 m selected / 2.00 m final and passes with monotonic goal-distance reduction. Kinematics is evaluated on 5 unique label waypoint(s), excluding consecutive duplicate terminal holds, and checks only that the trajectory stays within the configured bounds speed <= 15.00 m/s and acceleration <= 8.00 m/s^2, so kinematics passes. Goal is not reached within this label waypoint window. Safety passes: minimum clearance 2.84 m against manifest obstacles with 0 violating segment(s).""}",-2.963258578947367,13.355263657894737,-2.5,-2.6474691052631565,13.723684710526316,-2.5,-2.331679631578946,14.092105763157894,-2.5,-2.0158901578947357,14.460526815789473,-2.5,-1.7001006842105253,14.828947868421054,-2.5
1773860926.951633930,1773860926.951633930,0.000,offline_ground_truth_window,"Environment section (T(v)):
- Current position NED is (-3.13, 13.18, -2.48) m.
- Current velocity is (0.02, 0.04, 0.00) m/s (speed 0.04 m/s).
- Goal position NED is (-0.91, 28.25, -2.50) m.
- Output contract: predict exactly 5 waypoint x/y pairs in NED. The planner will set every waypoint z to goal z = -2.50 m before execution.
- Goal delta from current state is (2.22, 15.07, -0.02) m with distance 15.23 m.
- Obstacle pipeline: depth_camera_to_body_to_ned_current_frame.
- Current depth frame obstacle points projected into NED: 113. Nearest depth obstacle in NED is at (-0.68, 17.45, -2.73) m, relative vector (2.45, 4.28, -0.25) m, distance 4.93 m.
- Depth validity fraction is 0.65. Global nearest obstacle distance is 3.79 m.
- Sector minimum distances [far_left, left, center, right, far_right] are [4.87, 4.87, 4.86, 4.86, 3.79] m.
- Nearest obstacle sector is far_right at 3.79 m and clearance status is clear.
- Lateral planning hint: left side is clearer.","{""waypoints"":[{""x"":-2.6474691052631565,""y"":13.723684710526316},{""x"":-2.331679631578946,""y"":14.092105763157894},{""x"":-2.0158901578947357,""y"":14.460526815789473},{""x"":-1.7001006842105253,""y"":14.828947868421054},{""x"":-1.3843112105263147,""y"":15.19736892105263}],""reasoning"":""Selected waypoint 0 moves the reference anchor from 15.04 m to 14.63 m from goal immediately and to 13.06 m by the final waypoint, so progress is 0.41 m selected / 1.97 m final and passes with monotonic goal-distance reduction. Kinematics is evaluated on 5 unique label waypoint(s), excluding consecutive duplicate terminal holds, and checks only that the trajectory stays within the configured bounds speed <= 15.00 m/s and acceleration <= 8.00 m/s^2, so kinematics passes. Goal is not reached within this label waypoint window. Safety passes: minimum clearance 2.83 m against manifest obstacles with 0 violating segment(s).""}",-2.6474691052631565,13.723684710526316,-2.5,-2.331679631578946,14.092105763157894,-2.5,-2.0158901578947357,14.460526815789473,-2.5,-1.7001006842105253,14.828947868421054,-2.5,-1.3843112105263147,15.19736892105263,-2.5
1773860931.467605591,1773860931.467605591,0.000,offline_ground_truth_window,"Environment section (T(v)):
- Current position NED is (-2.83, 13.56, -2.48) m.
- Current velocity is (0.07, 0.06, -0.00) m/s (speed 0.09 m/s).
- Goal position NED is (-0.91, 28.25, -2.50) m.
- Output contract: predict exactly 5 waypoint x/y pairs in NED. The planner will set every waypoint z to goal z = -2.50 m before execution.
- Goal delta from current state is (1.92, 14.69, -0.02) m with distance 14.81 m.
- Obstacle pipeline: depth_camera_to_body_to_ned_current_frame.
- Current depth frame obstacle points projected into NED: 91. Nearest depth obstacle in NED is at (-2.86, 18.48, -2.29) m, relative vector (-0.03, 4.92, 0.19) m, distance 4.92 m.
- Depth validity fraction is 0.64. Global nearest obstacle distance is 4.25 m.
- Sector minimum distances [far_left, left, center, right, far_right] are [4.93, 4.92, 4.76, 4.91, 4.25] m.
- Nearest obstacle sector is far_right at 4.25 m and clearance status is clear.
- Lateral planning hint: prefer center progress.","{""waypoints"":[{""x"":-2.331679631578946,""y"":14.092105763157894},{""x"":-2.0158901578947357,""y"":14.460526815789473},{""x"":-1.7001006842105253,""y"":14.828947868421054},{""x"":-1.3843112105263147,""y"":15.19736892105263},{""x"":-1.068521736842104,""y"":15.56578997368421}],""reasoning"":""Selected waypoint 0 moves the reference anchor from 14.63 m to 14.23 m from goal immediately and to 12.69 m by the final waypoint, so progress is 0.40 m selected / 1.94 m final and passes with monotonic goal-distance reduction. Kinematics is evaluated on 5 unique label waypoint(s), excluding consecutive duplicate terminal holds, and checks only that the trajectory stays within the configured bounds speed <= 15.00 m/s and acceleration <= 8.00 m/s^2, so kinematics passes. Goal is not reached within this label waypoint window. Safety passes: minimum clearance 2.74 m against manifest obstacles with 0 violating segment(s).""}",-2.331679631578946,14.092105763157894,-2.5,-2.0158901578947357,14.460526815789473,-2.5,-1.7001006842105253,14.828947868421054,-2.5,-1.3843112105263147,15.19736892105263,-2.5,-1.068521736842104,15.56578997368421,-2.5
1773860936.598012686,1773860936.598012686,0.000,offline_ground_truth_window,"Environment section (T(v)):
- Current position NED is (-2.48, 13.90, -2.50) m.
- Current velocity is (0.05, 0.06, 0.00) m/s (speed 0.08 m/s).
- Goal position NED is (-0.91, 28.25, -2.50) m.
- Output contract: predict exactly 5 waypoint x/y pairs in NED. The planner will set every waypoint z to goal z = -2.50 m before execution.
- Goal delta from current state is (1.57, 14.35, 0.00) m with distance 14.43 m.
- Obstacle pipeline: depth_camera_to_body_to_ned_current_frame.
- Current depth frame obstacle points projected into NED: 79. Nearest depth obstacle in NED is at (-2.14, 18.49, -2.61) m, relative vector (0.34, 4.59, -0.11) m, distance 4.60 m.
- Depth validity fraction is 0.64. Global nearest obstacle distance is 4.41 m.
- Sector minimum distances [far_left, left, center, right, far_right] are [4.91, 4.91, 4.41, 4.41, 4.74] m.
- Nearest obstacle sector is right at 4.41 m and clearance status is clear.
- Lateral planning hint: prefer center progress.","{""waypoints"":[{""x"":-2.0158901578947357,""y"":14.460526815789473},{""x"":-1.7001006842105253,""y"":14.828947868421054},{""x"":-1.3843112105263147,""y"":15.19736892105263},{""x"":-1.068521736842104,""y"":15.56578997368421},{""x"":-0.7527322631578934,""y"":15.934211026315788}],""reasoning"":""Selected waypoint 0 moves the reference anchor from 14.23 m to 13.83 m from goal immediately and to 12.32 m by the final waypoint, so progress is 0.40 m selected / 1.91 m final and passes with monotonic goal-distance reduction. Kinematics is evaluated on 5 unique label waypoint(s), excluding consecutive duplicate terminal holds, and checks only that the trajectory stays within the configured bounds speed <= 15.00 m/s and acceleration <= 8.00 m/s^2, so kinematics passes. Goal is not reached within this label waypoint window. Safety passes: minimum clearance 2.71 m against manifest obstacles with 0 violating segment(s).""}",-2.0158901578947357,14.460526815789473,-2.5,-1.7001006842105253,14.828947868421054,-2.5,-1.3843112105263147,15.19736892105263,-2.5,-1.068521736842104,15.56578997368421,-2.5,-0.7527322631578934,15.934211026315788,-2.5
1773860941.293916941,1773860941.293916941,0.000,offline_ground_truth_window,"Environment section (T(v)):
- Current position NED is (-2.16, 14.27, -2.50) m.
- Current velocity is (0.04, 0.05, 0.01) m/s (speed 0.07 m/s).
- Goal position NED is (-0.91, 28.25, -2.50) m.
- Output contract: predict exactly 5 waypoint x/y pairs in NED. The planner will set every waypoint z to goal z = -2.50 m before execution.
- Goal delta from current state is (1.25, 13.98, -0.00) m with distance 14.04 m.
- Obstacle pipeline: depth_camera_to_body_to_ned_current_frame.
- Current depth frame obstacle points projected into NED: 77. Nearest depth obstacle in NED is at (-1.62, 18.52, -2.48) m, relative vector (0.54, 4.25, 0.01) m, distance 4.28 m.
- Depth validity fraction is 0.63. Global nearest obstacle distance is 4.05 m.
- Sector minimum distances [far_left, left, center, right, far_right] are [4.96, 4.96, 4.16, 4.05, 4.94] m.
- Nearest obstacle sector is right at 4.05 m and clearance status is clear.
- Lateral planning hint: left side is clearer.","{""waypoints"":[{""x"":-1.7001006842105253,""y"":14.828947868421054},{""x"":-1.3843112105263147,""y"":15.19736892105263},{""x"":-1.068521736842104,""y"":15.56578997368421},{""x"":-0.7527322631578934,""y"":15.934211026315788},{""x"":-0.43694278947368276,""y"":16.30263207894737}],""reasoning"":""Selected waypoint 0 moves the reference anchor from 13.83 m to 13.44 m from goal immediately and to 11.96 m by the final waypoint, so progress is 0.39 m selected / 1.88 m final and passes with monotonic goal-distance reduction. Kinematics is evaluated on 5 unique label waypoint(s), excluding consecutive duplicate terminal holds, and checks only that the trajectory stays within the configured bounds speed <= 15.00 m/s and acceleration <= 8.00 m/s^2, so kinematics passes. Goal is not reached within this label waypoint window. Safety passes: minimum clearance 2.71 m against manifest obstacles with 0 violating segment(s).""}",-1.7001006842105253,14.828947868421054,-2.5,-1.3843112105263147,15.19736892105263,-2.5,-1.068521736842104,15.56578997368421,-2.5,-0.7527322631578934,15.934211026315788,-2.5,-0.43694278947368276,16.30263207894737,-2.5
1773860946.845455170,1773860946.845455170,0.000,offline_ground_truth_window,"Environment section (T(v)):
- Current position NED is (-1.87, 14.66, -2.50) m.
- Current velocity is (0.05, 0.06, -0.00) m/s (speed 0.08 m/s).
- Goal position NED is (-0.91, 28.25, -2.50) m.
- Output contract: predict exactly 5 waypoint x/y pairs in NED. The planner will set every waypoint z to goal z = -2.50 m before execution.
- Goal delta from current state is (0.96, 13.59, -0.00) m with distance 13.63 m.
- Obstacle pipeline: depth_camera_to_body_to_ned_current_frame.
- Current depth frame obstacle points projected into NED: 28. Nearest depth obstacle in NED is at (-1.07, 18.56, -2.66) m, relative vector (0.80, 3.90, -0.17) m, distance 3.99 m.
- Depth validity fraction is 0.62. Global nearest obstacle distance is 3.68 m.
- Sector minimum distances [far_left, left, center, right, far_right] are [4.95, 4.95, 4.95, 3.68, 4.91] m.
- Nearest obstacle sector is right at 3.68 m and clearance status is clear.
- Lateral planning hint: left side is clearer.","{""waypoints"":[{""x"":-1.3843112105263147,""y"":15.19736892105263},{""x"":-1.068521736842104,""y"":15.56578997368421},{""x"":-0.7527322631578934,""y"":15.934211026315788},{""x"":-0.43694278947368276,""y"":16.30263207894737},{""x"":-0.12115331578947258,""y"":16.671053131578944}],""reasoning"":""Selected waypoint 0 moves the reference anchor from 13.44 m to 13.06 m from goal immediately and to 11.61 m by the final waypoint, so progress is 0.38 m selected / 1.84 m final and passes with monotonic goal-distance reduction. Kinematics is evaluated on 5 unique label waypoint(s), excluding consecutive duplicate terminal holds, and checks only that the trajectory stays within the configured bounds speed <= 15.00 m/s and acceleration <= 8.00 m/s^2, so kinematics passes. Goal is not reached within this label waypoint window. Safety passes: minimum clearance 2.71 m against manifest obstacles with 0 violating segment(s).""}",-1.3843112105263147,15.19736892105263,-2.5,-1.068521736842104,15.56578997368421,-2.5,-0.7527322631578934,15.934211026315788,-2.5,-0.43694278947368276,16.30263207894737,-2.5,-0.12115331578947258,16.671053131578944,-2.5
1773860952.583224773,1773860952.583224773,0.000,offline_ground_truth_window,"Environment section (T(v)):
- Current position NED is (-1.58, 15.05, -2.50) m.
- Current velocity is (0.06, 0.06, 0.01) m/s (speed 0.08 m/s).
- Goal position NED is (-0.91, 28.25, -2.50) m.
- Output contract: predict exactly 5 waypoint x/y pairs in NED. The planner will set every waypoint z to goal z = -2.50 m before execution.
- Goal delta from current state is (0.67, 13.20, 0.00) m with distance 13.22 m.
- Obstacle pipeline: depth_camera_to_body_to_ned_current_frame.
- Current depth frame obstacle points projected into NED: 45. Nearest depth obstacle in NED is at (-0.34, 18.56, -2.56) m, relative vector (1.24, 3.51, -0.06) m, distance 3.72 m.
- Depth validity fraction is 0.61. Global nearest obstacle distance is 3.28 m.
- Sector minimum distances [far_left, left, center, right, far_right] are [4.94, 4.95, 4.95, 3.29, 3.28] m.
- Nearest obstacle sector is far_right at 3.28 m and clearance status is clear.
- Lateral planning hint: left side is clearer.","{""waypoints"":[{""x"":-1.068521736842104,""y"":15.56578997368421},{""x"":-0.7527322631578934,""y"":15.934211026315788},{""x"":-0.43694278947368276,""y"":16.30263207894737},{""x"":-0.12115331578947258,""y"":16.671053131578944},{""x"":0.19463615789473848,""y"":17.039474184210526}],""reasoning"":""Selected waypoint 0 moves the reference anchor from 13.06 m to 12.69 m from goal immediately and to 11.26 m by the final waypoint, so progress is 0.38 m selected / 1.80 m final and passes with monotonic goal-distance reduction. Kinematics is evaluated on 5 unique label waypoint(s), excluding consecutive duplicate terminal holds, and checks only that the trajectory stays within the configured bounds speed <= 15.00 m/s and acceleration <= 8.00 m/s^2, so kinematics passes. Goal is not reached within this label waypoint window. Safety passes: minimum clearance 2.41 m against manifest obstacles with 0 violating segment(s).""}",-1.068521736842104,15.56578997368421,-2.5,-0.7527322631578934,15.934211026315788,-2.5,-0.43694278947368276,16.30263207894737,-2.5,-0.12115331578947258,16.671053131578944,-2.5,0.19463615789473848,17.039474184210526,-2.5
1773860957.962578058,1773860957.962578058,0.000,offline_ground_truth_window,"Environment section (T(v)):
- Current position NED is (-1.21, 15.37, -2.50) m.
- Current velocity is (0.06, 0.07, 0.01) m/s (speed 0.09 m/s).
- Goal position NED is (-0.91, 28.25, -2.50) m.
- Output contract: predict exactly 5 waypoint x/y pairs in NED. The planner will set every waypoint z to goal z = -2.50 m before execution.
- Goal delta from current state is (0.30, 12.88, 0.00) m with distance 12.89 m.
- Obstacle pipeline: depth_camera_to_body_to_ned_current_frame.
- Current depth frame obstacle points projected into NED: 53. Nearest depth obstacle in NED is at (0.31, 18.61, -2.34) m, relative vector (1.51, 3.25, 0.16) m, distance 3.58 m.
- Depth validity fraction is 0.61. Global nearest obstacle distance is 2.94 m.
- Sector minimum distances [far_left, left, center, right, far_right] are [4.99, 4.97, 4.97, 3.29, 2.94] m.
- Nearest obstacle sector is far_right at 2.94 m and clearance status is caution.
- Lateral planning hint: left side is clearer.","{""waypoints"":[{""x"":-0.7527322631578934,""y"":15.934211026315788},{""x"":-0.43694278947368276,""y"":16.30263207894737},{""x"":-0.12115331578947258,""y"":16.671053131578944},{""x"":0.19463615789473848,""y"":17.039474184210526},{""x"":0.5104256315789482,""y"":17.407895236842105}],""reasoning"":""Selected waypoint 0 moves the reference anchor from 12.69 m to 12.32 m from goal immediately and to 10.93 m by the final waypoint, so progress is 0.37 m selected / 1.75 m final and passes with monotonic goal-distance reduction. Kinematics is evaluated on 5 unique label waypoint(s), excluding consecutive duplicate terminal holds, and checks only that the trajectory stays within the configured bounds speed <= 15.00 m/s and acceleration <= 8.00 m/s^2, so kinematics passes. Goal is not reached within this label waypoint window. Safety passes: minimum clearance 2.08 m against manifest obstacles with 0 violating segment(s).""}",-0.7527322631578934,15.934211026315788,-2.5,-0.43694278947368276,16.30263207894737,-2.5,-0.12115331578947258,16.671053131578944,-2.5,0.19463615789473848,17.039474184210526,-2.5,0.5104256315789482,17.407895236842105,-2.5
1773860963.322784424,1773860963.322784424,0.000,offline_ground_truth_window,"Environment section (T(v)):
- Current position NED is (-0.89, 15.74, -2.49) m.
- Current velocity is (0.03, 0.05, -0.00) m/s (speed 0.06 m/s).
- Goal position NED is (-0.91, 28.25, -2.50) m.
- Output contract: predict exactly 5 waypoint x/y pairs in NED. The planner will set every waypoint z to goal z = -2.50 m before execution.
- Goal delta from current state is (-0.02, 12.51, -0.01) m with distance 12.51 m.
- Obstacle pipeline: depth_camera_to_body_to_ned_current_frame.
- Current depth frame obstacle points projected into NED: 33. Nearest depth obstacle in NED is at (0.82, 18.70, -2.66) m, relative vector (1.72, 2.96, -0.17) m, distance 3.43 m.
- Depth validity fraction is 0.61. Global nearest obstacle distance is 2.66 m.
- Sector minimum distances [far_left, left, center, right, far_right] are [4.88, 4.59, 4.89, 4.90, 2.66] m.
- Nearest obstacle sector is far_right at 2.66 m and clearance status is caution.
- Lateral planning hint: left side is clearer.","{""waypoints"":[{""x"":-0.43694278947368276,""y"":16.30263207894737},{""x"":-0.12115331578947258,""y"":16.671053131578944},{""x"":0.19463615789473848,""y"":17.039474184210526},{""x"":0.5104256315789482,""y"":17.407895236842105},{""x"":0.8262151052631588,""y"":17.776316289473684}],""reasoning"":""Selected waypoint 0 moves the reference anchor from 12.32 m to 11.96 m from goal immediately and to 10.62 m by the final waypoint, so progress is 0.36 m selected / 1.70 m final and passes with monotonic goal-distance reduction. Kinematics is evaluated on 5 unique label waypoint(s), excluding consecutive duplicate terminal holds, and checks only that the trajectory stays within the configured bounds speed <= 15.00 m/s and acceleration <= 8.00 m/s^2, so kinematics passes. Goal is not reached within this label waypoint window. Safety passes: minimum clearance 1.81 m against manifest obstacles with 0 violating segment(s).""}",-0.43694278947368276,16.30263207894737,-2.5,-0.12115331578947258,16.671053131578944,-2.5,0.19463615789473848,17.039474184210526,-2.5,0.5104256315789482,17.407895236842105,-2.5,0.8262151052631588,17.776316289473684,-2.5
1773860968.373776913,1773860968.373776913,0.000,offline_ground_truth_window,"Environment section (T(v)):
- Current position NED is (-0.58, 16.10, -2.50) m.
- Current velocity is (0.05, 0.07, 0.00) m/s (speed 0.09 m/s).
- Goal position NED is (-0.91, 28.25, -2.50) m.
- Output contract: predict exactly 5 waypoint x/y pairs in NED. The planner will set every waypoint z to goal z = -2.50 m before execution.
- Goal delta from current state is (-0.33, 12.15, 0.00) m with distance 12.15 m.
- Obstacle pipeline: depth_camera_to_body_to_ned_current_frame.
- Current depth frame obstacle points projected into NED: 18. Nearest depth obstacle in NED is at (1.27, 19.08, -2.05) m, relative vector (1.85, 2.97, 0.45) m, distance 3.53 m.
- Depth validity fraction is 0.60. Global nearest obstacle distance is 2.71 m.
- Sector minimum distances [far_left, left, center, right, far_right] are [4.90, 4.25, 4.29, 4.89, 2.71] m.
- Nearest obstacle sector is far_right at 2.71 m and clearance status is caution.
- Lateral planning hint: left side is clearer.","{""waypoints"":[{""x"":-0.12115331578947258,""y"":16.671053131578944},{""x"":0.19463615789473848,""y"":17.039474184210526},{""x"":0.5104256315789482,""y"":17.407895236842105},{""x"":0.8262151052631588,""y"":17.776316289473684},{""x"":1.1420045789473694,""y"":18.144737342105262}],""reasoning"":""Selected waypoint 0 moves the reference anchor from 11.96 m to 11.61 m from goal immediately and to 10.31 m by the final waypoint, so progress is 0.35 m selected / 1.65 m final and passes with monotonic goal-distance reduction. Kinematics is evaluated on 5 unique label waypoint(s), excluding consecutive duplicate terminal holds, and checks only that the trajectory stays within the configured bounds speed <= 15.00 m/s and acceleration <= 8.00 m/s^2, so kinematics passes. Goal is not reached within this label waypoint window. Safety passes: minimum clearance 1.62 m against manifest obstacles with 0 violating segment(s).""}",-0.12115331578947258,16.671053131578944,-2.5,0.19463615789473848,17.039474184210526,-2.5,0.5104256315789482,17.407895236842105,-2.5,0.8262151052631588,17.776316289473684,-2.5,1.1420045789473694,18.144737342105262,-2.5
1773860974.211641312,1773860974.211641312,0.000,offline_ground_truth_window,"Environment section (T(v)):
- Current position NED is (-0.29, 16.50, -2.48) m.
- Current velocity is (0.06, 0.07, -0.00) m/s (speed 0.09 m/s).
- Goal position NED is (-0.91, 28.25, -2.50) m.
- Output contract: predict exactly 5 waypoint x/y pairs in NED. The planner will set every waypoint z to goal z = -2.50 m before execution.
- Goal delta from current state is (-0.62, 11.75, -0.02) m with distance 11.77 m.
- Obstacle pipeline: depth_camera_to_body_to_ned_current_frame.
- Current depth frame obstacle points projected into NED: 19. Nearest depth obstacle in NED is at (-0.85, 20.46, -2.39) m, relative vector (-0.56, 3.96, 0.09) m, distance 4.00 m.
- Depth validity fraction is 0.60. Global nearest obstacle distance is 3.84 m.
- Sector minimum distances [far_left, left, center, right, far_right] are [4.92, 3.86, 3.84, 4.93, 4.93] m.
- Nearest obstacle sector is center at 3.84 m and clearance status is clear.
- Lateral planning hint: right side is clearer.","{""waypoints"":[{""x"":0.19463615789473848,""y"":17.039474184210526},{""x"":0.5104256315789482,""y"":17.407895236842105},{""x"":0.8262151052631588,""y"":17.776316289473684},{""x"":1.1420045789473694,""y"":18.144737342105262},{""x"":1.45779405263158,""y"":18.51315839473684}],""reasoning"":""Selected waypoint 0 moves the reference anchor from 11.61 m to 11.26 m from goal immediately and to 10.02 m by the final waypoint, so progress is 0.34 m selected / 1.59 m final and passes with monotonic goal-distance reduction. Kinematics is evaluated on 5 unique label waypoint(s), excluding consecutive duplicate terminal holds, and checks only that the trajectory stays within the configured bounds speed <= 15.00 m/s and acceleration <= 8.00 m/s^2, so kinematics passes. Goal is not reached within this label waypoint window. Safety passes: minimum clearance 1.54 m against manifest obstacles with 0 violating segment(s).""}",0.19463615789473848,17.039474184210526,-2.5,0.5104256315789482,17.407895236842105,-2.5,0.8262151052631588,17.776316289473684,-2.5,1.1420045789473694,18.144737342105262,-2.5,1.45779405263158,18.51315839473684,-2.5
1773860979.140231609,1773860979.140231609,0.000,offline_ground_truth_window,"Environment section (T(v)):
- Current position NED is (0.06, 16.84, -2.49) m.
- Current velocity is (0.04, 0.07, -0.00) m/s (speed 0.08 m/s).
- Goal position NED is (-0.91, 28.25, -2.50) m.
- Output contract: predict exactly 5 waypoint x/y pairs in NED. The planner will set every waypoint z to goal z = -2.50 m before execution.
- Goal delta from current state is (-0.97, 11.41, -0.01) m with distance 11.45 m.
- Obstacle pipeline: depth_camera_to_body_to_ned_current_frame.
- Current depth frame obstacle points projected into NED: 24. Nearest depth obstacle in NED is at (-0.19, 20.45, -2.42) m, relative vector (-0.25, 3.61, 0.07) m, distance 3.62 m.
- Depth validity fraction is 0.61. Global nearest obstacle distance is 3.48 m.
- Sector minimum distances [far_left, left, center, right, far_right] are [4.97, 4.97, 3.48, 4.96, 4.96] m.
- Nearest obstacle sector is center at 3.48 m and clearance status is clear.
- Lateral planning hint: prefer center progress.","{""waypoints"":[{""x"":0.5104256315789482,""y"":17.407895236842105},{""x"":0.8262151052631588,""y"":17.776316289473684},{""x"":1.1420045789473694,""y"":18.144737342105262},{""x"":1.45779405263158,""y"":18.51315839473684},{""x"":1.7735835263157906,""y"":18.88157944736842}],""reasoning"":""Selected waypoint 0 moves the reference anchor from 11.26 m to 10.93 m from goal immediately and to 9.75 m by the final waypoint, so progress is 0.33 m selected / 1.52 m final and passes with monotonic goal-distance reduction. Kinematics is evaluated on 5 unique label waypoint(s), excluding consecutive duplicate terminal holds, and checks only that the trajectory stays within the configured bounds speed <= 15.00 m/s and acceleration <= 8.00 m/s^2, so kinematics passes. Goal is not reached within this label waypoint window. Safety passes: minimum clearance 1.54 m against manifest obstacles with 0 violating segment(s).""}",0.5104256315789482,17.407895236842105,-2.5,0.8262151052631588,17.776316289473684,-2.5,1.1420045789473694,18.144737342105262,-2.5,1.45779405263158,18.51315839473684,-2.5,1.7735835263157906,18.88157944736842,-2.5
1773860984.801289320,1773860984.801289320,0.000,offline_ground_truth_window,"Environment section (T(v)):
- Current position NED is (0.37, 17.21, -2.52) m.
- Current velocity is (0.04, 0.06, 0.01) m/s (speed 0.07 m/s).
- Goal position NED is (-0.91, 28.25, -2.50) m.
- Output contract: predict exactly 5 waypoint x/y pairs in NED. The planner will set every waypoint z to goal z = -2.50 m before execution.
- Goal delta from current state is (-1.28, 11.04, 0.02) m with distance 11.11 m.
- Obstacle pipeline: depth_camera_to_body_to_ned_current_frame.
- Current depth frame obstacle points projected into NED: 32. Nearest depth obstacle in NED is at (0.47, 20.45, -2.51) m, relative vector (0.11, 3.24, 0.01) m, distance 3.24 m.
- Depth validity fraction is 0.62. Global nearest obstacle distance is 3.10 m.
- Sector minimum distances [far_left, left, center, right, far_right] are [4.99, 4.98, 3.10, 3.26, 4.95] m.
- Nearest obstacle sector is center at 3.10 m and clearance status is clear.
- Lateral planning hint: left side is clearer.","{""waypoints"":[{""x"":0.8262151052631588,""y"":17.776316289473684},{""x"":1.1420045789473694,""y"":18.144737342105262},{""x"":1.45779405263158,""y"":18.51315839473684},{""x"":1.7735835263157906,""y"":18.88157944736842},{""x"":2.0893730000000015,""y"":19.2500005}],""reasoning"":""Selected waypoint 0 moves the reference anchor from 10.93 m to 10.62 m from goal immediately and to 9.49 m by the final waypoint, so progress is 0.32 m selected / 1.45 m final and passes with monotonic goal-distance reduction. Kinematics is evaluated on 5 unique label waypoint(s), excluding consecutive duplicate terminal holds, and checks only that the trajectory stays within the configured bounds speed <= 15.00 m/s and acceleration <= 8.00 m/s^2, so kinematics passes. Goal is not reached within this label waypoint window. Safety passes: minimum clearance 1.54 m against manifest obstacles with 0 violating segment(s).""}",0.8262151052631588,17.776316289473684,-2.5,1.1420045789473694,18.144737342105262,-2.5,1.45779405263158,18.51315839473684,-2.5,1.7735835263157906,18.88157944736842,-2.5,2.0893730000000015,19.2500005,-2.5
1773860990.200156689,1773860990.200156689,0.000,offline_ground_truth_window,"Environment section (T(v)):
- Current position NED is (0.67, 17.59, -2.49) m.
- Current velocity is (0.04, 0.04, 0.00) m/s (speed 0.06 m/s).
- Goal position NED is (-0.91, 28.25, -2.50) m.
- Output contract: predict exactly 5 waypoint x/y pairs in NED. The planner will set every waypoint z to goal z = -2.50 m before execution.
- Goal delta from current state is (-1.58, 10.66, -0.01) m with distance 10.77 m.
- Obstacle pipeline: depth_camera_to_body_to_ned_current_frame.
- Current depth frame obstacle points projected into NED: 40. Nearest depth obstacle in NED is at (1.04, 20.45, -2.46) m, relative vector (0.37, 2.86, 0.03) m, distance 2.88 m.
- Depth validity fraction is 0.63. Global nearest obstacle distance is 2.71 m.
- Sector minimum distances [far_left, left, center, right, far_right] are [4.93, 4.93, 2.73, 2.71, 4.92] m.
- Nearest obstacle sector is right at 2.71 m and clearance status is caution.
- Lateral planning hint: left side is clearer.","{""waypoints"":[{""x"":1.1420045789473694,""y"":18.144737342105262},{""x"":1.45779405263158,""y"":18.51315839473684},{""x"":1.7735835263157906,""y"":18.88157944736842},{""x"":2.0893730000000015,""y"":19.2500005},{""x"":2.0268730000000015,""y"":19.6875005}],""reasoning"":""Selected waypoint 0 moves the reference anchor from 10.62 m to 10.31 m from goal immediately and to 9.05 m by the final waypoint, so progress is 0.31 m selected / 1.56 m final and passes with monotonic goal-distance reduction. Kinematics is evaluated on 5 unique label waypoint(s), excluding consecutive duplicate terminal holds, and checks only that the trajectory stays within the configured bounds speed <= 15.00 m/s and acceleration <= 8.00 m/s^2, so kinematics passes. Goal is not reached within this label waypoint window. Safety passes: minimum clearance 1.54 m against manifest obstacles with 0 violating segment(s).""}",1.1420045789473694,18.144737342105262,-2.5,1.45779405263158,18.51315839473684,-2.5,1.7735835263157906,18.88157944736842,-2.5,2.0893730000000015,19.2500005,-2.5,2.0268730000000015,19.6875005,-2.5
1773860995.400040627,1773860995.400040627,0.000,offline_ground_truth_window,"Environment section (T(v)):
- Current position NED is (0.99, 17.96, -2.51) m.
- Current velocity is (0.06, 0.08, 0.01) m/s (speed 0.10 m/s).
- Goal position NED is (-0.91, 28.25, -2.50) m.
- Output contract: predict exactly 5 waypoint x/y pairs in NED. The planner will set every waypoint z to goal z = -2.50 m before execution.
- Goal delta from current state is (-1.90, 10.29, 0.01) m with distance 10.47 m.
- Obstacle pipeline: depth_camera_to_body_to_ned_current_frame.
- Current depth frame obstacle points projected into NED: 46. Nearest depth obstacle in NED is at (1.67, 20.47, -2.62) m, relative vector (0.68, 2.51, -0.11) m, distance 2.61 m.
- Depth validity fraction is 0.62. Global nearest obstacle distance is 2.35 m.
- Sector minimum distances [far_left, left, center, right, far_right] are [4.97, 4.96, 4.95, 2.35, 2.48] m.
- Nearest obstacle sector is right at 2.35 m and clearance status is caution.
- Lateral planning hint: left side is clearer.","{""waypoints"":[{""x"":1.45779405263158,""y"":18.51315839473684},{""x"":1.7735835263157906,""y"":18.88157944736842},{""x"":2.0893730000000015,""y"":19.2500005},{""x"":2.0268730000000015,""y"":19.6875005},{""x"":1.9643730000000013,""y"":20.1250005}],""reasoning"":""Selected waypoint 0 moves the reference anchor from 10.31 m to 10.02 m from goal immediately and to 8.62 m by the final waypoint, so progress is 0.29 m selected / 1.69 m final and passes with monotonic goal-distance reduction. Kinematics is evaluated on 5 unique label waypoint(s), excluding consecutive duplicate terminal holds, and checks only that the trajectory stays within the configured bounds speed <= 15.00 m/s and acceleration <= 8.00 m/s^2, so kinematics passes. Goal is not reached within this label waypoint window. Safety passes: minimum clearance 1.54 m against manifest obstacles with 0 violating segment(s).""}",1.45779405263158,18.51315839473684,-2.5,1.7735835263157906,18.88157944736842,-2.5,2.0893730000000015,19.2500005,-2.5,2.0268730000000015,19.6875005,-2.5,1.9643730000000013,20.1250005,-2.5
1773861001.683985472,1773861001.683985472,0.000,offline_ground_truth_window,"Environment section (T(v)):
- Current position NED is (1.31, 18.32, -2.48) m.
- Current velocity is (0.04, 0.06, -0.00) m/s (speed 0.07 m/s).
- Goal position NED is (-0.91, 28.25, -2.50) m.
- Output contract: predict exactly 5 waypoint x/y pairs in NED. The planner will set every waypoint z to goal z = -2.50 m before execution.
- Goal delta from current state is (-2.22, 9.93, -0.02) m with distance 10.18 m.
- Obstacle pipeline: depth_camera_to_body_to_ned_current_frame.
- Current depth frame obstacle points projected into NED: 65. Nearest depth obstacle in NED is at (2.26, 20.46, -2.50) m, relative vector (0.95, 2.14, -0.02) m, distance 2.34 m.
- Depth validity fraction is 0.63. Global nearest obstacle distance is 1.96 m.
- Sector minimum distances [far_left, left, center, right, far_right] are [4.96, 4.96, 4.96, 2.05, 1.96] m.
- Nearest obstacle sector is far_right at 1.96 m and clearance status is caution.
- Lateral planning hint: left side is clearer.","{""waypoints"":[{""x"":1.7735835263157906,""y"":18.88157944736842},{""x"":2.0893730000000015,""y"":19.2500005},{""x"":2.0268730000000015,""y"":19.6875005},{""x"":1.9643730000000013,""y"":20.1250005},{""x"":1.9018730000000013,""y"":20.5625005}],""reasoning"":""Selected waypoint 0 moves the reference anchor from 10.02 m to 9.75 m from goal immediately and to 8.19 m by the final waypoint, so progress is 0.28 m selected / 1.83 m final and passes with monotonic goal-distance reduction. Kinematics is evaluated on 5 unique label waypoint(s), excluding consecutive duplicate terminal holds, and checks only that the trajectory stays within the configured bounds speed <= 15.00 m/s and acceleration <= 8.00 m/s^2, so kinematics passes. Goal is not reached within this label waypoint window. Safety passes: minimum clearance 1.54 m against manifest obstacles with 0 violating segment(s).""}",1.7735835263157906,18.88157944736842,-2.5,2.0893730000000015,19.2500005,-2.5,2.0268730000000015,19.6875005,-2.5,1.9643730000000013,20.1250005,-2.5,1.9018730000000013,20.5625005,-2.5
1773861007.282157898,1773861007.282157898,0.000,offline_ground_truth_window,"Environment section (T(v)):
- Current position NED is (1.62, 18.69, -2.51) m.
- Current velocity is (0.05, 0.05, 0.01) m/s (speed 0.07 m/s).
- Goal position NED is (-0.91, 28.25, -2.50) m.
- Output contract: predict exactly 5 waypoint x/y pairs in NED. The planner will set every waypoint z to goal z = -2.50 m before execution.
- Goal delta from current state is (-2.53, 9.56, 0.01) m with distance 9.89 m.
- Obstacle pipeline: depth_camera_to_body_to_ned_current_frame.
- Current depth frame obstacle points projected into NED: 54. Nearest depth obstacle in NED is at (2.82, 20.51, -2.49) m, relative vector (1.20, 1.81, 0.02) m, distance 2.17 m.
- Depth validity fraction is 0.62. Global nearest obstacle distance is 1.66 m.
- Sector minimum distances [far_left, left, center, right, far_right] are [4.98, 4.90, 4.97, 4.98, 1.66] m.
- Nearest obstacle sector is far_right at 1.66 m and clearance status is caution.
- Lateral planning hint: left side is clearer.","{""waypoints"":[{""x"":2.0893730000000015,""y"":19.2500005},{""x"":2.0268730000000015,""y"":19.6875005},{""x"":1.9643730000000013,""y"":20.1250005},{""x"":1.9018730000000013,""y"":20.5625005},{""x"":1.8393730000000013,""y"":21.0000005}],""reasoning"":""Selected waypoint 0 moves the reference anchor from 9.75 m to 9.49 m from goal immediately and to 7.75 m by the final waypoint, so progress is 0.26 m selected / 1.99 m final and passes with monotonic goal-distance reduction. Kinematics is evaluated on 5 unique label waypoint(s), excluding consecutive duplicate terminal holds, and checks only that the trajectory stays within the configured bounds speed <= 15.00 m/s and acceleration <= 8.00 m/s^2, so kinematics passes. Goal is not reached within this label waypoint window. Safety passes: minimum clearance 1.56 m against manifest obstacles with 0 violating segment(s).""}",2.0893730000000015,19.2500005,-2.5,2.0268730000000015,19.6875005,-2.5,1.9643730000000013,20.1250005,-2.5,1.9018730000000013,20.5625005,-2.5,1.8393730000000013,21.0000005,-2.5
1773861012.030910730,1773861012.030910730,0.000,offline_ground_truth_window,"Environment section (T(v)):
- Current position NED is (1.93, 19.07, -2.51) m.
- Current velocity is (0.05, 0.06, 0.01) m/s (speed 0.07 m/s).
- Goal position NED is (-0.91, 28.25, -2.50) m.
- Output contract: predict exactly 5 waypoint x/y pairs in NED. The planner will set every waypoint z to goal z = -2.50 m before execution.
- Goal delta from current state is (-2.84, 9.18, 0.01) m with distance 9.61 m.
- Obstacle pipeline: depth_camera_to_body_to_ned_current_frame.
- Current depth frame obstacle points projected into NED: 69. Nearest depth obstacle in NED is at (1.28, 23.74, -2.48) m, relative vector (-0.65, 4.67, 0.03) m, distance 4.72 m.
- Depth validity fraction is 0.62. Global nearest obstacle distance is 4.54 m.
- Sector minimum distances [far_left, left, center, right, far_right] are [4.97, 4.54, 4.54, 4.96, 4.95] m.
- Nearest obstacle sector is center at 4.54 m and clearance status is clear.
- Lateral planning hint: prefer center progress.","{""waypoints"":[{""x"":2.0268730000000015,""y"":19.6875005},{""x"":1.9643730000000013,""y"":20.1250005},{""x"":1.9018730000000013,""y"":20.5625005},{""x"":1.8393730000000013,""y"":21.0000005},{""x"":1.5268730000000013,""y"":21.3750005}],""reasoning"":""Selected waypoint 0 moves the reference anchor from 9.49 m to 9.05 m from goal immediately and to 7.29 m by the final waypoint, so progress is 0.43 m selected / 2.19 m final and passes with monotonic goal-distance reduction. Kinematics is evaluated on 5 unique label waypoint(s), excluding consecutive duplicate terminal holds, and checks only that the trajectory stays within the configured bounds speed <= 15.00 m/s and acceleration <= 8.00 m/s^2, so kinematics passes. Goal is not reached within this label waypoint window. Safety passes: minimum clearance 1.56 m against manifest obstacles with 0 violating segment(s).""}",2.0268730000000015,19.6875005,-2.5,1.9643730000000013,20.1250005,-2.5,1.9018730000000013,20.5625005,-2.5,1.8393730000000013,21.0000005,-2.5,1.5268730000000013,21.3750005,-2.5
1773861017.523081064,1773861017.523081064,0.000,offline_ground_truth_window,"Environment section (T(v)):
- Current position NED is (2.00, 19.46, -2.49) m.
- Current velocity is (0.01, 0.09, -0.00) m/s (speed 0.09 m/s).
- Goal position NED is (-0.91, 28.25, -2.50) m.
- Output contract: predict exactly 5 waypoint x/y pairs in NED. The planner will set every waypoint z to goal z = -2.50 m before execution.
- Goal delta from current state is (-2.91, 8.79, -0.01) m with distance 9.26 m.
- Obstacle pipeline: depth_camera_to_body_to_ned_current_frame.
- Current depth frame obstacle points projected into NED: 69. Nearest depth obstacle in NED is at (1.25, 23.72, -2.17) m, relative vector (-0.75, 4.25, 0.32) m, distance 4.33 m.
- Depth validity fraction is 0.63. Global nearest obstacle distance is 4.13 m.
- Sector minimum distances [far_left, left, center, right, far_right] are [4.95, 4.13, 4.13, 4.94, 4.94] m.
- Nearest obstacle sector is left at 4.13 m and clearance status is clear.
- Lateral planning hint: right side is clearer.","{""waypoints"":[{""x"":1.9643730000000013,""y"":20.1250005},{""x"":1.9018730000000013,""y"":20.5625005},{""x"":1.8393730000000013,""y"":21.0000005},{""x"":1.5268730000000013,""y"":21.3750005},{""x"":1.2143730000000013,""y"":21.7500005}],""reasoning"":""Selected waypoint 0 moves the reference anchor from 9.05 m to 8.62 m from goal immediately and to 6.84 m by the final waypoint, so progress is 0.43 m selected / 2.21 m final and passes with monotonic goal-distance reduction. Kinematics is evaluated on 5 unique label waypoint(s), excluding consecutive duplicate terminal holds, and checks only that the trajectory stays within the configured bounds speed <= 15.00 m/s and acceleration <= 8.00 m/s^2, so kinematics passes. Goal is not reached within this label waypoint window. Safety passes: minimum clearance 1.54 m against manifest obstacles with 0 violating segment(s).""}",1.9643730000000013,20.1250005,-2.5,1.9018730000000013,20.5625005,-2.5,1.8393730000000013,21.0000005,-2.5,1.5268730000000013,21.3750005,-2.5,1.2143730000000013,21.7500005,-2.5
1773861022.515584946,1773861022.515584946,0.000,offline_ground_truth_window,"Environment section (T(v)):
- Current position NED is (1.94, 19.90, -2.50) m.
- Current velocity is (0.01, 0.07, 0.00) m/s (speed 0.08 m/s).
- Goal position NED is (-0.91, 28.25, -2.50) m.
- Output contract: predict exactly 5 waypoint x/y pairs in NED. The planner will set every waypoint z to goal z = -2.50 m before execution.
- Goal delta from current state is (-2.85, 8.35, 0.00) m with distance 8.82 m.
- Obstacle pipeline: depth_camera_to_body_to_ned_current_frame.
- Current depth frame obstacle points projected into NED: 70. Nearest depth obstacle in NED is at (1.26, 23.71, -2.33) m, relative vector (-0.68, 3.81, 0.17) m, distance 3.88 m.
- Depth validity fraction is 0.63. Global nearest obstacle distance is 3.68 m.
- Sector minimum distances [far_left, left, center, right, far_right] are [4.92, 3.68, 3.71, 4.93, 4.93] m.
- Nearest obstacle sector is left at 3.68 m and clearance status is clear.
- Lateral planning hint: right side is clearer.","{""waypoints"":[{""x"":1.9018730000000013,""y"":20.5625005},{""x"":1.8393730000000013,""y"":21.0000005},{""x"":1.5268730000000013,""y"":21.3750005},{""x"":1.2143730000000013,""y"":21.7500005},{""x"":0.9018730000000013,""y"":22.1250005}],""reasoning"":""Selected waypoint 0 moves the reference anchor from 8.62 m to 8.19 m from goal immediately and to 6.39 m by the final waypoint, so progress is 0.43 m selected / 2.23 m final and passes with monotonic goal-distance reduction. Kinematics is evaluated on 5 unique label waypoint(s), excluding consecutive duplicate terminal holds, and checks only that the trajectory stays within the configured bounds speed <= 15.00 m/s and acceleration <= 8.00 m/s^2, so kinematics passes. Goal is not reached within this label waypoint window. Safety passes: minimum clearance 1.53 m against manifest obstacles with 0 violating segment(s).""}",1.9018730000000013,20.5625005,-2.5,1.8393730000000013,21.0000005,-2.5,1.5268730000000013,21.3750005,-2.5,1.2143730000000013,21.7500005,-2.5,0.9018730000000013,22.1250005,-2.5
1773861027.555502892,1773861027.555502892,0.000,offline_ground_truth_window,"Environment section (T(v)):
- Current position NED is (1.90, 20.34, -2.50) m.
- Current velocity is (-0.02, 0.08, 0.00) m/s (speed 0.08 m/s).
- Goal position NED is (-0.91, 28.25, -2.50) m.
- Output contract: predict exactly 5 waypoint x/y pairs in NED. The planner will set every waypoint z to goal z = -2.50 m before execution.
- Goal delta from current state is (-2.81, 7.91, -0.00) m with distance 8.40 m.
- Obstacle pipeline: depth_camera_to_body_to_ned_current_frame.
- Current depth frame obstacle points projected into NED: 92. Nearest depth obstacle in NED is at (1.20, 23.71, -2.57) m, relative vector (-0.70, 3.37, -0.08) m, distance 3.44 m.
- Depth validity fraction is 0.63. Global nearest obstacle distance is 3.22 m.
- Sector minimum distances [far_left, left, center, right, far_right] are [4.85, 3.22, 3.33, 4.87, 4.88] m.
- Nearest obstacle sector is left at 3.22 m and clearance status is clear.
- Lateral planning hint: right side is clearer.","{""waypoints"":[{""x"":1.8393730000000013,""y"":21.0000005},{""x"":1.5268730000000013,""y"":21.3750005},{""x"":1.2143730000000013,""y"":21.7500005},{""x"":0.9018730000000013,""y"":22.1250005},{""x"":0.5893730000000013,""y"":22.5000005}],""reasoning"":""Selected waypoint 0 moves the reference anchor from 8.19 m to 7.75 m from goal immediately and to 5.94 m by the final waypoint, so progress is 0.43 m selected / 2.24 m final and passes with monotonic goal-distance reduction. Kinematics is evaluated on 5 unique label waypoint(s), excluding consecutive duplicate terminal holds, and checks only that the trajectory stays within the configured bounds speed <= 15.00 m/s and acceleration <= 8.00 m/s^2, so kinematics passes. Goal is not reached within this label waypoint window. Safety passes: minimum clearance 1.53 m against manifest obstacles with 0 violating segment(s).""}",1.8393730000000013,21.0000005,-2.5,1.5268730000000013,21.3750005,-2.5,1.2143730000000013,21.7500005,-2.5,0.9018730000000013,22.1250005,-2.5,0.5893730000000013,22.5000005,-2.5
1773861032.283684492,1773861032.283684492,0.000,offline_ground_truth_window,"Environment section (T(v)):
- Current position NED is (1.88, 20.78, -2.48) m.
- Current velocity is (-0.01, 0.06, 0.00) m/s (speed 0.06 m/s).
- Goal position NED is (-0.91, 28.25, -2.50) m.
- Output contract: predict exactly 5 waypoint x/y pairs in NED. The planner will set every waypoint z to goal z = -2.50 m before execution.
- Goal delta from current state is (-2.79, 7.47, -0.02) m with distance 7.97 m.
- Obstacle pipeline: depth_camera_to_body_to_ned_current_frame.
- Current depth frame obstacle points projected into NED: 96. Nearest depth obstacle in NED is at (1.09, 23.72, -2.36) m, relative vector (-0.78, 2.93, 0.12) m, distance 3.04 m.
- Depth validity fraction is 0.63. Global nearest obstacle distance is 2.81 m.
- Sector minimum distances [far_left, left, center, right, far_right] are [4.87, 2.81, 2.99, 4.86, 4.86] m.
- Nearest obstacle sector is left at 2.81 m and clearance status is caution.
- Lateral planning hint: right side is clearer.","{""waypoints"":[{""x"":1.5268730000000013,""y"":21.3750005},{""x"":1.2143730000000013,""y"":21.7500005},{""x"":0.9018730000000013,""y"":22.1250005},{""x"":0.5893730000000013,""y"":22.5000005},{""x"":0.4643730000000013,""y"":22.979167166666667}],""reasoning"":""Selected waypoint 0 moves the reference anchor from 7.75 m to 7.29 m from goal immediately and to 5.45 m by the final waypoint, so progress is 0.46 m selected / 2.31 m final and passes with monotonic goal-distance reduction. Kinematics is evaluated on 5 unique label waypoint(s), excluding consecutive duplicate terminal holds, and checks only that the trajectory stays within the configured bounds speed <= 15.00 m/s and acceleration <= 8.00 m/s^2, so kinematics passes. Goal is not reached within this label waypoint window. Safety passes: minimum clearance 1.53 m against manifest obstacles with 0 violating segment(s).""}",1.5268730000000013,21.3750005,-2.5,1.2143730000000013,21.7500005,-2.5,0.9018730000000013,22.1250005,-2.5,0.5893730000000013,22.5000005,-2.5,0.4643730000000013,22.979167166666667,-2.5
1773861037.813865900,1773861037.813865900,0.000,offline_ground_truth_window,"Environment section (T(v)):
- Current position NED is (1.66, 21.17, -2.47) m.
- Current velocity is (-0.03, 0.05, -0.01) m/s (speed 0.06 m/s).
- Goal position NED is (-0.91, 28.25, -2.50) m.
- Output contract: predict exactly 5 waypoint x/y pairs in NED. The planner will set every waypoint z to goal z = -2.50 m before execution.
- Goal delta from current state is (-2.57, 7.08, -0.03) m with distance 7.53 m.
- Obstacle pipeline: depth_camera_to_body_to_ned_current_frame.
- Current depth frame obstacle points projected into NED: 53. Nearest depth obstacle in NED is at (0.67, 23.71, -2.45) m, relative vector (-0.99, 2.54, 0.02) m, distance 2.72 m.
- Depth validity fraction is 0.62. Global nearest obstacle distance is 2.40 m.
- Sector minimum distances [far_left, left, center, right, far_right] are [2.40, 2.40, 4.81, 4.81, 4.80] m.
- Nearest obstacle sector is far_left at 2.40 m and clearance status is caution.
- Lateral planning hint: right side is clearer.","{""waypoints"":[{""x"":1.2143730000000013,""y"":21.7500005},{""x"":0.9018730000000013,""y"":22.1250005},{""x"":0.5893730000000013,""y"":22.5000005},{""x"":0.4643730000000013,""y"":22.979167166666667},{""x"":0.3393730000000013,""y"":23.45833383333333}],""reasoning"":""Selected waypoint 0 moves the reference anchor from 7.29 m to 6.84 m from goal immediately and to 4.95 m by the final waypoint, so progress is 0.46 m selected / 2.34 m final and passes with monotonic goal-distance reduction. Kinematics is evaluated on 5 unique label waypoint(s), excluding consecutive duplicate terminal holds, and checks only that the trajectory stays within the configured bounds speed <= 15.00 m/s and acceleration <= 8.00 m/s^2, so kinematics passes. Goal is not reached within this label waypoint window. Safety passes: minimum clearance 1.53 m against manifest obstacles with 0 violating segment(s).""}",1.2143730000000013,21.7500005,-2.5,0.9018730000000013,22.1250005,-2.5,0.5893730000000013,22.5000005,-2.5,0.4643730000000013,22.979167166666667,-2.5,0.3393730000000013,23.45833383333333,-2.5
1773861042.818022490,1773861042.818022490,0.000,offline_ground_truth_window,"Environment section (T(v)):
- Current position NED is (1.35, 21.54, -2.48) m.
- Current velocity is (-0.06, 0.07, -0.00) m/s (speed 0.09 m/s).
- Goal position NED is (-0.91, 28.25, -2.50) m.
- Output contract: predict exactly 5 waypoint x/y pairs in NED. The planner will set every waypoint z to goal z = -2.50 m before execution.
- Goal delta from current state is (-2.26, 6.71, -0.02) m with distance 7.08 m.
- Obstacle pipeline: depth_camera_to_body_to_ned_current_frame.
- Current depth frame obstacle points projected into NED: 79. Nearest depth obstacle in NED is at (0.11, 23.73, -2.53) m, relative vector (-1.24, 2.19, -0.05) m, distance 2.52 m.
- Depth validity fraction is 0.60. Global nearest obstacle distance is 2.03 m.
- Sector minimum distances [far_left, left, center, right, far_right] are [2.03, 2.26, 4.86, 4.85, 4.85] m.
- Nearest obstacle sector is far_left at 2.03 m and clearance status is caution.
- Lateral planning hint: right side is clearer.","{""waypoints"":[{""x"":0.9018730000000013,""y"":22.1250005},{""x"":0.5893730000000013,""y"":22.5000005},{""x"":0.4643730000000013,""y"":22.979167166666667},{""x"":0.3393730000000013,""y"":23.45833383333333},{""x"":0.2143730000000013,""y"":23.9375005}],""reasoning"":""Selected waypoint 0 moves the reference anchor from 6.84 m to 6.39 m from goal immediately and to 4.46 m by the final waypoint, so progress is 0.45 m selected / 2.38 m final and passes with monotonic goal-distance reduction. Kinematics is evaluated on 5 unique label waypoint(s), excluding consecutive duplicate terminal holds, and checks only that the trajectory stays within the configured bounds speed <= 15.00 m/s and acceleration <= 8.00 m/s^2, so kinematics passes. Goal is not reached within this label waypoint window. Safety passes: minimum clearance 1.53 m against manifest obstacles with 0 violating segment(s).""}",0.9018730000000013,22.1250005,-2.5,0.5893730000000013,22.5000005,-2.5,0.4643730000000013,22.979167166666667,-2.5,0.3393730000000013,23.45833383333333,-2.5,0.2143730000000013,23.9375005,-2.5
1773861049.710399628,1773861049.710399628,0.000,offline_ground_truth_window,"Environment section (T(v)):
- Current position NED is (1.06, 21.94, -2.49) m.
- Current velocity is (-0.04, 0.05, 0.01) m/s (speed 0.06 m/s).
- Goal position NED is (-0.91, 28.25, -2.50) m.
- Output contract: predict exactly 5 waypoint x/y pairs in NED. The planner will set every waypoint z to goal z = -2.50 m before execution.
- Goal delta from current state is (-1.97, 6.31, -0.01) m with distance 6.61 m.
- Obstacle pipeline: depth_camera_to_body_to_ned_current_frame.
- Current depth frame obstacle points projected into NED: 53. Nearest depth obstacle in NED is at (-0.35, 23.85, -2.33) m, relative vector (-1.42, 1.91, 0.16) m, distance 2.38 m.
- Depth validity fraction is 0.58. Global nearest obstacle distance is 1.81 m.
- Sector minimum distances [far_left, left, center, right, far_right] are [1.81, 4.97, 4.98, 4.99, 5.00] m.
- Nearest obstacle sector is far_left at 1.81 m and clearance status is caution.
- Lateral planning hint: right side is clearer.","{""waypoints"":[{""x"":0.5893730000000013,""y"":22.5000005},{""x"":0.4643730000000013,""y"":22.979167166666667},{""x"":0.3393730000000013,""y"":23.45833383333333},{""x"":0.2143730000000013,""y"":23.9375005},{""x"":0.08937300000000131,""y"":24.416667166666667}],""reasoning"":""Selected waypoint 0 moves the reference anchor from 6.39 m to 5.94 m from goal immediately and to 3.96 m by the final waypoint, so progress is 0.45 m selected / 2.43 m final and passes with monotonic goal-distance reduction. Kinematics is evaluated on 5 unique label waypoint(s), excluding consecutive duplicate terminal holds, and checks only that the trajectory stays within the configured bounds speed <= 15.00 m/s and acceleration <= 8.00 m/s^2, so kinematics passes. Goal is not reached within this label waypoint window. Safety passes: minimum clearance 1.55 m against manifest obstacles with 0 violating segment(s).""}",0.5893730000000013,22.5000005,-2.5,0.4643730000000013,22.979167166666667,-2.5,0.3393730000000013,23.45833383333333,-2.5,0.2143730000000013,23.9375005,-2.5,0.08937300000000131,24.416667166666667,-2.5
1773861055.051757574,1773861055.051757574,0.000,offline_ground_truth_window,"Environment section (T(v)):
- Current position NED is (0.75, 22.32, -2.51) m.
- Current velocity is (-0.06, 0.08, 0.01) m/s (speed 0.10 m/s).
- Goal position NED is (-0.91, 28.25, -2.50) m.
- Output contract: predict exactly 5 waypoint x/y pairs in NED. The planner will set every waypoint z to goal z = -2.50 m before execution.
- Goal delta from current state is (-1.66, 5.93, 0.01) m with distance 6.16 m.
- Obstacle pipeline: depth_camera_to_body_to_ned_current_frame.
- Current depth frame obstacle points projected into NED: 43. Nearest depth obstacle in NED is at (1.64, 28.78, -2.67) m, relative vector (0.89, 6.46, -0.16) m, distance 6.52 m.
- Depth validity fraction is 0.57. Global nearest obstacle distance is 4.95 m.
- Sector minimum distances [far_left, left, center, right, far_right] are [4.95, 4.96, 4.97, 4.99, 5.00] m.
- Nearest obstacle sector is far_left at 4.95 m and clearance status is clear.
- Lateral planning hint: prefer center progress.","{""waypoints"":[{""x"":0.4643730000000013,""y"":22.979167166666667},{""x"":0.3393730000000013,""y"":23.45833383333333},{""x"":0.2143730000000013,""y"":23.9375005},{""x"":0.08937300000000131,""y"":24.416667166666667},{""x"":-0.03562699999999869,""y"":24.89583383333333}],""reasoning"":""Selected waypoint 0 moves the reference anchor from 5.94 m to 5.45 m from goal immediately and to 3.47 m by the final waypoint, so progress is 0.50 m selected / 2.48 m final and passes with monotonic goal-distance reduction. Kinematics is evaluated on 5 unique label waypoint(s), excluding consecutive duplicate terminal holds, and checks only that the trajectory stays within the configured bounds speed <= 15.00 m/s and acceleration <= 8.00 m/s^2, so kinematics passes. Goal is not reached within this label waypoint window. Safety passes: minimum clearance 1.69 m against manifest obstacles with 0 violating segment(s).""}",0.4643730000000013,22.979167166666667,-2.5,0.3393730000000013,23.45833383333333,-2.5,0.2143730000000013,23.9375005,-2.5,0.08937300000000131,24.416667166666667,-2.5,-0.03562699999999869,24.89583383333333,-2.5
1773861060.297446489,1773861060.297446489,0.000,offline_ground_truth_window,"Environment section (T(v)):
- Current position NED is (0.53, 22.74, -2.49) m.
- Current velocity is (-0.03, 0.09, 0.01) m/s (speed 0.10 m/s).
- Goal position NED is (-0.91, 28.25, -2.50) m.
- Output contract: predict exactly 5 waypoint x/y pairs in NED. The planner will set every waypoint z to goal z = -2.50 m before execution.
- Goal delta from current state is (-1.44, 5.51, -0.01) m with distance 5.69 m.
- Obstacle pipeline: depth_camera_to_body_to_ned_current_frame.
- Current depth frame obstacle points projected into NED: 35. Nearest depth obstacle in NED is at (0.81, 29.17, -2.66) m, relative vector (0.28, 6.43, -0.16) m, distance 6.43 m.
- Depth validity fraction is 0.57. Global nearest obstacle distance is 4.95 m.
- Sector minimum distances [far_left, left, center, right, far_right] are [4.95, 4.96, 4.96, 4.97, 4.98] m.
- Nearest obstacle sector is far_left at 4.95 m and clearance status is clear.
- Lateral planning hint: prefer center progress.","{""waypoints"":[{""x"":0.3393730000000013,""y"":23.45833383333333},{""x"":0.2143730000000013,""y"":23.9375005},{""x"":0.08937300000000131,""y"":24.416667166666667},{""x"":-0.03562699999999869,""y"":24.89583383333333},{""x"":-0.1606269999999987,""y"":25.3750005}],""reasoning"":""Selected waypoint 0 moves the reference anchor from 5.45 m to 4.95 m from goal immediately and to 2.97 m by the final waypoint, so progress is 0.50 m selected / 2.48 m final and passes with monotonic goal-distance reduction. Kinematics is evaluated on 5 unique label waypoint(s), excluding consecutive duplicate terminal holds, and checks only that the trajectory stays within the configured bounds speed <= 15.00 m/s and acceleration <= 8.00 m/s^2, so kinematics passes. Goal is not reached within this label waypoint window. Safety passes: minimum clearance 1.72 m against manifest obstacles with 0 violating segment(s).""}",0.3393730000000013,23.45833383333333,-2.5,0.2143730000000013,23.9375005,-2.5,0.08937300000000131,24.416667166666667,-2.5,-0.03562699999999869,24.89583383333333,-2.5,-0.1606269999999987,25.3750005,-2.5
1773861066.413069487,1773861066.413069487,0.000,offline_ground_truth_window,"Environment section (T(v)):
- Current position NED is (0.37, 23.21, -2.49) m.
- Current velocity is (-0.01, 0.09, -0.00) m/s (speed 0.09 m/s).
- Goal position NED is (-0.91, 28.25, -2.50) m.
- Output contract: predict exactly 5 waypoint x/y pairs in NED. The planner will set every waypoint z to goal z = -2.50 m before execution.
- Goal delta from current state is (-1.28, 5.04, -0.01) m with distance 5.20 m.
- Obstacle pipeline: depth_camera_to_body_to_ned_current_frame.
- Current depth frame obstacle points projected into NED: 46. Nearest depth obstacle in NED is at (0.94, 28.81, -2.61) m, relative vector (0.56, 5.59, -0.12) m, distance 5.62 m.
- Depth validity fraction is 0.57. Global nearest obstacle distance is 4.94 m.
- Sector minimum distances [far_left, left, center, right, far_right] are [4.94, 4.94, 4.95, 4.96, 4.96] m.
- Nearest obstacle sector is far_left at 4.94 m and clearance status is clear.
- Lateral planning hint: prefer center progress.","{""waypoints"":[{""x"":0.2143730000000013,""y"":23.9375005},{""x"":0.08937300000000131,""y"":24.416667166666667},{""x"":-0.03562699999999869,""y"":24.89583383333333},{""x"":-0.1606269999999987,""y"":25.3750005},{""x"":-0.2856269999999987,""y"":25.854167166666667}],""reasoning"":""Selected waypoint 0 moves the reference anchor from 4.95 m to 4.46 m from goal immediately and to 2.48 m by the final waypoint, so progress is 0.50 m selected / 2.48 m final and passes with monotonic goal-distance reduction. Kinematics is evaluated on 5 unique label waypoint(s), excluding consecutive duplicate terminal holds, and checks only that the trajectory stays within the configured bounds speed <= 15.00 m/s and acceleration <= 8.00 m/s^2, so kinematics passes. Goal is not reached within this label waypoint window. Safety passes: minimum clearance 1.86 m against manifest obstacles with 0 violating segment(s).""}",0.2143730000000013,23.9375005,-2.5,0.08937300000000131,24.416667166666667,-2.5,-0.03562699999999869,24.89583383333333,-2.5,-0.1606269999999987,25.3750005,-2.5,-0.2856269999999987,25.854167166666667,-2.5
1773861072.176013231,1773861072.176013231,0.000,offline_ground_truth_window,"Environment section (T(v)):
- Current position NED is (0.31, 23.71, -2.49) m.
- Current velocity is (-0.03, 0.07, 0.00) m/s (speed 0.08 m/s).
- Goal position NED is (-0.91, 28.25, -2.50) m.
- Output contract: predict exactly 5 waypoint x/y pairs in NED. The planner will set every waypoint z to goal z = -2.50 m before execution.
- Goal delta from current state is (-1.22, 4.54, -0.01) m with distance 4.70 m.
- Obstacle pipeline: depth_camera_to_body_to_ned_current_frame.
- Current depth frame obstacle points projected into NED: 58. Nearest depth obstacle in NED is at (0.74, 28.81, -2.57) m, relative vector (0.43, 5.10, -0.08) m, distance 5.12 m.
- Depth validity fraction is 0.57. Global nearest obstacle distance is 4.79 m.
- Sector minimum distances [far_left, left, center, right, far_right] are [4.79, 4.92, 4.92, 4.84, 4.92] m.
- Nearest obstacle sector is far_left at 4.79 m and clearance status is clear.
- Lateral planning hint: prefer center progress.","{""waypoints"":[{""x"":0.08937300000000131,""y"":24.416667166666667},{""x"":-0.03562699999999869,""y"":24.89583383333333},{""x"":-0.1606269999999987,""y"":25.3750005},{""x"":-0.2856269999999987,""y"":25.854167166666667},{""x"":-0.4106269999999987,""y"":26.33333383333333}],""reasoning"":""Selected waypoint 0 moves the reference anchor from 4.46 m to 3.96 m from goal immediately and to 1.98 m by the final waypoint, so progress is 0.50 m selected / 2.48 m final and passes with monotonic goal-distance reduction. Kinematics is evaluated on 5 unique label waypoint(s), excluding consecutive duplicate terminal holds, and checks only that the trajectory stays within the configured bounds speed <= 15.00 m/s and acceleration <= 8.00 m/s^2, so kinematics passes. Goal is not reached within this label waypoint window. Safety passes: minimum clearance 2.09 m against manifest obstacles with 0 violating segment(s).""}",0.08937300000000131,24.416667166666667,-2.5,-0.03562699999999869,24.89583383333333,-2.5,-0.1606269999999987,25.3750005,-2.5,-0.2856269999999987,25.854167166666667,-2.5,-0.4106269999999987,26.33333383333333,-2.5
1773861078.266908646,1773861078.266908646,0.000,offline_ground_truth_window,"Environment section (T(v)):
- Current position NED is (0.16, 24.18, -2.48) m.
- Current velocity is (-0.01, 0.05, 0.00) m/s (speed 0.06 m/s).
- Goal position NED is (-0.91, 28.25, -2.50) m.
- Output contract: predict exactly 5 waypoint x/y pairs in NED. The planner will set every waypoint z to goal z = -2.50 m before execution.
- Goal delta from current state is (-1.07, 4.07, -0.02) m with distance 4.21 m.
- Obstacle pipeline: depth_camera_to_body_to_ned_current_frame.
- Current depth frame obstacle points projected into NED: 49. Nearest depth obstacle in NED is at (1.44, 29.25, -2.51) m, relative vector (1.28, 5.07, -0.03) m, distance 5.23 m.
- Depth validity fraction is 0.57. Global nearest obstacle distance is 4.34 m.
- Sector minimum distances [far_left, left, center, right, far_right] are [4.55, 4.88, 4.38, 4.34, 4.87] m.
- Nearest obstacle sector is right at 4.34 m and clearance status is clear.
- Lateral planning hint: prefer center progress.","{""waypoints"":[{""x"":-0.03562699999999869,""y"":24.89583383333333},{""x"":-0.1606269999999987,""y"":25.3750005},{""x"":-0.2856269999999987,""y"":25.854167166666667},{""x"":-0.4106269999999987,""y"":26.33333383333333},{""x"":-0.5356269999999987,""y"":26.8125005}],""reasoning"":""Selected waypoint 0 moves the reference anchor from 3.96 m to 3.47 m from goal immediately and to 1.49 m by the final waypoint, so progress is 0.50 m selected / 2.48 m final and passes with monotonic goal-distance reduction. Kinematics is evaluated on 5 unique label waypoint(s), excluding consecutive duplicate terminal holds, and checks only that the trajectory stays within the configured bounds speed <= 15.00 m/s and acceleration <= 8.00 m/s^2, so kinematics passes. Goal is not reached within this label waypoint window. Safety passes: minimum clearance 2.39 m against manifest obstacles with 0 violating segment(s).""}",-0.03562699999999869,24.89583383333333,-2.5,-0.1606269999999987,25.3750005,-2.5,-0.2856269999999987,25.854167166666667,-2.5,-0.4106269999999987,26.33333383333333,-2.5,-0.5356269999999987,26.8125005,-2.5
1773861084.989184618,1773861084.989184618,0.000,offline_ground_truth_window,"Environment section (T(v)):
- Current position NED is (0.01, 24.65, -2.49) m.
- Current velocity is (-0.01, 0.07, -0.00) m/s (speed 0.07 m/s).
- Goal position NED is (-0.91, 28.25, -2.50) m.
- Output contract: predict exactly 5 waypoint x/y pairs in NED. The planner will set every waypoint z to goal z = -2.50 m before execution.
- Goal delta from current state is (-0.92, 3.60, -0.01) m with distance 3.71 m.
- Obstacle pipeline: depth_camera_to_body_to_ned_current_frame.
- Current depth frame obstacle points projected into NED: 66. Nearest depth obstacle in NED is at (0.98, 28.93, -2.55) m, relative vector (0.98, 4.27, -0.06) m, distance 4.38 m.
- Depth validity fraction is 0.58. Global nearest obstacle distance is 3.90 m.
- Sector minimum distances [far_left, left, center, right, far_right] are [4.91, 4.91, 3.91, 3.90, 4.90] m.
- Nearest obstacle sector is right at 3.90 m and clearance status is clear.
- Lateral planning hint: left side is clearer.","{""waypoints"":[{""x"":-0.1606269999999987,""y"":25.3750005},{""x"":-0.2856269999999987,""y"":25.854167166666667},{""x"":-0.4106269999999987,""y"":26.33333383333333},{""x"":-0.5356269999999987,""y"":26.8125005},{""x"":-0.6606269999999987,""y"":27.291667166666667}],""reasoning"":""Selected waypoint 0 moves the reference anchor from 3.47 m to 2.97 m from goal immediately and to 0.99 m by the final waypoint, so progress is 0.50 m selected / 2.48 m final and passes with monotonic goal-distance reduction. Kinematics is evaluated on 5 unique label waypoint(s), excluding consecutive duplicate terminal holds, and checks only that the trajectory stays within the configured bounds speed <= 15.00 m/s and acceleration <= 8.00 m/s^2, so kinematics passes. Goal is not reached within this label waypoint window. Safety passes: minimum clearance 2.74 m against manifest obstacles with 0 violating segment(s).""}",-0.1606269999999987,25.3750005,-2.5,-0.2856269999999987,25.854167166666667,-2.5,-0.4106269999999987,26.33333383333333,-2.5,-0.5356269999999987,26.8125005,-2.5,-0.6606269999999987,27.291667166666667,-2.5
1773861091.046778679,1773861091.046778679,0.000,offline_ground_truth_window,"Environment section (T(v)):
- Current position NED is (-0.10, 25.14, -2.50) m.
- Current velocity is (-0.01, 0.08, 0.01) m/s (speed 0.08 m/s).
- Goal position NED is (-0.91, 28.25, -2.50) m.
- Output contract: predict exactly 5 waypoint x/y pairs in NED. The planner will set every waypoint z to goal z = -2.50 m before execution.
- Goal delta from current state is (-0.81, 3.11, -0.00) m with distance 3.22 m.
- Obstacle pipeline: depth_camera_to_body_to_ned_current_frame.
- Current depth frame obstacle points projected into NED: 71. Nearest depth obstacle in NED is at (-0.14, 29.24, -2.59) m, relative vector (-0.04, 4.11, -0.09) m, distance 4.11 m.
- Depth validity fraction is 0.57. Global nearest obstacle distance is 3.37 m.
- Sector minimum distances [far_left, left, center, right, far_right] are [4.96, 4.96, 3.39, 3.37, 4.96] m.
- Nearest obstacle sector is right at 3.37 m and clearance status is clear.
- Lateral planning hint: left side is clearer.","{""waypoints"":[{""x"":-0.2856269999999987,""y"":25.854167166666667},{""x"":-0.4106269999999987,""y"":26.33333383333333},{""x"":-0.5356269999999987,""y"":26.8125005},{""x"":-0.6606269999999987,""y"":27.291667166666667},{""x"":-0.7856269999999987,""y"":27.77083383333333}],""reasoning"":""Selected waypoint 0 moves the reference anchor from 2.97 m to 2.48 m from goal immediately and to 0.50 m by the final waypoint, so progress is 0.50 m selected / 2.48 m final and passes with monotonic goal-distance reduction. Kinematics is evaluated on 5 unique label waypoint(s), excluding consecutive duplicate terminal holds, and checks only that the trajectory stays within the configured bounds speed <= 15.00 m/s and acceleration <= 8.00 m/s^2, so kinematics passes. Goal is not reached within this label waypoint window. Safety passes: minimum clearance 3.12 m against manifest obstacles with 0 violating segment(s).""}",-0.2856269999999987,25.854167166666667,-2.5,-0.4106269999999987,26.33333383333333,-2.5,-0.5356269999999987,26.8125005,-2.5,-0.6606269999999987,27.291667166666667,-2.5,-0.7856269999999987,27.77083383333333,-2.5
1773861096.283902168,1773861096.283902168,0.000,offline_ground_truth_window,"Environment section (T(v)):
- Current position NED is (-0.21, 25.62, -2.50) m.
- Current velocity is (-0.03, 0.07, 0.00) m/s (speed 0.07 m/s).
- Goal position NED is (-0.91, 28.25, -2.50) m.
- Output contract: predict exactly 5 waypoint x/y pairs in NED. The planner will set every waypoint z to goal z = -2.50 m before execution.
- Goal delta from current state is (-0.70, 2.63, -0.00) m with distance 2.72 m.
- Obstacle pipeline: depth_camera_to_body_to_ned_current_frame.
- Current depth frame obstacle points projected into NED: 82. Nearest depth obstacle in NED is at (0.32, 28.72, -2.60) m, relative vector (0.52, 3.09, -0.10) m, distance 3.14 m.
- Depth validity fraction is 0.60. Global nearest obstacle distance is 2.90 m.
- Sector minimum distances [far_left, left, center, right, far_right] are [4.94, 4.94, 2.91, 2.90, 4.93] m.
- Nearest obstacle sector is right at 2.90 m and clearance status is caution.
- Lateral planning hint: left side is clearer.","{""waypoints"":[{""x"":-0.4106269999999987,""y"":26.33333383333333},{""x"":-0.5356269999999987,""y"":26.8125005},{""x"":-0.6606269999999987,""y"":27.291667166666667},{""x"":-0.7856269999999987,""y"":27.77083383333333},{""x"":-0.9106269999999987,""y"":28.2500005}],""reasoning"":""Selected waypoint 0 moves the reference anchor from 2.48 m to 1.98 m from goal immediately and to 0.00 m by the final waypoint, so progress is 0.50 m selected / 2.48 m final and passes with monotonic goal-distance reduction. Kinematics is evaluated on 5 unique label waypoint(s), excluding consecutive duplicate terminal holds, and checks only that the trajectory stays within the configured bounds speed <= 15.00 m/s and acceleration <= 8.00 m/s^2, so kinematics passes. Goal will be reached in 5 waypoint(s) within 0.35 m tolerance. Safety passes: minimum clearance 3.28 m against manifest obstacles with 0 violating segment(s).""}",-0.4106269999999987,26.33333383333333,-2.5,-0.5356269999999987,26.8125005,-2.5,-0.6606269999999987,27.291667166666667,-2.5,-0.7856269999999987,27.77083383333333,-2.5,-0.9106269999999987,28.2500005,-2.5
1773861101.315824509,1773861101.315824509,0.000,offline_ground_truth_window,"Environment section (T(v)):
- Current position NED is (-0.33, 26.10, -2.52) m.
- Current velocity is (-0.02, 0.08, 0.01) m/s (speed 0.08 m/s).
- Goal position NED is (-0.91, 28.25, -2.50) m.
- Output contract: predict exactly 5 waypoint x/y pairs in NED. The planner will set every waypoint z to goal z = -2.50 m before execution.
- Goal delta from current state is (-0.58, 2.15, 0.02) m with distance 2.23 m.
- Obstacle pipeline: depth_camera_to_body_to_ned_current_frame.
- Current depth frame obstacle points projected into NED: 114. Nearest depth obstacle in NED is at (-0.52, 28.79, -2.63) m, relative vector (-0.19, 2.69, -0.11) m, distance 2.70 m.
- Depth validity fraction is 0.62. Global nearest obstacle distance is 2.43 m.
- Sector minimum distances [far_left, left, center, right, far_right] are [4.95, 4.95, 2.43, 2.43, 4.93] m.
- Nearest obstacle sector is right at 2.43 m and clearance status is caution.
- Lateral planning hint: left side is clearer.","{""waypoints"":[{""x"":-0.9106269999999987,""y"":28.2500005},{""x"":-0.9106269999999987,""y"":28.2500005},{""x"":-0.9106269999999987,""y"":28.2500005},{""x"":-0.9106269999999987,""y"":28.2500005},{""x"":-0.9106269999999987,""y"":28.2500005}],""reasoning"":""Selected waypoint 0 moves the reference anchor from 1.98 m to 0.00 m from goal immediately and to 0.00 m by the final waypoint, so progress is 1.98 m selected / 1.98 m final and passes with monotonic goal-distance reduction. Kinematics is evaluated on 1 unique label waypoint(s), excluding consecutive duplicate terminal holds, and checks only that the trajectory stays within the configured bounds speed <= 15.00 m/s and acceleration <= 8.00 m/s^2, so kinematics passes. Goal will be reached in 1 waypoint(s) within 0.35 m tolerance. Safety passes: minimum clearance 3.28 m against manifest obstacles with 0 violating segment(s).""}",-0.9106269999999987,28.2500005,-2.5,-0.9106269999999987,28.2500005,-2.5,-0.9106269999999987,28.2500005,-2.5,-0.9106269999999987,28.2500005,-2.5,-0.9106269999999987,28.2500005,-2.5
1773861105.918946743,1773861105.918946743,0.000,offline_ground_truth_window,"Environment section (T(v)):
- Current position NED is (-0.49, 26.57, -2.50) m.
- Current velocity is (-0.02, 0.10, 0.00) m/s (speed 0.10 m/s).
- Goal position NED is (-0.91, 28.25, -2.50) m.
- Output contract: predict exactly 5 waypoint x/y pairs in NED. The planner will set every waypoint z to goal z = -2.50 m before execution.
- Goal delta from current state is (-0.42, 1.68, -0.00) m with distance 1.73 m.
- Obstacle pipeline: depth_camera_to_body_to_ned_current_frame.
- Current depth frame obstacle points projected into NED: 110. Nearest depth obstacle in NED is at (-0.62, 28.72, -2.54) m, relative vector (-0.13, 2.15, -0.04) m, distance 2.16 m.
- Depth validity fraction is 0.67. Global nearest obstacle distance is 1.96 m.
- Sector minimum distances [far_left, left, center, right, far_right] are [4.89, 2.25, 1.96, 1.97, 4.90] m.
- Nearest obstacle sector is center at 1.96 m and clearance status is caution.
- Lateral planning hint: prefer center progress.","{""waypoints"":[{""x"":-0.9106269999999987,""y"":28.2500005},{""x"":-0.9106269999999987,""y"":28.2500005},{""x"":-0.9106269999999987,""y"":28.2500005},{""x"":-0.9106269999999987,""y"":28.2500005},{""x"":-0.9106269999999987,""y"":28.2500005}],""reasoning"":""Selected waypoint 0 moves the reference anchor from 1.49 m to 0.00 m from goal immediately and to 0.00 m by the final waypoint, so progress is 1.49 m selected / 1.49 m final and passes with monotonic goal-distance reduction. Kinematics is evaluated on 1 unique label waypoint(s), excluding consecutive duplicate terminal holds, and checks only that the trajectory stays within the configured bounds speed <= 15.00 m/s and acceleration <= 8.00 m/s^2, so kinematics passes. Goal will be reached in 1 waypoint(s) within 0.35 m tolerance. Safety passes: minimum clearance 3.28 m against manifest obstacles with 0 violating segment(s).""}",-0.9106269999999987,28.2500005,-2.5,-0.9106269999999987,28.2500005,-2.5,-0.9106269999999987,28.2500005,-2.5,-0.9106269999999987,28.2500005,-2.5,-0.9106269999999987,28.2500005,-2.5
1773861111.025830030,1773861111.025830030,0.000,offline_ground_truth_window,"Environment section (T(v)):
- Current position NED is (-0.62, 27.05, -2.49) m.
- Current velocity is (-0.02, 0.08, -0.00) m/s (speed 0.08 m/s).
- Goal position NED is (-0.91, 28.25, -2.50) m.
- Output contract: predict exactly 5 waypoint x/y pairs in NED. The planner will set every waypoint z to goal z = -2.50 m before execution.
- Goal delta from current state is (-0.29, 1.20, -0.01) m with distance 1.23 m.
- Obstacle pipeline: depth_camera_to_body_to_ned_current_frame.
- Current depth frame obstacle points projected into NED: 180. Nearest depth obstacle in NED is at (-0.55, 28.64, -2.55) m, relative vector (0.07, 1.59, -0.07) m, distance 1.60 m.
- Depth validity fraction is 0.73. Global nearest obstacle distance is 1.45 m.
- Sector minimum distances [far_left, left, center, right, far_right] are [4.83, 1.54, 1.45, 1.46, 4.89] m.
- Nearest obstacle sector is center at 1.45 m and clearance status is blocked.
- Lateral planning hint: prefer center progress.","{""waypoints"":[{""x"":-0.9106269999999987,""y"":28.2500005},{""x"":-0.9106269999999987,""y"":28.2500005},{""x"":-0.9106269999999987,""y"":28.2500005},{""x"":-0.9106269999999987,""y"":28.2500005},{""x"":-0.9106269999999987,""y"":28.2500005}],""reasoning"":""Selected waypoint 0 moves the reference anchor from 0.99 m to 0.00 m from goal immediately and to 0.00 m by the final waypoint, so progress is 0.99 m selected / 0.99 m final and passes with monotonic goal-distance reduction. Kinematics is evaluated on 1 unique label waypoint(s), excluding consecutive duplicate terminal holds, and checks only that the trajectory stays within the configured bounds speed <= 15.00 m/s and acceleration <= 8.00 m/s^2, so kinematics passes. Goal will be reached in 1 waypoint(s) within 0.35 m tolerance. Safety passes: minimum clearance 3.28 m against manifest obstacles with 0 violating segment(s).""}",-0.9106269999999987,28.2500005,-2.5,-0.9106269999999987,28.2500005,-2.5,-0.9106269999999987,28.2500005,-2.5,-0.9106269999999987,28.2500005,-2.5,-0.9106269999999987,28.2500005,-2.5
1773861115.736078978,1773861115.736078978,0.000,offline_ground_truth_window,"Environment section (T(v)):
- Current position NED is (-0.72, 27.53, -2.48) m.
- Current velocity is (-0.03, 0.09, 0.01) m/s (speed 0.09 m/s).
- Goal position NED is (-0.91, 28.25, -2.50) m.
- Output contract: predict exactly 5 waypoint x/y pairs in NED. The planner will set every waypoint z to goal z = -2.50 m before execution.
- Goal delta from current state is (-0.19, 0.72, -0.02) m with distance 0.74 m.
- Obstacle pipeline: depth_camera_to_body_to_ned_current_frame.
- Current depth frame obstacle points projected into NED: 206. Nearest depth obstacle in NED is at (-0.77, 28.67, -2.57) m, relative vector (-0.05, 1.14, -0.09) m, distance 1.14 m.
- Depth validity fraction is 0.73. Global nearest obstacle distance is 1.00 m.
- Sector minimum distances [far_left, left, center, right, far_right] are [4.38, 1.04, 1.00, 1.01, 1.20] m.
- Nearest obstacle sector is center at 1.00 m and clearance status is blocked.
- Lateral planning hint: left side is clearer.","{""waypoints"":[{""x"":-0.9106269999999987,""y"":28.2500005},{""x"":-0.9106269999999987,""y"":28.2500005},{""x"":-0.9106269999999987,""y"":28.2500005},{""x"":-0.9106269999999987,""y"":28.2500005},{""x"":-0.9106269999999987,""y"":28.2500005}],""reasoning"":""Selected waypoint 0 moves the reference anchor from 0.50 m to 0.00 m from goal immediately and to 0.00 m by the final waypoint, so progress is 0.50 m selected / 0.50 m final and passes with monotonic goal-distance reduction. Kinematics is evaluated on 1 unique label waypoint(s), excluding consecutive duplicate terminal holds, and checks only that the trajectory stays within the configured bounds speed <= 15.00 m/s and acceleration <= 8.00 m/s^2, so kinematics passes. Goal will be reached in 1 waypoint(s) within 0.35 m tolerance. Safety passes: minimum clearance 3.28 m against manifest obstacles with 0 violating segment(s).""}",-0.9106269999999987,28.2500005,-2.5,-0.9106269999999987,28.2500005,-2.5,-0.9106269999999987,28.2500005,-2.5,-0.9106269999999987,28.2500005,-2.5,-0.9106269999999987,28.2500005,-2.5
1773861121.380512953,1773861121.380512953,0.000,offline_ground_truth_window,"Environment section (T(v)):
- Current position NED is (-0.84, 28.02, -2.50) m.
- Current velocity is (-0.04, 0.07, 0.01) m/s (speed 0.08 m/s).
- Goal position NED is (-0.91, 28.25, -2.50) m.
- Output contract: predict exactly 5 waypoint x/y pairs in NED. The planner will set every waypoint z to goal z = -2.50 m before execution.
- Goal delta from current state is (-0.07, 0.23, -0.00) m with distance 0.25 m.
- Obstacle pipeline: depth_camera_to_body_to_ned_current_frame.
- Current depth frame obstacle points projected into NED: 336. Nearest depth obstacle in NED is at (-0.81, 28.69, -2.53) m, relative vector (0.03, 0.67, -0.03) m, distance 0.67 m.
- Depth validity fraction is 0.76. Global nearest obstacle distance is 0.53 m.
- Sector minimum distances [far_left, left, center, right, far_right] are [0.53, 0.53, 0.53, 0.53, 0.60] m.
- Nearest obstacle sector is far_left at 0.53 m and clearance status is blocked.
- Lateral planning hint: prefer center progress.","{""waypoints"":[{""x"":-0.9106269999999987,""y"":28.2500005},{""x"":-0.9106269999999987,""y"":28.2500005},{""x"":-0.9106269999999987,""y"":28.2500005},{""x"":-0.9106269999999987,""y"":28.2500005},{""x"":-0.9106269999999987,""y"":28.2500005}],""reasoning"":""Selected waypoint 0 moves the reference anchor from 0.00 m to 0.00 m from goal immediately and to 0.00 m by the final waypoint, so progress is 0.00 m selected / 0.00 m final and fails with monotonic goal-distance reduction. Kinematics is evaluated on 1 unique label waypoint(s), excluding consecutive duplicate terminal holds, and checks only that the trajectory stays within the configured bounds speed <= 15.00 m/s and acceleration <= 8.00 m/s^2, so kinematics passes. Goal has already been reached at the reference anchor within 0.35 m tolerance. Safety passes: minimum clearance 3.28 m against manifest obstacles with 0 violating segment(s).""}",-0.9106269999999987,28.2500005,-2.5,-0.9106269999999987,28.2500005,-2.5,-0.9106269999999987,28.2500005,-2.5,-0.9106269999999987,28.2500005,-2.5,-0.9106269999999987,28.2500005,-2.5
