anchor_stamp_s,scene_stamp_s,sync_dt_ms,label_mode,prompt,label_waypoints_json,wp0_x,wp0_y,wp0_z,wp1_x,wp1_y,wp1_z,wp2_x,wp2_y,wp2_z,wp3_x,wp3_y,wp3_z,wp4_x,wp4_y,wp4_z
1773868448.517464638,1773868448.517464638,0.000,offline_ground_truth_window,"Environment section (T(v)):
- Current position NED is (-0.04, 0.06, -2.32) m.
- Current velocity is (0.01, -0.00, 0.00) m/s (speed 0.01 m/s).
- Goal position NED is (-0.77, 28.50, -2.50) m.
- Output contract: predict exactly 5 waypoint x/y pairs in NED. The planner will set every waypoint z to goal z = -2.50 m before execution.
- Goal delta from current state is (-0.73, 28.44, -0.18) m with distance 28.45 m.
- Obstacle pipeline: depth_camera_to_body_to_ned_current_frame.
- Current depth frame obstacle points projected into NED: 4. Nearest depth obstacle in NED is at (-4.32, 11.17, -2.14) m, relative vector (-4.29, 11.12, 0.18) m, distance 11.92 m.
- Depth validity fraction is 0.56. Global nearest obstacle distance is 4.64 m.
- Sector minimum distances [far_left, left, center, right, far_right] are [4.65, 4.65, 4.64, 4.64, 4.64] m.
- Nearest obstacle sector is far_right at 4.64 m and clearance status is clear.
- Lateral planning hint: prefer center progress.","{""waypoints"":[{""x"":-0.03271103448275847,""y"":0.49137931034482896},{""x"":-0.045642068965517035,""y"":0.9827586206896566},{""x"":-0.05857310344827571,""y"":1.474137931034484},{""x"":-0.07150413793103427,""y"":1.9655172413793118},{""x"":-0.08443517241379289,""y"":2.4568965517241392}],""reasoning"":""Selected waypoint 0 moves the reference anchor from 28.51 m to 28.02 m from goal immediately and to 26.05 m by the final waypoint, so progress is 0.49 m selected / 2.46 m final and passes with monotonic goal-distance reduction. Kinematics is evaluated on 5 unique label waypoint(s), excluding consecutive duplicate terminal holds, and checks only that the trajectory stays within the configured bounds speed <= 15.00 m/s and acceleration <= 8.00 m/s^2, so kinematics passes. Goal is not reached within this label waypoint window. Safety passes: minimum clearance 4.12 m against manifest obstacles with 0 violating segment(s).""}",-0.03271103448275847,0.49137931034482896,-2.5,-0.045642068965517035,0.9827586206896566,-2.5,-0.05857310344827571,1.474137931034484,-2.5,-0.07150413793103427,1.9655172413793118,-2.5,-0.08443517241379289,2.4568965517241392,-2.5
1773868451.874160767,1773868451.874160767,0.000,offline_ground_truth_window,"Environment section (T(v)):
- Current position NED is (-0.04, 0.25, -2.42) m.
- Current velocity is (-0.01, 0.03, -0.03) m/s (speed 0.04 m/s).
- Goal position NED is (-0.77, 28.50, -2.50) m.
- Output contract: predict exactly 5 waypoint x/y pairs in NED. The planner will set every waypoint z to goal z = -2.50 m before execution.
- Goal delta from current state is (-0.73, 28.25, -0.08) m with distance 28.26 m.
- Obstacle pipeline: depth_camera_to_body_to_ned_current_frame.
- Current depth frame obstacle points projected into NED: 2. Nearest depth obstacle in NED is at (-4.14, 11.25, -2.19) m, relative vector (-4.10, 11.01, 0.22) m, distance 11.75 m.
- Depth validity fraction is 0.55. Global nearest obstacle distance is 4.78 m.
- Sector minimum distances [far_left, left, center, right, far_right] are [4.78, 4.78, 4.78, 4.78, 4.78] m.
- Nearest obstacle sector is far_right at 4.78 m and clearance status is clear.
- Lateral planning hint: prefer center progress.","{""waypoints"":[{""x"":-0.045642068965517035,""y"":0.9827586206896566},{""x"":-0.05857310344827571,""y"":1.474137931034484},{""x"":-0.07150413793103427,""y"":1.9655172413793118},{""x"":-0.08443517241379289,""y"":2.4568965517241392},{""x"":-0.09736620689655151,""y"":2.9482758620689666}],""reasoning"":""Selected waypoint 0 moves the reference anchor from 28.02 m to 27.53 m from goal immediately and to 25.56 m by the final waypoint, so progress is 0.49 m selected / 2.46 m final and passes with monotonic goal-distance reduction. Kinematics is evaluated on 5 unique label waypoint(s), excluding consecutive duplicate terminal holds, and checks only that the trajectory stays within the configured bounds speed <= 15.00 m/s and acceleration <= 8.00 m/s^2, so kinematics passes. Goal is not reached within this label waypoint window. Safety passes: minimum clearance 3.92 m against manifest obstacles with 0 violating segment(s).""}",-0.045642068965517035,0.9827586206896566,-2.5,-0.05857310344827571,1.474137931034484,-2.5,-0.07150413793103427,1.9655172413793118,-2.5,-0.08443517241379289,2.4568965517241392,-2.5,-0.09736620689655151,2.9482758620689666,-2.5
1773868458.947116613,1773868458.947116613,0.000,offline_ground_truth_window,"Environment section (T(v)):
- Current position NED is (-0.03, 0.74, -2.45) m.
- Current velocity is (-0.02, 0.05, -0.00) m/s (speed 0.06 m/s).
- Goal position NED is (-0.77, 28.50, -2.50) m.
- Output contract: predict exactly 5 waypoint x/y pairs in NED. The planner will set every waypoint z to goal z = -2.50 m before execution.
- Goal delta from current state is (-0.74, 27.76, -0.05) m with distance 27.77 m.
- Obstacle pipeline: depth_camera_to_body_to_ned_current_frame.
- Current depth frame obstacle points projected into NED: 1. Nearest depth obstacle in NED is at (-4.67, 11.36, -1.82) m, relative vector (-4.65, 10.62, 0.64) m, distance 11.61 m.
- Depth validity fraction is 0.54. Global nearest obstacle distance is 4.94 m.
- Sector minimum distances [far_left, left, center, right, far_right] are [4.94, 4.94, 4.95, 4.95, 4.96] m.
- Nearest obstacle sector is far_left at 4.94 m and clearance status is clear.
- Lateral planning hint: prefer center progress.","{""waypoints"":[{""x"":-0.05857310344827571,""y"":1.474137931034484},{""x"":-0.07150413793103427,""y"":1.9655172413793118},{""x"":-0.08443517241379289,""y"":2.4568965517241392},{""x"":-0.09736620689655151,""y"":2.9482758620689666},{""x"":-0.11029724137931013,""y"":3.4396551724137945}],""reasoning"":""Selected waypoint 0 moves the reference anchor from 27.53 m to 27.04 m from goal immediately and to 25.07 m by the final waypoint, so progress is 0.49 m selected / 2.46 m final and passes with monotonic goal-distance reduction. Kinematics is evaluated on 5 unique label waypoint(s), excluding consecutive duplicate terminal holds, and checks only that the trajectory stays within the configured bounds speed <= 15.00 m/s and acceleration <= 8.00 m/s^2, so kinematics passes. Goal is not reached within this label waypoint window. Safety passes: minimum clearance 3.76 m against manifest obstacles with 0 violating segment(s).""}",-0.05857310344827571,1.474137931034484,-2.5,-0.07150413793103427,1.9655172413793118,-2.5,-0.08443517241379289,2.4568965517241392,-2.5,-0.09736620689655151,2.9482758620689666,-2.5,-0.11029724137931013,3.4396551724137945,-2.5
1773868466.490283728,1773868466.490283728,0.000,offline_ground_truth_window,"Environment section (T(v)):
- Current position NED is (-0.04, 1.24, -2.47) m.
- Current velocity is (-0.01, 0.07, -0.01) m/s (speed 0.07 m/s).
- Goal position NED is (-0.77, 28.50, -2.50) m.
- Output contract: predict exactly 5 waypoint x/y pairs in NED. The planner will set every waypoint z to goal z = -2.50 m before execution.
- Goal delta from current state is (-0.73, 27.26, -0.03) m with distance 27.27 m.
- Obstacle pipeline: depth_camera_to_body_to_ned_current_frame.
- Current depth frame obstacle points projected into NED: 5. Nearest depth obstacle in NED is at (-3.94, 11.30, -2.37) m, relative vector (-3.90, 10.06, 0.11) m, distance 10.79 m.
- Depth validity fraction is 0.55. Global nearest obstacle distance is 4.93 m.
- Sector minimum distances [far_left, left, center, right, far_right] are [4.94, 4.94, 4.93, 4.93, 4.93] m.
- Nearest obstacle sector is far_right at 4.93 m and clearance status is clear.
- Lateral planning hint: prefer center progress.","{""waypoints"":[{""x"":-0.07150413793103427,""y"":1.9655172413793118},{""x"":-0.08443517241379289,""y"":2.4568965517241392},{""x"":-0.09736620689655151,""y"":2.9482758620689666},{""x"":-0.11029724137931013,""y"":3.4396551724137945},{""x"":-0.12322827586206875,""y"":3.9310344827586223}],""reasoning"":""Selected waypoint 0 moves the reference anchor from 27.04 m to 26.54 m from goal immediately and to 24.58 m by the final waypoint, so progress is 0.49 m selected / 2.46 m final and passes with monotonic goal-distance reduction. Kinematics is evaluated on 5 unique label waypoint(s), excluding consecutive duplicate terminal holds, and checks only that the trajectory stays within the configured bounds speed <= 15.00 m/s and acceleration <= 8.00 m/s^2, so kinematics passes. Goal is not reached within this label waypoint window. Safety passes: minimum clearance 3.65 m against manifest obstacles with 0 violating segment(s).""}",-0.07150413793103427,1.9655172413793118,-2.5,-0.08443517241379289,2.4568965517241392,-2.5,-0.09736620689655151,2.9482758620689666,-2.5,-0.11029724137931013,3.4396551724137945,-2.5,-0.12322827586206875,3.9310344827586223,-2.5
1773868473.692042828,1773868473.692042828,0.000,offline_ground_truth_window,"Environment section (T(v)):
- Current position NED is (-0.08, 1.72, -2.47) m.
- Current velocity is (-0.01, 0.04, 0.00) m/s (speed 0.04 m/s).
- Goal position NED is (-0.77, 28.50, -2.50) m.
- Output contract: predict exactly 5 waypoint x/y pairs in NED. The planner will set every waypoint z to goal z = -2.50 m before execution.
- Goal delta from current state is (-0.69, 26.78, -0.03) m with distance 26.79 m.
- Obstacle pipeline: depth_camera_to_body_to_ned_current_frame.
- Current depth frame obstacle points projected into NED: 2. Nearest depth obstacle in NED is at (-4.11, 11.25, -2.72) m, relative vector (-4.04, 9.53, -0.24) m, distance 10.35 m.
- Depth validity fraction is 0.55. Global nearest obstacle distance is 4.97 m.
- Sector minimum distances [far_left, left, center, right, far_right] are [4.97, 4.97, 4.97, 4.97, 4.98] m.
- Nearest obstacle sector is far_left at 4.97 m and clearance status is clear.
- Lateral planning hint: prefer center progress.","{""waypoints"":[{""x"":-0.08443517241379289,""y"":2.4568965517241392},{""x"":-0.09736620689655151,""y"":2.9482758620689666},{""x"":-0.11029724137931013,""y"":3.4396551724137945},{""x"":-0.12322827586206875,""y"":3.9310344827586223},{""x"":-0.13615931034482742,""y"":4.42241379310345}],""reasoning"":""Selected waypoint 0 moves the reference anchor from 26.54 m to 26.05 m from goal immediately and to 24.09 m by the final waypoint, so progress is 0.49 m selected / 2.46 m final and passes with monotonic goal-distance reduction. Kinematics is evaluated on 5 unique label waypoint(s), excluding consecutive duplicate terminal holds, and checks only that the trajectory stays within the configured bounds speed <= 15.00 m/s and acceleration <= 8.00 m/s^2, so kinematics passes. Goal is not reached within this label waypoint window. Safety passes: minimum clearance 3.61 m against manifest obstacles with 0 violating segment(s).""}",-0.08443517241379289,2.4568965517241392,-2.5,-0.09736620689655151,2.9482758620689666,-2.5,-0.11029724137931013,3.4396551724137945,-2.5,-0.12322827586206875,3.9310344827586223,-2.5,-0.13615931034482742,4.42241379310345,-2.5
1773868482.325471640,1773868482.325471640,0.000,offline_ground_truth_window,"Environment section (T(v)):
- Current position NED is (-0.10, 2.22, -2.48) m.
- Current velocity is (0.00, 0.07, -0.01) m/s (speed 0.07 m/s).
- Goal position NED is (-0.77, 28.50, -2.50) m.
- Output contract: predict exactly 5 waypoint x/y pairs in NED. The planner will set every waypoint z to goal z = -2.50 m before execution.
- Goal delta from current state is (-0.67, 26.28, -0.02) m with distance 26.29 m.
- Obstacle pipeline: depth_camera_to_body_to_ned_current_frame.
- Current depth frame obstacle points projected into NED: 3. Nearest depth obstacle in NED is at (-4.41, 11.36, -2.61) m, relative vector (-4.30, 9.14, -0.12) m, distance 10.10 m.
- Depth validity fraction is 0.55. Global nearest obstacle distance is 4.96 m.
- Sector minimum distances [far_left, left, center, right, far_right] are [4.96, 4.97, 4.97, 4.98, 4.98] m.
- Nearest obstacle sector is far_left at 4.96 m and clearance status is clear.
- Lateral planning hint: prefer center progress.","{""waypoints"":[{""x"":-0.09736620689655151,""y"":2.9482758620689666},{""x"":-0.11029724137931013,""y"":3.4396551724137945},{""x"":-0.12322827586206875,""y"":3.9310344827586223},{""x"":-0.13615931034482742,""y"":4.42241379310345},{""x"":-0.14909034482758599,""y"":4.913793103448278}],""reasoning"":""Selected waypoint 0 moves the reference anchor from 26.05 m to 25.56 m from goal immediately and to 23.59 m by the final waypoint, so progress is 0.49 m selected / 2.46 m final and passes with monotonic goal-distance reduction. Kinematics is evaluated on 5 unique label waypoint(s), excluding consecutive duplicate terminal holds, and checks only that the trajectory stays within the configured bounds speed <= 15.00 m/s and acceleration <= 8.00 m/s^2, so kinematics passes. Goal is not reached within this label waypoint window. Safety passes: minimum clearance 3.60 m against manifest obstacles with 0 violating segment(s).""}",-0.09736620689655151,2.9482758620689666,-2.5,-0.11029724137931013,3.4396551724137945,-2.5,-0.12322827586206875,3.9310344827586223,-2.5,-0.13615931034482742,4.42241379310345,-2.5,-0.14909034482758599,4.913793103448278,-2.5
1773868488.496140242,1773868488.496140242,0.000,offline_ground_truth_window,"Environment section (T(v)):
- Current position NED is (-0.06, 2.71, -2.50) m.
- Current velocity is (-0.01, 0.08, 0.01) m/s (speed 0.08 m/s).
- Goal position NED is (-0.77, 28.50, -2.50) m.
- Output contract: predict exactly 5 waypoint x/y pairs in NED. The planner will set every waypoint z to goal z = -2.50 m before execution.
- Goal delta from current state is (-0.71, 25.79, 0.00) m with distance 25.80 m.
- Obstacle pipeline: depth_camera_to_body_to_ned_current_frame.
- Current depth frame obstacle points projected into NED: 4. Nearest depth obstacle in NED is at (-3.72, 11.38, -2.52) m, relative vector (-3.66, 8.67, -0.01) m, distance 9.41 m.
- Depth validity fraction is 0.55. Global nearest obstacle distance is 5.08 m.
- Sector minimum distances [far_left, left, center, right, far_right] are [5.08, 5.08, 5.08, 5.08, 5.08] m.
- Nearest obstacle sector is far_left at 5.08 m and clearance status is clear.
- Lateral planning hint: prefer center progress.","{""waypoints"":[{""x"":-0.11029724137931013,""y"":3.4396551724137945},{""x"":-0.12322827586206875,""y"":3.9310344827586223},{""x"":-0.13615931034482742,""y"":4.42241379310345},{""x"":-0.14909034482758599,""y"":4.913793103448278},{""x"":-0.1620213793103446,""y"":5.405172413793105}],""reasoning"":""Selected waypoint 0 moves the reference anchor from 25.56 m to 25.07 m from goal immediately and to 23.10 m by the final waypoint, so progress is 0.49 m selected / 2.46 m final and passes with monotonic goal-distance reduction. Kinematics is evaluated on 5 unique label waypoint(s), excluding consecutive duplicate terminal holds, and checks only that the trajectory stays within the configured bounds speed <= 15.00 m/s and acceleration <= 8.00 m/s^2, so kinematics passes. Goal is not reached within this label waypoint window. Safety passes: minimum clearance 3.60 m against manifest obstacles with 0 violating segment(s).""}",-0.11029724137931013,3.4396551724137945,-2.5,-0.12322827586206875,3.9310344827586223,-2.5,-0.13615931034482742,4.42241379310345,-2.5,-0.14909034482758599,4.913793103448278,-2.5,-0.1620213793103446,5.405172413793105,-2.5
1773868493.977584839,1773868493.977584839,0.000,offline_ground_truth_window,"Environment section (T(v)):
- Current position NED is (-0.13, 3.20, -2.49) m.
- Current velocity is (-0.00, 0.06, 0.01) m/s (speed 0.06 m/s).
- Goal position NED is (-0.77, 28.50, -2.50) m.
- Output contract: predict exactly 5 waypoint x/y pairs in NED. The planner will set every waypoint z to goal z = -2.50 m before execution.
- Goal delta from current state is (-0.64, 25.30, -0.01) m with distance 25.31 m.
- Obstacle pipeline: depth_camera_to_body_to_ned_current_frame.
- Current depth frame obstacle points projected into NED: 7. Nearest depth obstacle in NED is at (-3.73, 11.44, -2.50) m, relative vector (-3.60, 8.24, -0.01) m, distance 9.00 m.
- Depth validity fraction is 0.55. Global nearest obstacle distance is 5.05 m.
- Sector minimum distances [far_left, left, center, right, far_right] are [5.05, 5.05, 5.05, 5.05, 5.05] m.
- Nearest obstacle sector is far_left at 5.05 m and clearance status is clear.
- Lateral planning hint: prefer center progress.","{""waypoints"":[{""x"":-0.12322827586206875,""y"":3.9310344827586223},{""x"":-0.13615931034482742,""y"":4.42241379310345},{""x"":-0.14909034482758599,""y"":4.913793103448278},{""x"":-0.1620213793103446,""y"":5.405172413793105},{""x"":-0.17495241379310322,""y"":5.896551724137932}],""reasoning"":""Selected waypoint 0 moves the reference anchor from 25.07 m to 24.58 m from goal immediately and to 22.61 m by the final waypoint, so progress is 0.49 m selected / 2.46 m final and passes with monotonic goal-distance reduction. Kinematics is evaluated on 5 unique label waypoint(s), excluding consecutive duplicate terminal holds, and checks only that the trajectory stays within the configured bounds speed <= 15.00 m/s and acceleration <= 8.00 m/s^2, so kinematics passes. Goal is not reached within this label waypoint window. Safety passes: minimum clearance 3.60 m against manifest obstacles with 0 violating segment(s).""}",-0.12322827586206875,3.9310344827586223,-2.5,-0.13615931034482742,4.42241379310345,-2.5,-0.14909034482758599,4.913793103448278,-2.5,-0.1620213793103446,5.405172413793105,-2.5,-0.17495241379310322,5.896551724137932,-2.5
1773868500.948274851,1773868500.948274851,0.000,offline_ground_truth_window,"Environment section (T(v)):
- Current position NED is (-0.16, 3.68, -2.49) m.
- Current velocity is (-0.00, 0.08, 0.00) m/s (speed 0.08 m/s).
- Goal position NED is (-0.77, 28.50, -2.50) m.
- Output contract: predict exactly 5 waypoint x/y pairs in NED. The planner will set every waypoint z to goal z = -2.50 m before execution.
- Goal delta from current state is (-0.61, 24.82, -0.01) m with distance 24.82 m.
- Obstacle pipeline: depth_camera_to_body_to_ned_current_frame.
- Current depth frame obstacle points projected into NED: 6. Nearest depth obstacle in NED is at (-3.89, 11.35, -2.48) m, relative vector (-3.73, 7.67, 0.01) m, distance 8.53 m.
- Depth validity fraction is 0.55. Global nearest obstacle distance is 5.03 m.
- Sector minimum distances [far_left, left, center, right, far_right] are [5.03, 5.03, 5.04, 5.04, 5.04] m.
- Nearest obstacle sector is far_left at 5.03 m and clearance status is clear.
- Lateral planning hint: prefer center progress.","{""waypoints"":[{""x"":-0.13615931034482742,""y"":4.42241379310345},{""x"":-0.14909034482758599,""y"":4.913793103448278},{""x"":-0.1620213793103446,""y"":5.405172413793105},{""x"":-0.17495241379310322,""y"":5.896551724137932},{""x"":-0.1878834482758619,""y"":6.38793103448276}],""reasoning"":""Selected waypoint 0 moves the reference anchor from 24.58 m to 24.09 m from goal immediately and to 22.12 m by the final waypoint, so progress is 0.49 m selected / 2.46 m final and passes with monotonic goal-distance reduction. Kinematics is evaluated on 5 unique label waypoint(s), excluding consecutive duplicate terminal holds, and checks only that the trajectory stays within the configured bounds speed <= 15.00 m/s and acceleration <= 8.00 m/s^2, so kinematics passes. Goal is not reached within this label waypoint window. Safety passes: minimum clearance 3.60 m against manifest obstacles with 0 violating segment(s).""}",-0.13615931034482742,4.42241379310345,-2.5,-0.14909034482758599,4.913793103448278,-2.5,-0.1620213793103446,5.405172413793105,-2.5,-0.17495241379310322,5.896551724137932,-2.5,-0.1878834482758619,6.38793103448276,-2.5
1773868507.967009068,1773868507.967009068,0.000,offline_ground_truth_window,"Environment section (T(v)):
- Current position NED is (-0.17, 4.18, -2.51) m.
- Current velocity is (0.01, 0.06, 0.01) m/s (speed 0.06 m/s).
- Goal position NED is (-0.77, 28.50, -2.50) m.
- Output contract: predict exactly 5 waypoint x/y pairs in NED. The planner will set every waypoint z to goal z = -2.50 m before execution.
- Goal delta from current state is (-0.60, 24.32, 0.01) m with distance 24.33 m.
- Obstacle pipeline: depth_camera_to_body_to_ned_current_frame.
- Current depth frame obstacle points projected into NED: 5. Nearest depth obstacle in NED is at (-3.97, 11.33, -2.45) m, relative vector (-3.80, 7.15, 0.05) m, distance 8.10 m.
- Depth validity fraction is 0.55. Global nearest obstacle distance is 5.04 m.
- Sector minimum distances [far_left, left, center, right, far_right] are [5.04, 5.04, 5.04, 5.05, 5.05] m.
- Nearest obstacle sector is far_left at 5.04 m and clearance status is clear.
- Lateral planning hint: prefer center progress.","{""waypoints"":[{""x"":-0.14909034482758599,""y"":4.913793103448278},{""x"":-0.1620213793103446,""y"":5.405172413793105},{""x"":-0.17495241379310322,""y"":5.896551724137932},{""x"":-0.1878834482758619,""y"":6.38793103448276},{""x"":-0.20081448275862046,""y"":6.879310344827587}],""reasoning"":""Selected waypoint 0 moves the reference anchor from 24.09 m to 23.59 m from goal immediately and to 21.63 m by the final waypoint, so progress is 0.49 m selected / 2.46 m final and passes with monotonic goal-distance reduction. Kinematics is evaluated on 5 unique label waypoint(s), excluding consecutive duplicate terminal holds, and checks only that the trajectory stays within the configured bounds speed <= 15.00 m/s and acceleration <= 8.00 m/s^2, so kinematics passes. Goal is not reached within this label waypoint window. Safety passes: minimum clearance 3.60 m against manifest obstacles with 0 violating segment(s).""}",-0.14909034482758599,4.913793103448278,-2.5,-0.1620213793103446,5.405172413793105,-2.5,-0.17495241379310322,5.896551724137932,-2.5,-0.1878834482758619,6.38793103448276,-2.5,-0.20081448275862046,6.879310344827587,-2.5
1773868514.047065258,1773868514.047065258,0.000,offline_ground_truth_window,"Environment section (T(v)):
- Current position NED is (-0.16, 4.67, -2.52) m.
- Current velocity is (0.01, 0.07, 0.01) m/s (speed 0.07 m/s).
- Goal position NED is (-0.77, 28.50, -2.50) m.
- Output contract: predict exactly 5 waypoint x/y pairs in NED. The planner will set every waypoint z to goal z = -2.50 m before execution.
- Goal delta from current state is (-0.61, 23.83, 0.02) m with distance 23.84 m.
- Obstacle pipeline: depth_camera_to_body_to_ned_current_frame.
- Current depth frame obstacle points projected into NED: 6. Nearest depth obstacle in NED is at (-3.77, 11.37, -2.23) m, relative vector (-3.61, 6.70, 0.28) m, distance 7.62 m.
- Depth validity fraction is 0.55. Global nearest obstacle distance is 5.09 m.
- Sector minimum distances [far_left, left, center, right, far_right] are [5.10, 5.09, 5.09, 5.09, 5.09] m.
- Nearest obstacle sector is far_right at 5.09 m and clearance status is clear.
- Lateral planning hint: prefer center progress.","{""waypoints"":[{""x"":-0.1620213793103446,""y"":5.405172413793105},{""x"":-0.17495241379310322,""y"":5.896551724137932},{""x"":-0.1878834482758619,""y"":6.38793103448276},{""x"":-0.20081448275862046,""y"":6.879310344827587},{""x"":-0.21374551724137913,""y"":7.370689655172416}],""reasoning"":""Selected waypoint 0 moves the reference anchor from 23.59 m to 23.10 m from goal immediately and to 21.14 m by the final waypoint, so progress is 0.49 m selected / 2.46 m final and passes with monotonic goal-distance reduction. Kinematics is evaluated on 5 unique label waypoint(s), excluding consecutive duplicate terminal holds, and checks only that the trajectory stays within the configured bounds speed <= 15.00 m/s and acceleration <= 8.00 m/s^2, so kinematics passes. Goal is not reached within this label waypoint window. Safety passes: minimum clearance 3.62 m against manifest obstacles with 0 violating segment(s).""}",-0.1620213793103446,5.405172413793105,-2.5,-0.17495241379310322,5.896551724137932,-2.5,-0.1878834482758619,6.38793103448276,-2.5,-0.20081448275862046,6.879310344827587,-2.5,-0.21374551724137913,7.370689655172416,-2.5
1773868521.484422684,1773868521.484422684,0.000,offline_ground_truth_window,"Environment section (T(v)):
- Current position NED is (-0.16, 5.16, -2.48) m.
- Current velocity is (-0.01, 0.05, 0.00) m/s (speed 0.05 m/s).
- Goal position NED is (-0.77, 28.50, -2.50) m.
- Output contract: predict exactly 5 waypoint x/y pairs in NED. The planner will set every waypoint z to goal z = -2.50 m before execution.
- Goal delta from current state is (-0.61, 23.34, -0.02) m with distance 23.35 m.
- Obstacle pipeline: depth_camera_to_body_to_ned_current_frame.
- Current depth frame obstacle points projected into NED: 10. Nearest depth obstacle in NED is at (-3.79, 11.32, -2.64) m, relative vector (-3.63, 6.16, -0.16) m, distance 7.15 m.
- Depth validity fraction is 0.55. Global nearest obstacle distance is 5.04 m.
- Sector minimum distances [far_left, left, center, right, far_right] are [5.04, 5.05, 5.05, 5.05, 5.06] m.
- Nearest obstacle sector is far_left at 5.04 m and clearance status is clear.
- Lateral planning hint: prefer center progress.","{""waypoints"":[{""x"":-0.17495241379310322,""y"":5.896551724137932},{""x"":-0.1878834482758619,""y"":6.38793103448276},{""x"":-0.20081448275862046,""y"":6.879310344827587},{""x"":-0.21374551724137913,""y"":7.370689655172416},{""x"":-0.2266765517241377,""y"":7.862068965517244}],""reasoning"":""Selected waypoint 0 moves the reference anchor from 23.10 m to 22.61 m from goal immediately and to 20.65 m by the final waypoint, so progress is 0.49 m selected / 2.46 m final and passes with monotonic goal-distance reduction. Kinematics is evaluated on 5 unique label waypoint(s), excluding consecutive duplicate terminal holds, and checks only that the trajectory stays within the configured bounds speed <= 15.00 m/s and acceleration <= 8.00 m/s^2, so kinematics passes. Goal is not reached within this label waypoint window. Safety passes: minimum clearance 3.69 m against manifest obstacles with 0 violating segment(s).""}",-0.17495241379310322,5.896551724137932,-2.5,-0.1878834482758619,6.38793103448276,-2.5,-0.20081448275862046,6.879310344827587,-2.5,-0.21374551724137913,7.370689655172416,-2.5,-0.2266765517241377,7.862068965517244,-2.5
1773868529.568277121,1773868529.568277121,0.000,offline_ground_truth_window,"Environment section (T(v)):
- Current position NED is (-0.16, 5.65, -2.49) m.
- Current velocity is (-0.01, 0.07, -0.00) m/s (speed 0.07 m/s).
- Goal position NED is (-0.77, 28.50, -2.50) m.
- Output contract: predict exactly 5 waypoint x/y pairs in NED. The planner will set every waypoint z to goal z = -2.50 m before execution.
- Goal delta from current state is (-0.61, 22.85, -0.01) m with distance 22.86 m.
- Obstacle pipeline: depth_camera_to_body_to_ned_current_frame.
- Current depth frame obstacle points projected into NED: 13. Nearest depth obstacle in NED is at (-3.76, 11.35, -2.03) m, relative vector (-3.60, 5.70, 0.46) m, distance 6.76 m.
- Depth validity fraction is 0.55. Global nearest obstacle distance is 5.01 m.
- Sector minimum distances [far_left, left, center, right, far_right] are [5.01, 5.02, 5.02, 5.02, 5.03] m.
- Nearest obstacle sector is far_left at 5.01 m and clearance status is clear.
- Lateral planning hint: prefer center progress.","{""waypoints"":[{""x"":-0.1878834482758619,""y"":6.38793103448276},{""x"":-0.20081448275862046,""y"":6.879310344827587},{""x"":-0.21374551724137913,""y"":7.370689655172416},{""x"":-0.2266765517241377,""y"":7.862068965517244},{""x"":-0.23960758620689632,""y"":8.35344827586207}],""reasoning"":""Selected waypoint 0 moves the reference anchor from 22.61 m to 22.12 m from goal immediately and to 20.15 m by the final waypoint, so progress is 0.49 m selected / 2.46 m final and passes with monotonic goal-distance reduction. Kinematics is evaluated on 5 unique label waypoint(s), excluding consecutive duplicate terminal holds, and checks only that the trajectory stays within the configured bounds speed <= 15.00 m/s and acceleration <= 8.00 m/s^2, so kinematics passes. Goal is not reached within this label waypoint window. Safety passes: minimum clearance 3.82 m against manifest obstacles with 0 violating segment(s).""}",-0.1878834482758619,6.38793103448276,-2.5,-0.20081448275862046,6.879310344827587,-2.5,-0.21374551724137913,7.370689655172416,-2.5,-0.2266765517241377,7.862068965517244,-2.5,-0.23960758620689632,8.35344827586207,-2.5
1773868538.099907875,1773868538.099907875,0.000,offline_ground_truth_window,"Environment section (T(v)):
- Current position NED is (-0.18, 6.14, -2.50) m.
- Current velocity is (0.00, 0.04, 0.00) m/s (speed 0.04 m/s).
- Goal position NED is (-0.77, 28.50, -2.50) m.
- Output contract: predict exactly 5 waypoint x/y pairs in NED. The planner will set every waypoint z to goal z = -2.50 m before execution.
- Goal delta from current state is (-0.59, 22.36, -0.00) m with distance 22.36 m.
- Obstacle pipeline: depth_camera_to_body_to_ned_current_frame.
- Current depth frame obstacle points projected into NED: 14. Nearest depth obstacle in NED is at (-3.54, 11.49, -2.30) m, relative vector (-3.36, 5.34, 0.20) m, distance 6.31 m.
- Depth validity fraction is 0.55. Global nearest obstacle distance is 5.03 m.
- Sector minimum distances [far_left, left, center, right, far_right] are [5.03, 5.03, 5.03, 5.03, 5.03] m.
- Nearest obstacle sector is far_right at 5.03 m and clearance status is clear.
- Lateral planning hint: prefer center progress.","{""waypoints"":[{""x"":-0.20081448275862046,""y"":6.879310344827587},{""x"":-0.21374551724137913,""y"":7.370689655172416},{""x"":-0.2266765517241377,""y"":7.862068965517244},{""x"":-0.23960758620689632,""y"":8.35344827586207},{""x"":-0.252538620689655,""y"":8.844827586206899}],""reasoning"":""Selected waypoint 0 moves the reference anchor from 22.12 m to 21.63 m from goal immediately and to 19.66 m by the final waypoint, so progress is 0.49 m selected / 2.46 m final and passes with monotonic goal-distance reduction. Kinematics is evaluated on 5 unique label waypoint(s), excluding consecutive duplicate terminal holds, and checks only that the trajectory stays within the configured bounds speed <= 15.00 m/s and acceleration <= 8.00 m/s^2, so kinematics passes. Goal is not reached within this label waypoint window. Safety passes: minimum clearance 3.58 m against manifest obstacles with 0 violating segment(s).""}",-0.20081448275862046,6.879310344827587,-2.5,-0.21374551724137913,7.370689655172416,-2.5,-0.2266765517241377,7.862068965517244,-2.5,-0.23960758620689632,8.35344827586207,-2.5,-0.252538620689655,8.844827586206899,-2.5
1773868544.241831303,1773868544.241831303,0.000,offline_ground_truth_window,"Environment section (T(v)):
- Current position NED is (-0.19, 6.63, -2.50) m.
- Current velocity is (-0.01, 0.06, 0.00) m/s (speed 0.06 m/s).
- Goal position NED is (-0.77, 28.50, -2.50) m.
- Output contract: predict exactly 5 waypoint x/y pairs in NED. The planner will set every waypoint z to goal z = -2.50 m before execution.
- Goal delta from current state is (-0.58, 21.87, -0.00) m with distance 21.87 m.
- Obstacle pipeline: depth_camera_to_body_to_ned_current_frame.
- Current depth frame obstacle points projected into NED: 12. Nearest depth obstacle in NED is at (-3.76, 11.35, -1.96) m, relative vector (-3.57, 4.71, 0.53) m, distance 5.94 m.
- Depth validity fraction is 0.55. Global nearest obstacle distance is 4.80 m.
- Sector minimum distances [far_left, left, center, right, far_right] are [4.80, 5.06, 5.07, 5.07, 5.07] m.
- Nearest obstacle sector is far_left at 4.80 m and clearance status is clear.
- Lateral planning hint: prefer center progress.","{""waypoints"":[{""x"":-0.21374551724137913,""y"":7.370689655172416},{""x"":-0.2266765517241377,""y"":7.862068965517244},{""x"":-0.23960758620689632,""y"":8.35344827586207},{""x"":-0.252538620689655,""y"":8.844827586206899},{""x"":-0.2654696551724136,""y"":9.336206896551726}],""reasoning"":""Selected waypoint 0 moves the reference anchor from 21.63 m to 21.14 m from goal immediately and to 19.17 m by the final waypoint, so progress is 0.49 m selected / 2.46 m final and passes with monotonic goal-distance reduction. Kinematics is evaluated on 5 unique label waypoint(s), excluding consecutive duplicate terminal holds, and checks only that the trajectory stays within the configured bounds speed <= 15.00 m/s and acceleration <= 8.00 m/s^2, so kinematics passes. Goal is not reached within this label waypoint window. Safety passes: minimum clearance 3.26 m against manifest obstacles with 0 violating segment(s).""}",-0.21374551724137913,7.370689655172416,-2.5,-0.2266765517241377,7.862068965517244,-2.5,-0.23960758620689632,8.35344827586207,-2.5,-0.252538620689655,8.844827586206899,-2.5,-0.2654696551724136,9.336206896551726,-2.5
1773868551.394593239,1773868551.394593239,0.000,offline_ground_truth_window,"Environment section (T(v)):
- Current position NED is (-0.18, 7.13, -2.51) m.
- Current velocity is (0.00, 0.04, 0.00) m/s (speed 0.04 m/s).
- Goal position NED is (-0.77, 28.50, -2.50) m.
- Output contract: predict exactly 5 waypoint x/y pairs in NED. The planner will set every waypoint z to goal z = -2.50 m before execution.
- Goal delta from current state is (-0.59, 21.37, 0.01) m with distance 21.38 m.
- Obstacle pipeline: depth_camera_to_body_to_ned_current_frame.
- Current depth frame obstacle points projected into NED: 11. Nearest depth obstacle in NED is at (-3.63, 11.39, -2.54) m, relative vector (-3.45, 4.26, -0.03) m, distance 5.48 m.
- Depth validity fraction is 0.55. Global nearest obstacle distance is 4.34 m.
- Sector minimum distances [far_left, left, center, right, far_right] are [4.34, 4.98, 4.98, 4.97, 4.97] m.
- Nearest obstacle sector is far_left at 4.34 m and clearance status is clear.
- Lateral planning hint: prefer center progress.","{""waypoints"":[{""x"":-0.2266765517241377,""y"":7.862068965517244},{""x"":-0.23960758620689632,""y"":8.35344827586207},{""x"":-0.252538620689655,""y"":8.844827586206899},{""x"":-0.2654696551724136,""y"":9.336206896551726},{""x"":-0.27840068965517223,""y"":9.827586206896553}],""reasoning"":""Selected waypoint 0 moves the reference anchor from 21.14 m to 20.65 m from goal immediately and to 18.68 m by the final waypoint, so progress is 0.49 m selected / 2.46 m final and passes with monotonic goal-distance reduction. Kinematics is evaluated on 5 unique label waypoint(s), excluding consecutive duplicate terminal holds, and checks only that the trajectory stays within the configured bounds speed <= 15.00 m/s and acceleration <= 8.00 m/s^2, so kinematics passes. Goal is not reached within this label waypoint window. Safety passes: minimum clearance 2.98 m against manifest obstacles with 0 violating segment(s).""}",-0.2266765517241377,7.862068965517244,-2.5,-0.23960758620689632,8.35344827586207,-2.5,-0.252538620689655,8.844827586206899,-2.5,-0.2654696551724136,9.336206896551726,-2.5,-0.27840068965517223,9.827586206896553,-2.5
1773868556.898963213,1773868556.898963213,0.000,offline_ground_truth_window,"Environment section (T(v)):
- Current position NED is (-0.20, 7.62, -2.50) m.
- Current velocity is (-0.01, 0.07, 0.00) m/s (speed 0.07 m/s).
- Goal position NED is (-0.77, 28.50, -2.50) m.
- Output contract: predict exactly 5 waypoint x/y pairs in NED. The planner will set every waypoint z to goal z = -2.50 m before execution.
- Goal delta from current state is (-0.57, 20.88, -0.00) m with distance 20.89 m.
- Obstacle pipeline: depth_camera_to_body_to_ned_current_frame.
- Current depth frame obstacle points projected into NED: 9. Nearest depth obstacle in NED is at (-3.48, 11.53, -2.32) m, relative vector (-3.28, 3.91, 0.18) m, distance 5.11 m.
- Depth validity fraction is 0.55. Global nearest obstacle distance is 4.01 m.
- Sector minimum distances [far_left, left, center, right, far_right] are [4.01, 4.98, 4.98, 4.97, 4.97] m.
- Nearest obstacle sector is far_left at 4.01 m and clearance status is clear.
- Lateral planning hint: right side is clearer.","{""waypoints"":[{""x"":-0.23960758620689632,""y"":8.35344827586207},{""x"":-0.252538620689655,""y"":8.844827586206899},{""x"":-0.2654696551724136,""y"":9.336206896551726},{""x"":-0.27840068965517223,""y"":9.827586206896553},{""x"":-0.29133172413793085,""y"":10.31896551724138}],""reasoning"":""Selected waypoint 0 moves the reference anchor from 20.65 m to 20.15 m from goal immediately and to 18.19 m by the final waypoint, so progress is 0.49 m selected / 2.46 m final and passes with monotonic goal-distance reduction. Kinematics is evaluated on 5 unique label waypoint(s), excluding consecutive duplicate terminal holds, and checks only that the trajectory stays within the configured bounds speed <= 15.00 m/s and acceleration <= 8.00 m/s^2, so kinematics passes. Goal is not reached within this label waypoint window. Safety passes: minimum clearance 2.75 m against manifest obstacles with 0 violating segment(s).""}",-0.23960758620689632,8.35344827586207,-2.5,-0.252538620689655,8.844827586206899,-2.5,-0.2654696551724136,9.336206896551726,-2.5,-0.27840068965517223,9.827586206896553,-2.5,-0.29133172413793085,10.31896551724138,-2.5
1773868561.716962814,1773868561.716962814,0.000,offline_ground_truth_window,"Environment section (T(v)):
- Current position NED is (-0.26, 8.11, -2.48) m.
- Current velocity is (0.01, 0.09, -0.00) m/s (speed 0.09 m/s).
- Goal position NED is (-0.77, 28.50, -2.50) m.
- Output contract: predict exactly 5 waypoint x/y pairs in NED. The planner will set every waypoint z to goal z = -2.50 m before execution.
- Goal delta from current state is (-0.51, 20.39, -0.02) m with distance 20.40 m.
- Obstacle pipeline: depth_camera_to_body_to_ned_current_frame.
- Current depth frame obstacle points projected into NED: 1. Nearest depth obstacle in NED is at (2.66, 19.98, -2.71) m, relative vector (2.92, 11.87, -0.22) m, distance 12.23 m.
- Depth validity fraction is 0.54. Global nearest obstacle distance is 4.01 m.
- Sector minimum distances [far_left, left, center, right, far_right] are [4.01, 5.01, 5.01, 5.01, 5.01] m.
- Nearest obstacle sector is far_left at 4.01 m and clearance status is clear.
- Lateral planning hint: right side is clearer.","{""waypoints"":[{""x"":-0.252538620689655,""y"":8.844827586206899},{""x"":-0.2654696551724136,""y"":9.336206896551726},{""x"":-0.27840068965517223,""y"":9.827586206896553},{""x"":-0.29133172413793085,""y"":10.31896551724138},{""x"":-0.3042627586206894,""y"":10.810344827586208}],""reasoning"":""Selected waypoint 0 moves the reference anchor from 20.15 m to 19.66 m from goal immediately and to 17.70 m by the final waypoint, so progress is 0.49 m selected / 2.46 m final and passes with monotonic goal-distance reduction. Kinematics is evaluated on 5 unique label waypoint(s), excluding consecutive duplicate terminal holds, and checks only that the trajectory stays within the configured bounds speed <= 15.00 m/s and acceleration <= 8.00 m/s^2, so kinematics passes. Goal is not reached within this label waypoint window. Safety passes: minimum clearance 2.59 m against manifest obstacles with 0 violating segment(s).""}",-0.252538620689655,8.844827586206899,-2.5,-0.2654696551724136,9.336206896551726,-2.5,-0.27840068965517223,9.827586206896553,-2.5,-0.29133172413793085,10.31896551724138,-2.5,-0.3042627586206894,10.810344827586208,-2.5
1773868568.118055582,1773868568.118055582,0.000,offline_ground_truth_window,"Environment section (T(v)):
- Current position NED is (-0.27, 8.60, -2.50) m.
- Current velocity is (0.01, 0.08, 0.01) m/s (speed 0.08 m/s).
- Goal position NED is (-0.77, 28.50, -2.50) m.
- Output contract: predict exactly 5 waypoint x/y pairs in NED. The planner will set every waypoint z to goal z = -2.50 m before execution.
- Goal delta from current state is (-0.50, 19.90, 0.00) m with distance 19.91 m.
- Obstacle pipeline: depth_camera_to_body_to_ned_current_frame.
- Current depth frame obstacle points projected into NED: 0. Nearest depth obstacle in NED is at (-0.27, 8.60, -2.50) m, relative vector (20.00, 0.00, 0.00) m, distance 20.00 m.
- Depth validity fraction is 0.54. Global nearest obstacle distance is 5.03 m.
- Sector minimum distances [far_left, left, center, right, far_right] are [5.04, 5.04, 5.04, 5.03, 5.03] m.
- Nearest obstacle sector is far_right at 5.03 m and clearance status is clear.
- Lateral planning hint: prefer center progress.","{""waypoints"":[{""x"":-0.2654696551724136,""y"":9.336206896551726},{""x"":-0.27840068965517223,""y"":9.827586206896553},{""x"":-0.29133172413793085,""y"":10.31896551724138},{""x"":-0.3042627586206894,""y"":10.810344827586208},{""x"":-0.3171937931034481,""y"":11.301724137931037}],""reasoning"":""Selected waypoint 0 moves the reference anchor from 19.66 m to 19.17 m from goal immediately and to 17.20 m by the final waypoint, so progress is 0.49 m selected / 2.46 m final and passes with monotonic goal-distance reduction. Kinematics is evaluated on 5 unique label waypoint(s), excluding consecutive duplicate terminal holds, and checks only that the trajectory stays within the configured bounds speed <= 15.00 m/s and acceleration <= 8.00 m/s^2, so kinematics passes. Goal is not reached within this label waypoint window. Safety passes: minimum clearance 2.50 m against manifest obstacles with 0 violating segment(s).""}",-0.2654696551724136,9.336206896551726,-2.5,-0.27840068965517223,9.827586206896553,-2.5,-0.29133172413793085,10.31896551724138,-2.5,-0.3042627586206894,10.810344827586208,-2.5,-0.3171937931034481,11.301724137931037,-2.5
1773868574.930902958,1773868574.930902958,0.000,offline_ground_truth_window,"Environment section (T(v)):
- Current position NED is (-0.23, 9.09, -2.48) m.
- Current velocity is (0.00, 0.06, -0.00) m/s (speed 0.06 m/s).
- Goal position NED is (-0.77, 28.50, -2.50) m.
- Output contract: predict exactly 5 waypoint x/y pairs in NED. The planner will set every waypoint z to goal z = -2.50 m before execution.
- Goal delta from current state is (-0.54, 19.41, -0.02) m with distance 19.42 m.
- Obstacle pipeline: depth_camera_to_body_to_ned_current_frame.
- Current depth frame obstacle points projected into NED: 3. Nearest depth obstacle in NED is at (2.82, 19.99, -2.27) m, relative vector (3.05, 10.90, 0.21) m, distance 11.32 m.
- Depth validity fraction is 0.54. Global nearest obstacle distance is 5.01 m.
- Sector minimum distances [far_left, left, center, right, far_right] are [5.03, 5.02, 5.02, 5.01, 5.01] m.
- Nearest obstacle sector is far_right at 5.01 m and clearance status is clear.
- Lateral planning hint: prefer center progress.","{""waypoints"":[{""x"":-0.27840068965517223,""y"":9.827586206896553},{""x"":-0.29133172413793085,""y"":10.31896551724138},{""x"":-0.3042627586206894,""y"":10.810344827586208},{""x"":-0.3171937931034481,""y"":11.301724137931037},{""x"":-0.3301248275862067,""y"":11.793103448275863}],""reasoning"":""Selected waypoint 0 moves the reference anchor from 19.17 m to 18.68 m from goal immediately and to 16.71 m by the final waypoint, so progress is 0.49 m selected / 2.46 m final and passes with monotonic goal-distance reduction. Kinematics is evaluated on 5 unique label waypoint(s), excluding consecutive duplicate terminal holds, and checks only that the trajectory stays within the configured bounds speed <= 15.00 m/s and acceleration <= 8.00 m/s^2, so kinematics passes. Goal is not reached within this label waypoint window. Safety passes: minimum clearance 2.49 m against manifest obstacles with 0 violating segment(s).""}",-0.27840068965517223,9.827586206896553,-2.5,-0.29133172413793085,10.31896551724138,-2.5,-0.3042627586206894,10.810344827586208,-2.5,-0.3171937931034481,11.301724137931037,-2.5,-0.3301248275862067,11.793103448275863,-2.5
1773868580.967961550,1773868580.967961550,0.000,offline_ground_truth_window,"Environment section (T(v)):
- Current position NED is (-0.31, 9.59, -2.49) m.
- Current velocity is (-0.01, 0.08, -0.00) m/s (speed 0.08 m/s).
- Goal position NED is (-0.77, 28.50, -2.50) m.
- Output contract: predict exactly 5 waypoint x/y pairs in NED. The planner will set every waypoint z to goal z = -2.50 m before execution.
- Goal delta from current state is (-0.46, 18.91, -0.01) m with distance 18.92 m.
- Obstacle pipeline: depth_camera_to_body_to_ned_current_frame.
- Current depth frame obstacle points projected into NED: 7. Nearest depth obstacle in NED is at (2.75, 19.96, -1.99) m, relative vector (3.06, 10.37, 0.50) m, distance 10.83 m.
- Depth validity fraction is 0.54. Global nearest obstacle distance is 5.00 m.
- Sector minimum distances [far_left, left, center, right, far_right] are [5.00, 5.01, 5.01, 5.02, 5.03] m.
- Nearest obstacle sector is far_left at 5.00 m and clearance status is clear.
- Lateral planning hint: prefer center progress.","{""waypoints"":[{""x"":-0.29133172413793085,""y"":10.31896551724138},{""x"":-0.3042627586206894,""y"":10.810344827586208},{""x"":-0.3171937931034481,""y"":11.301724137931037},{""x"":-0.3301248275862067,""y"":11.793103448275863},{""x"":-0.3430558620689653,""y"":12.28448275862069}],""reasoning"":""Selected waypoint 0 moves the reference anchor from 18.68 m to 18.19 m from goal immediately and to 16.22 m by the final waypoint, so progress is 0.49 m selected / 2.46 m final and passes with monotonic goal-distance reduction. Kinematics is evaluated on 5 unique label waypoint(s), excluding consecutive duplicate terminal holds, and checks only that the trajectory stays within the configured bounds speed <= 15.00 m/s and acceleration <= 8.00 m/s^2, so kinematics passes. Goal is not reached within this label waypoint window. Safety passes: minimum clearance 2.49 m against manifest obstacles with 0 violating segment(s).""}",-0.29133172413793085,10.31896551724138,-2.5,-0.3042627586206894,10.810344827586208,-2.5,-0.3171937931034481,11.301724137931037,-2.5,-0.3301248275862067,11.793103448275863,-2.5,-0.3430558620689653,12.28448275862069,-2.5
1773868587.050958633,1773868587.050958633,0.000,offline_ground_truth_window,"Environment section (T(v)):
- Current position NED is (-0.31, 10.07, -2.49) m.
- Current velocity is (-0.00, 0.06, 0.00) m/s (speed 0.06 m/s).
- Goal position NED is (-0.77, 28.50, -2.50) m.
- Output contract: predict exactly 5 waypoint x/y pairs in NED. The planner will set every waypoint z to goal z = -2.50 m before execution.
- Goal delta from current state is (-0.46, 18.43, -0.01) m with distance 18.43 m.
- Obstacle pipeline: depth_camera_to_body_to_ned_current_frame.
- Current depth frame obstacle points projected into NED: 2. Nearest depth obstacle in NED is at (2.63, 20.00, -2.73) m, relative vector (2.93, 9.92, -0.24) m, distance 10.35 m.
- Depth validity fraction is 0.54. Global nearest obstacle distance is 5.09 m.
- Sector minimum distances [far_left, left, center, right, far_right] are [5.09, 5.09, 5.09, 5.09, 5.09] m.
- Nearest obstacle sector is far_left at 5.09 m and clearance status is clear.
- Lateral planning hint: prefer center progress.","{""waypoints"":[{""x"":-0.3042627586206894,""y"":10.810344827586208},{""x"":-0.3171937931034481,""y"":11.301724137931037},{""x"":-0.3301248275862067,""y"":11.793103448275863},{""x"":-0.3430558620689653,""y"":12.28448275862069},{""x"":-0.35598689655172394,""y"":12.77586206896552}],""reasoning"":""Selected waypoint 0 moves the reference anchor from 18.19 m to 17.70 m from goal immediately and to 15.73 m by the final waypoint, so progress is 0.49 m selected / 2.46 m final and passes with monotonic goal-distance reduction. Kinematics is evaluated on 5 unique label waypoint(s), excluding consecutive duplicate terminal holds, and checks only that the trajectory stays within the configured bounds speed <= 15.00 m/s and acceleration <= 8.00 m/s^2, so kinematics passes. Goal is not reached within this label waypoint window. Safety passes: minimum clearance 2.49 m against manifest obstacles with 0 violating segment(s).""}",-0.3042627586206894,10.810344827586208,-2.5,-0.3171937931034481,11.301724137931037,-2.5,-0.3301248275862067,11.793103448275863,-2.5,-0.3430558620689653,12.28448275862069,-2.5,-0.35598689655172394,12.77586206896552,-2.5
1773868593.117723465,1773868593.117723465,0.000,offline_ground_truth_window,"Environment section (T(v)):
- Current position NED is (-0.29, 10.57, -2.51) m.
- Current velocity is (0.01, 0.06, 0.01) m/s (speed 0.06 m/s).
- Goal position NED is (-0.77, 28.50, -2.50) m.
- Output contract: predict exactly 5 waypoint x/y pairs in NED. The planner will set every waypoint z to goal z = -2.50 m before execution.
- Goal delta from current state is (-0.48, 17.93, 0.01) m with distance 17.94 m.
- Obstacle pipeline: depth_camera_to_body_to_ned_current_frame.
- Current depth frame obstacle points projected into NED: 9. Nearest depth obstacle in NED is at (2.83, 19.93, -2.36) m, relative vector (3.12, 9.36, 0.15) m, distance 9.87 m.
- Depth validity fraction is 0.54. Global nearest obstacle distance is 5.05 m.
- Sector minimum distances [far_left, left, center, right, far_right] are [5.07, 5.06, 5.06, 5.06, 5.05] m.
- Nearest obstacle sector is far_right at 5.05 m and clearance status is clear.
- Lateral planning hint: prefer center progress.","{""waypoints"":[{""x"":-0.3171937931034481,""y"":11.301724137931037},{""x"":-0.3301248275862067,""y"":11.793103448275863},{""x"":-0.3430558620689653,""y"":12.28448275862069},{""x"":-0.35598689655172394,""y"":12.77586206896552},{""x"":-0.36891793103448256,""y"":13.267241379310347}],""reasoning"":""Selected waypoint 0 moves the reference anchor from 17.70 m to 17.20 m from goal immediately and to 15.24 m by the final waypoint, so progress is 0.49 m selected / 2.46 m final and passes with monotonic goal-distance reduction. Kinematics is evaluated on 5 unique label waypoint(s), excluding consecutive duplicate terminal holds, and checks only that the trajectory stays within the configured bounds speed <= 15.00 m/s and acceleration <= 8.00 m/s^2, so kinematics passes. Goal is not reached within this label waypoint window. Safety passes: minimum clearance 2.49 m against manifest obstacles with 0 violating segment(s).""}",-0.3171937931034481,11.301724137931037,-2.5,-0.3301248275862067,11.793103448275863,-2.5,-0.3430558620689653,12.28448275862069,-2.5,-0.35598689655172394,12.77586206896552,-2.5,-0.36891793103448256,13.267241379310347,-2.5
1773868599.831430435,1773868599.831430435,0.000,offline_ground_truth_window,"Environment section (T(v)):
- Current position NED is (-0.33, 11.06, -2.51) m.
- Current velocity is (-0.01, 0.08, 0.01) m/s (speed 0.08 m/s).
- Goal position NED is (-0.77, 28.50, -2.50) m.
- Output contract: predict exactly 5 waypoint x/y pairs in NED. The planner will set every waypoint z to goal z = -2.50 m before execution.
- Goal delta from current state is (-0.44, 17.44, 0.01) m with distance 17.45 m.
- Obstacle pipeline: depth_camera_to_body_to_ned_current_frame.
- Current depth frame obstacle points projected into NED: 6. Nearest depth obstacle in NED is at (2.73, 19.96, -2.54) m, relative vector (3.06, 8.90, -0.03) m, distance 9.41 m.
- Depth validity fraction is 0.55. Global nearest obstacle distance is 4.98 m.
- Sector minimum distances [far_left, left, center, right, far_right] are [4.98, 4.99, 4.99, 4.99, 5.00] m.
- Nearest obstacle sector is far_left at 4.98 m and clearance status is clear.
- Lateral planning hint: prefer center progress.","{""waypoints"":[{""x"":-0.3301248275862067,""y"":11.793103448275863},{""x"":-0.3430558620689653,""y"":12.28448275862069},{""x"":-0.35598689655172394,""y"":12.77586206896552},{""x"":-0.36891793103448256,""y"":13.267241379310347},{""x"":-0.3818489655172412,""y"":13.758620689655174}],""reasoning"":""Selected waypoint 0 moves the reference anchor from 17.20 m to 16.71 m from goal immediately and to 14.75 m by the final waypoint, so progress is 0.49 m selected / 2.46 m final and passes with monotonic goal-distance reduction. Kinematics is evaluated on 5 unique label waypoint(s), excluding consecutive duplicate terminal holds, and checks only that the trajectory stays within the configured bounds speed <= 15.00 m/s and acceleration <= 8.00 m/s^2, so kinematics passes. Goal is not reached within this label waypoint window. Safety passes: minimum clearance 2.49 m against manifest obstacles with 0 violating segment(s).""}",-0.3301248275862067,11.793103448275863,-2.5,-0.3430558620689653,12.28448275862069,-2.5,-0.35598689655172394,12.77586206896552,-2.5,-0.36891793103448256,13.267241379310347,-2.5,-0.3818489655172412,13.758620689655174,-2.5
1773868606.437353611,1773868606.437353611,0.000,offline_ground_truth_window,"Environment section (T(v)):
- Current position NED is (-0.37, 11.55, -2.47) m.
- Current velocity is (-0.00, 0.05, 0.00) m/s (speed 0.05 m/s).
- Goal position NED is (-0.77, 28.50, -2.50) m.
- Output contract: predict exactly 5 waypoint x/y pairs in NED. The planner will set every waypoint z to goal z = -2.50 m before execution.
- Goal delta from current state is (-0.40, 16.95, -0.03) m with distance 16.96 m.
- Obstacle pipeline: depth_camera_to_body_to_ned_current_frame.
- Current depth frame obstacle points projected into NED: 12. Nearest depth obstacle in NED is at (2.70, 19.96, -2.61) m, relative vector (3.07, 8.42, -0.13) m, distance 8.96 m.
- Depth validity fraction is 0.55. Global nearest obstacle distance is 4.95 m.
- Sector minimum distances [far_left, left, center, right, far_right] are [4.95, 4.95, 4.96, 4.96, 4.97] m.
- Nearest obstacle sector is far_left at 4.95 m and clearance status is clear.
- Lateral planning hint: prefer center progress.","{""waypoints"":[{""x"":-0.3430558620689653,""y"":12.28448275862069},{""x"":-0.35598689655172394,""y"":12.77586206896552},{""x"":-0.36891793103448256,""y"":13.267241379310347},{""x"":-0.3818489655172412,""y"":13.758620689655174},{""x"":-0.3947799999999998,""y"":14.250000000000002}],""reasoning"":""Selected waypoint 0 moves the reference anchor from 16.71 m to 16.22 m from goal immediately and to 14.25 m by the final waypoint, so progress is 0.49 m selected / 2.46 m final and passes with monotonic goal-distance reduction. Kinematics is evaluated on 5 unique label waypoint(s), excluding consecutive duplicate terminal holds, and checks only that the trajectory stays within the configured bounds speed <= 15.00 m/s and acceleration <= 8.00 m/s^2, so kinematics passes. Goal is not reached within this label waypoint window. Safety passes: minimum clearance 2.49 m against manifest obstacles with 0 violating segment(s).""}",-0.3430558620689653,12.28448275862069,-2.5,-0.35598689655172394,12.77586206896552,-2.5,-0.36891793103448256,13.267241379310347,-2.5,-0.3818489655172412,13.758620689655174,-2.5,-0.3947799999999998,14.250000000000002,-2.5
1773868613.212912560,1773868613.212912560,0.000,offline_ground_truth_window,"Environment section (T(v)):
- Current position NED is (-0.31, 12.04, -2.48) m.
- Current velocity is (-0.01, 0.06, -0.01) m/s (speed 0.06 m/s).
- Goal position NED is (-0.77, 28.50, -2.50) m.
- Output contract: predict exactly 5 waypoint x/y pairs in NED. The planner will set every waypoint z to goal z = -2.50 m before execution.
- Goal delta from current state is (-0.46, 16.46, -0.02) m with distance 16.46 m.
- Obstacle pipeline: depth_camera_to_body_to_ned_current_frame.
- Current depth frame obstacle points projected into NED: 7. Nearest depth obstacle in NED is at (2.87, 19.93, -2.67) m, relative vector (3.18, 7.89, -0.20) m, distance 8.51 m.
- Depth validity fraction is 0.54. Global nearest obstacle distance is 4.98 m.
- Sector minimum distances [far_left, left, center, right, far_right] are [4.98, 4.98, 4.98, 4.98, 4.98] m.
- Nearest obstacle sector is far_right at 4.98 m and clearance status is clear.
- Lateral planning hint: prefer center progress.","{""waypoints"":[{""x"":-0.35598689655172394,""y"":12.77586206896552},{""x"":-0.36891793103448256,""y"":13.267241379310347},{""x"":-0.3818489655172412,""y"":13.758620689655174},{""x"":-0.3947799999999998,""y"":14.250000000000002},{""x"":-0.40771103448275847,""y"":14.741379310344831}],""reasoning"":""Selected waypoint 0 moves the reference anchor from 16.22 m to 15.73 m from goal immediately and to 13.76 m by the final waypoint, so progress is 0.49 m selected / 2.46 m final and passes with monotonic goal-distance reduction. Kinematics is evaluated on 5 unique label waypoint(s), excluding consecutive duplicate terminal holds, and checks only that the trajectory stays within the configured bounds speed <= 15.00 m/s and acceleration <= 8.00 m/s^2, so kinematics passes. Goal is not reached within this label waypoint window. Safety passes: minimum clearance 2.56 m against manifest obstacles with 0 violating segment(s).""}",-0.35598689655172394,12.77586206896552,-2.5,-0.36891793103448256,13.267241379310347,-2.5,-0.3818489655172412,13.758620689655174,-2.5,-0.3947799999999998,14.250000000000002,-2.5,-0.40771103448275847,14.741379310344831,-2.5
1773868619.252855778,1773868619.252855778,0.000,offline_ground_truth_window,"Environment section (T(v)):
- Current position NED is (-0.34, 12.53, -2.48) m.
- Current velocity is (-0.00, 0.06, 0.00) m/s (speed 0.06 m/s).
- Goal position NED is (-0.77, 28.50, -2.50) m.
- Output contract: predict exactly 5 waypoint x/y pairs in NED. The planner will set every waypoint z to goal z = -2.50 m before execution.
- Goal delta from current state is (-0.43, 15.97, -0.02) m with distance 15.98 m.
- Obstacle pipeline: depth_camera_to_body_to_ned_current_frame.
- Current depth frame obstacle points projected into NED: 6. Nearest depth obstacle in NED is at (2.83, 19.93, -2.26) m, relative vector (3.17, 7.40, 0.23) m, distance 8.06 m.
- Depth validity fraction is 0.54. Global nearest obstacle distance is 5.04 m.
- Sector minimum distances [far_left, left, center, right, far_right] are [5.05, 5.05, 5.04, 5.04, 5.04] m.
- Nearest obstacle sector is far_right at 5.04 m and clearance status is clear.
- Lateral planning hint: prefer center progress.","{""waypoints"":[{""x"":-0.36891793103448256,""y"":13.267241379310347},{""x"":-0.3818489655172412,""y"":13.758620689655174},{""x"":-0.3947799999999998,""y"":14.250000000000002},{""x"":-0.40771103448275847,""y"":14.741379310344831},{""x"":-0.42064206896551704,""y"":15.232758620689657}],""reasoning"":""Selected waypoint 0 moves the reference anchor from 15.73 m to 15.24 m from goal immediately and to 13.27 m by the final waypoint, so progress is 0.49 m selected / 2.46 m final and passes with monotonic goal-distance reduction. Kinematics is evaluated on 5 unique label waypoint(s), excluding consecutive duplicate terminal holds, and checks only that the trajectory stays within the configured bounds speed <= 15.00 m/s and acceleration <= 8.00 m/s^2, so kinematics passes. Goal is not reached within this label waypoint window. Safety passes: minimum clearance 2.70 m against manifest obstacles with 0 violating segment(s).""}",-0.36891793103448256,13.267241379310347,-2.5,-0.3818489655172412,13.758620689655174,-2.5,-0.3947799999999998,14.250000000000002,-2.5,-0.40771103448275847,14.741379310344831,-2.5,-0.42064206896551704,15.232758620689657,-2.5
1773868625.391185999,1773868625.391185999,0.000,offline_ground_truth_window,"Environment section (T(v)):
- Current position NED is (-0.35, 13.02, -2.50) m.
- Current velocity is (-0.00, 0.05, 0.01) m/s (speed 0.05 m/s).
- Goal position NED is (-0.77, 28.50, -2.50) m.
- Output contract: predict exactly 5 waypoint x/y pairs in NED. The planner will set every waypoint z to goal z = -2.50 m before execution.
- Goal delta from current state is (-0.42, 15.48, 0.00) m with distance 15.48 m.
- Obstacle pipeline: depth_camera_to_body_to_ned_current_frame.
- Current depth frame obstacle points projected into NED: 15. Nearest depth obstacle in NED is at (2.78, 19.98, -2.18) m, relative vector (3.13, 6.95, 0.32) m, distance 7.63 m.
- Depth validity fraction is 0.57. Global nearest obstacle distance is 5.09 m.
- Sector minimum distances [far_left, left, center, right, far_right] are [5.10, 5.10, 5.10, 5.09, 5.09] m.
- Nearest obstacle sector is far_right at 5.09 m and clearance status is clear.
- Lateral planning hint: prefer center progress.","{""waypoints"":[{""x"":-0.3818489655172412,""y"":13.758620689655174},{""x"":-0.3947799999999998,""y"":14.250000000000002},{""x"":-0.40771103448275847,""y"":14.741379310344831},{""x"":-0.42064206896551704,""y"":15.232758620689657},{""x"":-0.43357310344827565,""y"":15.724137931034486}],""reasoning"":""Selected waypoint 0 moves the reference anchor from 15.24 m to 14.75 m from goal immediately and to 12.78 m by the final waypoint, so progress is 0.49 m selected / 2.46 m final and passes with monotonic goal-distance reduction. Kinematics is evaluated on 5 unique label waypoint(s), excluding consecutive duplicate terminal holds, and checks only that the trajectory stays within the configured bounds speed <= 15.00 m/s and acceleration <= 8.00 m/s^2, so kinematics passes. Goal is not reached within this label waypoint window. Safety passes: minimum clearance 2.91 m against manifest obstacles with 0 violating segment(s).""}",-0.3818489655172412,13.758620689655174,-2.5,-0.3947799999999998,14.250000000000002,-2.5,-0.40771103448275847,14.741379310344831,-2.5,-0.42064206896551704,15.232758620689657,-2.5,-0.43357310344827565,15.724137931034486,-2.5
1773868632.311690807,1773868632.311690807,0.000,offline_ground_truth_window,"Environment section (T(v)):
- Current position NED is (-0.40, 13.51, -2.53) m.
- Current velocity is (0.00, 0.07, 0.01) m/s (speed 0.07 m/s).
- Goal position NED is (-0.77, 28.50, -2.50) m.
- Output contract: predict exactly 5 waypoint x/y pairs in NED. The planner will set every waypoint z to goal z = -2.50 m before execution.
- Goal delta from current state is (-0.37, 14.99, 0.03) m with distance 14.99 m.
- Obstacle pipeline: depth_camera_to_body_to_ned_current_frame.
- Current depth frame obstacle points projected into NED: 16. Nearest depth obstacle in NED is at (2.83, 19.89, -2.27) m, relative vector (3.22, 6.38, 0.26) m, distance 7.15 m.
- Depth validity fraction is 0.58. Global nearest obstacle distance is 5.02 m.
- Sector minimum distances [far_left, left, center, right, far_right] are [5.02, 5.02, 5.02, 5.03, 5.03] m.
- Nearest obstacle sector is far_left at 5.02 m and clearance status is clear.
- Lateral planning hint: prefer center progress.","{""waypoints"":[{""x"":-0.3947799999999998,""y"":14.250000000000002},{""x"":-0.40771103448275847,""y"":14.741379310344831},{""x"":-0.42064206896551704,""y"":15.232758620689657},{""x"":-0.43357310344827565,""y"":15.724137931034486},{""x"":-0.4465041379310343,""y"":16.21551724137931}],""reasoning"":""Selected waypoint 0 moves the reference anchor from 14.75 m to 14.25 m from goal immediately and to 12.29 m by the final waypoint, so progress is 0.49 m selected / 2.46 m final and passes with monotonic goal-distance reduction. Kinematics is evaluated on 5 unique label waypoint(s), excluding consecutive duplicate terminal holds, and checks only that the trajectory stays within the configured bounds speed <= 15.00 m/s and acceleration <= 8.00 m/s^2, so kinematics passes. Goal is not reached within this label waypoint window. Safety passes: minimum clearance 3.18 m against manifest obstacles with 0 violating segment(s).""}",-0.3947799999999998,14.250000000000002,-2.5,-0.40771103448275847,14.741379310344831,-2.5,-0.42064206896551704,15.232758620689657,-2.5,-0.43357310344827565,15.724137931034486,-2.5,-0.4465041379310343,16.21551724137931,-2.5
1773868638.408314466,1773868638.408314466,0.000,offline_ground_truth_window,"Environment section (T(v)):
- Current position NED is (-0.36, 14.01, -2.47) m.
- Current velocity is (0.01, 0.06, -0.00) m/s (speed 0.06 m/s).
- Goal position NED is (-0.77, 28.50, -2.50) m.
- Output contract: predict exactly 5 waypoint x/y pairs in NED. The planner will set every waypoint z to goal z = -2.50 m before execution.
- Goal delta from current state is (-0.41, 14.49, -0.03) m with distance 14.50 m.
- Obstacle pipeline: depth_camera_to_body_to_ned_current_frame.
- Current depth frame obstacle points projected into NED: 17. Nearest depth obstacle in NED is at (2.89, 19.94, -2.50) m, relative vector (3.25, 5.94, -0.03) m, distance 6.77 m.
- Depth validity fraction is 0.57. Global nearest obstacle distance is 4.99 m.
- Sector minimum distances [far_left, left, center, right, far_right] are [5.01, 5.01, 5.00, 4.99, 4.99] m.
- Nearest obstacle sector is far_right at 4.99 m and clearance status is clear.
- Lateral planning hint: prefer center progress.","{""waypoints"":[{""x"":-0.40771103448275847,""y"":14.741379310344831},{""x"":-0.42064206896551704,""y"":15.232758620689657},{""x"":-0.43357310344827565,""y"":15.724137931034486},{""x"":-0.4465041379310343,""y"":16.21551724137931},{""x"":-0.45943517241379284,""y"":16.706896551724135}],""reasoning"":""Selected waypoint 0 moves the reference anchor from 14.25 m to 13.76 m from goal immediately and to 11.80 m by the final waypoint, so progress is 0.49 m selected / 2.46 m final and passes with monotonic goal-distance reduction. Kinematics is evaluated on 5 unique label waypoint(s), excluding consecutive duplicate terminal holds, and checks only that the trajectory stays within the configured bounds speed <= 15.00 m/s and acceleration <= 8.00 m/s^2, so kinematics passes. Goal is not reached within this label waypoint window. Safety passes: minimum clearance 3.48 m against manifest obstacles with 0 violating segment(s).""}",-0.40771103448275847,14.741379310344831,-2.5,-0.42064206896551704,15.232758620689657,-2.5,-0.43357310344827565,15.724137931034486,-2.5,-0.4465041379310343,16.21551724137931,-2.5,-0.45943517241379284,16.706896551724135,-2.5
1773868644.992422104,1773868644.992422104,0.000,offline_ground_truth_window,"Environment section (T(v)):
- Current position NED is (-0.41, 14.50, -2.49) m.
- Current velocity is (0.00, 0.08, 0.00) m/s (speed 0.08 m/s).
- Goal position NED is (-0.77, 28.50, -2.50) m.
- Output contract: predict exactly 5 waypoint x/y pairs in NED. The planner will set every waypoint z to goal z = -2.50 m before execution.
- Goal delta from current state is (-0.36, 14.00, -0.01) m with distance 14.01 m.
- Obstacle pipeline: depth_camera_to_body_to_ned_current_frame.
- Current depth frame obstacle points projected into NED: 15. Nearest depth obstacle in NED is at (2.81, 19.96, -2.48) m, relative vector (3.22, 5.46, 0.02) m, distance 6.34 m.
- Depth validity fraction is 0.57. Global nearest obstacle distance is 5.02 m.
- Sector minimum distances [far_left, left, center, right, far_right] are [5.07, 5.06, 5.06, 5.06, 5.02] m.
- Nearest obstacle sector is far_right at 5.02 m and clearance status is clear.
- Lateral planning hint: prefer center progress.","{""waypoints"":[{""x"":-0.42064206896551704,""y"":15.232758620689657},{""x"":-0.43357310344827565,""y"":15.724137931034486},{""x"":-0.4465041379310343,""y"":16.21551724137931},{""x"":-0.45943517241379284,""y"":16.706896551724135},{""x"":-0.4723662068965515,""y"":17.198275862068964}],""reasoning"":""Selected waypoint 0 moves the reference anchor from 13.76 m to 13.27 m from goal immediately and to 11.31 m by the final waypoint, so progress is 0.49 m selected / 2.46 m final and passes with monotonic goal-distance reduction. Kinematics is evaluated on 5 unique label waypoint(s), excluding consecutive duplicate terminal holds, and checks only that the trajectory stays within the configured bounds speed <= 15.00 m/s and acceleration <= 8.00 m/s^2, so kinematics passes. Goal is not reached within this label waypoint window. Safety passes: minimum clearance 3.83 m against manifest obstacles with 0 violating segment(s).""}",-0.42064206896551704,15.232758620689657,-2.5,-0.43357310344827565,15.724137931034486,-2.5,-0.4465041379310343,16.21551724137931,-2.5,-0.45943517241379284,16.706896551724135,-2.5,-0.4723662068965515,17.198275862068964,-2.5
1773868651.328191757,1773868651.328191757,0.000,offline_ground_truth_window,"Environment section (T(v)):
- Current position NED is (-0.39, 14.99, -2.49) m.
- Current velocity is (-0.01, 0.08, 0.00) m/s (speed 0.08 m/s).
- Goal position NED is (-0.77, 28.50, -2.50) m.
- Output contract: predict exactly 5 waypoint x/y pairs in NED. The planner will set every waypoint z to goal z = -2.50 m before execution.
- Goal delta from current state is (-0.38, 13.51, -0.01) m with distance 13.51 m.
- Obstacle pipeline: depth_camera_to_body_to_ned_current_frame.
- Current depth frame obstacle points projected into NED: 8. Nearest depth obstacle in NED is at (2.71, 20.13, -2.17) m, relative vector (3.11, 5.14, 0.33) m, distance 6.02 m.
- Depth validity fraction is 0.58. Global nearest obstacle distance is 4.74 m.
- Sector minimum distances [far_left, left, center, right, far_right] are [5.07, 5.07, 5.06, 5.06, 4.74] m.
- Nearest obstacle sector is far_right at 4.74 m and clearance status is clear.
- Lateral planning hint: prefer center progress.","{""waypoints"":[{""x"":-0.43357310344827565,""y"":15.724137931034486},{""x"":-0.4465041379310343,""y"":16.21551724137931},{""x"":-0.45943517241379284,""y"":16.706896551724135},{""x"":-0.4723662068965515,""y"":17.198275862068964},{""x"":-0.4852972413793102,""y"":17.689655172413794}],""reasoning"":""Selected waypoint 0 moves the reference anchor from 13.27 m to 12.78 m from goal immediately and to 10.81 m by the final waypoint, so progress is 0.49 m selected / 2.46 m final and passes with monotonic goal-distance reduction. Kinematics is evaluated on 5 unique label waypoint(s), excluding consecutive duplicate terminal holds, and checks only that the trajectory stays within the configured bounds speed <= 15.00 m/s and acceleration <= 8.00 m/s^2, so kinematics passes. Goal is not reached within this label waypoint window. Safety passes: minimum clearance 4.19 m against manifest obstacles with 0 violating segment(s).""}",-0.43357310344827565,15.724137931034486,-2.5,-0.4465041379310343,16.21551724137931,-2.5,-0.45943517241379284,16.706896551724135,-2.5,-0.4723662068965515,17.198275862068964,-2.5,-0.4852972413793102,17.689655172413794,-2.5
1773868658.027604342,1773868658.027604342,0.000,offline_ground_truth_window,"Environment section (T(v)):
- Current position NED is (-0.43, 15.48, -2.50) m.
- Current velocity is (-0.01, 0.05, 0.01) m/s (speed 0.05 m/s).
- Goal position NED is (-0.77, 28.50, -2.50) m.
- Output contract: predict exactly 5 waypoint x/y pairs in NED. The planner will set every waypoint z to goal z = -2.50 m before execution.
- Goal delta from current state is (-0.34, 13.02, 0.00) m with distance 13.02 m.
- Obstacle pipeline: depth_camera_to_body_to_ned_current_frame.
- Current depth frame obstacle points projected into NED: 6. Nearest depth obstacle in NED is at (1.93, 21.36, -1.95) m, relative vector (2.36, 5.88, 0.56) m, distance 6.36 m.
- Depth validity fraction is 0.58. Global nearest obstacle distance is 5.08 m.
- Sector minimum distances [far_left, left, center, right, far_right] are [5.09, 5.09, 5.08, 5.08, 5.08] m.
- Nearest obstacle sector is far_right at 5.08 m and clearance status is clear.
- Lateral planning hint: prefer center progress.","{""waypoints"":[{""x"":-0.4465041379310343,""y"":16.21551724137931},{""x"":-0.45943517241379284,""y"":16.706896551724135},{""x"":-0.4723662068965515,""y"":17.198275862068964},{""x"":-0.4852972413793102,""y"":17.689655172413794},{""x"":-0.4982282758620688,""y"":18.181034482758623}],""reasoning"":""Selected waypoint 0 moves the reference anchor from 12.78 m to 12.29 m from goal immediately and to 10.32 m by the final waypoint, so progress is 0.49 m selected / 2.46 m final and passes with monotonic goal-distance reduction. Kinematics is evaluated on 5 unique label waypoint(s), excluding consecutive duplicate terminal holds, and checks only that the trajectory stays within the configured bounds speed <= 15.00 m/s and acceleration <= 8.00 m/s^2, so kinematics passes. Goal is not reached within this label waypoint window. Safety passes: minimum clearance 4.14 m against manifest obstacles with 0 violating segment(s).""}",-0.4465041379310343,16.21551724137931,-2.5,-0.45943517241379284,16.706896551724135,-2.5,-0.4723662068965515,17.198275862068964,-2.5,-0.4852972413793102,17.689655172413794,-2.5,-0.4982282758620688,18.181034482758623,-2.5
1773868664.058804989,1773868664.058804989,0.000,offline_ground_truth_window,"Environment section (T(v)):
- Current position NED is (-0.47, 15.98, -2.49) m.
- Current velocity is (0.00, 0.08, -0.00) m/s (speed 0.08 m/s).
- Goal position NED is (-0.77, 28.50, -2.50) m.
- Output contract: predict exactly 5 waypoint x/y pairs in NED. The planner will set every waypoint z to goal z = -2.50 m before execution.
- Goal delta from current state is (-0.30, 12.52, -0.01) m with distance 12.53 m.
- Obstacle pipeline: depth_camera_to_body_to_ned_current_frame.
- Current depth frame obstacle points projected into NED: 13. Nearest depth obstacle in NED is at (1.93, 21.39, -2.28) m, relative vector (2.40, 5.41, 0.20) m, distance 5.92 m.
- Depth validity fraction is 0.58. Global nearest obstacle distance is 5.02 m.
- Sector minimum distances [far_left, left, center, right, far_right] are [5.04, 5.04, 5.04, 5.05, 5.02] m.
- Nearest obstacle sector is far_right at 5.02 m and clearance status is clear.
- Lateral planning hint: prefer center progress.","{""waypoints"":[{""x"":-0.45943517241379284,""y"":16.706896551724135},{""x"":-0.4723662068965515,""y"":17.198275862068964},{""x"":-0.4852972413793102,""y"":17.689655172413794},{""x"":-0.4982282758620688,""y"":18.181034482758623},{""x"":-0.5111593103448273,""y"":18.67241379310345}],""reasoning"":""Selected waypoint 0 moves the reference anchor from 12.29 m to 11.80 m from goal immediately and to 9.83 m by the final waypoint, so progress is 0.49 m selected / 2.46 m final and passes with monotonic goal-distance reduction. Kinematics is evaluated on 5 unique label waypoint(s), excluding consecutive duplicate terminal holds, and checks only that the trajectory stays within the configured bounds speed <= 15.00 m/s and acceleration <= 8.00 m/s^2, so kinematics passes. Goal is not reached within this label waypoint window. Safety passes: minimum clearance 3.86 m against manifest obstacles with 0 violating segment(s).""}",-0.45943517241379284,16.706896551724135,-2.5,-0.4723662068965515,17.198275862068964,-2.5,-0.4852972413793102,17.689655172413794,-2.5,-0.4982282758620688,18.181034482758623,-2.5,-0.5111593103448273,18.67241379310345,-2.5
1773868670.135017633,1773868670.135017633,0.000,offline_ground_truth_window,"Environment section (T(v)):
- Current position NED is (-0.46, 16.47, -2.52) m.
- Current velocity is (-0.01, 0.06, 0.01) m/s (speed 0.06 m/s).
- Goal position NED is (-0.77, 28.50, -2.50) m.
- Output contract: predict exactly 5 waypoint x/y pairs in NED. The planner will set every waypoint z to goal z = -2.50 m before execution.
- Goal delta from current state is (-0.31, 12.03, 0.02) m with distance 12.04 m.
- Obstacle pipeline: depth_camera_to_body_to_ned_current_frame.
- Current depth frame obstacle points projected into NED: 13. Nearest depth obstacle in NED is at (2.04, 21.34, -2.48) m, relative vector (2.50, 4.88, 0.04) m, distance 5.48 m.
- Depth validity fraction is 0.57. Global nearest obstacle distance is 4.51 m.
- Sector minimum distances [far_left, left, center, right, far_right] are [5.08, 5.08, 5.09, 5.09, 4.51] m.
- Nearest obstacle sector is far_right at 4.51 m and clearance status is clear.
- Lateral planning hint: prefer center progress.","{""waypoints"":[{""x"":-0.4723662068965515,""y"":17.198275862068964},{""x"":-0.4852972413793102,""y"":17.689655172413794},{""x"":-0.4982282758620688,""y"":18.181034482758623},{""x"":-0.5111593103448273,""y"":18.67241379310345},{""x"":-0.524090344827586,""y"":19.163793103448278}],""reasoning"":""Selected waypoint 0 moves the reference anchor from 11.80 m to 11.31 m from goal immediately and to 9.34 m by the final waypoint, so progress is 0.49 m selected / 2.46 m final and passes with monotonic goal-distance reduction. Kinematics is evaluated on 5 unique label waypoint(s), excluding consecutive duplicate terminal holds, and checks only that the trajectory stays within the configured bounds speed <= 15.00 m/s and acceleration <= 8.00 m/s^2, so kinematics passes. Goal is not reached within this label waypoint window. Safety passes: minimum clearance 3.57 m against manifest obstacles with 0 violating segment(s).""}",-0.4723662068965515,17.198275862068964,-2.5,-0.4852972413793102,17.689655172413794,-2.5,-0.4982282758620688,18.181034482758623,-2.5,-0.5111593103448273,18.67241379310345,-2.5,-0.524090344827586,19.163793103448278,-2.5
1773868675.717262506,1773868675.717262506,0.000,offline_ground_truth_window,"Environment section (T(v)):
- Current position NED is (-0.48, 16.95, -2.51) m.
- Current velocity is (-0.01, 0.09, 0.01) m/s (speed 0.09 m/s).
- Goal position NED is (-0.77, 28.50, -2.50) m.
- Output contract: predict exactly 5 waypoint x/y pairs in NED. The planner will set every waypoint z to goal z = -2.50 m before execution.
- Goal delta from current state is (-0.29, 11.55, 0.01) m with distance 11.55 m.
- Obstacle pipeline: depth_camera_to_body_to_ned_current_frame.
- Current depth frame obstacle points projected into NED: 16. Nearest depth obstacle in NED is at (1.80, 21.48, -2.27) m, relative vector (2.28, 4.53, 0.24) m, distance 5.07 m.
- Depth validity fraction is 0.58. Global nearest obstacle distance is 4.04 m.
- Sector minimum distances [far_left, left, center, right, far_right] are [5.02, 5.02, 5.02, 5.03, 4.04] m.
- Nearest obstacle sector is far_right at 4.04 m and clearance status is clear.
- Lateral planning hint: left side is clearer.","{""waypoints"":[{""x"":-0.4852972413793102,""y"":17.689655172413794},{""x"":-0.4982282758620688,""y"":18.181034482758623},{""x"":-0.5111593103448273,""y"":18.67241379310345},{""x"":-0.524090344827586,""y"":19.163793103448278},{""x"":-0.5370213793103447,""y"":19.655172413793103}],""reasoning"":""Selected waypoint 0 moves the reference anchor from 11.31 m to 10.81 m from goal immediately and to 8.85 m by the final waypoint, so progress is 0.49 m selected / 2.46 m final and passes with monotonic goal-distance reduction. Kinematics is evaluated on 5 unique label waypoint(s), excluding consecutive duplicate terminal holds, and checks only that the trajectory stays within the configured bounds speed <= 15.00 m/s and acceleration <= 8.00 m/s^2, so kinematics passes. Goal is not reached within this label waypoint window. Safety passes: minimum clearance 3.31 m against manifest obstacles with 0 violating segment(s).""}",-0.4852972413793102,17.689655172413794,-2.5,-0.4982282758620688,18.181034482758623,-2.5,-0.5111593103448273,18.67241379310345,-2.5,-0.524090344827586,19.163793103448278,-2.5,-0.5370213793103447,19.655172413793103,-2.5
1773868683.136177301,1773868683.136177301,0.000,offline_ground_truth_window,"Environment section (T(v)):
- Current position NED is (-0.49, 17.45, -2.48) m.
- Current velocity is (-0.00, 0.04, 0.00) m/s (speed 0.04 m/s).
- Goal position NED is (-0.77, 28.50, -2.50) m.
- Output contract: predict exactly 5 waypoint x/y pairs in NED. The planner will set every waypoint z to goal z = -2.50 m before execution.
- Goal delta from current state is (-0.28, 11.05, -0.02) m with distance 11.06 m.
- Obstacle pipeline: depth_camera_to_body_to_ned_current_frame.
- Current depth frame obstacle points projected into NED: 15. Nearest depth obstacle in NED is at (1.74, 21.52, -2.40) m, relative vector (2.23, 4.08, 0.09) m, distance 4.65 m.
- Depth validity fraction is 0.57. Global nearest obstacle distance is 3.61 m.
- Sector minimum distances [far_left, left, center, right, far_right] are [5.04, 5.04, 5.04, 5.04, 3.61] m.
- Nearest obstacle sector is far_right at 3.61 m and clearance status is clear.
- Lateral planning hint: left side is clearer.","{""waypoints"":[{""x"":-0.4982282758620688,""y"":18.181034482758623},{""x"":-0.5111593103448273,""y"":18.67241379310345},{""x"":-0.524090344827586,""y"":19.163793103448278},{""x"":-0.5370213793103447,""y"":19.655172413793103},{""x"":-0.5499524137931032,""y"":20.14655172413793}],""reasoning"":""Selected waypoint 0 moves the reference anchor from 10.81 m to 10.32 m from goal immediately and to 8.36 m by the final waypoint, so progress is 0.49 m selected / 2.46 m final and passes with monotonic goal-distance reduction. Kinematics is evaluated on 5 unique label waypoint(s), excluding consecutive duplicate terminal holds, and checks only that the trajectory stays within the configured bounds speed <= 15.00 m/s and acceleration <= 8.00 m/s^2, so kinematics passes. Goal is not reached within this label waypoint window. Safety passes: minimum clearance 3.11 m against manifest obstacles with 0 violating segment(s).""}",-0.4982282758620688,18.181034482758623,-2.5,-0.5111593103448273,18.67241379310345,-2.5,-0.524090344827586,19.163793103448278,-2.5,-0.5370213793103447,19.655172413793103,-2.5,-0.5499524137931032,20.14655172413793,-2.5
1773868689.385504484,1773868689.385504484,0.000,offline_ground_truth_window,"Environment section (T(v)):
- Current position NED is (-0.46, 17.94, -2.48) m.
- Current velocity is (-0.00, 0.08, 0.00) m/s (speed 0.08 m/s).
- Goal position NED is (-0.77, 28.50, -2.50) m.
- Output contract: predict exactly 5 waypoint x/y pairs in NED. The planner will set every waypoint z to goal z = -2.50 m before execution.
- Goal delta from current state is (-0.31, 10.56, -0.02) m with distance 10.56 m.
- Obstacle pipeline: depth_camera_to_body_to_ned_current_frame.
- Current depth frame obstacle points projected into NED: 7. Nearest depth obstacle in NED is at (1.75, 21.66, -2.52) m, relative vector (2.22, 3.71, -0.04) m, distance 4.33 m.
- Depth validity fraction is 0.57. Global nearest obstacle distance is 3.38 m.
- Sector minimum distances [far_left, left, center, right, far_right] are [5.09, 5.09, 5.08, 5.08, 3.38] m.
- Nearest obstacle sector is far_right at 3.38 m and clearance status is clear.
- Lateral planning hint: left side is clearer.","{""waypoints"":[{""x"":-0.5111593103448273,""y"":18.67241379310345},{""x"":-0.524090344827586,""y"":19.163793103448278},{""x"":-0.5370213793103447,""y"":19.655172413793103},{""x"":-0.5499524137931032,""y"":20.14655172413793},{""x"":-0.5628834482758619,""y"":20.637931034482758}],""reasoning"":""Selected waypoint 0 moves the reference anchor from 10.32 m to 9.83 m from goal immediately and to 7.86 m by the final waypoint, so progress is 0.49 m selected / 2.46 m final and passes with monotonic goal-distance reduction. Kinematics is evaluated on 5 unique label waypoint(s), excluding consecutive duplicate terminal holds, and checks only that the trajectory stays within the configured bounds speed <= 15.00 m/s and acceleration <= 8.00 m/s^2, so kinematics passes. Goal is not reached within this label waypoint window. Safety passes: minimum clearance 2.96 m against manifest obstacles with 0 violating segment(s).""}",-0.5111593103448273,18.67241379310345,-2.5,-0.524090344827586,19.163793103448278,-2.5,-0.5370213793103447,19.655172413793103,-2.5,-0.5499524137931032,20.14655172413793,-2.5,-0.5628834482758619,20.637931034482758,-2.5
1773868695.881995201,1773868695.881995201,0.000,offline_ground_truth_window,"Environment section (T(v)):
- Current position NED is (-0.53, 18.43, -2.50) m.
- Current velocity is (0.00, 0.07, 0.01) m/s (speed 0.07 m/s).
- Goal position NED is (-0.77, 28.50, -2.50) m.
- Output contract: predict exactly 5 waypoint x/y pairs in NED. The planner will set every waypoint z to goal z = -2.50 m before execution.
- Goal delta from current state is (-0.24, 10.07, 0.00) m with distance 10.08 m.
- Obstacle pipeline: depth_camera_to_body_to_ned_current_frame.
- Current depth frame obstacle points projected into NED: 0. Nearest depth obstacle in NED is at (-0.53, 18.43, -2.50) m, relative vector (20.00, 0.00, 0.00) m, distance 20.00 m.
- Depth validity fraction is 0.58. Global nearest obstacle distance is 3.34 m.
- Sector minimum distances [far_left, left, center, right, far_right] are [5.02, 5.02, 5.02, 5.02, 3.34] m.
- Nearest obstacle sector is far_right at 3.34 m and clearance status is clear.
- Lateral planning hint: left side is clearer.","{""waypoints"":[{""x"":-0.524090344827586,""y"":19.163793103448278},{""x"":-0.5370213793103447,""y"":19.655172413793103},{""x"":-0.5499524137931032,""y"":20.14655172413793},{""x"":-0.5628834482758619,""y"":20.637931034482758},{""x"":-0.5758144827586206,""y"":21.129310344827587}],""reasoning"":""Selected waypoint 0 moves the reference anchor from 9.83 m to 9.34 m from goal immediately and to 7.37 m by the final waypoint, so progress is 0.49 m selected / 2.46 m final and passes with monotonic goal-distance reduction. Kinematics is evaluated on 5 unique label waypoint(s), excluding consecutive duplicate terminal holds, and checks only that the trajectory stays within the configured bounds speed <= 15.00 m/s and acceleration <= 8.00 m/s^2, so kinematics passes. Goal is not reached within this label waypoint window. Safety passes: minimum clearance 2.88 m against manifest obstacles with 0 violating segment(s).""}",-0.524090344827586,19.163793103448278,-2.5,-0.5370213793103447,19.655172413793103,-2.5,-0.5499524137931032,20.14655172413793,-2.5,-0.5628834482758619,20.637931034482758,-2.5,-0.5758144827586206,21.129310344827587,-2.5
1773868702.565693855,1773868702.565693855,0.000,offline_ground_truth_window,"Environment section (T(v)):
- Current position NED is (-0.50, 18.92, -2.49) m.
- Current velocity is (-0.01, 0.05, 0.00) m/s (speed 0.05 m/s).
- Goal position NED is (-0.77, 28.50, -2.50) m.
- Output contract: predict exactly 5 waypoint x/y pairs in NED. The planner will set every waypoint z to goal z = -2.50 m before execution.
- Goal delta from current state is (-0.27, 9.58, -0.01) m with distance 9.58 m.
- Obstacle pipeline: depth_camera_to_body_to_ned_current_frame.
- Current depth frame obstacle points projected into NED: 3. Nearest depth obstacle in NED is at (-1.45, 28.68, -2.19) m, relative vector (-0.96, 9.76, 0.30) m, distance 9.82 m.
- Depth validity fraction is 0.57. Global nearest obstacle distance is 5.06 m.
- Sector minimum distances [far_left, left, center, right, far_right] are [5.06, 5.06, 5.06, 5.06, 5.06] m.
- Nearest obstacle sector is far_left at 5.06 m and clearance status is clear.
- Lateral planning hint: prefer center progress.","{""waypoints"":[{""x"":-0.5370213793103447,""y"":19.655172413793103},{""x"":-0.5499524137931032,""y"":20.14655172413793},{""x"":-0.5628834482758619,""y"":20.637931034482758},{""x"":-0.5758144827586206,""y"":21.129310344827587},{""x"":-0.588745517241379,""y"":21.620689655172413}],""reasoning"":""Selected waypoint 0 moves the reference anchor from 9.34 m to 8.85 m from goal immediately and to 6.88 m by the final waypoint, so progress is 0.49 m selected / 2.46 m final and passes with monotonic goal-distance reduction. Kinematics is evaluated on 5 unique label waypoint(s), excluding consecutive duplicate terminal holds, and checks only that the trajectory stays within the configured bounds speed <= 15.00 m/s and acceleration <= 8.00 m/s^2, so kinematics passes. Goal is not reached within this label waypoint window. Safety passes: minimum clearance 2.87 m against manifest obstacles with 0 violating segment(s).""}",-0.5370213793103447,19.655172413793103,-2.5,-0.5499524137931032,20.14655172413793,-2.5,-0.5628834482758619,20.637931034482758,-2.5,-0.5758144827586206,21.129310344827587,-2.5,-0.588745517241379,21.620689655172413,-2.5
1773868709.923031569,1773868709.923031569,0.000,offline_ground_truth_window,"Environment section (T(v)):
- Current position NED is (-0.54, 19.41, -2.50) m.
- Current velocity is (-0.00, 0.06, 0.01) m/s (speed 0.06 m/s).
- Goal position NED is (-0.77, 28.50, -2.50) m.
- Output contract: predict exactly 5 waypoint x/y pairs in NED. The planner will set every waypoint z to goal z = -2.50 m before execution.
- Goal delta from current state is (-0.23, 9.09, 0.00) m with distance 9.09 m.
- Obstacle pipeline: depth_camera_to_body_to_ned_current_frame.
- Current depth frame obstacle points projected into NED: 1. Nearest depth obstacle in NED is at (-1.52, 28.80, -2.39) m, relative vector (-0.98, 9.39, 0.12) m, distance 9.44 m.
- Depth validity fraction is 0.57. Global nearest obstacle distance is 4.99 m.
- Sector minimum distances [far_left, left, center, right, far_right] are [4.99, 4.99, 4.99, 4.99, 5.00] m.
- Nearest obstacle sector is far_left at 4.99 m and clearance status is clear.
- Lateral planning hint: prefer center progress.","{""waypoints"":[{""x"":-0.5499524137931032,""y"":20.14655172413793},{""x"":-0.5628834482758619,""y"":20.637931034482758},{""x"":-0.5758144827586206,""y"":21.129310344827587},{""x"":-0.588745517241379,""y"":21.620689655172413},{""x"":-0.6016765517241377,""y"":22.112068965517242}],""reasoning"":""Selected waypoint 0 moves the reference anchor from 8.85 m to 8.36 m from goal immediately and to 6.39 m by the final waypoint, so progress is 0.49 m selected / 2.46 m final and passes with monotonic goal-distance reduction. Kinematics is evaluated on 5 unique label waypoint(s), excluding consecutive duplicate terminal holds, and checks only that the trajectory stays within the configured bounds speed <= 15.00 m/s and acceleration <= 8.00 m/s^2, so kinematics passes. Goal is not reached within this label waypoint window. Safety passes: minimum clearance 2.87 m against manifest obstacles with 0 violating segment(s).""}",-0.5499524137931032,20.14655172413793,-2.5,-0.5628834482758619,20.637931034482758,-2.5,-0.5758144827586206,21.129310344827587,-2.5,-0.588745517241379,21.620689655172413,-2.5,-0.6016765517241377,22.112068965517242,-2.5
1773868716.338731289,1773868716.338731289,0.000,offline_ground_truth_window,"Environment section (T(v)):
- Current position NED is (-0.56, 19.90, -2.48) m.
- Current velocity is (-0.01, 0.06, 0.00) m/s (speed 0.06 m/s).
- Goal position NED is (-0.77, 28.50, -2.50) m.
- Output contract: predict exactly 5 waypoint x/y pairs in NED. The planner will set every waypoint z to goal z = -2.50 m before execution.
- Goal delta from current state is (-0.21, 8.60, -0.02) m with distance 8.60 m.
- Obstacle pipeline: depth_camera_to_body_to_ned_current_frame.
- Current depth frame obstacle points projected into NED: 22. Nearest depth obstacle in NED is at (-5.18, 28.51, -1.91) m, relative vector (-4.62, 8.61, 0.57) m, distance 9.79 m.
- Depth validity fraction is 0.57. Global nearest obstacle distance is 5.01 m.
- Sector minimum distances [far_left, left, center, right, far_right] are [5.01, 5.01, 5.01, 5.02, 5.02] m.
- Nearest obstacle sector is far_left at 5.01 m and clearance status is clear.
- Lateral planning hint: prefer center progress.","{""waypoints"":[{""x"":-0.5628834482758619,""y"":20.637931034482758},{""x"":-0.5758144827586206,""y"":21.129310344827587},{""x"":-0.588745517241379,""y"":21.620689655172413},{""x"":-0.6016765517241377,""y"":22.112068965517242},{""x"":-0.6146075862068964,""y"":22.60344827586207}],""reasoning"":""Selected waypoint 0 moves the reference anchor from 8.36 m to 7.86 m from goal immediately and to 5.90 m by the final waypoint, so progress is 0.49 m selected / 2.46 m final and passes with monotonic goal-distance reduction. Kinematics is evaluated on 5 unique label waypoint(s), excluding consecutive duplicate terminal holds, and checks only that the trajectory stays within the configured bounds speed <= 15.00 m/s and acceleration <= 8.00 m/s^2, so kinematics passes. Goal is not reached within this label waypoint window. Safety passes: minimum clearance 2.87 m against manifest obstacles with 0 violating segment(s).""}",-0.5628834482758619,20.637931034482758,-2.5,-0.5758144827586206,21.129310344827587,-2.5,-0.588745517241379,21.620689655172413,-2.5,-0.6016765517241377,22.112068965517242,-2.5,-0.6146075862068964,22.60344827586207,-2.5
1773868723.180729389,1773868723.180729389,0.000,offline_ground_truth_window,"Environment section (T(v)):
- Current position NED is (-0.56, 20.39, -2.50) m.
- Current velocity is (0.01, 0.06, 0.01) m/s (speed 0.06 m/s).
- Goal position NED is (-0.77, 28.50, -2.50) m.
- Output contract: predict exactly 5 waypoint x/y pairs in NED. The planner will set every waypoint z to goal z = -2.50 m before execution.
- Goal delta from current state is (-0.21, 8.11, 0.00) m with distance 8.11 m.
- Obstacle pipeline: depth_camera_to_body_to_ned_current_frame.
- Current depth frame obstacle points projected into NED: 30. Nearest depth obstacle in NED is at (-1.43, 28.65, -2.15) m, relative vector (-0.87, 8.26, 0.35) m, distance 8.31 m.
- Depth validity fraction is 0.57. Global nearest obstacle distance is 4.94 m.
- Sector minimum distances [far_left, left, center, right, far_right] are [4.96, 4.95, 4.95, 4.94, 4.94] m.
- Nearest obstacle sector is far_right at 4.94 m and clearance status is clear.
- Lateral planning hint: prefer center progress.","{""waypoints"":[{""x"":-0.5758144827586206,""y"":21.129310344827587},{""x"":-0.588745517241379,""y"":21.620689655172413},{""x"":-0.6016765517241377,""y"":22.112068965517242},{""x"":-0.6146075862068964,""y"":22.60344827586207},{""x"":-0.6275386206896549,""y"":23.094827586206897}],""reasoning"":""Selected waypoint 0 moves the reference anchor from 7.86 m to 7.37 m from goal immediately and to 5.41 m by the final waypoint, so progress is 0.49 m selected / 2.46 m final and passes with monotonic goal-distance reduction. Kinematics is evaluated on 5 unique label waypoint(s), excluding consecutive duplicate terminal holds, and checks only that the trajectory stays within the configured bounds speed <= 15.00 m/s and acceleration <= 8.00 m/s^2, so kinematics passes. Goal is not reached within this label waypoint window. Safety passes: minimum clearance 2.87 m against manifest obstacles with 0 violating segment(s).""}",-0.5758144827586206,21.129310344827587,-2.5,-0.588745517241379,21.620689655172413,-2.5,-0.6016765517241377,22.112068965517242,-2.5,-0.6146075862068964,22.60344827586207,-2.5,-0.6275386206896549,23.094827586206897,-2.5
1773868728.731379271,1773868728.731379271,0.000,offline_ground_truth_window,"Environment section (T(v)):
- Current position NED is (-0.59, 20.88, -2.49) m.
- Current velocity is (-0.00, 0.09, 0.01) m/s (speed 0.09 m/s).
- Goal position NED is (-0.77, 28.50, -2.50) m.
- Output contract: predict exactly 5 waypoint x/y pairs in NED. The planner will set every waypoint z to goal z = -2.50 m before execution.
- Goal delta from current state is (-0.18, 7.62, -0.01) m with distance 7.62 m.
- Obstacle pipeline: depth_camera_to_body_to_ned_current_frame.
- Current depth frame obstacle points projected into NED: 27. Nearest depth obstacle in NED is at (-1.41, 28.20, -2.68) m, relative vector (-0.81, 7.32, -0.19) m, distance 7.37 m.
- Depth validity fraction is 0.56. Global nearest obstacle distance is 5.04 m.
- Sector minimum distances [far_left, left, center, right, far_right] are [5.04, 5.04, 5.04, 5.04, 5.04] m.
- Nearest obstacle sector is far_right at 5.04 m and clearance status is clear.
- Lateral planning hint: prefer center progress.","{""waypoints"":[{""x"":-0.588745517241379,""y"":21.620689655172413},{""x"":-0.6016765517241377,""y"":22.112068965517242},{""x"":-0.6146075862068964,""y"":22.60344827586207},{""x"":-0.6275386206896549,""y"":23.094827586206897},{""x"":-0.6404696551724136,""y"":23.586206896551722}],""reasoning"":""Selected waypoint 0 moves the reference anchor from 7.37 m to 6.88 m from goal immediately and to 4.92 m by the final waypoint, so progress is 0.49 m selected / 2.46 m final and passes with monotonic goal-distance reduction. Kinematics is evaluated on 5 unique label waypoint(s), excluding consecutive duplicate terminal holds, and checks only that the trajectory stays within the configured bounds speed <= 15.00 m/s and acceleration <= 8.00 m/s^2, so kinematics passes. Goal is not reached within this label waypoint window. Safety passes: minimum clearance 2.87 m against manifest obstacles with 0 violating segment(s).""}",-0.588745517241379,21.620689655172413,-2.5,-0.6016765517241377,22.112068965517242,-2.5,-0.6146075862068964,22.60344827586207,-2.5,-0.6275386206896549,23.094827586206897,-2.5,-0.6404696551724136,23.586206896551722,-2.5
1773868735.501819134,1773868735.501819134,0.000,offline_ground_truth_window,"Environment section (T(v)):
- Current position NED is (-0.61, 21.38, -2.49) m.
- Current velocity is (0.00, 0.04, 0.00) m/s (speed 0.04 m/s).
- Goal position NED is (-0.77, 28.50, -2.50) m.
- Output contract: predict exactly 5 waypoint x/y pairs in NED. The planner will set every waypoint z to goal z = -2.50 m before execution.
- Goal delta from current state is (-0.16, 7.12, -0.01) m with distance 7.13 m.
- Obstacle pipeline: depth_camera_to_body_to_ned_current_frame.
- Current depth frame obstacle points projected into NED: 34. Nearest depth obstacle in NED is at (-1.37, 28.21, -2.57) m, relative vector (-0.76, 6.83, -0.08) m, distance 6.88 m.
- Depth validity fraction is 0.57. Global nearest obstacle distance is 4.97 m.
- Sector minimum distances [far_left, left, center, right, far_right] are [4.97, 4.97, 4.97, 4.97, 4.97] m.
- Nearest obstacle sector is far_left at 4.97 m and clearance status is clear.
- Lateral planning hint: prefer center progress.","{""waypoints"":[{""x"":-0.6016765517241377,""y"":22.112068965517242},{""x"":-0.6146075862068964,""y"":22.60344827586207},{""x"":-0.6275386206896549,""y"":23.094827586206897},{""x"":-0.6404696551724136,""y"":23.586206896551722},{""x"":-0.6534006896551722,""y"":24.07758620689655}],""reasoning"":""Selected waypoint 0 moves the reference anchor from 6.88 m to 6.39 m from goal immediately and to 4.42 m by the final waypoint, so progress is 0.49 m selected / 2.46 m final and passes with monotonic goal-distance reduction. Kinematics is evaluated on 5 unique label waypoint(s), excluding consecutive duplicate terminal holds, and checks only that the trajectory stays within the configured bounds speed <= 15.00 m/s and acceleration <= 8.00 m/s^2, so kinematics passes. Goal is not reached within this label waypoint window. Safety passes: minimum clearance 2.87 m against manifest obstacles with 0 violating segment(s).""}",-0.6016765517241377,22.112068965517242,-2.5,-0.6146075862068964,22.60344827586207,-2.5,-0.6275386206896549,23.094827586206897,-2.5,-0.6404696551724136,23.586206896551722,-2.5,-0.6534006896551722,24.07758620689655,-2.5
1773868742.798328400,1773868742.798328400,0.000,offline_ground_truth_window,"Environment section (T(v)):
- Current position NED is (-0.59, 21.87, -2.49) m.
- Current velocity is (-0.01, 0.06, 0.01) m/s (speed 0.06 m/s).
- Goal position NED is (-0.77, 28.50, -2.50) m.
- Output contract: predict exactly 5 waypoint x/y pairs in NED. The planner will set every waypoint z to goal z = -2.50 m before execution.
- Goal delta from current state is (-0.18, 6.63, -0.01) m with distance 6.64 m.
- Obstacle pipeline: depth_camera_to_body_to_ned_current_frame.
- Current depth frame obstacle points projected into NED: 37. Nearest depth obstacle in NED is at (-1.35, 28.68, -2.20) m, relative vector (-0.76, 6.82, 0.29) m, distance 6.87 m.
- Depth validity fraction is 0.56. Global nearest obstacle distance is 5.00 m.
- Sector minimum distances [far_left, left, center, right, far_right] are [5.00, 5.01, 5.01, 5.01, 5.01] m.
- Nearest obstacle sector is far_left at 5.00 m and clearance status is clear.
- Lateral planning hint: prefer center progress.","{""waypoints"":[{""x"":-0.6146075862068964,""y"":22.60344827586207},{""x"":-0.6275386206896549,""y"":23.094827586206897},{""x"":-0.6404696551724136,""y"":23.586206896551722},{""x"":-0.6534006896551722,""y"":24.07758620689655},{""x"":-0.6663317241379308,""y"":24.568965517241377}],""reasoning"":""Selected waypoint 0 moves the reference anchor from 6.39 m to 5.90 m from goal immediately and to 3.93 m by the final waypoint, so progress is 0.49 m selected / 2.46 m final and passes with monotonic goal-distance reduction. Kinematics is evaluated on 5 unique label waypoint(s), excluding consecutive duplicate terminal holds, and checks only that the trajectory stays within the configured bounds speed <= 15.00 m/s and acceleration <= 8.00 m/s^2, so kinematics passes. Goal is not reached within this label waypoint window. Safety passes: minimum clearance 2.93 m against manifest obstacles with 0 violating segment(s).""}",-0.6146075862068964,22.60344827586207,-2.5,-0.6275386206896549,23.094827586206897,-2.5,-0.6404696551724136,23.586206896551722,-2.5,-0.6534006896551722,24.07758620689655,-2.5,-0.6663317241379308,24.568965517241377,-2.5
1773868749.809209347,1773868749.809209347,0.000,offline_ground_truth_window,"Environment section (T(v)):
- Current position NED is (-0.60, 22.36, -2.50) m.
- Current velocity is (-0.00, 0.06, 0.00) m/s (speed 0.06 m/s).
- Goal position NED is (-0.77, 28.50, -2.50) m.
- Output contract: predict exactly 5 waypoint x/y pairs in NED. The planner will set every waypoint z to goal z = -2.50 m before execution.
- Goal delta from current state is (-0.17, 6.14, 0.00) m with distance 6.14 m.
- Obstacle pipeline: depth_camera_to_body_to_ned_current_frame.
- Current depth frame obstacle points projected into NED: 44. Nearest depth obstacle in NED is at (-5.01, 28.59, -2.49) m, relative vector (-4.41, 6.23, 0.01) m, distance 7.63 m.
- Depth validity fraction is 0.56. Global nearest obstacle distance is 4.99 m.
- Sector minimum distances [far_left, left, center, right, far_right] are [4.99, 4.99, 4.99, 4.99, 4.99] m.
- Nearest obstacle sector is far_right at 4.99 m and clearance status is clear.
- Lateral planning hint: prefer center progress.","{""waypoints"":[{""x"":-0.6275386206896549,""y"":23.094827586206897},{""x"":-0.6404696551724136,""y"":23.586206896551722},{""x"":-0.6534006896551722,""y"":24.07758620689655},{""x"":-0.6663317241379308,""y"":24.568965517241377},{""x"":-0.6792627586206894,""y"":25.060344827586206}],""reasoning"":""Selected waypoint 0 moves the reference anchor from 5.90 m to 5.41 m from goal immediately and to 3.44 m by the final waypoint, so progress is 0.49 m selected / 2.46 m final and passes with monotonic goal-distance reduction. Kinematics is evaluated on 5 unique label waypoint(s), excluding consecutive duplicate terminal holds, and checks only that the trajectory stays within the configured bounds speed <= 15.00 m/s and acceleration <= 8.00 m/s^2, so kinematics passes. Goal is not reached within this label waypoint window. Safety passes: minimum clearance 3.06 m against manifest obstacles with 0 violating segment(s).""}",-0.6275386206896549,23.094827586206897,-2.5,-0.6404696551724136,23.586206896551722,-2.5,-0.6534006896551722,24.07758620689655,-2.5,-0.6663317241379308,24.568965517241377,-2.5,-0.6792627586206894,25.060344827586206,-2.5
1773868754.939807415,1773868754.939807415,0.000,offline_ground_truth_window,"Environment section (T(v)):
- Current position NED is (-0.61, 22.85, -2.51) m.
- Current velocity is (-0.01, 0.06, 0.01) m/s (speed 0.06 m/s).
- Goal position NED is (-0.77, 28.50, -2.50) m.
- Output contract: predict exactly 5 waypoint x/y pairs in NED. The planner will set every waypoint z to goal z = -2.50 m before execution.
- Goal delta from current state is (-0.16, 5.65, 0.01) m with distance 5.65 m.
- Obstacle pipeline: depth_camera_to_body_to_ned_current_frame.
- Current depth frame obstacle points projected into NED: 48. Nearest depth obstacle in NED is at (-1.35, 28.65, -2.25) m, relative vector (-0.75, 5.80, 0.26) m, distance 5.86 m.
- Depth validity fraction is 0.55. Global nearest obstacle distance is 5.04 m.
- Sector minimum distances [far_left, left, center, right, far_right] are [5.04, 5.04, 5.04, 5.04, 5.05] m.
- Nearest obstacle sector is far_left at 5.04 m and clearance status is clear.
- Lateral planning hint: prefer center progress.","{""waypoints"":[{""x"":-0.6404696551724136,""y"":23.586206896551722},{""x"":-0.6534006896551722,""y"":24.07758620689655},{""x"":-0.6663317241379308,""y"":24.568965517241377},{""x"":-0.6792627586206894,""y"":25.060344827586206},{""x"":-0.6921937931034481,""y"":25.551724137931036}],""reasoning"":""Selected waypoint 0 moves the reference anchor from 5.41 m to 4.92 m from goal immediately and to 2.95 m by the final waypoint, so progress is 0.49 m selected / 2.46 m final and passes with monotonic goal-distance reduction. Kinematics is evaluated on 5 unique label waypoint(s), excluding consecutive duplicate terminal holds, and checks only that the trajectory stays within the configured bounds speed <= 15.00 m/s and acceleration <= 8.00 m/s^2, so kinematics passes. Goal is not reached within this label waypoint window. Safety passes: minimum clearance 3.24 m against manifest obstacles with 0 violating segment(s).""}",-0.6404696551724136,23.586206896551722,-2.5,-0.6534006896551722,24.07758620689655,-2.5,-0.6663317241379308,24.568965517241377,-2.5,-0.6792627586206894,25.060344827586206,-2.5,-0.6921937931034481,25.551724137931036,-2.5
1773868760.507228374,1773868760.507228374,0.000,offline_ground_truth_window,"Environment section (T(v)):
- Current position NED is (-0.63, 23.34, -2.47) m.
- Current velocity is (-0.01, 0.08, -0.01) m/s (speed 0.09 m/s).
- Goal position NED is (-0.77, 28.50, -2.50) m.
- Output contract: predict exactly 5 waypoint x/y pairs in NED. The planner will set every waypoint z to goal z = -2.50 m before execution.
- Goal delta from current state is (-0.14, 5.16, -0.03) m with distance 5.16 m.
- Obstacle pipeline: depth_camera_to_body_to_ned_current_frame.
- Current depth frame obstacle points projected into NED: 58. Nearest depth obstacle in NED is at (-1.56, 28.75, -1.95) m, relative vector (-0.93, 5.41, 0.52) m, distance 5.52 m.
- Depth validity fraction is 0.56. Global nearest obstacle distance is 4.74 m.
- Sector minimum distances [far_left, left, center, right, far_right] are [4.96, 4.79, 4.74, 4.96, 4.96] m.
- Nearest obstacle sector is center at 4.74 m and clearance status is clear.
- Lateral planning hint: prefer center progress.","{""waypoints"":[{""x"":-0.6534006896551722,""y"":24.07758620689655},{""x"":-0.6663317241379308,""y"":24.568965517241377},{""x"":-0.6792627586206894,""y"":25.060344827586206},{""x"":-0.6921937931034481,""y"":25.551724137931036},{""x"":-0.7051248275862068,""y"":26.043103448275865}],""reasoning"":""Selected waypoint 0 moves the reference anchor from 4.92 m to 4.42 m from goal immediately and to 2.46 m by the final waypoint, so progress is 0.49 m selected / 2.46 m final and passes with monotonic goal-distance reduction. Kinematics is evaluated on 5 unique label waypoint(s), excluding consecutive duplicate terminal holds, and checks only that the trajectory stays within the configured bounds speed <= 15.00 m/s and acceleration <= 8.00 m/s^2, so kinematics passes. Goal is not reached within this label waypoint window. Safety passes: minimum clearance 3.48 m against manifest obstacles with 0 violating segment(s).""}",-0.6534006896551722,24.07758620689655,-2.5,-0.6663317241379308,24.568965517241377,-2.5,-0.6792627586206894,25.060344827586206,-2.5,-0.6921937931034481,25.551724137931036,-2.5,-0.7051248275862068,26.043103448275865,-2.5
1773868766.767096281,1773868766.767096281,0.000,offline_ground_truth_window,"Environment section (T(v)):
- Current position NED is (-0.65, 23.83, -2.49) m.
- Current velocity is (0.01, 0.07, 0.00) m/s (speed 0.07 m/s).
- Goal position NED is (-0.77, 28.50, -2.50) m.
- Output contract: predict exactly 5 waypoint x/y pairs in NED. The planner will set every waypoint z to goal z = -2.50 m before execution.
- Goal delta from current state is (-0.12, 4.67, -0.01) m with distance 4.67 m.
- Obstacle pipeline: depth_camera_to_body_to_ned_current_frame.
- Current depth frame obstacle points projected into NED: 65. Nearest depth obstacle in NED is at (-1.38, 28.70, -2.08) m, relative vector (-0.73, 4.87, 0.42) m, distance 4.94 m.
- Depth validity fraction is 0.56. Global nearest obstacle distance is 4.24 m.
- Sector minimum distances [far_left, left, center, right, far_right] are [5.03, 4.26, 4.24, 5.02, 5.02] m.
- Nearest obstacle sector is center at 4.24 m and clearance status is clear.
- Lateral planning hint: prefer center progress.","{""waypoints"":[{""x"":-0.6663317241379308,""y"":24.568965517241377},{""x"":-0.6792627586206894,""y"":25.060344827586206},{""x"":-0.6921937931034481,""y"":25.551724137931036},{""x"":-0.7051248275862068,""y"":26.043103448275865},{""x"":-0.7180558620689653,""y"":26.53448275862069}],""reasoning"":""Selected waypoint 0 moves the reference anchor from 4.42 m to 3.93 m from goal immediately and to 1.97 m by the final waypoint, so progress is 0.49 m selected / 2.46 m final and passes with monotonic goal-distance reduction. Kinematics is evaluated on 5 unique label waypoint(s), excluding consecutive duplicate terminal holds, and checks only that the trajectory stays within the configured bounds speed <= 15.00 m/s and acceleration <= 8.00 m/s^2, so kinematics passes. Goal is not reached within this label waypoint window. Safety passes: minimum clearance 3.77 m against manifest obstacles with 0 violating segment(s).""}",-0.6663317241379308,24.568965517241377,-2.5,-0.6792627586206894,25.060344827586206,-2.5,-0.6921937931034481,25.551724137931036,-2.5,-0.7051248275862068,26.043103448275865,-2.5,-0.7180558620689653,26.53448275862069,-2.5
1773868773.848956823,1773868773.848956823,0.000,offline_ground_truth_window,"Environment section (T(v)):
- Current position NED is (-0.67, 24.32, -2.47) m.
- Current velocity is (-0.01, 0.03, -0.01) m/s (speed 0.03 m/s).
- Goal position NED is (-0.77, 28.50, -2.50) m.
- Output contract: predict exactly 5 waypoint x/y pairs in NED. The planner will set every waypoint z to goal z = -2.50 m before execution.
- Goal delta from current state is (-0.09, 4.18, -0.03) m with distance 4.18 m.
- Obstacle pipeline: depth_camera_to_body_to_ned_current_frame.
- Current depth frame obstacle points projected into NED: 71. Nearest depth obstacle in NED is at (-1.03, 28.36, -2.57) m, relative vector (-0.35, 4.04, -0.10) m, distance 4.06 m.
- Depth validity fraction is 0.56. Global nearest obstacle distance is 3.75 m.
- Sector minimum distances [far_left, left, center, right, far_right] are [4.98, 3.75, 3.75, 4.99, 5.00] m.
- Nearest obstacle sector is left at 3.75 m and clearance status is clear.
- Lateral planning hint: right side is clearer.","{""waypoints"":[{""x"":-0.6792627586206894,""y"":25.060344827586206},{""x"":-0.6921937931034481,""y"":25.551724137931036},{""x"":-0.7051248275862068,""y"":26.043103448275865},{""x"":-0.7180558620689653,""y"":26.53448275862069},{""x"":-0.730986896551724,""y"":27.025862068965516}],""reasoning"":""Selected waypoint 0 moves the reference anchor from 3.93 m to 3.44 m from goal immediately and to 1.47 m by the final waypoint, so progress is 0.49 m selected / 2.46 m final and passes with monotonic goal-distance reduction. Kinematics is evaluated on 5 unique label waypoint(s), excluding consecutive duplicate terminal holds, and checks only that the trajectory stays within the configured bounds speed <= 15.00 m/s and acceleration <= 8.00 m/s^2, so kinematics passes. Goal is not reached within this label waypoint window. Safety passes: minimum clearance 3.98 m against manifest obstacles with 0 violating segment(s).""}",-0.6792627586206894,25.060344827586206,-2.5,-0.6921937931034481,25.551724137931036,-2.5,-0.7051248275862068,26.043103448275865,-2.5,-0.7180558620689653,26.53448275862069,-2.5,-0.730986896551724,27.025862068965516,-2.5
1773868780.608001709,1773868780.608001709,0.000,offline_ground_truth_window,"Environment section (T(v)):
- Current position NED is (-0.71, 24.82, -2.49) m.
- Current velocity is (-0.00, 0.06, 0.00) m/s (speed 0.06 m/s).
- Goal position NED is (-0.77, 28.50, -2.50) m.
- Output contract: predict exactly 5 waypoint x/y pairs in NED. The planner will set every waypoint z to goal z = -2.50 m before execution.
- Goal delta from current state is (-0.06, 3.68, -0.01) m with distance 3.68 m.
- Obstacle pipeline: depth_camera_to_body_to_ned_current_frame.
- Current depth frame obstacle points projected into NED: 75. Nearest depth obstacle in NED is at (-1.52, 28.21, -2.63) m, relative vector (-0.81, 3.39, -0.13) m, distance 3.49 m.
- Depth validity fraction is 0.57. Global nearest obstacle distance is 3.25 m.
- Sector minimum distances [far_left, left, center, right, far_right] are [5.02, 3.25, 3.26, 5.03, 5.04] m.
- Nearest obstacle sector is left at 3.25 m and clearance status is clear.
- Lateral planning hint: right side is clearer.","{""waypoints"":[{""x"":-0.6921937931034481,""y"":25.551724137931036},{""x"":-0.7051248275862068,""y"":26.043103448275865},{""x"":-0.7180558620689653,""y"":26.53448275862069},{""x"":-0.730986896551724,""y"":27.025862068965516},{""x"":-0.7439179310344826,""y"":27.517241379310345}],""reasoning"":""Selected waypoint 0 moves the reference anchor from 3.44 m to 2.95 m from goal immediately and to 0.98 m by the final waypoint, so progress is 0.49 m selected / 2.46 m final and passes with monotonic goal-distance reduction. Kinematics is evaluated on 5 unique label waypoint(s), excluding consecutive duplicate terminal holds, and checks only that the trajectory stays within the configured bounds speed <= 15.00 m/s and acceleration <= 8.00 m/s^2, so kinematics passes. Goal is not reached within this label waypoint window. Safety passes: minimum clearance 3.83 m against manifest obstacles with 0 violating segment(s).""}",-0.6921937931034481,25.551724137931036,-2.5,-0.7051248275862068,26.043103448275865,-2.5,-0.7180558620689653,26.53448275862069,-2.5,-0.730986896551724,27.025862068965516,-2.5,-0.7439179310344826,27.517241379310345,-2.5
1773868787.793103456,1773868787.793103456,0.000,offline_ground_truth_window,"Environment section (T(v)):
- Current position NED is (-0.70, 25.31, -2.50) m.
- Current velocity is (0.01, 0.03, 0.00) m/s (speed 0.04 m/s).
- Goal position NED is (-0.77, 28.50, -2.50) m.
- Output contract: predict exactly 5 waypoint x/y pairs in NED. The planner will set every waypoint z to goal z = -2.50 m before execution.
- Goal delta from current state is (-0.07, 3.19, 0.00) m with distance 3.19 m.
- Obstacle pipeline: depth_camera_to_body_to_ned_current_frame.
- Current depth frame obstacle points projected into NED: 109. Nearest depth obstacle in NED is at (-1.39, 28.17, -2.63) m, relative vector (-0.69, 2.87, -0.12) m, distance 2.95 m.
- Depth validity fraction is 0.60. Global nearest obstacle distance is 2.77 m.
- Sector minimum distances [far_left, left, center, right, far_right] are [4.99, 2.77, 2.79, 4.98, 4.97] m.
- Nearest obstacle sector is left at 2.77 m and clearance status is caution.
- Lateral planning hint: right side is clearer.","{""waypoints"":[{""x"":-0.7051248275862068,""y"":26.043103448275865},{""x"":-0.7180558620689653,""y"":26.53448275862069},{""x"":-0.730986896551724,""y"":27.025862068965516},{""x"":-0.7439179310344826,""y"":27.517241379310345},{""x"":-0.7568489655172411,""y"":28.00862068965517}],""reasoning"":""Selected waypoint 0 moves the reference anchor from 2.95 m to 2.46 m from goal immediately and to 0.49 m by the final waypoint, so progress is 0.49 m selected / 2.46 m final and passes with monotonic goal-distance reduction. Kinematics is evaluated on 5 unique label waypoint(s), excluding consecutive duplicate terminal holds, and checks only that the trajectory stays within the configured bounds speed <= 15.00 m/s and acceleration <= 8.00 m/s^2, so kinematics passes. Goal is not reached within this label waypoint window. Safety passes: minimum clearance 3.73 m against manifest obstacles with 0 violating segment(s).""}",-0.7051248275862068,26.043103448275865,-2.5,-0.7180558620689653,26.53448275862069,-2.5,-0.730986896551724,27.025862068965516,-2.5,-0.7439179310344826,27.517241379310345,-2.5,-0.7568489655172411,28.00862068965517,-2.5
1773868794.309971333,1773868794.309971333,0.000,offline_ground_truth_window,"Environment section (T(v)):
- Current position NED is (-0.73, 25.80, -2.50) m.
- Current velocity is (0.00, 0.07, 0.01) m/s (speed 0.07 m/s).
- Goal position NED is (-0.77, 28.50, -2.50) m.
- Output contract: predict exactly 5 waypoint x/y pairs in NED. The planner will set every waypoint z to goal z = -2.50 m before execution.
- Goal delta from current state is (-0.04, 2.70, -0.00) m with distance 2.70 m.
- Obstacle pipeline: depth_camera_to_body_to_ned_current_frame.
- Current depth frame obstacle points projected into NED: 116. Nearest depth obstacle in NED is at (-1.47, 28.17, -2.62) m, relative vector (-0.74, 2.37, -0.12) m, distance 2.49 m.
- Depth validity fraction is 0.62. Global nearest obstacle distance is 2.28 m.
- Sector minimum distances [far_left, left, center, right, far_right] are [2.60, 2.28, 2.32, 4.98, 4.98] m.
- Nearest obstacle sector is left at 2.28 m and clearance status is caution.
- Lateral planning hint: right side is clearer.","{""waypoints"":[{""x"":-0.7180558620689653,""y"":26.53448275862069},{""x"":-0.730986896551724,""y"":27.025862068965516},{""x"":-0.7439179310344826,""y"":27.517241379310345},{""x"":-0.7568489655172411,""y"":28.00862068965517},{""x"":-0.7697799999999998,""y"":28.5}],""reasoning"":""Selected waypoint 0 moves the reference anchor from 2.46 m to 1.97 m from goal immediately and to 0.00 m by the final waypoint, so progress is 0.49 m selected / 2.46 m final and passes with monotonic goal-distance reduction. Kinematics is evaluated on 5 unique label waypoint(s), excluding consecutive duplicate terminal holds, and checks only that the trajectory stays within the configured bounds speed <= 15.00 m/s and acceleration <= 8.00 m/s^2, so kinematics passes. Goal will be reached in 5 waypoint(s) within 0.35 m tolerance. Safety passes: minimum clearance 3.37 m against manifest obstacles with 0 violating segment(s).""}",-0.7180558620689653,26.53448275862069,-2.5,-0.730986896551724,27.025862068965516,-2.5,-0.7439179310344826,27.517241379310345,-2.5,-0.7568489655172411,28.00862068965517,-2.5,-0.7697799999999998,28.5,-2.5
1773868799.831157207,1773868799.831157207,0.000,offline_ground_truth_window,"Environment section (T(v)):
- Current position NED is (-0.68, 26.29, -2.49) m.
- Current velocity is (-0.01, 0.06, 0.00) m/s (speed 0.06 m/s).
- Goal position NED is (-0.77, 28.50, -2.50) m.
- Output contract: predict exactly 5 waypoint x/y pairs in NED. The planner will set every waypoint z to goal z = -2.50 m before execution.
- Goal delta from current state is (-0.09, 2.21, -0.01) m with distance 2.21 m.
- Obstacle pipeline: depth_camera_to_body_to_ned_current_frame.
- Current depth frame obstacle points projected into NED: 147. Nearest depth obstacle in NED is at (-1.21, 28.22, -2.58) m, relative vector (-0.54, 1.92, -0.09) m, distance 2.00 m.
- Depth validity fraction is 0.65. Global nearest obstacle distance is 1.80 m.
- Sector minimum distances [far_left, left, center, right, far_right] are [1.85, 1.80, 1.87, 4.97, 4.97] m.
- Nearest obstacle sector is left at 1.80 m and clearance status is caution.
- Lateral planning hint: right side is clearer.","{""waypoints"":[{""x"":-0.7697799999999998,""y"":28.5},{""x"":-0.7697799999999998,""y"":28.5},{""x"":-0.7697799999999998,""y"":28.5},{""x"":-0.7697799999999998,""y"":28.5},{""x"":-0.7697799999999998,""y"":28.5}],""reasoning"":""Selected waypoint 0 moves the reference anchor from 1.97 m to 0.00 m from goal immediately and to 0.00 m by the final waypoint, so progress is 1.97 m selected / 1.97 m final and passes with monotonic goal-distance reduction. Kinematics is evaluated on 1 unique label waypoint(s), excluding consecutive duplicate terminal holds, and checks only that the trajectory stays within the configured bounds speed <= 15.00 m/s and acceleration <= 8.00 m/s^2, so kinematics passes. Goal will be reached in 1 waypoint(s) within 0.35 m tolerance. Safety passes: minimum clearance 3.37 m against manifest obstacles with 0 violating segment(s).""}",-0.7697799999999998,28.5,-2.5,-0.7697799999999998,28.5,-2.5,-0.7697799999999998,28.5,-2.5,-0.7697799999999998,28.5,-2.5,-0.7697799999999998,28.5,-2.5
1773868806.372530937,1773868806.372530937,0.000,offline_ground_truth_window,"Environment section (T(v)):
- Current position NED is (-0.73, 26.78, -2.49) m.
- Current velocity is (-0.00, 0.07, 0.00) m/s (speed 0.07 m/s).
- Goal position NED is (-0.77, 28.50, -2.50) m.
- Output contract: predict exactly 5 waypoint x/y pairs in NED. The planner will set every waypoint z to goal z = -2.50 m before execution.
- Goal delta from current state is (-0.04, 1.72, -0.01) m with distance 1.72 m.
- Obstacle pipeline: depth_camera_to_body_to_ned_current_frame.
- Current depth frame obstacle points projected into NED: 185. Nearest depth obstacle in NED is at (-1.10, 28.26, -2.63) m, relative vector (-0.38, 1.48, -0.14) m, distance 1.53 m.
- Depth validity fraction is 0.68. Global nearest obstacle distance is 1.29 m.
- Sector minimum distances [far_left, left, center, right, far_right] are [1.29, 1.29, 1.41, 4.78, 4.76] m.
- Nearest obstacle sector is far_left at 1.29 m and clearance status is blocked.
- Lateral planning hint: right side is clearer.","{""waypoints"":[{""x"":-0.7697799999999998,""y"":28.5},{""x"":-0.7697799999999998,""y"":28.5},{""x"":-0.7697799999999998,""y"":28.5},{""x"":-0.7697799999999998,""y"":28.5},{""x"":-0.7697799999999998,""y"":28.5}],""reasoning"":""Selected waypoint 0 moves the reference anchor from 1.47 m to 0.00 m from goal immediately and to 0.00 m by the final waypoint, so progress is 1.47 m selected / 1.47 m final and passes with monotonic goal-distance reduction. Kinematics is evaluated on 1 unique label waypoint(s), excluding consecutive duplicate terminal holds, and checks only that the trajectory stays within the configured bounds speed <= 15.00 m/s and acceleration <= 8.00 m/s^2, so kinematics passes. Goal will be reached in 1 waypoint(s) within 0.35 m tolerance. Safety passes: minimum clearance 3.37 m against manifest obstacles with 0 violating segment(s).""}",-0.7697799999999998,28.5,-2.5,-0.7697799999999998,28.5,-2.5,-0.7697799999999998,28.5,-2.5,-0.7697799999999998,28.5,-2.5,-0.7697799999999998,28.5,-2.5
1773868813.027616739,1773868813.027616739,0.000,offline_ground_truth_window,"Environment section (T(v)):
- Current position NED is (-0.74, 27.28, -2.51) m.
- Current velocity is (-0.01, 0.07, 0.01) m/s (speed 0.07 m/s).
- Goal position NED is (-0.77, 28.50, -2.50) m.
- Output contract: predict exactly 5 waypoint x/y pairs in NED. The planner will set every waypoint z to goal z = -2.50 m before execution.
- Goal delta from current state is (-0.03, 1.22, 0.01) m with distance 1.22 m.
- Obstacle pipeline: depth_camera_to_body_to_ned_current_frame.
- Current depth frame obstacle points projected into NED: 240. Nearest depth obstacle in NED is at (-1.18, 28.20, -2.64) m, relative vector (-0.44, 0.92, -0.13) m, distance 1.03 m.
- Depth validity fraction is 0.71. Global nearest obstacle distance is 0.78 m.
- Sector minimum distances [far_left, left, center, right, far_right] are [0.78, 0.82, 0.96, 4.27, 4.24] m.
- Nearest obstacle sector is far_left at 0.78 m and clearance status is blocked.
- Lateral planning hint: right side is clearer.","{""waypoints"":[{""x"":-0.7697799999999998,""y"":28.5},{""x"":-0.7697799999999998,""y"":28.5},{""x"":-0.7697799999999998,""y"":28.5},{""x"":-0.7697799999999998,""y"":28.5},{""x"":-0.7697799999999998,""y"":28.5}],""reasoning"":""Selected waypoint 0 moves the reference anchor from 0.98 m to 0.00 m from goal immediately and to 0.00 m by the final waypoint, so progress is 0.98 m selected / 0.98 m final and passes with monotonic goal-distance reduction. Kinematics is evaluated on 1 unique label waypoint(s), excluding consecutive duplicate terminal holds, and checks only that the trajectory stays within the configured bounds speed <= 15.00 m/s and acceleration <= 8.00 m/s^2, so kinematics passes. Goal will be reached in 1 waypoint(s) within 0.35 m tolerance. Safety passes: minimum clearance 3.37 m against manifest obstacles with 0 violating segment(s).""}",-0.7697799999999998,28.5,-2.5,-0.7697799999999998,28.5,-2.5,-0.7697799999999998,28.5,-2.5,-0.7697799999999998,28.5,-2.5,-0.7697799999999998,28.5,-2.5
1773868822.086075783,1773868822.086075783,0.000,offline_ground_truth_window,"Environment section (T(v)):
- Current position NED is (-0.71, 27.76, -2.47) m.
- Current velocity is (-0.01, 0.07, -0.00) m/s (speed 0.07 m/s).
- Goal position NED is (-0.77, 28.50, -2.50) m.
- Output contract: predict exactly 5 waypoint x/y pairs in NED. The planner will set every waypoint z to goal z = -2.50 m before execution.
- Goal delta from current state is (-0.06, 0.74, -0.03) m with distance 0.74 m.
- Obstacle pipeline: depth_camera_to_body_to_ned_current_frame.
- Current depth frame obstacle points projected into NED: 233. Nearest depth obstacle in NED is at (-0.92, 28.50, -2.55) m, relative vector (-0.21, 0.73, -0.08) m, distance 0.77 m.
- Depth validity fraction is 0.69. Global nearest obstacle distance is 0.61 m.
- Sector minimum distances [far_left, left, center, right, far_right] are [0.61, 0.61, 0.61, 3.79, 3.77] m.
- Nearest obstacle sector is center at 0.61 m and clearance status is blocked.
- Lateral planning hint: right side is clearer.","{""waypoints"":[{""x"":-0.7697799999999998,""y"":28.5},{""x"":-0.7697799999999998,""y"":28.5},{""x"":-0.7697799999999998,""y"":28.5},{""x"":-0.7697799999999998,""y"":28.5},{""x"":-0.7697799999999998,""y"":28.5}],""reasoning"":""Selected waypoint 0 moves the reference anchor from 0.49 m to 0.00 m from goal immediately and to 0.00 m by the final waypoint, so progress is 0.49 m selected / 0.49 m final and passes with monotonic goal-distance reduction. Kinematics is evaluated on 1 unique label waypoint(s), excluding consecutive duplicate terminal holds, and checks only that the trajectory stays within the configured bounds speed <= 15.00 m/s and acceleration <= 8.00 m/s^2, so kinematics passes. Goal will be reached in 1 waypoint(s) within 0.35 m tolerance. Safety passes: minimum clearance 3.37 m against manifest obstacles with 0 violating segment(s).""}",-0.7697799999999998,28.5,-2.5,-0.7697799999999998,28.5,-2.5,-0.7697799999999998,28.5,-2.5,-0.7697799999999998,28.5,-2.5,-0.7697799999999998,28.5,-2.5
1773868827.100475550,1773868827.100475550,0.000,offline_ground_truth_window,"Environment section (T(v)):
- Current position NED is (-0.76, 28.26, -2.50) m.
- Current velocity is (-0.01, 0.09, 0.01) m/s (speed 0.09 m/s).
- Goal position NED is (-0.77, 28.50, -2.50) m.
- Output contract: predict exactly 5 waypoint x/y pairs in NED. The planner will set every waypoint z to goal z = -2.50 m before execution.
- Goal delta from current state is (-0.01, 0.24, -0.00) m with distance 0.24 m.
- Obstacle pipeline: depth_camera_to_body_to_ned_current_frame.
- Current depth frame obstacle points projected into NED: 188. Nearest depth obstacle in NED is at (-0.91, 29.08, -2.62) m, relative vector (-0.14, 0.82, -0.12) m, distance 0.85 m.
- Depth validity fraction is 0.62. Global nearest obstacle distance is 0.58 m.
- Sector minimum distances [far_left, left, center, right, far_right] are [0.58, 0.68, 0.68, 3.34, 3.32] m.
- Nearest obstacle sector is far_left at 0.58 m and clearance status is blocked.
- Lateral planning hint: right side is clearer.","{""waypoints"":[{""x"":-0.7697799999999998,""y"":28.5},{""x"":-0.7697799999999998,""y"":28.5},{""x"":-0.7697799999999998,""y"":28.5},{""x"":-0.7697799999999998,""y"":28.5},{""x"":-0.7697799999999998,""y"":28.5}],""reasoning"":""Selected waypoint 0 moves the reference anchor from 0.00 m to 0.00 m from goal immediately and to 0.00 m by the final waypoint, so progress is 0.00 m selected / 0.00 m final and fails with monotonic goal-distance reduction. Kinematics is evaluated on 1 unique label waypoint(s), excluding consecutive duplicate terminal holds, and checks only that the trajectory stays within the configured bounds speed <= 15.00 m/s and acceleration <= 8.00 m/s^2, so kinematics passes. Goal has already been reached at the reference anchor within 0.35 m tolerance. Safety passes: minimum clearance 3.37 m against manifest obstacles with 0 violating segment(s).""}",-0.7697799999999998,28.5,-2.5,-0.7697799999999998,28.5,-2.5,-0.7697799999999998,28.5,-2.5,-0.7697799999999998,28.5,-2.5,-0.7697799999999998,28.5,-2.5
