anchor_stamp_s,scene_stamp_s,sync_dt_ms,label_mode,prompt,label_waypoints_json,wp0_x,wp0_y,wp0_z,wp1_x,wp1_y,wp1_z,wp2_x,wp2_y,wp2_z,wp3_x,wp3_y,wp3_z,wp4_x,wp4_y,wp4_z
1773868104.921175003,1773868104.921175003,0.000,offline_ground_truth_window,"Environment section (T(v)):
- Current position NED is (-0.03, -0.02, -2.43) m.
- Current velocity is (-0.00, -0.00, -0.00) m/s (speed 0.00 m/s).
- Goal position NED is (0.45, 28.00, -2.50) m.
- Output contract: predict exactly 5 waypoint x/y pairs in NED. The planner will set every waypoint z to goal z = -2.50 m before execution.
- Goal delta from current state is (0.49, 28.02, -0.07) m with distance 28.02 m.
- Obstacle pipeline: depth_camera_to_body_to_ned_current_frame.
- Current depth frame obstacle points projected into NED: 14. Nearest depth obstacle in NED is at (0.34, 0.83, -2.40) m, relative vector (0.37, 0.85, 0.04) m, distance 0.93 m.
- Depth validity fraction is 0.55. Global nearest obstacle distance is 0.64 m.
- Sector minimum distances [far_left, left, center, right, far_right] are [4.81, 4.81, 1.17, 1.17, 0.64] m.
- Nearest obstacle sector is far_right at 0.64 m and clearance status is blocked.
- Lateral planning hint: left side is clearer.","{""waypoints"":[{""x"":-0.03693707017543968,""y"":0.4912290701754385},{""x"":-0.02816514035087825,""y"":0.9824571403508771},{""x"":-0.01939321052631693,""y"":1.4736852105263158},{""x"":-0.010621280701755498,""y"":1.9649132807017542},{""x"":-0.001849350877194067,""y"":2.4561413508771928}],""reasoning"":""Selected waypoint 0 moves the reference anchor from 28.00 m to 27.51 m from goal immediately and to 25.55 m by the final waypoint, so progress is 0.49 m selected / 2.46 m final and passes with monotonic goal-distance reduction. Kinematics is evaluated on 5 unique label waypoint(s), excluding consecutive duplicate terminal holds, and checks only that the trajectory stays within the configured bounds speed <= 15.00 m/s and acceleration <= 8.00 m/s^2, so kinematics passes. Goal is not reached within this label waypoint window. Safety passes: minimum clearance 5.75 m against manifest obstacles with 0 violating segment(s).""}",-0.03693707017543968,0.4912290701754385,-2.5,-0.02816514035087825,0.9824571403508771,-2.5,-0.01939321052631693,1.4736852105263158,-2.5,-0.010621280701755498,1.9649132807017542,-2.5,-0.001849350877194067,2.4561413508771928,-2.5
1773868108.895309448,1773868108.895309448,0.000,offline_ground_truth_window,"Environment section (T(v)):
- Current position NED is (0.05, 0.25, -2.48) m.
- Current velocity is (-0.01, 0.08, -0.00) m/s (speed 0.08 m/s).
- Goal position NED is (0.45, 28.00, -2.50) m.
- Output contract: predict exactly 5 waypoint x/y pairs in NED. The planner will set every waypoint z to goal z = -2.50 m before execution.
- Goal delta from current state is (0.40, 27.75, -0.02) m with distance 27.76 m.
- Obstacle pipeline: depth_camera_to_body_to_ned_current_frame.
- Current depth frame obstacle points projected into NED: 1. Nearest depth obstacle in NED is at (-5.16, 11.21, -1.92) m, relative vector (-5.21, 10.96, 0.56) m, distance 12.15 m.
- Depth validity fraction is 0.55. Global nearest obstacle distance is 4.85 m.
- Sector minimum distances [far_left, left, center, right, far_right] are [4.89, 4.88, 4.87, 4.86, 4.85] m.
- Nearest obstacle sector is far_right at 4.85 m and clearance status is clear.
- Lateral planning hint: prefer center progress.","{""waypoints"":[{""x"":-0.02816514035087825,""y"":0.9824571403508771},{""x"":-0.01939321052631693,""y"":1.4736852105263158},{""x"":-0.010621280701755498,""y"":1.9649132807017542},{""x"":-0.001849350877194067,""y"":2.4561413508771928},{""x"":0.006922578947367253,""y"":2.947369421052631}],""reasoning"":""Selected waypoint 0 moves the reference anchor from 27.51 m to 27.02 m from goal immediately and to 25.06 m by the final waypoint, so progress is 0.49 m selected / 2.46 m final and passes with monotonic goal-distance reduction. Kinematics is evaluated on 5 unique label waypoint(s), excluding consecutive duplicate terminal holds, and checks only that the trajectory stays within the configured bounds speed <= 15.00 m/s and acceleration <= 8.00 m/s^2, so kinematics passes. Goal is not reached within this label waypoint window. Safety passes: minimum clearance 5.76 m against manifest obstacles with 0 violating segment(s).""}",-0.02816514035087825,0.9824571403508771,-2.5,-0.01939321052631693,1.4736852105263158,-2.5,-0.010621280701755498,1.9649132807017542,-2.5,-0.001849350877194067,2.4561413508771928,-2.5,0.006922578947367253,2.947369421052631,-2.5
1773868114.441710234,1773868114.441710234,0.000,offline_ground_truth_window,"Environment section (T(v)):
- Current position NED is (-0.01, 0.74, -2.49) m.
- Current velocity is (-0.01, 0.07, 0.00) m/s (speed 0.07 m/s).
- Goal position NED is (0.45, 28.00, -2.50) m.
- Output contract: predict exactly 5 waypoint x/y pairs in NED. The planner will set every waypoint z to goal z = -2.50 m before execution.
- Goal delta from current state is (0.47, 27.26, -0.01) m with distance 27.27 m.
- Obstacle pipeline: depth_camera_to_body_to_ned_current_frame.
- Current depth frame obstacle points projected into NED: 0. Nearest depth obstacle in NED is at (-0.01, 0.74, -2.49) m, relative vector (20.00, 0.00, 0.00) m, distance 20.00 m.
- Depth validity fraction is 0.54. Global nearest obstacle distance is 4.93 m.
- Sector minimum distances [far_left, left, center, right, far_right] are [4.93, 4.93, 4.93, 4.93, 4.94] m.
- Nearest obstacle sector is far_left at 4.93 m and clearance status is clear.
- Lateral planning hint: prefer center progress.","{""waypoints"":[{""x"":-0.01939321052631693,""y"":1.4736852105263158},{""x"":-0.010621280701755498,""y"":1.9649132807017542},{""x"":-0.001849350877194067,""y"":2.4561413508771928},{""x"":0.006922578947367253,""y"":2.947369421052631},{""x"":0.015694508771928684,""y"":3.4385974912280703}],""reasoning"":""Selected waypoint 0 moves the reference anchor from 27.02 m to 26.53 m from goal immediately and to 24.57 m by the final waypoint, so progress is 0.49 m selected / 2.46 m final and passes with monotonic goal-distance reduction. Kinematics is evaluated on 5 unique label waypoint(s), excluding consecutive duplicate terminal holds, and checks only that the trajectory stays within the configured bounds speed <= 15.00 m/s and acceleration <= 8.00 m/s^2, so kinematics passes. Goal is not reached within this label waypoint window. Safety passes: minimum clearance 5.77 m against manifest obstacles with 0 violating segment(s).""}",-0.01939321052631693,1.4736852105263158,-2.5,-0.010621280701755498,1.9649132807017542,-2.5,-0.001849350877194067,2.4561413508771928,-2.5,0.006922578947367253,2.947369421052631,-2.5,0.015694508771928684,3.4385974912280703,-2.5
1773868119.394167423,1773868119.394167423,0.000,offline_ground_truth_window,"Environment section (T(v)):
- Current position NED is (-0.00, 1.23, -2.49) m.
- Current velocity is (-0.00, 0.08, 0.00) m/s (speed 0.08 m/s).
- Goal position NED is (0.45, 28.00, -2.50) m.
- Output contract: predict exactly 5 waypoint x/y pairs in NED. The planner will set every waypoint z to goal z = -2.50 m before execution.
- Goal delta from current state is (0.46, 26.77, -0.01) m with distance 26.78 m.
- Obstacle pipeline: depth_camera_to_body_to_ned_current_frame.
- Current depth frame obstacle points projected into NED: 4. Nearest depth obstacle in NED is at (-4.93, 11.24, -2.67) m, relative vector (-4.93, 10.01, -0.18) m, distance 11.16 m.
- Depth validity fraction is 0.54. Global nearest obstacle distance is 4.98 m.
- Sector minimum distances [far_left, left, center, right, far_right] are [4.99, 4.99, 4.98, 4.98, 4.98] m.
- Nearest obstacle sector is far_right at 4.98 m and clearance status is clear.
- Lateral planning hint: prefer center progress.","{""waypoints"":[{""x"":-0.010621280701755498,""y"":1.9649132807017542},{""x"":-0.001849350877194067,""y"":2.4561413508771928},{""x"":0.006922578947367253,""y"":2.947369421052631},{""x"":0.015694508771928684,""y"":3.4385974912280703},{""x"":0.024466438596490114,""y"":3.9298255614035087}],""reasoning"":""Selected waypoint 0 moves the reference anchor from 26.53 m to 26.04 m from goal immediately and to 24.07 m by the final waypoint, so progress is 0.49 m selected / 2.46 m final and passes with monotonic goal-distance reduction. Kinematics is evaluated on 5 unique label waypoint(s), excluding consecutive duplicate terminal holds, and checks only that the trajectory stays within the configured bounds speed <= 15.00 m/s and acceleration <= 8.00 m/s^2, so kinematics passes. Goal is not reached within this label waypoint window. Safety passes: minimum clearance 5.78 m against manifest obstacles with 0 violating segment(s).""}",-0.010621280701755498,1.9649132807017542,-2.5,-0.001849350877194067,2.4561413508771928,-2.5,0.006922578947367253,2.947369421052631,-2.5,0.015694508771928684,3.4385974912280703,-2.5,0.024466438596490114,3.9298255614035087,-2.5
1773868124.518770695,1773868124.518770695,0.000,offline_ground_truth_window,"Environment section (T(v)):
- Current position NED is (-0.02, 1.72, -2.53) m.
- Current velocity is (-0.01, 0.06, 0.01) m/s (speed 0.06 m/s).
- Goal position NED is (0.45, 28.00, -2.50) m.
- Output contract: predict exactly 5 waypoint x/y pairs in NED. The planner will set every waypoint z to goal z = -2.50 m before execution.
- Goal delta from current state is (0.48, 26.28, 0.03) m with distance 26.28 m.
- Obstacle pipeline: depth_camera_to_body_to_ned_current_frame.
- Current depth frame obstacle points projected into NED: 2. Nearest depth obstacle in NED is at (-4.86, 11.30, -1.86) m, relative vector (-4.84, 9.57, 0.68) m, distance 10.75 m.
- Depth validity fraction is 0.54. Global nearest obstacle distance is 5.01 m.
- Sector minimum distances [far_left, left, center, right, far_right] are [5.01, 5.02, 5.02, 5.03, 5.04] m.
- Nearest obstacle sector is far_left at 5.01 m and clearance status is clear.
- Lateral planning hint: prefer center progress.","{""waypoints"":[{""x"":-0.001849350877194067,""y"":2.4561413508771928},{""x"":0.006922578947367253,""y"":2.947369421052631},{""x"":0.015694508771928684,""y"":3.4385974912280703},{""x"":0.024466438596490114,""y"":3.9298255614035087},{""x"":0.033238368421051545,""y"":4.421053631578947}],""reasoning"":""Selected waypoint 0 moves the reference anchor from 26.04 m to 25.55 m from goal immediately and to 23.58 m by the final waypoint, so progress is 0.49 m selected / 2.46 m final and passes with monotonic goal-distance reduction. Kinematics is evaluated on 5 unique label waypoint(s), excluding consecutive duplicate terminal holds, and checks only that the trajectory stays within the configured bounds speed <= 15.00 m/s and acceleration <= 8.00 m/s^2, so kinematics passes. Goal is not reached within this label waypoint window. Safety passes: minimum clearance 5.77 m against manifest obstacles with 0 violating segment(s).""}",-0.001849350877194067,2.4561413508771928,-2.5,0.006922578947367253,2.947369421052631,-2.5,0.015694508771928684,3.4385974912280703,-2.5,0.024466438596490114,3.9298255614035087,-2.5,0.033238368421051545,4.421053631578947,-2.5
1773868129.534587860,1773868129.534587860,0.000,offline_ground_truth_window,"Environment section (T(v)):
- Current position NED is (-0.00, 2.21, -2.51) m.
- Current velocity is (-0.01, 0.10, 0.01) m/s (speed 0.10 m/s).
- Goal position NED is (0.45, 28.00, -2.50) m.
- Output contract: predict exactly 5 waypoint x/y pairs in NED. The planner will set every waypoint z to goal z = -2.50 m before execution.
- Goal delta from current state is (0.46, 25.79, 0.01) m with distance 25.79 m.
- Obstacle pipeline: depth_camera_to_body_to_ned_current_frame.
- Current depth frame obstacle points projected into NED: 1. Nearest depth obstacle in NED is at (-4.86, 11.27, -2.31) m, relative vector (-4.86, 9.06, 0.20) m, distance 10.28 m.
- Depth validity fraction is 0.55. Global nearest obstacle distance is 4.94 m.
- Sector minimum distances [far_left, left, center, right, far_right] are [4.94, 4.95, 4.95, 4.95, 4.95] m.
- Nearest obstacle sector is far_left at 4.94 m and clearance status is clear.
- Lateral planning hint: prefer center progress.","{""waypoints"":[{""x"":0.006922578947367253,""y"":2.947369421052631},{""x"":0.015694508771928684,""y"":3.4385974912280703},{""x"":0.024466438596490114,""y"":3.9298255614035087},{""x"":0.033238368421051545,""y"":4.421053631578947},{""x"":0.042010298245612976,""y"":4.912281701754385}],""reasoning"":""Selected waypoint 0 moves the reference anchor from 25.55 m to 25.06 m from goal immediately and to 23.09 m by the final waypoint, so progress is 0.49 m selected / 2.46 m final and passes with monotonic goal-distance reduction. Kinematics is evaluated on 5 unique label waypoint(s), excluding consecutive duplicate terminal holds, and checks only that the trajectory stays within the configured bounds speed <= 15.00 m/s and acceleration <= 8.00 m/s^2, so kinematics passes. Goal is not reached within this label waypoint window. Safety passes: minimum clearance 5.41 m against manifest obstacles with 0 violating segment(s).""}",0.006922578947367253,2.947369421052631,-2.5,0.015694508771928684,3.4385974912280703,-2.5,0.024466438596490114,3.9298255614035087,-2.5,0.033238368421051545,4.421053631578947,-2.5,0.042010298245612976,4.912281701754385,-2.5
1773868135.332741499,1773868135.332741499,0.000,offline_ground_truth_window,"Environment section (T(v)):
- Current position NED is (0.00, 2.70, -2.50) m.
- Current velocity is (0.00, 0.07, 0.01) m/s (speed 0.07 m/s).
- Goal position NED is (0.45, 28.00, -2.50) m.
- Output contract: predict exactly 5 waypoint x/y pairs in NED. The planner will set every waypoint z to goal z = -2.50 m before execution.
- Goal delta from current state is (0.45, 25.30, -0.00) m with distance 25.30 m.
- Obstacle pipeline: depth_camera_to_body_to_ned_current_frame.
- Current depth frame obstacle points projected into NED: 3. Nearest depth obstacle in NED is at (-4.68, 11.36, -2.57) m, relative vector (-4.68, 8.66, -0.07) m, distance 9.84 m.
- Depth validity fraction is 0.55. Global nearest obstacle distance is 4.91 m.
- Sector minimum distances [far_left, left, center, right, far_right] are [4.91, 4.91, 4.91, 4.92, 4.92] m.
- Nearest obstacle sector is far_left at 4.91 m and clearance status is clear.
- Lateral planning hint: prefer center progress.","{""waypoints"":[{""x"":0.015694508771928684,""y"":3.4385974912280703},{""x"":0.024466438596490114,""y"":3.9298255614035087},{""x"":0.033238368421051545,""y"":4.421053631578947},{""x"":0.042010298245612976,""y"":4.912281701754385},{""x"":0.050782228070174296,""y"":5.403509771929825}],""reasoning"":""Selected waypoint 0 moves the reference anchor from 25.06 m to 24.57 m from goal immediately and to 22.60 m by the final waypoint, so progress is 0.49 m selected / 2.46 m final and passes with monotonic goal-distance reduction. Kinematics is evaluated on 5 unique label waypoint(s), excluding consecutive duplicate terminal holds, and checks only that the trajectory stays within the configured bounds speed <= 15.00 m/s and acceleration <= 8.00 m/s^2, so kinematics passes. Goal is not reached within this label waypoint window. Safety passes: minimum clearance 5.06 m against manifest obstacles with 0 violating segment(s).""}",0.015694508771928684,3.4385974912280703,-2.5,0.024466438596490114,3.9298255614035087,-2.5,0.033238368421051545,4.421053631578947,-2.5,0.042010298245612976,4.912281701754385,-2.5,0.050782228070174296,5.403509771929825,-2.5
1773868141.011536121,1773868141.011536121,0.000,offline_ground_truth_window,"Environment section (T(v)):
- Current position NED is (0.00, 3.19, -2.49) m.
- Current velocity is (-0.00, 0.08, 0.00) m/s (speed 0.08 m/s).
- Goal position NED is (0.45, 28.00, -2.50) m.
- Output contract: predict exactly 5 waypoint x/y pairs in NED. The planner will set every waypoint z to goal z = -2.50 m before execution.
- Goal delta from current state is (0.45, 24.81, -0.01) m with distance 24.81 m.
- Obstacle pipeline: depth_camera_to_body_to_ned_current_frame.
- Current depth frame obstacle points projected into NED: 5. Nearest depth obstacle in NED is at (-4.58, 11.42, -2.66) m, relative vector (-4.59, 8.23, -0.17) m, distance 9.42 m.
- Depth validity fraction is 0.55. Global nearest obstacle distance is 4.90 m.
- Sector minimum distances [far_left, left, center, right, far_right] are [4.90, 4.90, 4.91, 4.91, 4.91] m.
- Nearest obstacle sector is far_left at 4.90 m and clearance status is clear.
- Lateral planning hint: prefer center progress.","{""waypoints"":[{""x"":0.024466438596490114,""y"":3.9298255614035087},{""x"":0.033238368421051545,""y"":4.421053631578947},{""x"":0.042010298245612976,""y"":4.912281701754385},{""x"":0.050782228070174296,""y"":5.403509771929825},{""x"":0.059554157894735726,""y"":5.894737842105263}],""reasoning"":""Selected waypoint 0 moves the reference anchor from 24.57 m to 24.07 m from goal immediately and to 22.11 m by the final waypoint, so progress is 0.49 m selected / 2.46 m final and passes with monotonic goal-distance reduction. Kinematics is evaluated on 5 unique label waypoint(s), excluding consecutive duplicate terminal holds, and checks only that the trajectory stays within the configured bounds speed <= 15.00 m/s and acceleration <= 8.00 m/s^2, so kinematics passes. Goal is not reached within this label waypoint window. Safety passes: minimum clearance 4.75 m against manifest obstacles with 0 violating segment(s).""}",0.024466438596490114,3.9298255614035087,-2.5,0.033238368421051545,4.421053631578947,-2.5,0.042010298245612976,4.912281701754385,-2.5,0.050782228070174296,5.403509771929825,-2.5,0.059554157894735726,5.894737842105263,-2.5
1773868147.931291342,1773868147.931291342,0.000,offline_ground_truth_window,"Environment section (T(v)):
- Current position NED is (0.03, 3.69, -2.47) m.
- Current velocity is (-0.00, 0.06, -0.01) m/s (speed 0.06 m/s).
- Goal position NED is (0.45, 28.00, -2.50) m.
- Output contract: predict exactly 5 waypoint x/y pairs in NED. The planner will set every waypoint z to goal z = -2.50 m before execution.
- Goal delta from current state is (0.43, 24.31, -0.03) m with distance 24.32 m.
- Obstacle pipeline: depth_camera_to_body_to_ned_current_frame.
- Current depth frame obstacle points projected into NED: 5. Nearest depth obstacle in NED is at (-4.69, 11.28, -2.46) m, relative vector (-4.71, 7.60, 0.01) m, distance 8.94 m.
- Depth validity fraction is 0.55. Global nearest obstacle distance is 4.90 m.
- Sector minimum distances [far_left, left, center, right, far_right] are [4.90, 4.90, 4.90, 4.90, 4.90] m.
- Nearest obstacle sector is far_right at 4.90 m and clearance status is clear.
- Lateral planning hint: prefer center progress.","{""waypoints"":[{""x"":0.033238368421051545,""y"":4.421053631578947},{""x"":0.042010298245612976,""y"":4.912281701754385},{""x"":0.050782228070174296,""y"":5.403509771929825},{""x"":0.059554157894735726,""y"":5.894737842105263},{""x"":0.06832608771929716,""y"":6.385965912280701}],""reasoning"":""Selected waypoint 0 moves the reference anchor from 24.07 m to 23.58 m from goal immediately and to 21.62 m by the final waypoint, so progress is 0.49 m selected / 2.46 m final and passes with monotonic goal-distance reduction. Kinematics is evaluated on 5 unique label waypoint(s), excluding consecutive duplicate terminal holds, and checks only that the trajectory stays within the configured bounds speed <= 15.00 m/s and acceleration <= 8.00 m/s^2, so kinematics passes. Goal is not reached within this label waypoint window. Safety passes: minimum clearance 4.45 m against manifest obstacles with 0 violating segment(s).""}",0.033238368421051545,4.421053631578947,-2.5,0.042010298245612976,4.912281701754385,-2.5,0.050782228070174296,5.403509771929825,-2.5,0.059554157894735726,5.894737842105263,-2.5,0.06832608771929716,6.385965912280701,-2.5
1773868153.091695547,1773868153.091695547,0.000,offline_ground_truth_window,"Environment section (T(v)):
- Current position NED is (0.06, 4.18, -2.49) m.
- Current velocity is (0.00, 0.07, -0.00) m/s (speed 0.07 m/s).
- Goal position NED is (0.45, 28.00, -2.50) m.
- Output contract: predict exactly 5 waypoint x/y pairs in NED. The planner will set every waypoint z to goal z = -2.50 m before execution.
- Goal delta from current state is (0.39, 23.82, -0.01) m with distance 23.83 m.
- Obstacle pipeline: depth_camera_to_body_to_ned_current_frame.
- Current depth frame obstacle points projected into NED: 10. Nearest depth obstacle in NED is at (-4.43, 11.33, -2.57) m, relative vector (-4.49, 7.15, -0.08) m, distance 8.45 m.
- Depth validity fraction is 0.55. Global nearest obstacle distance is 4.94 m.
- Sector minimum distances [far_left, left, center, right, far_right] are [4.96, 4.95, 4.95, 4.95, 4.94] m.
- Nearest obstacle sector is far_right at 4.94 m and clearance status is clear.
- Lateral planning hint: prefer center progress.","{""waypoints"":[{""x"":0.042010298245612976,""y"":4.912281701754385},{""x"":0.050782228070174296,""y"":5.403509771929825},{""x"":0.059554157894735726,""y"":5.894737842105263},{""x"":0.06832608771929716,""y"":6.385965912280701},{""x"":0.07709801754385848,""y"":6.8771939824561406}],""reasoning"":""Selected waypoint 0 moves the reference anchor from 23.58 m to 23.09 m from goal immediately and to 21.13 m by the final waypoint, so progress is 0.49 m selected / 2.46 m final and passes with monotonic goal-distance reduction. Kinematics is evaluated on 5 unique label waypoint(s), excluding consecutive duplicate terminal holds, and checks only that the trajectory stays within the configured bounds speed <= 15.00 m/s and acceleration <= 8.00 m/s^2, so kinematics passes. Goal is not reached within this label waypoint window. Safety passes: minimum clearance 4.20 m against manifest obstacles with 0 violating segment(s).""}",0.042010298245612976,4.912281701754385,-2.5,0.050782228070174296,5.403509771929825,-2.5,0.059554157894735726,5.894737842105263,-2.5,0.06832608771929716,6.385965912280701,-2.5,0.07709801754385848,6.8771939824561406,-2.5
1773868157.366259336,1773868157.366259336,0.000,offline_ground_truth_window,"Environment section (T(v)):
- Current position NED is (0.07, 4.67, -2.51) m.
- Current velocity is (-0.01, 0.09, 0.01) m/s (speed 0.09 m/s).
- Goal position NED is (0.45, 28.00, -2.50) m.
- Output contract: predict exactly 5 waypoint x/y pairs in NED. The planner will set every waypoint z to goal z = -2.50 m before execution.
- Goal delta from current state is (0.39, 23.33, 0.01) m with distance 23.34 m.
- Obstacle pipeline: depth_camera_to_body_to_ned_current_frame.
- Current depth frame obstacle points projected into NED: 6. Nearest depth obstacle in NED is at (-4.40, 11.35, -2.66) m, relative vector (-4.47, 6.69, -0.14) m, distance 8.04 m.
- Depth validity fraction is 0.55. Global nearest obstacle distance is 4.93 m.
- Sector minimum distances [far_left, left, center, right, far_right] are [4.95, 4.94, 4.94, 4.93, 4.93] m.
- Nearest obstacle sector is far_right at 4.93 m and clearance status is clear.
- Lateral planning hint: prefer center progress.","{""waypoints"":[{""x"":0.050782228070174296,""y"":5.403509771929825},{""x"":0.059554157894735726,""y"":5.894737842105263},{""x"":0.06832608771929716,""y"":6.385965912280701},{""x"":0.07709801754385848,""y"":6.8771939824561406},{""x"":0.08586994736841991,""y"":7.368422052631579}],""reasoning"":""Selected waypoint 0 moves the reference anchor from 23.09 m to 22.60 m from goal immediately and to 20.63 m by the final waypoint, so progress is 0.49 m selected / 2.46 m final and passes with monotonic goal-distance reduction. Kinematics is evaluated on 5 unique label waypoint(s), excluding consecutive duplicate terminal holds, and checks only that the trajectory stays within the configured bounds speed <= 15.00 m/s and acceleration <= 8.00 m/s^2, so kinematics passes. Goal is not reached within this label waypoint window. Safety passes: minimum clearance 3.98 m against manifest obstacles with 0 violating segment(s).""}",0.050782228070174296,5.403509771929825,-2.5,0.059554157894735726,5.894737842105263,-2.5,0.06832608771929716,6.385965912280701,-2.5,0.07709801754385848,6.8771939824561406,-2.5,0.08586994736841991,7.368422052631579,-2.5
1773868162.104309559,1773868162.104309559,0.000,offline_ground_truth_window,"Environment section (T(v)):
- Current position NED is (0.03, 5.16, -2.50) m.
- Current velocity is (0.00, 0.07, 0.01) m/s (speed 0.07 m/s).
- Goal position NED is (0.45, 28.00, -2.50) m.
- Output contract: predict exactly 5 waypoint x/y pairs in NED. The planner will set every waypoint z to goal z = -2.50 m before execution.
- Goal delta from current state is (0.42, 22.84, -0.00) m with distance 22.84 m.
- Obstacle pipeline: depth_camera_to_body_to_ned_current_frame.
- Current depth frame obstacle points projected into NED: 18. Nearest depth obstacle in NED is at (-4.32, 11.39, -2.54) m, relative vector (-4.36, 6.24, -0.05) m, distance 7.61 m.
- Depth validity fraction is 0.55. Global nearest obstacle distance is 4.93 m.
- Sector minimum distances [far_left, left, center, right, far_right] are [4.93, 4.93, 4.93, 4.93, 4.93] m.
- Nearest obstacle sector is far_left at 4.93 m and clearance status is clear.
- Lateral planning hint: prefer center progress.","{""waypoints"":[{""x"":0.059554157894735726,""y"":5.894737842105263},{""x"":0.06832608771929716,""y"":6.385965912280701},{""x"":0.07709801754385848,""y"":6.8771939824561406},{""x"":0.08586994736841991,""y"":7.368422052631579},{""x"":0.09464187719298134,""y"":7.859650122807017}],""reasoning"":""Selected waypoint 0 moves the reference anchor from 22.60 m to 22.11 m from goal immediately and to 20.14 m by the final waypoint, so progress is 0.49 m selected / 2.46 m final and passes with monotonic goal-distance reduction. Kinematics is evaluated on 5 unique label waypoint(s), excluding consecutive duplicate terminal holds, and checks only that the trajectory stays within the configured bounds speed <= 15.00 m/s and acceleration <= 8.00 m/s^2, so kinematics passes. Goal is not reached within this label waypoint window. Safety passes: minimum clearance 3.82 m against manifest obstacles with 0 violating segment(s).""}",0.059554157894735726,5.894737842105263,-2.5,0.06832608771929716,6.385965912280701,-2.5,0.07709801754385848,6.8771939824561406,-2.5,0.08586994736841991,7.368422052631579,-2.5,0.09464187719298134,7.859650122807017,-2.5
1773868167.219907522,1773868167.219907522,0.000,offline_ground_truth_window,"Environment section (T(v)):
- Current position NED is (0.05, 5.65, -2.50) m.
- Current velocity is (0.01, 0.08, 0.01) m/s (speed 0.08 m/s).
- Goal position NED is (0.45, 28.00, -2.50) m.
- Output contract: predict exactly 5 waypoint x/y pairs in NED. The planner will set every waypoint z to goal z = -2.50 m before execution.
- Goal delta from current state is (0.41, 22.35, 0.00) m with distance 22.35 m.
- Obstacle pipeline: depth_camera_to_body_to_ned_current_frame.
- Current depth frame obstacle points projected into NED: 15. Nearest depth obstacle in NED is at (-4.18, 11.42, -2.71) m, relative vector (-4.23, 5.77, -0.21) m, distance 7.16 m.
- Depth validity fraction is 0.54. Global nearest obstacle distance is 4.95 m.
- Sector minimum distances [far_left, left, center, right, far_right] are [4.95, 4.95, 4.95, 4.95, 4.95] m.
- Nearest obstacle sector is far_left at 4.95 m and clearance status is clear.
- Lateral planning hint: prefer center progress.","{""waypoints"":[{""x"":0.06832608771929716,""y"":6.385965912280701},{""x"":0.07709801754385848,""y"":6.8771939824561406},{""x"":0.08586994736841991,""y"":7.368422052631579},{""x"":0.09464187719298134,""y"":7.859650122807017},{""x"":0.10341380701754277,""y"":8.350878192982455}],""reasoning"":""Selected waypoint 0 moves the reference anchor from 22.11 m to 21.62 m from goal immediately and to 19.65 m by the final waypoint, so progress is 0.49 m selected / 2.46 m final and passes with monotonic goal-distance reduction. Kinematics is evaluated on 5 unique label waypoint(s), excluding consecutive duplicate terminal holds, and checks only that the trajectory stays within the configured bounds speed <= 15.00 m/s and acceleration <= 8.00 m/s^2, so kinematics passes. Goal is not reached within this label waypoint window. Safety passes: minimum clearance 3.70 m against manifest obstacles with 0 violating segment(s).""}",0.06832608771929716,6.385965912280701,-2.5,0.07709801754385848,6.8771939824561406,-2.5,0.08586994736841991,7.368422052631579,-2.5,0.09464187719298134,7.859650122807017,-2.5,0.10341380701754277,8.350878192982455,-2.5
1773868172.360218525,1773868172.360218525,0.000,offline_ground_truth_window,"Environment section (T(v)):
- Current position NED is (0.09, 6.14, -2.51) m.
- Current velocity is (0.01, 0.07, 0.01) m/s (speed 0.07 m/s).
- Goal position NED is (0.45, 28.00, -2.50) m.
- Output contract: predict exactly 5 waypoint x/y pairs in NED. The planner will set every waypoint z to goal z = -2.50 m before execution.
- Goal delta from current state is (0.37, 21.86, 0.01) m with distance 21.86 m.
- Obstacle pipeline: depth_camera_to_body_to_ned_current_frame.
- Current depth frame obstacle points projected into NED: 8. Nearest depth obstacle in NED is at (-4.07, 11.46, -2.66) m, relative vector (-4.16, 5.32, -0.15) m, distance 6.75 m.
- Depth validity fraction is 0.54. Global nearest obstacle distance is 4.94 m.
- Sector minimum distances [far_left, left, center, right, far_right] are [4.96, 4.95, 4.95, 4.94, 4.94] m.
- Nearest obstacle sector is far_right at 4.94 m and clearance status is clear.
- Lateral planning hint: prefer center progress.","{""waypoints"":[{""x"":0.07709801754385848,""y"":6.8771939824561406},{""x"":0.08586994736841991,""y"":7.368422052631579},{""x"":0.09464187719298134,""y"":7.859650122807017},{""x"":0.10341380701754277,""y"":8.350878192982455},{""x"":0.1121857368421042,""y"":8.842106263157893}],""reasoning"":""Selected waypoint 0 moves the reference anchor from 21.62 m to 21.13 m from goal immediately and to 19.16 m by the final waypoint, so progress is 0.49 m selected / 2.46 m final and passes with monotonic goal-distance reduction. Kinematics is evaluated on 5 unique label waypoint(s), excluding consecutive duplicate terminal holds, and checks only that the trajectory stays within the configured bounds speed <= 15.00 m/s and acceleration <= 8.00 m/s^2, so kinematics passes. Goal is not reached within this label waypoint window. Safety passes: minimum clearance 3.65 m against manifest obstacles with 0 violating segment(s).""}",0.07709801754385848,6.8771939824561406,-2.5,0.08586994736841991,7.368422052631579,-2.5,0.09464187719298134,7.859650122807017,-2.5,0.10341380701754277,8.350878192982455,-2.5,0.1121857368421042,8.842106263157893,-2.5
1773868178.874469519,1773868178.874469519,0.000,offline_ground_truth_window,"Environment section (T(v)):
- Current position NED is (0.07, 6.63, -2.49) m.
- Current velocity is (0.00, 0.08, -0.01) m/s (speed 0.08 m/s).
- Goal position NED is (0.45, 28.00, -2.50) m.
- Output contract: predict exactly 5 waypoint x/y pairs in NED. The planner will set every waypoint z to goal z = -2.50 m before execution.
- Goal delta from current state is (0.38, 21.37, -0.01) m with distance 21.37 m.
- Obstacle pipeline: depth_camera_to_body_to_ned_current_frame.
- Current depth frame obstacle points projected into NED: 16. Nearest depth obstacle in NED is at (-4.04, 11.50, -2.61) m, relative vector (-4.11, 4.86, -0.12) m, distance 6.37 m.
- Depth validity fraction is 0.54. Global nearest obstacle distance is 4.87 m.
- Sector minimum distances [far_left, left, center, right, far_right] are [4.88, 4.87, 4.87, 4.87, 4.87] m.
- Nearest obstacle sector is far_right at 4.87 m and clearance status is clear.
- Lateral planning hint: prefer center progress.","{""waypoints"":[{""x"":0.08586994736841991,""y"":7.368422052631579},{""x"":0.09464187719298134,""y"":7.859650122807017},{""x"":0.10341380701754277,""y"":8.350878192982455},{""x"":0.1121857368421042,""y"":8.842106263157893},{""x"":0.12095766666666552,""y"":9.333334333333331}],""reasoning"":""Selected waypoint 0 moves the reference anchor from 21.13 m to 20.63 m from goal immediately and to 18.67 m by the final waypoint, so progress is 0.49 m selected / 2.46 m final and passes with monotonic goal-distance reduction. Kinematics is evaluated on 5 unique label waypoint(s), excluding consecutive duplicate terminal holds, and checks only that the trajectory stays within the configured bounds speed <= 15.00 m/s and acceleration <= 8.00 m/s^2, so kinematics passes. Goal is not reached within this label waypoint window. Safety passes: minimum clearance 3.64 m against manifest obstacles with 0 violating segment(s).""}",0.08586994736841991,7.368422052631579,-2.5,0.09464187719298134,7.859650122807017,-2.5,0.10341380701754277,8.350878192982455,-2.5,0.1121857368421042,8.842106263157893,-2.5,0.12095766666666552,9.333334333333331,-2.5
1773868185.285542250,1773868185.285542250,0.000,offline_ground_truth_window,"Environment section (T(v)):
- Current position NED is (0.07, 7.13, -2.48) m.
- Current velocity is (0.01, 0.05, -0.00) m/s (speed 0.05 m/s).
- Goal position NED is (0.45, 28.00, -2.50) m.
- Output contract: predict exactly 5 waypoint x/y pairs in NED. The planner will set every waypoint z to goal z = -2.50 m before execution.
- Goal delta from current state is (0.38, 20.87, -0.02) m with distance 20.88 m.
- Obstacle pipeline: depth_camera_to_body_to_ned_current_frame.
- Current depth frame obstacle points projected into NED: 14. Nearest depth obstacle in NED is at (3.18, 15.12, -2.47) m, relative vector (3.11, 7.99, 0.01) m, distance 8.57 m.
- Depth validity fraction is 0.54. Global nearest obstacle distance is 4.83 m.
- Sector minimum distances [far_left, left, center, right, far_right] are [4.83, 4.85, 4.85, 4.86, 4.86] m.
- Nearest obstacle sector is far_left at 4.83 m and clearance status is clear.
- Lateral planning hint: prefer center progress.","{""waypoints"":[{""x"":0.09464187719298134,""y"":7.859650122807017},{""x"":0.10341380701754277,""y"":8.350878192982455},{""x"":0.1121857368421042,""y"":8.842106263157893},{""x"":0.12095766666666552,""y"":9.333334333333331},{""x"":0.12972959649122695,""y"":9.82456240350877}],""reasoning"":""Selected waypoint 0 moves the reference anchor from 20.63 m to 20.14 m from goal immediately and to 18.18 m by the final waypoint, so progress is 0.49 m selected / 2.46 m final and passes with monotonic goal-distance reduction. Kinematics is evaluated on 5 unique label waypoint(s), excluding consecutive duplicate terminal holds, and checks only that the trajectory stays within the configured bounds speed <= 15.00 m/s and acceleration <= 8.00 m/s^2, so kinematics passes. Goal is not reached within this label waypoint window. Safety passes: minimum clearance 3.64 m against manifest obstacles with 0 violating segment(s).""}",0.09464187719298134,7.859650122807017,-2.5,0.10341380701754277,8.350878192982455,-2.5,0.1121857368421042,8.842106263157893,-2.5,0.12095766666666552,9.333334333333331,-2.5,0.12972959649122695,9.82456240350877,-2.5
1773868192.188847780,1773868192.188847780,0.000,offline_ground_truth_window,"Environment section (T(v)):
- Current position NED is (0.08, 7.62, -2.50) m.
- Current velocity is (0.00, 0.05, 0.00) m/s (speed 0.05 m/s).
- Goal position NED is (0.45, 28.00, -2.50) m.
- Output contract: predict exactly 5 waypoint x/y pairs in NED. The planner will set every waypoint z to goal z = -2.50 m before execution.
- Goal delta from current state is (0.37, 20.38, 0.00) m with distance 20.39 m.
- Obstacle pipeline: depth_camera_to_body_to_ned_current_frame.
- Current depth frame obstacle points projected into NED: 6. Nearest depth obstacle in NED is at (3.12, 15.15, -2.47) m, relative vector (3.04, 7.54, 0.03) m, distance 8.13 m.
- Depth validity fraction is 0.53. Global nearest obstacle distance is 5.02 m.
- Sector minimum distances [far_left, left, center, right, far_right] are [5.02, 5.02, 5.02, 5.02, 5.02] m.
- Nearest obstacle sector is far_left at 5.02 m and clearance status is clear.
- Lateral planning hint: prefer center progress.","{""waypoints"":[{""x"":0.10341380701754277,""y"":8.350878192982455},{""x"":0.1121857368421042,""y"":8.842106263157893},{""x"":0.12095766666666552,""y"":9.333334333333331},{""x"":0.12972959649122695,""y"":9.82456240350877},{""x"":0.13850152631578838,""y"":10.31579047368421}],""reasoning"":""Selected waypoint 0 moves the reference anchor from 20.14 m to 19.65 m from goal immediately and to 17.69 m by the final waypoint, so progress is 0.49 m selected / 2.46 m final and passes with monotonic goal-distance reduction. Kinematics is evaluated on 5 unique label waypoint(s), excluding consecutive duplicate terminal holds, and checks only that the trajectory stays within the configured bounds speed <= 15.00 m/s and acceleration <= 8.00 m/s^2, so kinematics passes. Goal is not reached within this label waypoint window. Safety passes: minimum clearance 3.64 m against manifest obstacles with 0 violating segment(s).""}",0.10341380701754277,8.350878192982455,-2.5,0.1121857368421042,8.842106263157893,-2.5,0.12095766666666552,9.333334333333331,-2.5,0.12972959649122695,9.82456240350877,-2.5,0.13850152631578838,10.31579047368421,-2.5
1773868197.341255426,1773868197.341255426,0.000,offline_ground_truth_window,"Environment section (T(v)):
- Current position NED is (0.14, 8.11, -2.52) m.
- Current velocity is (-0.02, 0.08, 0.01) m/s (speed 0.08 m/s).
- Goal position NED is (0.45, 28.00, -2.50) m.
- Output contract: predict exactly 5 waypoint x/y pairs in NED. The planner will set every waypoint z to goal z = -2.50 m before execution.
- Goal delta from current state is (0.32, 19.89, 0.02) m with distance 19.90 m.
- Obstacle pipeline: depth_camera_to_body_to_ned_current_frame.
- Current depth frame obstacle points projected into NED: 11. Nearest depth obstacle in NED is at (3.19, 15.17, -2.13) m, relative vector (3.05, 7.06, 0.39) m, distance 7.70 m.
- Depth validity fraction is 0.53. Global nearest obstacle distance is 5.01 m.
- Sector minimum distances [far_left, left, center, right, far_right] are [5.01, 5.01, 5.02, 5.02, 5.02] m.
- Nearest obstacle sector is far_left at 5.01 m and clearance status is clear.
- Lateral planning hint: prefer center progress.","{""waypoints"":[{""x"":0.1121857368421042,""y"":8.842106263157893},{""x"":0.12095766666666552,""y"":9.333334333333331},{""x"":0.12972959649122695,""y"":9.82456240350877},{""x"":0.13850152631578838,""y"":10.31579047368421},{""x"":0.14727345614034976,""y"":10.807018543859648}],""reasoning"":""Selected waypoint 0 moves the reference anchor from 19.65 m to 19.16 m from goal immediately and to 17.20 m by the final waypoint, so progress is 0.49 m selected / 2.46 m final and passes with monotonic goal-distance reduction. Kinematics is evaluated on 5 unique label waypoint(s), excluding consecutive duplicate terminal holds, and checks only that the trajectory stays within the configured bounds speed <= 15.00 m/s and acceleration <= 8.00 m/s^2, so kinematics passes. Goal is not reached within this label waypoint window. Safety passes: minimum clearance 3.64 m against manifest obstacles with 0 violating segment(s).""}",0.1121857368421042,8.842106263157893,-2.5,0.12095766666666552,9.333334333333331,-2.5,0.12972959649122695,9.82456240350877,-2.5,0.13850152631578838,10.31579047368421,-2.5,0.14727345614034976,10.807018543859648,-2.5
1773868201.543388605,1773868201.543388605,0.000,offline_ground_truth_window,"Environment section (T(v)):
- Current position NED is (0.11, 8.60, -2.52) m.
- Current velocity is (-0.00, 0.10, 0.01) m/s (speed 0.10 m/s).
- Goal position NED is (0.45, 28.00, -2.50) m.
- Output contract: predict exactly 5 waypoint x/y pairs in NED. The planner will set every waypoint z to goal z = -2.50 m before execution.
- Goal delta from current state is (0.35, 19.40, 0.02) m with distance 19.41 m.
- Obstacle pipeline: depth_camera_to_body_to_ned_current_frame.
- Current depth frame obstacle points projected into NED: 12. Nearest depth obstacle in NED is at (3.31, 15.13, -2.61) m, relative vector (3.20, 6.54, -0.10) m, distance 7.28 m.
- Depth validity fraction is 0.53. Global nearest obstacle distance is 5.01 m.
- Sector minimum distances [far_left, left, center, right, far_right] are [5.01, 5.01, 5.01, 5.01, 5.01] m.
- Nearest obstacle sector is far_right at 5.01 m and clearance status is clear.
- Lateral planning hint: prefer center progress.","{""waypoints"":[{""x"":0.12095766666666552,""y"":9.333334333333331},{""x"":0.12972959649122695,""y"":9.82456240350877},{""x"":0.13850152631578838,""y"":10.31579047368421},{""x"":0.14727345614034976,""y"":10.807018543859648},{""x"":0.15604538596491113,""y"":11.298246614035087}],""reasoning"":""Selected waypoint 0 moves the reference anchor from 19.16 m to 18.67 m from goal immediately and to 16.70 m by the final waypoint, so progress is 0.49 m selected / 2.46 m final and passes with monotonic goal-distance reduction. Kinematics is evaluated on 5 unique label waypoint(s), excluding consecutive duplicate terminal holds, and checks only that the trajectory stays within the configured bounds speed <= 15.00 m/s and acceleration <= 8.00 m/s^2, so kinematics passes. Goal is not reached within this label waypoint window. Safety passes: minimum clearance 3.64 m against manifest obstacles with 0 violating segment(s).""}",0.12095766666666552,9.333334333333331,-2.5,0.12972959649122695,9.82456240350877,-2.5,0.13850152631578838,10.31579047368421,-2.5,0.14727345614034976,10.807018543859648,-2.5,0.15604538596491113,11.298246614035087,-2.5
1773868207.107061148,1773868207.107061148,0.000,offline_ground_truth_window,"Environment section (T(v)):
- Current position NED is (0.12, 9.09, -2.49) m.
- Current velocity is (0.00, 0.08, -0.00) m/s (speed 0.08 m/s).
- Goal position NED is (0.45, 28.00, -2.50) m.
- Output contract: predict exactly 5 waypoint x/y pairs in NED. The planner will set every waypoint z to goal z = -2.50 m before execution.
- Goal delta from current state is (0.34, 18.91, -0.01) m with distance 18.92 m.
- Obstacle pipeline: depth_camera_to_body_to_ned_current_frame.
- Current depth frame obstacle points projected into NED: 11. Nearest depth obstacle in NED is at (3.48, 15.10, -2.51) m, relative vector (3.37, 6.01, -0.02) m, distance 6.89 m.
- Depth validity fraction is 0.53. Global nearest obstacle distance is 4.94 m.
- Sector minimum distances [far_left, left, center, right, far_right] are [4.94, 4.94, 4.94, 4.94, 4.94] m.
- Nearest obstacle sector is far_left at 4.94 m and clearance status is clear.
- Lateral planning hint: prefer center progress.","{""waypoints"":[{""x"":0.12972959649122695,""y"":9.82456240350877},{""x"":0.13850152631578838,""y"":10.31579047368421},{""x"":0.14727345614034976,""y"":10.807018543859648},{""x"":0.15604538596491113,""y"":11.298246614035087},{""x"":0.16481731578947256,""y"":11.789474684210525}],""reasoning"":""Selected waypoint 0 moves the reference anchor from 18.67 m to 18.18 m from goal immediately and to 16.21 m by the final waypoint, so progress is 0.49 m selected / 2.46 m final and passes with monotonic goal-distance reduction. Kinematics is evaluated on 5 unique label waypoint(s), excluding consecutive duplicate terminal holds, and checks only that the trajectory stays within the configured bounds speed <= 15.00 m/s and acceleration <= 8.00 m/s^2, so kinematics passes. Goal is not reached within this label waypoint window. Safety passes: minimum clearance 3.65 m against manifest obstacles with 0 violating segment(s).""}",0.12972959649122695,9.82456240350877,-2.5,0.13850152631578838,10.31579047368421,-2.5,0.14727345614034976,10.807018543859648,-2.5,0.15604538596491113,11.298246614035087,-2.5,0.16481731578947256,11.789474684210525,-2.5
1773868211.871207952,1773868211.871207952,0.000,offline_ground_truth_window,"Environment section (T(v)):
- Current position NED is (0.12, 9.58, -2.49) m.
- Current velocity is (-0.01, 0.07, 0.00) m/s (speed 0.07 m/s).
- Goal position NED is (0.45, 28.00, -2.50) m.
- Output contract: predict exactly 5 waypoint x/y pairs in NED. The planner will set every waypoint z to goal z = -2.50 m before execution.
- Goal delta from current state is (0.33, 18.42, -0.01) m with distance 18.42 m.
- Obstacle pipeline: depth_camera_to_body_to_ned_current_frame.
- Current depth frame obstacle points projected into NED: 14. Nearest depth obstacle in NED is at (3.35, 15.16, -2.40) m, relative vector (3.22, 5.58, 0.09) m, distance 6.44 m.
- Depth validity fraction is 0.52. Global nearest obstacle distance is 5.01 m.
- Sector minimum distances [far_left, left, center, right, far_right] are [5.01, 5.01, 5.01, 5.01, 5.02] m.
- Nearest obstacle sector is far_left at 5.01 m and clearance status is clear.
- Lateral planning hint: prefer center progress.","{""waypoints"":[{""x"":0.13850152631578838,""y"":10.31579047368421},{""x"":0.14727345614034976,""y"":10.807018543859648},{""x"":0.15604538596491113,""y"":11.298246614035087},{""x"":0.16481731578947256,""y"":11.789474684210525},{""x"":0.173589245614034,""y"":12.280702754385963}],""reasoning"":""Selected waypoint 0 moves the reference anchor from 18.18 m to 17.69 m from goal immediately and to 15.72 m by the final waypoint, so progress is 0.49 m selected / 2.46 m final and passes with monotonic goal-distance reduction. Kinematics is evaluated on 5 unique label waypoint(s), excluding consecutive duplicate terminal holds, and checks only that the trajectory stays within the configured bounds speed <= 15.00 m/s and acceleration <= 8.00 m/s^2, so kinematics passes. Goal is not reached within this label waypoint window. Safety passes: minimum clearance 3.50 m against manifest obstacles with 0 violating segment(s).""}",0.13850152631578838,10.31579047368421,-2.5,0.14727345614034976,10.807018543859648,-2.5,0.15604538596491113,11.298246614035087,-2.5,0.16481731578947256,11.789474684210525,-2.5,0.173589245614034,12.280702754385963,-2.5
1773868217.152607918,1773868217.152607918,0.000,offline_ground_truth_window,"Environment section (T(v)):
- Current position NED is (0.11, 10.07, -2.52) m.
- Current velocity is (-0.01, 0.07, 0.01) m/s (speed 0.07 m/s).
- Goal position NED is (0.45, 28.00, -2.50) m.
- Output contract: predict exactly 5 waypoint x/y pairs in NED. The planner will set every waypoint z to goal z = -2.50 m before execution.
- Goal delta from current state is (0.34, 17.93, 0.02) m with distance 17.93 m.
- Obstacle pipeline: depth_camera_to_body_to_ned_current_frame.
- Current depth frame obstacle points projected into NED: 12. Nearest depth obstacle in NED is at (3.25, 15.29, -2.49) m, relative vector (3.14, 5.21, 0.03) m, distance 6.09 m.
- Depth validity fraction is 0.52. Global nearest obstacle distance is 4.80 m.
- Sector minimum distances [far_left, left, center, right, far_right] are [5.00, 5.00, 5.00, 5.01, 4.80] m.
- Nearest obstacle sector is far_right at 4.80 m and clearance status is clear.
- Lateral planning hint: prefer center progress.","{""waypoints"":[{""x"":0.14727345614034976,""y"":10.807018543859648},{""x"":0.15604538596491113,""y"":11.298246614035087},{""x"":0.16481731578947256,""y"":11.789474684210525},{""x"":0.173589245614034,""y"":12.280702754385963},{""x"":0.18236117543859537,""y"":12.771930824561402}],""reasoning"":""Selected waypoint 0 moves the reference anchor from 17.69 m to 17.20 m from goal immediately and to 15.23 m by the final waypoint, so progress is 0.49 m selected / 2.46 m final and passes with monotonic goal-distance reduction. Kinematics is evaluated on 5 unique label waypoint(s), excluding consecutive duplicate terminal holds, and checks only that the trajectory stays within the configured bounds speed <= 15.00 m/s and acceleration <= 8.00 m/s^2, so kinematics passes. Goal is not reached within this label waypoint window. Safety passes: minimum clearance 3.26 m against manifest obstacles with 0 violating segment(s).""}",0.14727345614034976,10.807018543859648,-2.5,0.15604538596491113,11.298246614035087,-2.5,0.16481731578947256,11.789474684210525,-2.5,0.173589245614034,12.280702754385963,-2.5,0.18236117543859537,12.771930824561402,-2.5
1773868222.711026192,1773868222.711026192,0.000,offline_ground_truth_window,"Environment section (T(v)):
- Current position NED is (0.18, 10.56, -2.49) m.
- Current velocity is (-0.00, 0.06, 0.01) m/s (speed 0.06 m/s).
- Goal position NED is (0.45, 28.00, -2.50) m.
- Output contract: predict exactly 5 waypoint x/y pairs in NED. The planner will set every waypoint z to goal z = -2.50 m before execution.
- Goal delta from current state is (0.28, 17.44, -0.01) m with distance 17.44 m.
- Obstacle pipeline: depth_camera_to_body_to_ned_current_frame.
- Current depth frame obstacle points projected into NED: 10. Nearest depth obstacle in NED is at (-3.42, 16.27, -2.39) m, relative vector (-3.59, 5.71, 0.10) m, distance 6.74 m.
- Depth validity fraction is 0.53. Global nearest obstacle distance is 4.91 m.
- Sector minimum distances [far_left, left, center, right, far_right] are [4.93, 4.93, 4.92, 4.92, 4.91] m.
- Nearest obstacle sector is far_right at 4.91 m and clearance status is clear.
- Lateral planning hint: prefer center progress.","{""waypoints"":[{""x"":0.15604538596491113,""y"":11.298246614035087},{""x"":0.16481731578947256,""y"":11.789474684210525},{""x"":0.173589245614034,""y"":12.280702754385963},{""x"":0.18236117543859537,""y"":12.771930824561402},{""x"":0.19113310526315674,""y"":13.26315889473684}],""reasoning"":""Selected waypoint 0 moves the reference anchor from 17.20 m to 16.70 m from goal immediately and to 14.74 m by the final waypoint, so progress is 0.49 m selected / 2.46 m final and passes with monotonic goal-distance reduction. Kinematics is evaluated on 5 unique label waypoint(s), excluding consecutive duplicate terminal holds, and checks only that the trajectory stays within the configured bounds speed <= 15.00 m/s and acceleration <= 8.00 m/s^2, so kinematics passes. Goal is not reached within this label waypoint window. Safety passes: minimum clearance 3.06 m against manifest obstacles with 0 violating segment(s).""}",0.15604538596491113,11.298246614035087,-2.5,0.16481731578947256,11.789474684210525,-2.5,0.173589245614034,12.280702754385963,-2.5,0.18236117543859537,12.771930824561402,-2.5,0.19113310526315674,13.26315889473684,-2.5
1773868229.093904734,1773868229.093904734,0.000,offline_ground_truth_window,"Environment section (T(v)):
- Current position NED is (0.14, 11.05, -2.48) m.
- Current velocity is (0.01, 0.05, 0.00) m/s (speed 0.05 m/s).
- Goal position NED is (0.45, 28.00, -2.50) m.
- Output contract: predict exactly 5 waypoint x/y pairs in NED. The planner will set every waypoint z to goal z = -2.50 m before execution.
- Goal delta from current state is (0.31, 16.95, -0.02) m with distance 16.95 m.
- Obstacle pipeline: depth_camera_to_body_to_ned_current_frame.
- Current depth frame obstacle points projected into NED: 11. Nearest depth obstacle in NED is at (-3.30, 16.34, -2.67) m, relative vector (-3.44, 5.28, -0.19) m, distance 6.31 m.
- Depth validity fraction is 0.53. Global nearest obstacle distance is 4.92 m.
- Sector minimum distances [far_left, left, center, right, far_right] are [4.93, 4.93, 4.93, 4.93, 4.92] m.
- Nearest obstacle sector is far_right at 4.92 m and clearance status is clear.
- Lateral planning hint: prefer center progress.","{""waypoints"":[{""x"":0.16481731578947256,""y"":11.789474684210525},{""x"":0.173589245614034,""y"":12.280702754385963},{""x"":0.18236117543859537,""y"":12.771930824561402},{""x"":0.19113310526315674,""y"":13.26315889473684},{""x"":0.19990503508771817,""y"":13.75438696491228}],""reasoning"":""Selected waypoint 0 moves the reference anchor from 16.70 m to 16.21 m from goal immediately and to 14.25 m by the final waypoint, so progress is 0.49 m selected / 2.46 m final and passes with monotonic goal-distance reduction. Kinematics is evaluated on 5 unique label waypoint(s), excluding consecutive duplicate terminal holds, and checks only that the trajectory stays within the configured bounds speed <= 15.00 m/s and acceleration <= 8.00 m/s^2, so kinematics passes. Goal is not reached within this label waypoint window. Safety passes: minimum clearance 2.93 m against manifest obstacles with 0 violating segment(s).""}",0.16481731578947256,11.789474684210525,-2.5,0.173589245614034,12.280702754385963,-2.5,0.18236117543859537,12.771930824561402,-2.5,0.19113310526315674,13.26315889473684,-2.5,0.19990503508771817,13.75438696491228,-2.5
1773868233.737594843,1773868233.737594843,0.000,offline_ground_truth_window,"Environment section (T(v)):
- Current position NED is (0.18, 11.55, -2.50) m.
- Current velocity is (-0.00, 0.10, 0.01) m/s (speed 0.10 m/s).
- Goal position NED is (0.45, 28.00, -2.50) m.
- Output contract: predict exactly 5 waypoint x/y pairs in NED. The planner will set every waypoint z to goal z = -2.50 m before execution.
- Goal delta from current state is (0.27, 16.45, 0.00) m with distance 16.46 m.
- Obstacle pipeline: depth_camera_to_body_to_ned_current_frame.
- Current depth frame obstacle points projected into NED: 18. Nearest depth obstacle in NED is at (-3.09, 16.43, -2.58) m, relative vector (-3.27, 4.89, -0.08) m, distance 5.89 m.
- Depth validity fraction is 0.53. Global nearest obstacle distance is 4.85 m.
- Sector minimum distances [far_left, left, center, right, far_right] are [4.85, 4.96, 4.96, 4.95, 4.94] m.
- Nearest obstacle sector is far_left at 4.85 m and clearance status is clear.
- Lateral planning hint: prefer center progress.","{""waypoints"":[{""x"":0.173589245614034,""y"":12.280702754385963},{""x"":0.18236117543859537,""y"":12.771930824561402},{""x"":0.19113310526315674,""y"":13.26315889473684},{""x"":0.19990503508771817,""y"":13.75438696491228},{""x"":0.2086769649122796,""y"":14.245615035087718}],""reasoning"":""Selected waypoint 0 moves the reference anchor from 16.21 m to 15.72 m from goal immediately and to 13.76 m by the final waypoint, so progress is 0.49 m selected / 2.46 m final and passes with monotonic goal-distance reduction. Kinematics is evaluated on 5 unique label waypoint(s), excluding consecutive duplicate terminal holds, and checks only that the trajectory stays within the configured bounds speed <= 15.00 m/s and acceleration <= 8.00 m/s^2, so kinematics passes. Goal is not reached within this label waypoint window. Safety passes: minimum clearance 2.86 m against manifest obstacles with 0 violating segment(s).""}",0.173589245614034,12.280702754385963,-2.5,0.18236117543859537,12.771930824561402,-2.5,0.19113310526315674,13.26315889473684,-2.5,0.19990503508771817,13.75438696491228,-2.5,0.2086769649122796,14.245615035087718,-2.5
1773868239.608741522,1773868239.608741522,0.000,offline_ground_truth_window,"Environment section (T(v)):
- Current position NED is (0.19, 12.04, -2.48) m.
- Current velocity is (0.01, 0.06, 0.00) m/s (speed 0.06 m/s).
- Goal position NED is (0.45, 28.00, -2.50) m.
- Output contract: predict exactly 5 waypoint x/y pairs in NED. The planner will set every waypoint z to goal z = -2.50 m before execution.
- Goal delta from current state is (0.26, 15.96, -0.02) m with distance 15.97 m.
- Obstacle pipeline: depth_camera_to_body_to_ned_current_frame.
- Current depth frame obstacle points projected into NED: 8. Nearest depth obstacle in NED is at (-3.04, 16.41, -2.72) m, relative vector (-3.23, 4.38, -0.24) m, distance 5.45 m.
- Depth validity fraction is 0.53. Global nearest obstacle distance is 4.36 m.
- Sector minimum distances [far_left, left, center, right, far_right] are [4.36, 4.90, 4.89, 4.89, 4.88] m.
- Nearest obstacle sector is far_left at 4.36 m and clearance status is clear.
- Lateral planning hint: prefer center progress.","{""waypoints"":[{""x"":0.18236117543859537,""y"":12.771930824561402},{""x"":0.19113310526315674,""y"":13.26315889473684},{""x"":0.19990503508771817,""y"":13.75438696491228},{""x"":0.2086769649122796,""y"":14.245615035087718},{""x"":0.21744889473684098,""y"":14.736843105263157}],""reasoning"":""Selected waypoint 0 moves the reference anchor from 15.72 m to 15.23 m from goal immediately and to 13.27 m by the final waypoint, so progress is 0.49 m selected / 2.46 m final and passes with monotonic goal-distance reduction. Kinematics is evaluated on 5 unique label waypoint(s), excluding consecutive duplicate terminal holds, and checks only that the trajectory stays within the configured bounds speed <= 15.00 m/s and acceleration <= 8.00 m/s^2, so kinematics passes. Goal is not reached within this label waypoint window. Safety passes: minimum clearance 2.86 m against manifest obstacles with 0 violating segment(s).""}",0.18236117543859537,12.771930824561402,-2.5,0.19113310526315674,13.26315889473684,-2.5,0.19990503508771817,13.75438696491228,-2.5,0.2086769649122796,14.245615035087718,-2.5,0.21744889473684098,14.736843105263157,-2.5
1773868244.999394894,1773868244.999394894,0.000,offline_ground_truth_window,"Environment section (T(v)):
- Current position NED is (0.19, 12.53, -2.49) m.
- Current velocity is (-0.00, 0.07, 0.01) m/s (speed 0.08 m/s).
- Goal position NED is (0.45, 28.00, -2.50) m.
- Output contract: predict exactly 5 waypoint x/y pairs in NED. The planner will set every waypoint z to goal z = -2.50 m before execution.
- Goal delta from current state is (0.26, 15.47, -0.01) m with distance 15.48 m.
- Obstacle pipeline: depth_camera_to_body_to_ned_current_frame.
- Current depth frame obstacle points projected into NED: 7. Nearest depth obstacle in NED is at (-2.99, 16.45, -2.55) m, relative vector (-3.18, 3.92, -0.07) m, distance 5.05 m.
- Depth validity fraction is 0.52. Global nearest obstacle distance is 3.96 m.
- Sector minimum distances [far_left, left, center, right, far_right] are [3.96, 4.97, 4.97, 4.96, 4.96] m.
- Nearest obstacle sector is far_left at 3.96 m and clearance status is clear.
- Lateral planning hint: right side is clearer.","{""waypoints"":[{""x"":0.19113310526315674,""y"":13.26315889473684},{""x"":0.19990503508771817,""y"":13.75438696491228},{""x"":0.2086769649122796,""y"":14.245615035087718},{""x"":0.21744889473684098,""y"":14.736843105263157},{""x"":0.2262208245614024,""y"":15.228071175438595}],""reasoning"":""Selected waypoint 0 moves the reference anchor from 15.23 m to 14.74 m from goal immediately and to 12.77 m by the final waypoint, so progress is 0.49 m selected / 2.46 m final and passes with monotonic goal-distance reduction. Kinematics is evaluated on 5 unique label waypoint(s), excluding consecutive duplicate terminal holds, and checks only that the trajectory stays within the configured bounds speed <= 15.00 m/s and acceleration <= 8.00 m/s^2, so kinematics passes. Goal is not reached within this label waypoint window. Safety passes: minimum clearance 2.86 m against manifest obstacles with 0 violating segment(s).""}",0.19113310526315674,13.26315889473684,-2.5,0.19990503508771817,13.75438696491228,-2.5,0.2086769649122796,14.245615035087718,-2.5,0.21744889473684098,14.736843105263157,-2.5,0.2262208245614024,15.228071175438595,-2.5
1773868251.548042774,1773868251.548042774,0.000,offline_ground_truth_window,"Environment section (T(v)):
- Current position NED is (0.18, 13.02, -2.47) m.
- Current velocity is (0.00, 0.06, -0.01) m/s (speed 0.07 m/s).
- Goal position NED is (0.45, 28.00, -2.50) m.
- Output contract: predict exactly 5 waypoint x/y pairs in NED. The planner will set every waypoint z to goal z = -2.50 m before execution.
- Goal delta from current state is (0.27, 14.98, -0.03) m with distance 14.98 m.
- Obstacle pipeline: depth_camera_to_body_to_ned_current_frame.
- Current depth frame obstacle points projected into NED: 9. Nearest depth obstacle in NED is at (-2.80, 16.68, -1.82) m, relative vector (-2.99, 3.66, 0.65) m, distance 4.77 m.
- Depth validity fraction is 0.57. Global nearest obstacle distance is 3.70 m.
- Sector minimum distances [far_left, left, center, right, far_right] are [3.70, 4.90, 4.90, 4.89, 4.89] m.
- Nearest obstacle sector is far_left at 3.70 m and clearance status is clear.
- Lateral planning hint: right side is clearer.","{""waypoints"":[{""x"":0.19990503508771817,""y"":13.75438696491228},{""x"":0.2086769649122796,""y"":14.245615035087718},{""x"":0.21744889473684098,""y"":14.736843105263157},{""x"":0.2262208245614024,""y"":15.228071175438595},{""x"":0.2349927543859638,""y"":15.719299245614033}],""reasoning"":""Selected waypoint 0 moves the reference anchor from 14.74 m to 14.25 m from goal immediately and to 12.28 m by the final waypoint, so progress is 0.49 m selected / 2.46 m final and passes with monotonic goal-distance reduction. Kinematics is evaluated on 5 unique label waypoint(s), excluding consecutive duplicate terminal holds, and checks only that the trajectory stays within the configured bounds speed <= 15.00 m/s and acceleration <= 8.00 m/s^2, so kinematics passes. Goal is not reached within this label waypoint window. Safety passes: minimum clearance 2.86 m against manifest obstacles with 0 violating segment(s).""}",0.19990503508771817,13.75438696491228,-2.5,0.2086769649122796,14.245615035087718,-2.5,0.21744889473684098,14.736843105263157,-2.5,0.2262208245614024,15.228071175438595,-2.5,0.2349927543859638,15.719299245614033,-2.5
1773868256.945674896,1773868256.945674896,0.000,offline_ground_truth_window,"Environment section (T(v)):
- Current position NED is (0.20, 13.51, -2.49) m.
- Current velocity is (-0.00, 0.09, 0.00) m/s (speed 0.09 m/s).
- Goal position NED is (0.45, 28.00, -2.50) m.
- Output contract: predict exactly 5 waypoint x/y pairs in NED. The planner will set every waypoint z to goal z = -2.50 m before execution.
- Goal delta from current state is (0.25, 14.49, -0.01) m with distance 14.49 m.
- Obstacle pipeline: depth_camera_to_body_to_ned_current_frame.
- Current depth frame obstacle points projected into NED: 0. Nearest depth obstacle in NED is at (0.20, 13.51, -2.49) m, relative vector (20.00, 0.00, 0.00) m, distance 20.00 m.
- Depth validity fraction is 0.57. Global nearest obstacle distance is 3.65 m.
- Sector minimum distances [far_left, left, center, right, far_right] are [3.65, 4.90, 4.90, 4.89, 4.89] m.
- Nearest obstacle sector is far_left at 3.65 m and clearance status is clear.
- Lateral planning hint: right side is clearer.","{""waypoints"":[{""x"":0.2086769649122796,""y"":14.245615035087718},{""x"":0.21744889473684098,""y"":14.736843105263157},{""x"":0.2262208245614024,""y"":15.228071175438595},{""x"":0.2349927543859638,""y"":15.719299245614033},{""x"":0.24376468421052522,""y"":16.210527315789474}],""reasoning"":""Selected waypoint 0 moves the reference anchor from 14.25 m to 13.76 m from goal immediately and to 11.79 m by the final waypoint, so progress is 0.49 m selected / 2.46 m final and passes with monotonic goal-distance reduction. Kinematics is evaluated on 5 unique label waypoint(s), excluding consecutive duplicate terminal holds, and checks only that the trajectory stays within the configured bounds speed <= 15.00 m/s and acceleration <= 8.00 m/s^2, so kinematics passes. Goal is not reached within this label waypoint window. Safety passes: minimum clearance 2.86 m against manifest obstacles with 0 violating segment(s).""}",0.2086769649122796,14.245615035087718,-2.5,0.21744889473684098,14.736843105263157,-2.5,0.2262208245614024,15.228071175438595,-2.5,0.2349927543859638,15.719299245614033,-2.5,0.24376468421052522,16.210527315789474,-2.5
1773868261.648474455,1773868261.648474455,0.000,offline_ground_truth_window,"Environment section (T(v)):
- Current position NED is (0.18, 14.00, -2.49) m.
- Current velocity is (-0.00, 0.08, 0.01) m/s (speed 0.08 m/s).
- Goal position NED is (0.45, 28.00, -2.50) m.
- Output contract: predict exactly 5 waypoint x/y pairs in NED. The planner will set every waypoint z to goal z = -2.50 m before execution.
- Goal delta from current state is (0.28, 14.00, -0.01) m with distance 14.00 m.
- Obstacle pipeline: depth_camera_to_body_to_ned_current_frame.
- Current depth frame obstacle points projected into NED: 0. Nearest depth obstacle in NED is at (0.18, 14.00, -2.49) m, relative vector (20.00, 0.00, 0.00) m, distance 20.00 m.
- Depth validity fraction is 0.57. Global nearest obstacle distance is 4.89 m.
- Sector minimum distances [far_left, left, center, right, far_right] are [4.89, 4.90, 4.90, 4.91, 4.91] m.
- Nearest obstacle sector is far_left at 4.89 m and clearance status is clear.
- Lateral planning hint: prefer center progress.","{""waypoints"":[{""x"":0.21744889473684098,""y"":14.736843105263157},{""x"":0.2262208245614024,""y"":15.228071175438595},{""x"":0.2349927543859638,""y"":15.719299245614033},{""x"":0.24376468421052522,""y"":16.210527315789474},{""x"":0.2525366140350866,""y"":16.701755385964912}],""reasoning"":""Selected waypoint 0 moves the reference anchor from 13.76 m to 13.27 m from goal immediately and to 11.30 m by the final waypoint, so progress is 0.49 m selected / 2.46 m final and passes with monotonic goal-distance reduction. Kinematics is evaluated on 5 unique label waypoint(s), excluding consecutive duplicate terminal holds, and checks only that the trajectory stays within the configured bounds speed <= 15.00 m/s and acceleration <= 8.00 m/s^2, so kinematics passes. Goal is not reached within this label waypoint window. Safety passes: minimum clearance 2.86 m against manifest obstacles with 0 violating segment(s).""}",0.21744889473684098,14.736843105263157,-2.5,0.2262208245614024,15.228071175438595,-2.5,0.2349927543859638,15.719299245614033,-2.5,0.24376468421052522,16.210527315789474,-2.5,0.2525366140350866,16.701755385964912,-2.5
1773868265.921868563,1773868265.921868563,0.000,offline_ground_truth_window,"Environment section (T(v)):
- Current position NED is (0.21, 14.49, -2.49) m.
- Current velocity is (0.00, 0.11, 0.00) m/s (speed 0.11 m/s).
- Goal position NED is (0.45, 28.00, -2.50) m.
- Output contract: predict exactly 5 waypoint x/y pairs in NED. The planner will set every waypoint z to goal z = -2.50 m before execution.
- Goal delta from current state is (0.24, 13.51, -0.01) m with distance 13.51 m.
- Obstacle pipeline: depth_camera_to_body_to_ned_current_frame.
- Current depth frame obstacle points projected into NED: 0. Nearest depth obstacle in NED is at (0.21, 14.49, -2.49) m, relative vector (20.00, 0.00, 0.00) m, distance 20.00 m.
- Depth validity fraction is 0.57. Global nearest obstacle distance is 4.97 m.
- Sector minimum distances [far_left, left, center, right, far_right] are [4.98, 4.98, 4.98, 4.97, 4.97] m.
- Nearest obstacle sector is far_right at 4.97 m and clearance status is clear.
- Lateral planning hint: prefer center progress.","{""waypoints"":[{""x"":0.2262208245614024,""y"":15.228071175438595},{""x"":0.2349927543859638,""y"":15.719299245614033},{""x"":0.24376468421052522,""y"":16.210527315789474},{""x"":0.2525366140350866,""y"":16.701755385964912},{""x"":0.261308543859648,""y"":17.192983456140354}],""reasoning"":""Selected waypoint 0 moves the reference anchor from 13.27 m to 12.77 m from goal immediately and to 10.81 m by the final waypoint, so progress is 0.49 m selected / 2.46 m final and passes with monotonic goal-distance reduction. Kinematics is evaluated on 5 unique label waypoint(s), excluding consecutive duplicate terminal holds, and checks only that the trajectory stays within the configured bounds speed <= 15.00 m/s and acceleration <= 8.00 m/s^2, so kinematics passes. Goal is not reached within this label waypoint window. Safety passes: minimum clearance 2.87 m against manifest obstacles with 0 violating segment(s).""}",0.2262208245614024,15.228071175438595,-2.5,0.2349927543859638,15.719299245614033,-2.5,0.24376468421052522,16.210527315789474,-2.5,0.2525366140350866,16.701755385964912,-2.5,0.261308543859648,17.192983456140354,-2.5
1773868270.675843716,1773868270.675843716,0.000,offline_ground_truth_window,"Environment section (T(v)):
- Current position NED is (0.25, 14.98, -2.49) m.
- Current velocity is (-0.01, 0.09, 0.00) m/s (speed 0.09 m/s).
- Goal position NED is (0.45, 28.00, -2.50) m.
- Output contract: predict exactly 5 waypoint x/y pairs in NED. The planner will set every waypoint z to goal z = -2.50 m before execution.
- Goal delta from current state is (0.21, 13.02, -0.01) m with distance 13.02 m.
- Obstacle pipeline: depth_camera_to_body_to_ned_current_frame.
- Current depth frame obstacle points projected into NED: 0. Nearest depth obstacle in NED is at (0.25, 14.98, -2.49) m, relative vector (20.00, 0.00, 0.00) m, distance 20.00 m.
- Depth validity fraction is 0.58. Global nearest obstacle distance is 4.89 m.
- Sector minimum distances [far_left, left, center, right, far_right] are [4.90, 4.90, 4.90, 4.89, 4.89] m.
- Nearest obstacle sector is far_right at 4.89 m and clearance status is clear.
- Lateral planning hint: prefer center progress.","{""waypoints"":[{""x"":0.2349927543859638,""y"":15.719299245614033},{""x"":0.24376468421052522,""y"":16.210527315789474},{""x"":0.2525366140350866,""y"":16.701755385964912},{""x"":0.261308543859648,""y"":17.192983456140354},{""x"":0.2700804736842094,""y"":17.68421152631579}],""reasoning"":""Selected waypoint 0 moves the reference anchor from 12.77 m to 12.28 m from goal immediately and to 10.32 m by the final waypoint, so progress is 0.49 m selected / 2.46 m final and passes with monotonic goal-distance reduction. Kinematics is evaluated on 5 unique label waypoint(s), excluding consecutive duplicate terminal holds, and checks only that the trajectory stays within the configured bounds speed <= 15.00 m/s and acceleration <= 8.00 m/s^2, so kinematics passes. Goal is not reached within this label waypoint window. Safety passes: minimum clearance 2.94 m against manifest obstacles with 0 violating segment(s).""}",0.2349927543859638,15.719299245614033,-2.5,0.24376468421052522,16.210527315789474,-2.5,0.2525366140350866,16.701755385964912,-2.5,0.261308543859648,17.192983456140354,-2.5,0.2700804736842094,17.68421152631579,-2.5
1773868275.013006449,1773868275.013006449,0.000,offline_ground_truth_window,"Environment section (T(v)):
- Current position NED is (0.25, 15.48, -2.50) m.
- Current velocity is (-0.00, 0.09, 0.01) m/s (speed 0.09 m/s).
- Goal position NED is (0.45, 28.00, -2.50) m.
- Output contract: predict exactly 5 waypoint x/y pairs in NED. The planner will set every waypoint z to goal z = -2.50 m before execution.
- Goal delta from current state is (0.20, 12.52, -0.00) m with distance 12.53 m.
- Obstacle pipeline: depth_camera_to_body_to_ned_current_frame.
- Current depth frame obstacle points projected into NED: 0. Nearest depth obstacle in NED is at (0.25, 15.48, -2.50) m, relative vector (20.00, 0.00, 0.00) m, distance 20.00 m.
- Depth validity fraction is 0.57. Global nearest obstacle distance is 4.91 m.
- Sector minimum distances [far_left, left, center, right, far_right] are [4.93, 4.92, 4.92, 4.92, 4.91] m.
- Nearest obstacle sector is far_right at 4.91 m and clearance status is clear.
- Lateral planning hint: prefer center progress.","{""waypoints"":[{""x"":0.24376468421052522,""y"":16.210527315789474},{""x"":0.2525366140350866,""y"":16.701755385964912},{""x"":0.261308543859648,""y"":17.192983456140354},{""x"":0.2700804736842094,""y"":17.68421152631579},{""x"":0.27885240350877083,""y"":18.17543959649123}],""reasoning"":""Selected waypoint 0 moves the reference anchor from 12.28 m to 11.79 m from goal immediately and to 9.83 m by the final waypoint, so progress is 0.49 m selected / 2.46 m final and passes with monotonic goal-distance reduction. Kinematics is evaluated on 5 unique label waypoint(s), excluding consecutive duplicate terminal holds, and checks only that the trajectory stays within the configured bounds speed <= 15.00 m/s and acceleration <= 8.00 m/s^2, so kinematics passes. Goal is not reached within this label waypoint window. Safety passes: minimum clearance 3.09 m against manifest obstacles with 0 violating segment(s).""}",0.24376468421052522,16.210527315789474,-2.5,0.2525366140350866,16.701755385964912,-2.5,0.261308543859648,17.192983456140354,-2.5,0.2700804736842094,17.68421152631579,-2.5,0.27885240350877083,18.17543959649123,-2.5
1773868280.879326105,1773868280.879326105,0.000,offline_ground_truth_window,"Environment section (T(v)):
- Current position NED is (0.22, 15.97, -2.47) m.
- Current velocity is (0.01, 0.08, -0.01) m/s (speed 0.08 m/s).
- Goal position NED is (0.45, 28.00, -2.50) m.
- Output contract: predict exactly 5 waypoint x/y pairs in NED. The planner will set every waypoint z to goal z = -2.50 m before execution.
- Goal delta from current state is (0.23, 12.03, -0.03) m with distance 12.04 m.
- Obstacle pipeline: depth_camera_to_body_to_ned_current_frame.
- Current depth frame obstacle points projected into NED: 0. Nearest depth obstacle in NED is at (0.22, 15.97, -2.47) m, relative vector (20.00, 0.00, 0.00) m, distance 20.00 m.
- Depth validity fraction is 0.58. Global nearest obstacle distance is 4.90 m.
- Sector minimum distances [far_left, left, center, right, far_right] are [4.91, 4.91, 4.91, 4.90, 4.90] m.
- Nearest obstacle sector is far_right at 4.90 m and clearance status is clear.
- Lateral planning hint: prefer center progress.","{""waypoints"":[{""x"":0.2525366140350866,""y"":16.701755385964912},{""x"":0.261308543859648,""y"":17.192983456140354},{""x"":0.2700804736842094,""y"":17.68421152631579},{""x"":0.27885240350877083,""y"":18.17543959649123},{""x"":0.2876243333333322,""y"":18.666667666666665}],""reasoning"":""Selected waypoint 0 moves the reference anchor from 11.79 m to 11.30 m from goal immediately and to 9.33 m by the final waypoint, so progress is 0.49 m selected / 2.46 m final and passes with monotonic goal-distance reduction. Kinematics is evaluated on 5 unique label waypoint(s), excluding consecutive duplicate terminal holds, and checks only that the trajectory stays within the configured bounds speed <= 15.00 m/s and acceleration <= 8.00 m/s^2, so kinematics passes. Goal is not reached within this label waypoint window. Safety passes: minimum clearance 3.29 m against manifest obstacles with 0 violating segment(s).""}",0.2525366140350866,16.701755385964912,-2.5,0.261308543859648,17.192983456140354,-2.5,0.2700804736842094,17.68421152631579,-2.5,0.27885240350877083,18.17543959649123,-2.5,0.2876243333333322,18.666667666666665,-2.5
1773868284.609036684,1773868284.609036684,0.000,offline_ground_truth_window,"Environment section (T(v)):
- Current position NED is (0.25, 16.46, -2.49) m.
- Current velocity is (-0.01, 0.10, 0.01) m/s (speed 0.10 m/s).
- Goal position NED is (0.45, 28.00, -2.50) m.
- Output contract: predict exactly 5 waypoint x/y pairs in NED. The planner will set every waypoint z to goal z = -2.50 m before execution.
- Goal delta from current state is (0.21, 11.54, -0.01) m with distance 11.54 m.
- Obstacle pipeline: depth_camera_to_body_to_ned_current_frame.
- Current depth frame obstacle points projected into NED: 0. Nearest depth obstacle in NED is at (0.25, 16.46, -2.49) m, relative vector (20.00, 0.00, 0.00) m, distance 20.00 m.
- Depth validity fraction is 0.57. Global nearest obstacle distance is 4.98 m.
- Sector minimum distances [far_left, left, center, right, far_right] are [4.98, 4.98, 4.99, 4.99, 4.99] m.
- Nearest obstacle sector is far_left at 4.98 m and clearance status is clear.
- Lateral planning hint: prefer center progress.","{""waypoints"":[{""x"":0.261308543859648,""y"":17.192983456140354},{""x"":0.2700804736842094,""y"":17.68421152631579},{""x"":0.27885240350877083,""y"":18.17543959649123},{""x"":0.2876243333333322,""y"":18.666667666666665},{""x"":0.29639626315789364,""y"":19.157895736842107}],""reasoning"":""Selected waypoint 0 moves the reference anchor from 11.30 m to 10.81 m from goal immediately and to 8.84 m by the final waypoint, so progress is 0.49 m selected / 2.46 m final and passes with monotonic goal-distance reduction. Kinematics is evaluated on 5 unique label waypoint(s), excluding consecutive duplicate terminal holds, and checks only that the trajectory stays within the configured bounds speed <= 15.00 m/s and acceleration <= 8.00 m/s^2, so kinematics passes. Goal is not reached within this label waypoint window. Safety passes: minimum clearance 3.34 m against manifest obstacles with 0 violating segment(s).""}",0.261308543859648,17.192983456140354,-2.5,0.2700804736842094,17.68421152631579,-2.5,0.27885240350877083,18.17543959649123,-2.5,0.2876243333333322,18.666667666666665,-2.5,0.29639626315789364,19.157895736842107,-2.5
1773868289.618554831,1773868289.618554831,0.000,offline_ground_truth_window,"Environment section (T(v)):
- Current position NED is (0.27, 16.95, -2.50) m.
- Current velocity is (-0.01, 0.09, 0.00) m/s (speed 0.09 m/s).
- Goal position NED is (0.45, 28.00, -2.50) m.
- Output contract: predict exactly 5 waypoint x/y pairs in NED. The planner will set every waypoint z to goal z = -2.50 m before execution.
- Goal delta from current state is (0.19, 11.05, -0.00) m with distance 11.05 m.
- Obstacle pipeline: depth_camera_to_body_to_ned_current_frame.
- Current depth frame obstacle points projected into NED: 2. Nearest depth obstacle in NED is at (-3.68, 28.55, -2.67) m, relative vector (-3.95, 11.60, -0.17) m, distance 12.25 m.
- Depth validity fraction is 0.57. Global nearest obstacle distance is 4.95 m.
- Sector minimum distances [far_left, left, center, right, far_right] are [4.95, 4.95, 4.96, 4.96, 4.96] m.
- Nearest obstacle sector is far_left at 4.95 m and clearance status is clear.
- Lateral planning hint: prefer center progress.","{""waypoints"":[{""x"":0.2700804736842094,""y"":17.68421152631579},{""x"":0.27885240350877083,""y"":18.17543959649123},{""x"":0.2876243333333322,""y"":18.666667666666665},{""x"":0.29639626315789364,""y"":19.157895736842107},{""x"":0.305168192982455,""y"":19.649123807017542}],""reasoning"":""Selected waypoint 0 moves the reference anchor from 10.81 m to 10.32 m from goal immediately and to 8.35 m by the final waypoint, so progress is 0.49 m selected / 2.46 m final and passes with monotonic goal-distance reduction. Kinematics is evaluated on 5 unique label waypoint(s), excluding consecutive duplicate terminal holds, and checks only that the trajectory stays within the configured bounds speed <= 15.00 m/s and acceleration <= 8.00 m/s^2, so kinematics passes. Goal is not reached within this label waypoint window. Safety passes: minimum clearance 3.41 m against manifest obstacles with 0 violating segment(s).""}",0.2700804736842094,17.68421152631579,-2.5,0.27885240350877083,18.17543959649123,-2.5,0.2876243333333322,18.666667666666665,-2.5,0.29639626315789364,19.157895736842107,-2.5,0.305168192982455,19.649123807017542,-2.5
1773868294.184778214,1773868294.184778214,0.000,offline_ground_truth_window,"Environment section (T(v)):
- Current position NED is (0.27, 17.44, -2.50) m.
- Current velocity is (0.01, 0.11, 0.01) m/s (speed 0.11 m/s).
- Goal position NED is (0.45, 28.00, -2.50) m.
- Output contract: predict exactly 5 waypoint x/y pairs in NED. The planner will set every waypoint z to goal z = -2.50 m before execution.
- Goal delta from current state is (0.19, 10.56, -0.00) m with distance 10.56 m.
- Obstacle pipeline: depth_camera_to_body_to_ned_current_frame.
- Current depth frame obstacle points projected into NED: 1. Nearest depth obstacle in NED is at (-3.76, 28.59, -1.72) m, relative vector (-4.03, 11.15, 0.78) m, distance 11.88 m.
- Depth validity fraction is 0.57. Global nearest obstacle distance is 4.96 m.
- Sector minimum distances [far_left, left, center, right, far_right] are [4.97, 4.97, 4.97, 4.96, 4.96] m.
- Nearest obstacle sector is far_right at 4.96 m and clearance status is clear.
- Lateral planning hint: prefer center progress.","{""waypoints"":[{""x"":0.27885240350877083,""y"":18.17543959649123},{""x"":0.2876243333333322,""y"":18.666667666666665},{""x"":0.29639626315789364,""y"":19.157895736842107},{""x"":0.305168192982455,""y"":19.649123807017542},{""x"":0.31394012280701644,""y"":20.140351877192984}],""reasoning"":""Selected waypoint 0 moves the reference anchor from 10.32 m to 9.83 m from goal immediately and to 7.86 m by the final waypoint, so progress is 0.49 m selected / 2.46 m final and passes with monotonic goal-distance reduction. Kinematics is evaluated on 5 unique label waypoint(s), excluding consecutive duplicate terminal holds, and checks only that the trajectory stays within the configured bounds speed <= 15.00 m/s and acceleration <= 8.00 m/s^2, so kinematics passes. Goal is not reached within this label waypoint window. Safety passes: minimum clearance 3.46 m against manifest obstacles with 0 violating segment(s).""}",0.27885240350877083,18.17543959649123,-2.5,0.2876243333333322,18.666667666666665,-2.5,0.29639626315789364,19.157895736842107,-2.5,0.305168192982455,19.649123807017542,-2.5,0.31394012280701644,20.140351877192984,-2.5
1773868298.703863382,1773868298.703863382,0.000,offline_ground_truth_window,"Environment section (T(v)):
- Current position NED is (0.30, 17.93, -2.50) m.
- Current velocity is (-0.01, 0.10, 0.01) m/s (speed 0.10 m/s).
- Goal position NED is (0.45, 28.00, -2.50) m.
- Output contract: predict exactly 5 waypoint x/y pairs in NED. The planner will set every waypoint z to goal z = -2.50 m before execution.
- Goal delta from current state is (0.15, 10.07, -0.00) m with distance 10.07 m.
- Obstacle pipeline: depth_camera_to_body_to_ned_current_frame.
- Current depth frame obstacle points projected into NED: 2. Nearest depth obstacle in NED is at (0.54, 28.72, -1.99) m, relative vector (0.24, 10.79, 0.50) m, distance 10.80 m.
- Depth validity fraction is 0.57. Global nearest obstacle distance is 4.94 m.
- Sector minimum distances [far_left, left, center, right, far_right] are [4.95, 4.94, 4.94, 4.94, 4.94] m.
- Nearest obstacle sector is far_right at 4.94 m and clearance status is clear.
- Lateral planning hint: prefer center progress.","{""waypoints"":[{""x"":0.2876243333333322,""y"":18.666667666666665},{""x"":0.29639626315789364,""y"":19.157895736842107},{""x"":0.305168192982455,""y"":19.649123807017542},{""x"":0.31394012280701644,""y"":20.140351877192984},{""x"":0.3227120526315778,""y"":20.631579947368422}],""reasoning"":""Selected waypoint 0 moves the reference anchor from 9.83 m to 9.33 m from goal immediately and to 7.37 m by the final waypoint, so progress is 0.49 m selected / 2.46 m final and passes with monotonic goal-distance reduction. Kinematics is evaluated on 5 unique label waypoint(s), excluding consecutive duplicate terminal holds, and checks only that the trajectory stays within the configured bounds speed <= 15.00 m/s and acceleration <= 8.00 m/s^2, so kinematics passes. Goal is not reached within this label waypoint window. Safety passes: minimum clearance 3.46 m against manifest obstacles with 0 violating segment(s).""}",0.2876243333333322,18.666667666666665,-2.5,0.29639626315789364,19.157895736842107,-2.5,0.305168192982455,19.649123807017542,-2.5,0.31394012280701644,20.140351877192984,-2.5,0.3227120526315778,20.631579947368422,-2.5
1773868303.752384663,1773868303.752384663,0.000,offline_ground_truth_window,"Environment section (T(v)):
- Current position NED is (0.27, 18.42, -2.49) m.
- Current velocity is (0.01, 0.10, 0.00) m/s (speed 0.10 m/s).
- Goal position NED is (0.45, 28.00, -2.50) m.
- Output contract: predict exactly 5 waypoint x/y pairs in NED. The planner will set every waypoint z to goal z = -2.50 m before execution.
- Goal delta from current state is (0.18, 9.58, -0.01) m with distance 9.58 m.
- Obstacle pipeline: depth_camera_to_body_to_ned_current_frame.
- Current depth frame obstacle points projected into NED: 1. Nearest depth obstacle in NED is at (-3.33, 28.66, -2.50) m, relative vector (-3.61, 10.24, -0.01) m, distance 10.85 m.
- Depth validity fraction is 0.57. Global nearest obstacle distance is 4.92 m.
- Sector minimum distances [far_left, left, center, right, far_right] are [4.94, 4.94, 4.93, 4.93, 4.92] m.
- Nearest obstacle sector is far_right at 4.92 m and clearance status is clear.
- Lateral planning hint: prefer center progress.","{""waypoints"":[{""x"":0.29639626315789364,""y"":19.157895736842107},{""x"":0.305168192982455,""y"":19.649123807017542},{""x"":0.31394012280701644,""y"":20.140351877192984},{""x"":0.3227120526315778,""y"":20.631579947368422},{""x"":0.33148398245613925,""y"":21.12280801754386}],""reasoning"":""Selected waypoint 0 moves the reference anchor from 9.33 m to 8.84 m from goal immediately and to 6.88 m by the final waypoint, so progress is 0.49 m selected / 2.46 m final and passes with monotonic goal-distance reduction. Kinematics is evaluated on 5 unique label waypoint(s), excluding consecutive duplicate terminal holds, and checks only that the trajectory stays within the configured bounds speed <= 15.00 m/s and acceleration <= 8.00 m/s^2, so kinematics passes. Goal is not reached within this label waypoint window. Safety passes: minimum clearance 3.46 m against manifest obstacles with 0 violating segment(s).""}",0.29639626315789364,19.157895736842107,-2.5,0.305168192982455,19.649123807017542,-2.5,0.31394012280701644,20.140351877192984,-2.5,0.3227120526315778,20.631579947368422,-2.5,0.33148398245613925,21.12280801754386,-2.5
1773868309.157751083,1773868309.157751083,0.000,offline_ground_truth_window,"Environment section (T(v)):
- Current position NED is (0.29, 18.91, -2.49) m.
- Current velocity is (0.00, 0.08, 0.00) m/s (speed 0.08 m/s).
- Goal position NED is (0.45, 28.00, -2.50) m.
- Output contract: predict exactly 5 waypoint x/y pairs in NED. The planner will set every waypoint z to goal z = -2.50 m before execution.
- Goal delta from current state is (0.16, 9.09, -0.01) m with distance 9.09 m.
- Obstacle pipeline: depth_camera_to_body_to_ned_current_frame.
- Current depth frame obstacle points projected into NED: 1. Nearest depth obstacle in NED is at (-3.40, 28.56, -1.82) m, relative vector (-3.69, 9.65, 0.67) m, distance 10.35 m.
- Depth validity fraction is 0.57. Global nearest obstacle distance is 4.93 m.
- Sector minimum distances [far_left, left, center, right, far_right] are [4.95, 4.94, 4.94, 4.94, 4.93] m.
- Nearest obstacle sector is far_right at 4.93 m and clearance status is clear.
- Lateral planning hint: prefer center progress.","{""waypoints"":[{""x"":0.305168192982455,""y"":19.649123807017542},{""x"":0.31394012280701644,""y"":20.140351877192984},{""x"":0.3227120526315778,""y"":20.631579947368422},{""x"":0.33148398245613925,""y"":21.12280801754386},{""x"":0.3402559122807006,""y"":21.6140360877193}],""reasoning"":""Selected waypoint 0 moves the reference anchor from 8.84 m to 8.35 m from goal immediately and to 6.39 m by the final waypoint, so progress is 0.49 m selected / 2.46 m final and passes with monotonic goal-distance reduction. Kinematics is evaluated on 5 unique label waypoint(s), excluding consecutive duplicate terminal holds, and checks only that the trajectory stays within the configured bounds speed <= 15.00 m/s and acceleration <= 8.00 m/s^2, so kinematics passes. Goal is not reached within this label waypoint window. Safety passes: minimum clearance 3.46 m against manifest obstacles with 0 violating segment(s).""}",0.305168192982455,19.649123807017542,-2.5,0.31394012280701644,20.140351877192984,-2.5,0.3227120526315778,20.631579947368422,-2.5,0.33148398245613925,21.12280801754386,-2.5,0.3402559122807006,21.6140360877193,-2.5
1773868314.019814253,1773868314.019814253,0.000,offline_ground_truth_window,"Environment section (T(v)):
- Current position NED is (0.26, 19.40, -2.49) m.
- Current velocity is (0.00, 0.07, 0.01) m/s (speed 0.07 m/s).
- Goal position NED is (0.45, 28.00, -2.50) m.
- Output contract: predict exactly 5 waypoint x/y pairs in NED. The planner will set every waypoint z to goal z = -2.50 m before execution.
- Goal delta from current state is (0.20, 8.60, -0.01) m with distance 8.60 m.
- Obstacle pipeline: depth_camera_to_body_to_ned_current_frame.
- Current depth frame obstacle points projected into NED: 3. Nearest depth obstacle in NED is at (0.45, 28.66, -2.56) m, relative vector (0.19, 9.25, -0.07) m, distance 9.26 m.
- Depth validity fraction is 0.57. Global nearest obstacle distance is 4.90 m.
- Sector minimum distances [far_left, left, center, right, far_right] are [4.90, 4.91, 4.91, 4.92, 4.92] m.
- Nearest obstacle sector is far_left at 4.90 m and clearance status is clear.
- Lateral planning hint: prefer center progress.","{""waypoints"":[{""x"":0.31394012280701644,""y"":20.140351877192984},{""x"":0.3227120526315778,""y"":20.631579947368422},{""x"":0.33148398245613925,""y"":21.12280801754386},{""x"":0.3402559122807006,""y"":21.6140360877193},{""x"":0.34902784210526205,""y"":22.105264157894737}],""reasoning"":""Selected waypoint 0 moves the reference anchor from 8.35 m to 7.86 m from goal immediately and to 5.90 m by the final waypoint, so progress is 0.49 m selected / 2.46 m final and passes with monotonic goal-distance reduction. Kinematics is evaluated on 5 unique label waypoint(s), excluding consecutive duplicate terminal holds, and checks only that the trajectory stays within the configured bounds speed <= 15.00 m/s and acceleration <= 8.00 m/s^2, so kinematics passes. Goal is not reached within this label waypoint window. Safety passes: minimum clearance 3.49 m against manifest obstacles with 0 violating segment(s).""}",0.31394012280701644,20.140351877192984,-2.5,0.3227120526315778,20.631579947368422,-2.5,0.33148398245613925,21.12280801754386,-2.5,0.3402559122807006,21.6140360877193,-2.5,0.34902784210526205,22.105264157894737,-2.5
1773868318.782449484,1773868318.782449484,0.000,offline_ground_truth_window,"Environment section (T(v)):
- Current position NED is (0.32, 19.90, -2.49) m.
- Current velocity is (0.01, 0.09, 0.00) m/s (speed 0.09 m/s).
- Goal position NED is (0.45, 28.00, -2.50) m.
- Output contract: predict exactly 5 waypoint x/y pairs in NED. The planner will set every waypoint z to goal z = -2.50 m before execution.
- Goal delta from current state is (0.13, 8.10, -0.01) m with distance 8.11 m.
- Obstacle pipeline: depth_camera_to_body_to_ned_current_frame.
- Current depth frame obstacle points projected into NED: 25. Nearest depth obstacle in NED is at (0.12, 28.63, -2.60) m, relative vector (-0.20, 8.73, -0.11) m, distance 8.74 m.
- Depth validity fraction is 0.56. Global nearest obstacle distance is 4.95 m.
- Sector minimum distances [far_left, left, center, right, far_right] are [4.98, 4.97, 4.96, 4.96, 4.95] m.
- Nearest obstacle sector is far_right at 4.95 m and clearance status is clear.
- Lateral planning hint: prefer center progress.","{""waypoints"":[{""x"":0.3227120526315778,""y"":20.631579947368422},{""x"":0.33148398245613925,""y"":21.12280801754386},{""x"":0.3402559122807006,""y"":21.6140360877193},{""x"":0.34902784210526205,""y"":22.105264157894737},{""x"":0.35779977192982343,""y"":22.596492228070176}],""reasoning"":""Selected waypoint 0 moves the reference anchor from 7.86 m to 7.37 m from goal immediately and to 5.40 m by the final waypoint, so progress is 0.49 m selected / 2.46 m final and passes with monotonic goal-distance reduction. Kinematics is evaluated on 5 unique label waypoint(s), excluding consecutive duplicate terminal holds, and checks only that the trajectory stays within the configured bounds speed <= 15.00 m/s and acceleration <= 8.00 m/s^2, so kinematics passes. Goal is not reached within this label waypoint window. Safety passes: minimum clearance 3.59 m against manifest obstacles with 0 violating segment(s).""}",0.3227120526315778,20.631579947368422,-2.5,0.33148398245613925,21.12280801754386,-2.5,0.3402559122807006,21.6140360877193,-2.5,0.34902784210526205,22.105264157894737,-2.5,0.35779977192982343,22.596492228070176,-2.5
1773868324.959421635,1773868324.959421635,0.000,offline_ground_truth_window,"Environment section (T(v)):
- Current position NED is (0.33, 20.39, -2.51) m.
- Current velocity is (0.00, 0.08, 0.01) m/s (speed 0.08 m/s).
- Goal position NED is (0.45, 28.00, -2.50) m.
- Output contract: predict exactly 5 waypoint x/y pairs in NED. The planner will set every waypoint z to goal z = -2.50 m before execution.
- Goal delta from current state is (0.13, 7.61, 0.01) m with distance 7.62 m.
- Obstacle pipeline: depth_camera_to_body_to_ned_current_frame.
- Current depth frame obstacle points projected into NED: 28. Nearest depth obstacle in NED is at (0.20, 28.91, -2.55) m, relative vector (-0.13, 8.52, -0.04) m, distance 8.52 m.
- Depth validity fraction is 0.57. Global nearest obstacle distance is 4.93 m.
- Sector minimum distances [far_left, left, center, right, far_right] are [4.93, 4.93, 4.93, 4.93, 4.93] m.
- Nearest obstacle sector is far_right at 4.93 m and clearance status is clear.
- Lateral planning hint: prefer center progress.","{""waypoints"":[{""x"":0.33148398245613925,""y"":21.12280801754386},{""x"":0.3402559122807006,""y"":21.6140360877193},{""x"":0.34902784210526205,""y"":22.105264157894737},{""x"":0.35779977192982343,""y"":22.596492228070176},{""x"":0.36657170175438486,""y"":23.087720298245614}],""reasoning"":""Selected waypoint 0 moves the reference anchor from 7.37 m to 6.88 m from goal immediately and to 4.91 m by the final waypoint, so progress is 0.49 m selected / 2.46 m final and passes with monotonic goal-distance reduction. Kinematics is evaluated on 5 unique label waypoint(s), excluding consecutive duplicate terminal holds, and checks only that the trajectory stays within the configured bounds speed <= 15.00 m/s and acceleration <= 8.00 m/s^2, so kinematics passes. Goal is not reached within this label waypoint window. Safety passes: minimum clearance 3.74 m against manifest obstacles with 0 violating segment(s).""}",0.33148398245613925,21.12280801754386,-2.5,0.3402559122807006,21.6140360877193,-2.5,0.34902784210526205,22.105264157894737,-2.5,0.35779977192982343,22.596492228070176,-2.5,0.36657170175438486,23.087720298245614,-2.5
1773868329.827854633,1773868329.827854633,0.000,offline_ground_truth_window,"Environment section (T(v)):
- Current position NED is (0.34, 20.88, -2.49) m.
- Current velocity is (-0.01, 0.08, 0.00) m/s (speed 0.08 m/s).
- Goal position NED is (0.45, 28.00, -2.50) m.
- Output contract: predict exactly 5 waypoint x/y pairs in NED. The planner will set every waypoint z to goal z = -2.50 m before execution.
- Goal delta from current state is (0.11, 7.12, -0.01) m with distance 7.12 m.
- Obstacle pipeline: depth_camera_to_body_to_ned_current_frame.
- Current depth frame obstacle points projected into NED: 33. Nearest depth obstacle in NED is at (0.59, 28.23, -2.57) m, relative vector (0.24, 7.35, -0.09) m, distance 7.36 m.
- Depth validity fraction is 0.56. Global nearest obstacle distance is 4.94 m.
- Sector minimum distances [far_left, left, center, right, far_right] are [4.95, 4.95, 4.94, 4.94, 4.94] m.
- Nearest obstacle sector is far_right at 4.94 m and clearance status is clear.
- Lateral planning hint: prefer center progress.","{""waypoints"":[{""x"":0.3402559122807006,""y"":21.6140360877193},{""x"":0.34902784210526205,""y"":22.105264157894737},{""x"":0.35779977192982343,""y"":22.596492228070176},{""x"":0.36657170175438486,""y"":23.087720298245614},{""x"":0.37534363157894624,""y"":23.578948368421052}],""reasoning"":""Selected waypoint 0 moves the reference anchor from 6.88 m to 6.39 m from goal immediately and to 4.42 m by the final waypoint, so progress is 0.49 m selected / 2.46 m final and passes with monotonic goal-distance reduction. Kinematics is evaluated on 5 unique label waypoint(s), excluding consecutive duplicate terminal holds, and checks only that the trajectory stays within the configured bounds speed <= 15.00 m/s and acceleration <= 8.00 m/s^2, so kinematics passes. Goal is not reached within this label waypoint window. Safety passes: minimum clearance 3.95 m against manifest obstacles with 0 violating segment(s).""}",0.3402559122807006,21.6140360877193,-2.5,0.34902784210526205,22.105264157894737,-2.5,0.35779977192982343,22.596492228070176,-2.5,0.36657170175438486,23.087720298245614,-2.5,0.37534363157894624,23.578948368421052,-2.5
1773868334.648473978,1773868334.648473978,0.000,offline_ground_truth_window,"Environment section (T(v)):
- Current position NED is (0.32, 21.37, -2.49) m.
- Current velocity is (0.00, 0.09, 0.01) m/s (speed 0.09 m/s).
- Goal position NED is (0.45, 28.00, -2.50) m.
- Output contract: predict exactly 5 waypoint x/y pairs in NED. The planner will set every waypoint z to goal z = -2.50 m before execution.
- Goal delta from current state is (0.13, 6.63, -0.01) m with distance 6.63 m.
- Obstacle pipeline: depth_camera_to_body_to_ned_current_frame.
- Current depth frame obstacle points projected into NED: 40. Nearest depth obstacle in NED is at (0.65, 28.11, -2.65) m, relative vector (0.33, 6.74, -0.16) m, distance 6.75 m.
- Depth validity fraction is 0.56. Global nearest obstacle distance is 4.95 m.
- Sector minimum distances [far_left, left, center, right, far_right] are [4.95, 4.95, 4.95, 4.96, 4.96] m.
- Nearest obstacle sector is far_left at 4.95 m and clearance status is clear.
- Lateral planning hint: prefer center progress.","{""waypoints"":[{""x"":0.34902784210526205,""y"":22.105264157894737},{""x"":0.35779977192982343,""y"":22.596492228070176},{""x"":0.36657170175438486,""y"":23.087720298245614},{""x"":0.37534363157894624,""y"":23.578948368421052},{""x"":0.38411556140350767,""y"":24.070176438596494}],""reasoning"":""Selected waypoint 0 moves the reference anchor from 6.39 m to 5.90 m from goal immediately and to 3.93 m by the final waypoint, so progress is 0.49 m selected / 2.46 m final and passes with monotonic goal-distance reduction. Kinematics is evaluated on 5 unique label waypoint(s), excluding consecutive duplicate terminal holds, and checks only that the trajectory stays within the configured bounds speed <= 15.00 m/s and acceleration <= 8.00 m/s^2, so kinematics passes. Goal is not reached within this label waypoint window. Safety passes: minimum clearance 4.20 m against manifest obstacles with 0 violating segment(s).""}",0.34902784210526205,22.105264157894737,-2.5,0.35779977192982343,22.596492228070176,-2.5,0.36657170175438486,23.087720298245614,-2.5,0.37534363157894624,23.578948368421052,-2.5,0.38411556140350767,24.070176438596494,-2.5
1773868340.985831022,1773868340.985831022,0.000,offline_ground_truth_window,"Environment section (T(v)):
- Current position NED is (0.33, 21.86, -2.48) m.
- Current velocity is (0.00, 0.05, 0.01) m/s (speed 0.05 m/s).
- Goal position NED is (0.45, 28.00, -2.50) m.
- Output contract: predict exactly 5 waypoint x/y pairs in NED. The planner will set every waypoint z to goal z = -2.50 m before execution.
- Goal delta from current state is (0.12, 6.14, -0.02) m with distance 6.14 m.
- Obstacle pipeline: depth_camera_to_body_to_ned_current_frame.
- Current depth frame obstacle points projected into NED: 46. Nearest depth obstacle in NED is at (0.85, 28.61, -2.22) m, relative vector (0.52, 6.75, 0.25) m, distance 6.78 m.
- Depth validity fraction is 0.56. Global nearest obstacle distance is 4.96 m.
- Sector minimum distances [far_left, left, center, right, far_right] are [4.96, 4.96, 4.96, 4.96, 4.96] m.
- Nearest obstacle sector is far_left at 4.96 m and clearance status is clear.
- Lateral planning hint: prefer center progress.","{""waypoints"":[{""x"":0.35779977192982343,""y"":22.596492228070176},{""x"":0.36657170175438486,""y"":23.087720298245614},{""x"":0.37534363157894624,""y"":23.578948368421052},{""x"":0.38411556140350767,""y"":24.070176438596494},{""x"":0.39288749122806904,""y"":24.56140450877193}],""reasoning"":""Selected waypoint 0 moves the reference anchor from 5.90 m to 5.40 m from goal immediately and to 3.44 m by the final waypoint, so progress is 0.49 m selected / 2.46 m final and passes with monotonic goal-distance reduction. Kinematics is evaluated on 5 unique label waypoint(s), excluding consecutive duplicate terminal holds, and checks only that the trajectory stays within the configured bounds speed <= 15.00 m/s and acceleration <= 8.00 m/s^2, so kinematics passes. Goal is not reached within this label waypoint window. Safety passes: minimum clearance 4.49 m against manifest obstacles with 0 violating segment(s).""}",0.35779977192982343,22.596492228070176,-2.5,0.36657170175438486,23.087720298245614,-2.5,0.37534363157894624,23.578948368421052,-2.5,0.38411556140350767,24.070176438596494,-2.5,0.39288749122806904,24.56140450877193,-2.5
1773868348.171359062,1773868348.171359062,0.000,offline_ground_truth_window,"Environment section (T(v)):
- Current position NED is (0.37, 22.35, -2.49) m.
- Current velocity is (0.00, 0.05, 0.00) m/s (speed 0.05 m/s).
- Goal position NED is (0.45, 28.00, -2.50) m.
- Output contract: predict exactly 5 waypoint x/y pairs in NED. The planner will set every waypoint z to goal z = -2.50 m before execution.
- Goal delta from current state is (0.08, 5.65, -0.01) m with distance 5.65 m.
- Obstacle pipeline: depth_camera_to_body_to_ned_current_frame.
- Current depth frame obstacle points projected into NED: 57. Nearest depth obstacle in NED is at (-3.04, 28.63, -2.40) m, relative vector (-3.41, 6.28, 0.09) m, distance 7.14 m.
- Depth validity fraction is 0.56. Global nearest obstacle distance is 4.87 m.
- Sector minimum distances [far_left, left, center, right, far_right] are [4.87, 4.87, 4.87, 4.87, 4.87] m.
- Nearest obstacle sector is far_right at 4.87 m and clearance status is clear.
- Lateral planning hint: prefer center progress.","{""waypoints"":[{""x"":0.36657170175438486,""y"":23.087720298245614},{""x"":0.37534363157894624,""y"":23.578948368421052},{""x"":0.38411556140350767,""y"":24.070176438596494},{""x"":0.39288749122806904,""y"":24.56140450877193},{""x"":0.40165942105263047,""y"":25.05263257894737}],""reasoning"":""Selected waypoint 0 moves the reference anchor from 5.40 m to 4.91 m from goal immediately and to 2.95 m by the final waypoint, so progress is 0.49 m selected / 2.46 m final and passes with monotonic goal-distance reduction. Kinematics is evaluated on 5 unique label waypoint(s), excluding consecutive duplicate terminal holds, and checks only that the trajectory stays within the configured bounds speed <= 15.00 m/s and acceleration <= 8.00 m/s^2, so kinematics passes. Goal is not reached within this label waypoint window. Safety passes: minimum clearance 4.81 m against manifest obstacles with 0 violating segment(s).""}",0.36657170175438486,23.087720298245614,-2.5,0.37534363157894624,23.578948368421052,-2.5,0.38411556140350767,24.070176438596494,-2.5,0.39288749122806904,24.56140450877193,-2.5,0.40165942105263047,25.05263257894737,-2.5
1773868354.582735062,1773868354.582735062,0.000,offline_ground_truth_window,"Environment section (T(v)):
- Current position NED is (0.38, 22.84, -2.48) m.
- Current velocity is (-0.01, 0.06, -0.00) m/s (speed 0.06 m/s).
- Goal position NED is (0.45, 28.00, -2.50) m.
- Output contract: predict exactly 5 waypoint x/y pairs in NED. The planner will set every waypoint z to goal z = -2.50 m before execution.
- Goal delta from current state is (0.08, 5.16, -0.02) m with distance 5.16 m.
- Obstacle pipeline: depth_camera_to_body_to_ned_current_frame.
- Current depth frame obstacle points projected into NED: 55. Nearest depth obstacle in NED is at (0.94, 28.64, -2.25) m, relative vector (0.56, 5.80, 0.23) m, distance 5.83 m.
- Depth validity fraction is 0.56. Global nearest obstacle distance is 4.90 m.
- Sector minimum distances [far_left, left, center, right, far_right] are [4.90, 4.91, 4.91, 4.91, 4.91] m.
- Nearest obstacle sector is far_left at 4.90 m and clearance status is clear.
- Lateral planning hint: prefer center progress.","{""waypoints"":[{""x"":0.37534363157894624,""y"":23.578948368421052},{""x"":0.38411556140350767,""y"":24.070176438596494},{""x"":0.39288749122806904,""y"":24.56140450877193},{""x"":0.40165942105263047,""y"":25.05263257894737},{""x"":0.41043135087719185,""y"":25.543860649122806}],""reasoning"":""Selected waypoint 0 moves the reference anchor from 4.91 m to 4.42 m from goal immediately and to 2.46 m by the final waypoint, so progress is 0.49 m selected / 2.46 m final and passes with monotonic goal-distance reduction. Kinematics is evaluated on 5 unique label waypoint(s), excluding consecutive duplicate terminal holds, and checks only that the trajectory stays within the configured bounds speed <= 15.00 m/s and acceleration <= 8.00 m/s^2, so kinematics passes. Goal is not reached within this label waypoint window. Safety passes: minimum clearance 4.53 m against manifest obstacles with 0 violating segment(s).""}",0.37534363157894624,23.578948368421052,-2.5,0.38411556140350767,24.070176438596494,-2.5,0.39288749122806904,24.56140450877193,-2.5,0.40165942105263047,25.05263257894737,-2.5,0.41043135087719185,25.543860649122806,-2.5
1773868359.157466650,1773868359.157466650,0.000,offline_ground_truth_window,"Environment section (T(v)):
- Current position NED is (0.37, 23.34, -2.48) m.
- Current velocity is (-0.00, 0.10, 0.00) m/s (speed 0.10 m/s).
- Goal position NED is (0.45, 28.00, -2.50) m.
- Output contract: predict exactly 5 waypoint x/y pairs in NED. The planner will set every waypoint z to goal z = -2.50 m before execution.
- Goal delta from current state is (0.08, 4.66, -0.02) m with distance 4.66 m.
- Obstacle pipeline: depth_camera_to_body_to_ned_current_frame.
- Current depth frame obstacle points projected into NED: 58. Nearest depth obstacle in NED is at (1.37, 28.29, -2.61) m, relative vector (0.99, 4.95, -0.12) m, distance 5.05 m.
- Depth validity fraction is 0.55. Global nearest obstacle distance is 4.62 m.
- Sector minimum distances [far_left, left, center, right, far_right] are [4.95, 4.95, 4.63, 4.62, 4.95] m.
- Nearest obstacle sector is right at 4.62 m and clearance status is clear.
- Lateral planning hint: prefer center progress.","{""waypoints"":[{""x"":0.38411556140350767,""y"":24.070176438596494},{""x"":0.39288749122806904,""y"":24.56140450877193},{""x"":0.40165942105263047,""y"":25.05263257894737},{""x"":0.41043135087719185,""y"":25.543860649122806},{""x"":0.4192032807017533,""y"":26.035088719298248}],""reasoning"":""Selected waypoint 0 moves the reference anchor from 4.42 m to 3.93 m from goal immediately and to 1.97 m by the final waypoint, so progress is 0.49 m selected / 2.46 m final and passes with monotonic goal-distance reduction. Kinematics is evaluated on 5 unique label waypoint(s), excluding consecutive duplicate terminal holds, and checks only that the trajectory stays within the configured bounds speed <= 15.00 m/s and acceleration <= 8.00 m/s^2, so kinematics passes. Goal is not reached within this label waypoint window. Safety passes: minimum clearance 4.27 m against manifest obstacles with 0 violating segment(s).""}",0.38411556140350767,24.070176438596494,-2.5,0.39288749122806904,24.56140450877193,-2.5,0.40165942105263047,25.05263257894737,-2.5,0.41043135087719185,25.543860649122806,-2.5,0.4192032807017533,26.035088719298248,-2.5
1773868364.817934990,1773868364.817934990,0.000,offline_ground_truth_window,"Environment section (T(v)):
- Current position NED is (0.42, 23.83, -2.48) m.
- Current velocity is (0.00, 0.07, -0.00) m/s (speed 0.07 m/s).
- Goal position NED is (0.45, 28.00, -2.50) m.
- Output contract: predict exactly 5 waypoint x/y pairs in NED. The planner will set every waypoint z to goal z = -2.50 m before execution.
- Goal delta from current state is (0.04, 4.17, -0.02) m with distance 4.17 m.
- Obstacle pipeline: depth_camera_to_body_to_ned_current_frame.
- Current depth frame obstacle points projected into NED: 65. Nearest depth obstacle in NED is at (1.33, 28.32, -2.51) m, relative vector (0.91, 4.50, -0.03) m, distance 4.59 m.
- Depth validity fraction is 0.56. Global nearest obstacle distance is 4.16 m.
- Sector minimum distances [far_left, left, center, right, far_right] are [4.80, 4.89, 4.19, 4.16, 4.87] m.
- Nearest obstacle sector is right at 4.16 m and clearance status is clear.
- Lateral planning hint: prefer center progress.","{""waypoints"":[{""x"":0.39288749122806904,""y"":24.56140450877193},{""x"":0.40165942105263047,""y"":25.05263257894737},{""x"":0.41043135087719185,""y"":25.543860649122806},{""x"":0.4192032807017533,""y"":26.035088719298248},{""x"":0.42797521052631465,""y"":26.526316789473682}],""reasoning"":""Selected waypoint 0 moves the reference anchor from 3.93 m to 3.44 m from goal immediately and to 1.47 m by the final waypoint, so progress is 0.49 m selected / 2.46 m final and passes with monotonic goal-distance reduction. Kinematics is evaluated on 5 unique label waypoint(s), excluding consecutive duplicate terminal holds, and checks only that the trajectory stays within the configured bounds speed <= 15.00 m/s and acceleration <= 8.00 m/s^2, so kinematics passes. Goal is not reached within this label waypoint window. Safety passes: minimum clearance 4.05 m against manifest obstacles with 0 violating segment(s).""}",0.39288749122806904,24.56140450877193,-2.5,0.40165942105263047,25.05263257894737,-2.5,0.41043135087719185,25.543860649122806,-2.5,0.4192032807017533,26.035088719298248,-2.5,0.42797521052631465,26.526316789473682,-2.5
1773868370.228102207,1773868370.228102207,0.000,offline_ground_truth_window,"Environment section (T(v)):
- Current position NED is (0.41, 24.32, -2.50) m.
- Current velocity is (-0.01, 0.08, 0.01) m/s (speed 0.08 m/s).
- Goal position NED is (0.45, 28.00, -2.50) m.
- Output contract: predict exactly 5 waypoint x/y pairs in NED. The planner will set every waypoint z to goal z = -2.50 m before execution.
- Goal delta from current state is (0.05, 3.68, -0.00) m with distance 3.68 m.
- Obstacle pipeline: depth_camera_to_body_to_ned_current_frame.
- Current depth frame obstacle points projected into NED: 76. Nearest depth obstacle in NED is at (1.38, 28.21, -2.57) m, relative vector (0.97, 3.89, -0.07) m, distance 4.01 m.
- Depth validity fraction is 0.57. Global nearest obstacle distance is 3.62 m.
- Sector minimum distances [far_left, left, center, right, far_right] are [4.28, 4.88, 3.66, 3.62, 4.87] m.
- Nearest obstacle sector is right at 3.62 m and clearance status is clear.
- Lateral planning hint: prefer center progress.","{""waypoints"":[{""x"":0.40165942105263047,""y"":25.05263257894737},{""x"":0.41043135087719185,""y"":25.543860649122806},{""x"":0.4192032807017533,""y"":26.035088719298248},{""x"":0.42797521052631465,""y"":26.526316789473682},{""x"":0.4367471403508761,""y"":27.017544859649124}],""reasoning"":""Selected waypoint 0 moves the reference anchor from 3.44 m to 2.95 m from goal immediately and to 0.98 m by the final waypoint, so progress is 0.49 m selected / 2.46 m final and passes with monotonic goal-distance reduction. Kinematics is evaluated on 5 unique label waypoint(s), excluding consecutive duplicate terminal holds, and checks only that the trajectory stays within the configured bounds speed <= 15.00 m/s and acceleration <= 8.00 m/s^2, so kinematics passes. Goal is not reached within this label waypoint window. Safety passes: minimum clearance 3.88 m against manifest obstacles with 0 violating segment(s).""}",0.40165942105263047,25.05263257894737,-2.5,0.41043135087719185,25.543860649122806,-2.5,0.4192032807017533,26.035088719298248,-2.5,0.42797521052631465,26.526316789473682,-2.5,0.4367471403508761,27.017544859649124,-2.5
1773868374.441378832,1773868374.441378832,0.000,offline_ground_truth_window,"Environment section (T(v)):
- Current position NED is (0.41, 24.81, -2.50) m.
- Current velocity is (0.01, 0.10, 0.01) m/s (speed 0.10 m/s).
- Goal position NED is (0.45, 28.00, -2.50) m.
- Output contract: predict exactly 5 waypoint x/y pairs in NED. The planner will set every waypoint z to goal z = -2.50 m before execution.
- Goal delta from current state is (0.05, 3.19, -0.00) m with distance 3.19 m.
- Obstacle pipeline: depth_camera_to_body_to_ned_current_frame.
- Current depth frame obstacle points projected into NED: 73. Nearest depth obstacle in NED is at (0.48, 28.36, -2.59) m, relative vector (0.08, 3.55, -0.09) m, distance 3.55 m.
- Depth validity fraction is 0.58. Global nearest obstacle distance is 3.12 m.
- Sector minimum distances [far_left, left, center, right, far_right] are [4.02, 4.95, 3.20, 3.12, 4.94] m.
- Nearest obstacle sector is right at 3.12 m and clearance status is clear.
- Lateral planning hint: left side is clearer.","{""waypoints"":[{""x"":0.41043135087719185,""y"":25.543860649122806},{""x"":0.4192032807017533,""y"":26.035088719298248},{""x"":0.42797521052631465,""y"":26.526316789473682},{""x"":0.4367471403508761,""y"":27.017544859649124},{""x"":0.44551907017543746,""y"":27.508772929824563}],""reasoning"":""Selected waypoint 0 moves the reference anchor from 2.95 m to 2.46 m from goal immediately and to 0.49 m by the final waypoint, so progress is 0.49 m selected / 2.46 m final and passes with monotonic goal-distance reduction. Kinematics is evaluated on 5 unique label waypoint(s), excluding consecutive duplicate terminal holds, and checks only that the trajectory stays within the configured bounds speed <= 15.00 m/s and acceleration <= 8.00 m/s^2, so kinematics passes. Goal is not reached within this label waypoint window. Safety passes: minimum clearance 3.76 m against manifest obstacles with 0 violating segment(s).""}",0.41043135087719185,25.543860649122806,-2.5,0.4192032807017533,26.035088719298248,-2.5,0.42797521052631465,26.526316789473682,-2.5,0.4367471403508761,27.017544859649124,-2.5,0.44551907017543746,27.508772929824563,-2.5
1773868379.055438042,1773868379.055438042,0.000,offline_ground_truth_window,"Environment section (T(v)):
- Current position NED is (0.42, 25.30, -2.49) m.
- Current velocity is (-0.00, 0.09, 0.01) m/s (speed 0.09 m/s).
- Goal position NED is (0.45, 28.00, -2.50) m.
- Output contract: predict exactly 5 waypoint x/y pairs in NED. The planner will set every waypoint z to goal z = -2.50 m before execution.
- Goal delta from current state is (0.04, 2.70, -0.01) m with distance 2.70 m.
- Obstacle pipeline: depth_camera_to_body_to_ned_current_frame.
- Current depth frame obstacle points projected into NED: 96. Nearest depth obstacle in NED is at (1.28, 28.15, -2.57) m, relative vector (0.86, 2.85, -0.08) m, distance 2.98 m.
- Depth validity fraction is 0.60. Global nearest obstacle distance is 2.64 m.
- Sector minimum distances [far_left, left, center, right, far_right] are [4.95, 4.95, 2.75, 2.64, 2.86] m.
- Nearest obstacle sector is right at 2.64 m and clearance status is caution.
- Lateral planning hint: left side is clearer.","{""waypoints"":[{""x"":0.4192032807017533,""y"":26.035088719298248},{""x"":0.42797521052631465,""y"":26.526316789473682},{""x"":0.4367471403508761,""y"":27.017544859649124},{""x"":0.44551907017543746,""y"":27.508772929824563},{""x"":0.4542909999999989,""y"":28.000001}],""reasoning"":""Selected waypoint 0 moves the reference anchor from 2.46 m to 1.97 m from goal immediately and to 0.00 m by the final waypoint, so progress is 0.49 m selected / 2.46 m final and passes with monotonic goal-distance reduction. Kinematics is evaluated on 5 unique label waypoint(s), excluding consecutive duplicate terminal holds, and checks only that the trajectory stays within the configured bounds speed <= 15.00 m/s and acceleration <= 8.00 m/s^2, so kinematics passes. Goal will be reached in 5 waypoint(s) within 0.35 m tolerance. Safety passes: minimum clearance 3.32 m against manifest obstacles with 0 violating segment(s).""}",0.4192032807017533,26.035088719298248,-2.5,0.42797521052631465,26.526316789473682,-2.5,0.4367471403508761,27.017544859649124,-2.5,0.44551907017543746,27.508772929824563,-2.5,0.4542909999999989,28.000001,-2.5
1773868384.314842939,1773868384.314842939,0.000,offline_ground_truth_window,"Environment section (T(v)):
- Current position NED is (0.44, 25.79, -2.49) m.
- Current velocity is (-0.00, 0.07, 0.01) m/s (speed 0.07 m/s).
- Goal position NED is (0.45, 28.00, -2.50) m.
- Output contract: predict exactly 5 waypoint x/y pairs in NED. The planner will set every waypoint z to goal z = -2.50 m before execution.
- Goal delta from current state is (0.02, 2.21, -0.01) m with distance 2.21 m.
- Obstacle pipeline: depth_camera_to_body_to_ned_current_frame.
- Current depth frame obstacle points projected into NED: 117. Nearest depth obstacle in NED is at (0.96, 28.10, -2.56) m, relative vector (0.52, 2.31, -0.07) m, distance 2.37 m.
- Depth validity fraction is 0.62. Global nearest obstacle distance is 2.13 m.
- Sector minimum distances [far_left, left, center, right, far_right] are [4.93, 4.93, 2.28, 2.13, 2.17] m.
- Nearest obstacle sector is right at 2.13 m and clearance status is caution.
- Lateral planning hint: left side is clearer.","{""waypoints"":[{""x"":0.4542909999999989,""y"":28.000001},{""x"":0.4542909999999989,""y"":28.000001},{""x"":0.4542909999999989,""y"":28.000001},{""x"":0.4542909999999989,""y"":28.000001},{""x"":0.4542909999999989,""y"":28.000001}],""reasoning"":""Selected waypoint 0 moves the reference anchor from 1.97 m to 0.00 m from goal immediately and to 0.00 m by the final waypoint, so progress is 1.97 m selected / 1.97 m final and passes with monotonic goal-distance reduction. Kinematics is evaluated on 1 unique label waypoint(s), excluding consecutive duplicate terminal holds, and checks only that the trajectory stays within the configured bounds speed <= 15.00 m/s and acceleration <= 8.00 m/s^2, so kinematics passes. Goal will be reached in 1 waypoint(s) within 0.35 m tolerance. Safety passes: minimum clearance 3.32 m against manifest obstacles with 0 violating segment(s).""}",0.4542909999999989,28.000001,-2.5,0.4542909999999989,28.000001,-2.5,0.4542909999999989,28.000001,-2.5,0.4542909999999989,28.000001,-2.5,0.4542909999999989,28.000001,-2.5
1773868389.191471577,1773868389.191471577,0.000,offline_ground_truth_window,"Environment section (T(v)):
- Current position NED is (0.40, 26.28, -2.50) m.
- Current velocity is (0.01, 0.07, 0.01) m/s (speed 0.07 m/s).
- Goal position NED is (0.45, 28.00, -2.50) m.
- Output contract: predict exactly 5 waypoint x/y pairs in NED. The planner will set every waypoint z to goal z = -2.50 m before execution.
- Goal delta from current state is (0.05, 1.72, 0.00) m with distance 1.72 m.
- Obstacle pipeline: depth_camera_to_body_to_ned_current_frame.
- Current depth frame obstacle points projected into NED: 148. Nearest depth obstacle in NED is at (0.80, 28.14, -2.61) m, relative vector (0.40, 1.86, -0.10) m, distance 1.90 m.
- Depth validity fraction is 0.63. Global nearest obstacle distance is 1.66 m.
- Sector minimum distances [far_left, left, center, right, far_right] are [4.94, 4.94, 1.83, 1.66, 1.66] m.
- Nearest obstacle sector is right at 1.66 m and clearance status is caution.
- Lateral planning hint: left side is clearer.","{""waypoints"":[{""x"":0.4542909999999989,""y"":28.000001},{""x"":0.4542909999999989,""y"":28.000001},{""x"":0.4542909999999989,""y"":28.000001},{""x"":0.4542909999999989,""y"":28.000001},{""x"":0.4542909999999989,""y"":28.000001}],""reasoning"":""Selected waypoint 0 moves the reference anchor from 1.47 m to 0.00 m from goal immediately and to 0.00 m by the final waypoint, so progress is 1.47 m selected / 1.47 m final and passes with monotonic goal-distance reduction. Kinematics is evaluated on 1 unique label waypoint(s), excluding consecutive duplicate terminal holds, and checks only that the trajectory stays within the configured bounds speed <= 15.00 m/s and acceleration <= 8.00 m/s^2, so kinematics passes. Goal will be reached in 1 waypoint(s) within 0.35 m tolerance. Safety passes: minimum clearance 3.32 m against manifest obstacles with 0 violating segment(s).""}",0.4542909999999989,28.000001,-2.5,0.4542909999999989,28.000001,-2.5,0.4542909999999989,28.000001,-2.5,0.4542909999999989,28.000001,-2.5,0.4542909999999989,28.000001,-2.5
1773868393.962600708,1773868393.962600708,0.000,offline_ground_truth_window,"Environment section (T(v)):
- Current position NED is (0.41, 26.77, -2.50) m.
- Current velocity is (-0.00, 0.09, 0.01) m/s (speed 0.09 m/s).
- Goal position NED is (0.45, 28.00, -2.50) m.
- Output contract: predict exactly 5 waypoint x/y pairs in NED. The planner will set every waypoint z to goal z = -2.50 m before execution.
- Goal delta from current state is (0.05, 1.23, -0.00) m with distance 1.23 m.
- Obstacle pipeline: depth_camera_to_body_to_ned_current_frame.
- Current depth frame obstacle points projected into NED: 158. Nearest depth obstacle in NED is at (0.86, 28.14, -2.55) m, relative vector (0.46, 1.37, -0.06) m, distance 1.44 m.
- Depth validity fraction is 0.66. Global nearest obstacle distance is 1.17 m.
- Sector minimum distances [far_left, left, center, right, far_right] are [4.80, 4.76, 1.42, 1.21, 1.17] m.
- Nearest obstacle sector is far_right at 1.17 m and clearance status is blocked.
- Lateral planning hint: left side is clearer.","{""waypoints"":[{""x"":0.4542909999999989,""y"":28.000001},{""x"":0.4542909999999989,""y"":28.000001},{""x"":0.4542909999999989,""y"":28.000001},{""x"":0.4542909999999989,""y"":28.000001},{""x"":0.4542909999999989,""y"":28.000001}],""reasoning"":""Selected waypoint 0 moves the reference anchor from 0.98 m to 0.00 m from goal immediately and to 0.00 m by the final waypoint, so progress is 0.98 m selected / 0.98 m final and passes with monotonic goal-distance reduction. Kinematics is evaluated on 1 unique label waypoint(s), excluding consecutive duplicate terminal holds, and checks only that the trajectory stays within the configured bounds speed <= 15.00 m/s and acceleration <= 8.00 m/s^2, so kinematics passes. Goal will be reached in 1 waypoint(s) within 0.35 m tolerance. Safety passes: minimum clearance 3.32 m against manifest obstacles with 0 violating segment(s).""}",0.4542909999999989,28.000001,-2.5,0.4542909999999989,28.000001,-2.5,0.4542909999999989,28.000001,-2.5,0.4542909999999989,28.000001,-2.5,0.4542909999999989,28.000001,-2.5
1773868399.107806206,1773868399.107806206,0.000,offline_ground_truth_window,"Environment section (T(v)):
- Current position NED is (0.44, 27.27, -2.48) m.
- Current velocity is (0.00, 0.08, -0.00) m/s (speed 0.08 m/s).
- Goal position NED is (0.45, 28.00, -2.50) m.
- Output contract: predict exactly 5 waypoint x/y pairs in NED. The planner will set every waypoint z to goal z = -2.50 m before execution.
- Goal delta from current state is (0.02, 0.73, -0.02) m with distance 0.73 m.
- Obstacle pipeline: depth_camera_to_body_to_ned_current_frame.
- Current depth frame obstacle points projected into NED: 208. Nearest depth obstacle in NED is at (0.88, 28.14, -2.53) m, relative vector (0.45, 0.88, -0.05) m, distance 0.98 m.
- Depth validity fraction is 0.67. Global nearest obstacle distance is 0.71 m.
- Sector minimum distances [far_left, left, center, right, far_right] are [4.28, 4.26, 1.03, 0.80, 0.71] m.
- Nearest obstacle sector is far_right at 0.71 m and clearance status is blocked.
- Lateral planning hint: left side is clearer.","{""waypoints"":[{""x"":0.4542909999999989,""y"":28.000001},{""x"":0.4542909999999989,""y"":28.000001},{""x"":0.4542909999999989,""y"":28.000001},{""x"":0.4542909999999989,""y"":28.000001},{""x"":0.4542909999999989,""y"":28.000001}],""reasoning"":""Selected waypoint 0 moves the reference anchor from 0.49 m to 0.00 m from goal immediately and to 0.00 m by the final waypoint, so progress is 0.49 m selected / 0.49 m final and passes with monotonic goal-distance reduction. Kinematics is evaluated on 1 unique label waypoint(s), excluding consecutive duplicate terminal holds, and checks only that the trajectory stays within the configured bounds speed <= 15.00 m/s and acceleration <= 8.00 m/s^2, so kinematics passes. Goal will be reached in 1 waypoint(s) within 0.35 m tolerance. Safety passes: minimum clearance 3.32 m against manifest obstacles with 0 violating segment(s).""}",0.4542909999999989,28.000001,-2.5,0.4542909999999989,28.000001,-2.5,0.4542909999999989,28.000001,-2.5,0.4542909999999989,28.000001,-2.5,0.4542909999999989,28.000001,-2.5
1773868404.993495703,1773868404.993495703,0.000,offline_ground_truth_window,"Environment section (T(v)):
- Current position NED is (0.43, 27.76, -2.48) m.
- Current velocity is (0.00, 0.07, 0.00) m/s (speed 0.07 m/s).
- Goal position NED is (0.45, 28.00, -2.50) m.
- Output contract: predict exactly 5 waypoint x/y pairs in NED. The planner will set every waypoint z to goal z = -2.50 m before execution.
- Goal delta from current state is (0.02, 0.24, -0.02) m with distance 0.25 m.
- Obstacle pipeline: depth_camera_to_body_to_ned_current_frame.
- Current depth frame obstacle points projected into NED: 210. Nearest depth obstacle in NED is at (0.58, 28.40, -2.48) m, relative vector (0.15, 0.64, -0.00) m, distance 0.66 m.
- Depth validity fraction is 0.66. Global nearest obstacle distance is 0.48 m.
- Sector minimum distances [far_left, left, center, right, far_right] are [3.79, 3.77, 0.65, 0.48, 0.48] m.
- Nearest obstacle sector is right at 0.48 m and clearance status is blocked.
- Lateral planning hint: left side is clearer.","{""waypoints"":[{""x"":0.4542909999999989,""y"":28.000001},{""x"":0.4542909999999989,""y"":28.000001},{""x"":0.4542909999999989,""y"":28.000001},{""x"":0.4542909999999989,""y"":28.000001},{""x"":0.4542909999999989,""y"":28.000001}],""reasoning"":""Selected waypoint 0 moves the reference anchor from 0.00 m to 0.00 m from goal immediately and to 0.00 m by the final waypoint, so progress is 0.00 m selected / 0.00 m final and fails with monotonic goal-distance reduction. Kinematics is evaluated on 1 unique label waypoint(s), excluding consecutive duplicate terminal holds, and checks only that the trajectory stays within the configured bounds speed <= 15.00 m/s and acceleration <= 8.00 m/s^2, so kinematics passes. Goal has already been reached at the reference anchor within 0.35 m tolerance. Safety passes: minimum clearance 3.32 m against manifest obstacles with 0 violating segment(s).""}",0.4542909999999989,28.000001,-2.5,0.4542909999999989,28.000001,-2.5,0.4542909999999989,28.000001,-2.5,0.4542909999999989,28.000001,-2.5,0.4542909999999989,28.000001,-2.5
