anchor_stamp_s,scene_stamp_s,sync_dt_ms,label_mode,prompt,label_waypoints_json,wp0_x,wp0_y,wp0_z,wp1_x,wp1_y,wp1_z,wp2_x,wp2_y,wp2_z,wp3_x,wp3_y,wp3_z,wp4_x,wp4_y,wp4_z
1773868874.147253275,1773868874.147253275,0.000,offline_ground_truth_window,"Environment section (T(v)):
- Current position NED is (-0.04, 0.01, -2.39) m.
- Current velocity is (-0.00, -0.00, 0.00) m/s (speed 0.00 m/s).
- Goal position NED is (8.92, 30.25, -2.50) m.
- Output contract: predict exactly 5 waypoint x/y pairs in NED. The planner will set every waypoint z to goal z = -2.50 m before execution.
- Goal delta from current state is (8.96, 30.24, -0.11) m with distance 31.54 m.
- Obstacle pipeline: depth_camera_to_body_to_ned_current_frame.
- Current depth frame obstacle points projected into NED: 13. Nearest depth obstacle in NED is at (-2.43, 6.99, -2.38) m, relative vector (-2.39, 6.98, 0.01) m, distance 7.38 m.
- Depth validity fraction is 0.59. Global nearest obstacle distance is 4.72 m.
- Sector minimum distances [far_left, left, center, right, far_right] are [4.72, 4.72, 4.72, 4.72, 4.72] m.
- Nearest obstacle sector is far_left at 4.72 m and clearance status is clear.
- Lateral planning hint: prefer center progress.","{""waypoints"":[{""x"":0.36900200000000183,""y"":0.44999950000000244},{""x"":0.569002000000002,""y"":0.8999995000000024},{""x"":0.7690020000000017,""y"":1.3499995000000027},{""x"":0.9690020000000015,""y"":1.7999995000000024},{""x"":1.1690020000000017,""y"":2.2499995000000026}],""reasoning"":""Selected waypoint 0 moves the reference anchor from 31.49 m to 31.00 m from goal immediately and to 29.05 m by the final waypoint, so progress is 0.49 m selected / 2.44 m final and passes with monotonic goal-distance reduction. Kinematics is evaluated on 5 unique label waypoint(s), excluding consecutive duplicate terminal holds, and checks only that the trajectory stays within the configured bounds speed <= 15.00 m/s and acceleration <= 8.00 m/s^2, so kinematics passes. Goal is not reached within this label waypoint window. Safety passes: minimum clearance 1.50 m against manifest obstacles with 0 violating segment(s).""}",0.36900200000000183,0.44999950000000244,-2.5,0.569002000000002,0.8999995000000024,-2.5,0.7690020000000017,1.3499995000000027,-2.5,0.9690020000000015,1.7999995000000024,-2.5,1.1690020000000017,2.2499995000000026,-2.5
1773868879.269959688,1773868879.269959688,0.000,offline_ground_truth_window,"Environment section (T(v)):
- Current position NED is (0.20, 0.26, -2.45) m.
- Current velocity is (0.04, 0.06, -0.00) m/s (speed 0.07 m/s).
- Goal position NED is (8.92, 30.25, -2.50) m.
- Output contract: predict exactly 5 waypoint x/y pairs in NED. The planner will set every waypoint z to goal z = -2.50 m before execution.
- Goal delta from current state is (8.72, 29.99, -0.05) m with distance 31.23 m.
- Obstacle pipeline: depth_camera_to_body_to_ned_current_frame.
- Current depth frame obstacle points projected into NED: 18. Nearest depth obstacle in NED is at (-1.76, 7.05, -2.15) m, relative vector (-1.96, 6.80, 0.30) m, distance 7.08 m.
- Depth validity fraction is 0.58. Global nearest obstacle distance is 4.87 m.
- Sector minimum distances [far_left, left, center, right, far_right] are [4.92, 4.91, 4.90, 4.89, 4.87] m.
- Nearest obstacle sector is far_right at 4.87 m and clearance status is clear.
- Lateral planning hint: prefer center progress.","{""waypoints"":[{""x"":0.569002000000002,""y"":0.8999995000000024},{""x"":0.7690020000000017,""y"":1.3499995000000027},{""x"":0.9690020000000015,""y"":1.7999995000000024},{""x"":1.1690020000000017,""y"":2.2499995000000026},{""x"":1.3690020000000018,""y"":2.6999995000000028}],""reasoning"":""Selected waypoint 0 moves the reference anchor from 31.00 m to 30.51 m from goal immediately and to 28.57 m by the final waypoint, so progress is 0.49 m selected / 2.44 m final and passes with monotonic goal-distance reduction. Kinematics is evaluated on 5 unique label waypoint(s), excluding consecutive duplicate terminal holds, and checks only that the trajectory stays within the configured bounds speed <= 15.00 m/s and acceleration <= 8.00 m/s^2, so kinematics passes. Goal is not reached within this label waypoint window. Safety passes: minimum clearance 1.70 m against manifest obstacles with 0 violating segment(s).""}",0.569002000000002,0.8999995000000024,-2.5,0.7690020000000017,1.3499995000000027,-2.5,0.9690020000000015,1.7999995000000024,-2.5,1.1690020000000017,2.2499995000000026,-2.5,1.3690020000000018,2.6999995000000028,-2.5
1773868885.955786467,1773868885.955786467,0.000,offline_ground_truth_window,"Environment section (T(v)):
- Current position NED is (0.43, 0.69, -2.47) m.
- Current velocity is (0.03, 0.06, -0.00) m/s (speed 0.07 m/s).
- Goal position NED is (8.92, 30.25, -2.50) m.
- Output contract: predict exactly 5 waypoint x/y pairs in NED. The planner will set every waypoint z to goal z = -2.50 m before execution.
- Goal delta from current state is (8.49, 29.56, -0.03) m with distance 30.75 m.
- Obstacle pipeline: depth_camera_to_body_to_ned_current_frame.
- Current depth frame obstacle points projected into NED: 15. Nearest depth obstacle in NED is at (-1.04, 7.16, -2.35) m, relative vector (-1.47, 6.47, 0.12) m, distance 6.63 m.
- Depth validity fraction is 0.58. Global nearest obstacle distance is 4.92 m.
- Sector minimum distances [far_left, left, center, right, far_right] are [4.92, 4.92, 4.92, 4.92, 4.92] m.
- Nearest obstacle sector is far_left at 4.92 m and clearance status is clear.
- Lateral planning hint: prefer center progress.","{""waypoints"":[{""x"":0.7690020000000017,""y"":1.3499995000000027},{""x"":0.9690020000000015,""y"":1.7999995000000024},{""x"":1.1690020000000017,""y"":2.2499995000000026},{""x"":1.3690020000000018,""y"":2.6999995000000028},{""x"":1.5690020000000016,""y"":3.1499995000000025}],""reasoning"":""Selected waypoint 0 moves the reference anchor from 30.51 m to 30.03 m from goal immediately and to 28.08 m by the final waypoint, so progress is 0.49 m selected / 2.44 m final and passes with monotonic goal-distance reduction. Kinematics is evaluated on 5 unique label waypoint(s), excluding consecutive duplicate terminal holds, and checks only that the trajectory stays within the configured bounds speed <= 15.00 m/s and acceleration <= 8.00 m/s^2, so kinematics passes. Goal is not reached within this label waypoint window. Safety passes: minimum clearance 1.90 m against manifest obstacles with 0 violating segment(s).""}",0.7690020000000017,1.3499995000000027,-2.5,0.9690020000000015,1.7999995000000024,-2.5,1.1690020000000017,2.2499995000000026,-2.5,1.3690020000000018,2.6999995000000028,-2.5,1.5690020000000016,3.1499995000000025,-2.5
1773868891.918944120,1773868891.918944120,0.000,offline_ground_truth_window,"Environment section (T(v)):
- Current position NED is (0.68, 1.12, -2.48) m.
- Current velocity is (0.01, 0.06, 0.00) m/s (speed 0.06 m/s).
- Goal position NED is (8.92, 30.25, -2.50) m.
- Output contract: predict exactly 5 waypoint x/y pairs in NED. The planner will set every waypoint z to goal z = -2.50 m before execution.
- Goal delta from current state is (8.24, 29.13, -0.02) m with distance 30.27 m.
- Obstacle pipeline: depth_camera_to_body_to_ned_current_frame.
- Current depth frame obstacle points projected into NED: 18. Nearest depth obstacle in NED is at (-0.54, 7.18, -2.09) m, relative vector (-1.21, 6.06, 0.39) m, distance 6.19 m.
- Depth validity fraction is 0.57. Global nearest obstacle distance is 4.99 m.
- Sector minimum distances [far_left, left, center, right, far_right] are [5.01, 5.00, 5.00, 4.99, 4.99] m.
- Nearest obstacle sector is far_right at 4.99 m and clearance status is clear.
- Lateral planning hint: prefer center progress.","{""waypoints"":[{""x"":0.9690020000000015,""y"":1.7999995000000024},{""x"":1.1690020000000017,""y"":2.2499995000000026},{""x"":1.3690020000000018,""y"":2.6999995000000028},{""x"":1.5690020000000016,""y"":3.1499995000000025},{""x"":1.7690020000000017,""y"":3.5999995000000022}],""reasoning"":""Selected waypoint 0 moves the reference anchor from 30.03 m to 29.54 m from goal immediately and to 27.59 m by the final waypoint, so progress is 0.49 m selected / 2.43 m final and passes with monotonic goal-distance reduction. Kinematics is evaluated on 5 unique label waypoint(s), excluding consecutive duplicate terminal holds, and checks only that the trajectory stays within the configured bounds speed <= 15.00 m/s and acceleration <= 8.00 m/s^2, so kinematics passes. Goal is not reached within this label waypoint window. Safety passes: minimum clearance 2.10 m against manifest obstacles with 0 violating segment(s).""}",0.9690020000000015,1.7999995000000024,-2.5,1.1690020000000017,2.2499995000000026,-2.5,1.3690020000000018,2.6999995000000028,-2.5,1.5690020000000016,3.1499995000000025,-2.5,1.7690020000000017,3.5999995000000022,-2.5
1773868898.839150667,1773868898.839150667,0.000,offline_ground_truth_window,"Environment section (T(v)):
- Current position NED is (0.85, 1.58, -2.49) m.
- Current velocity is (0.02, 0.03, 0.00) m/s (speed 0.04 m/s).
- Goal position NED is (8.92, 30.25, -2.50) m.
- Output contract: predict exactly 5 waypoint x/y pairs in NED. The planner will set every waypoint z to goal z = -2.50 m before execution.
- Goal delta from current state is (8.07, 28.67, -0.01) m with distance 29.78 m.
- Obstacle pipeline: depth_camera_to_body_to_ned_current_frame.
- Current depth frame obstacle points projected into NED: 14. Nearest depth obstacle in NED is at (-0.21, 7.16, -2.44) m, relative vector (-1.06, 5.58, 0.06) m, distance 5.68 m.
- Depth validity fraction is 0.58. Global nearest obstacle distance is 4.97 m.
- Sector minimum distances [far_left, left, center, right, far_right] are [4.97, 4.97, 4.97, 4.97, 4.98] m.
- Nearest obstacle sector is far_left at 4.97 m and clearance status is clear.
- Lateral planning hint: prefer center progress.","{""waypoints"":[{""x"":1.1690020000000017,""y"":2.2499995000000026},{""x"":1.3690020000000018,""y"":2.6999995000000028},{""x"":1.5690020000000016,""y"":3.1499995000000025},{""x"":1.7690020000000017,""y"":3.5999995000000022},{""x"":1.9690020000000015,""y"":4.049999500000002}],""reasoning"":""Selected waypoint 0 moves the reference anchor from 29.54 m to 29.05 m from goal immediately and to 27.11 m by the final waypoint, so progress is 0.49 m selected / 2.43 m final and passes with monotonic goal-distance reduction. Kinematics is evaluated on 5 unique label waypoint(s), excluding consecutive duplicate terminal holds, and checks only that the trajectory stays within the configured bounds speed <= 15.00 m/s and acceleration <= 8.00 m/s^2, so kinematics passes. Goal is not reached within this label waypoint window. Safety passes: minimum clearance 2.30 m against manifest obstacles with 0 violating segment(s).""}",1.1690020000000017,2.2499995000000026,-2.5,1.3690020000000018,2.6999995000000028,-2.5,1.5690020000000016,3.1499995000000025,-2.5,1.7690020000000017,3.5999995000000022,-2.5,1.9690020000000015,4.049999500000002,-2.5
1773868906.389523268,1773868906.389523268,0.000,offline_ground_truth_window,"Environment section (T(v)):
- Current position NED is (1.07, 2.03, -2.49) m.
- Current velocity is (0.03, 0.07, 0.00) m/s (speed 0.08 m/s).
- Goal position NED is (8.92, 30.25, -2.50) m.
- Output contract: predict exactly 5 waypoint x/y pairs in NED. The planner will set every waypoint z to goal z = -2.50 m before execution.
- Goal delta from current state is (7.85, 28.22, -0.01) m with distance 29.29 m.
- Obstacle pipeline: depth_camera_to_body_to_ned_current_frame.
- Current depth frame obstacle points projected into NED: 24. Nearest depth obstacle in NED is at (0.18, 7.15, -2.42) m, relative vector (-0.89, 5.11, 0.08) m, distance 5.19 m.
- Depth validity fraction is 0.59. Global nearest obstacle distance is 4.97 m.
- Sector minimum distances [far_left, left, center, right, far_right] are [4.97, 4.98, 4.98, 4.99, 4.99] m.
- Nearest obstacle sector is far_left at 4.97 m and clearance status is clear.
- Lateral planning hint: prefer center progress.","{""waypoints"":[{""x"":1.3690020000000018,""y"":2.6999995000000028},{""x"":1.5690020000000016,""y"":3.1499995000000025},{""x"":1.7690020000000017,""y"":3.5999995000000022},{""x"":1.9690020000000015,""y"":4.049999500000002},{""x"":2.1690020000000017,""y"":4.499999500000002}],""reasoning"":""Selected waypoint 0 moves the reference anchor from 29.05 m to 28.57 m from goal immediately and to 26.62 m by the final waypoint, so progress is 0.49 m selected / 2.43 m final and passes with monotonic goal-distance reduction. Kinematics is evaluated on 5 unique label waypoint(s), excluding consecutive duplicate terminal holds, and checks only that the trajectory stays within the configured bounds speed <= 15.00 m/s and acceleration <= 8.00 m/s^2, so kinematics passes. Goal is not reached within this label waypoint window. Safety passes: minimum clearance 2.43 m against manifest obstacles with 0 violating segment(s).""}",1.3690020000000018,2.6999995000000028,-2.5,1.5690020000000016,3.1499995000000025,-2.5,1.7690020000000017,3.5999995000000022,-2.5,1.9690020000000015,4.049999500000002,-2.5,2.1690020000000017,4.499999500000002,-2.5
1773868912.091638088,1773868912.091638088,0.000,offline_ground_truth_window,"Environment section (T(v)):
- Current position NED is (1.25, 2.49, -2.47) m.
- Current velocity is (0.03, 0.07, -0.00) m/s (speed 0.08 m/s).
- Goal position NED is (8.92, 30.25, -2.50) m.
- Output contract: predict exactly 5 waypoint x/y pairs in NED. The planner will set every waypoint z to goal z = -2.50 m before execution.
- Goal delta from current state is (7.67, 27.76, -0.03) m with distance 28.80 m.
- Obstacle pipeline: depth_camera_to_body_to_ned_current_frame.
- Current depth frame obstacle points projected into NED: 13. Nearest depth obstacle in NED is at (0.66, 7.20, -2.61) m, relative vector (-0.59, 4.72, -0.13) m, distance 4.75 m.
- Depth validity fraction is 0.58. Global nearest obstacle distance is 4.59 m.
- Sector minimum distances [far_left, left, center, right, far_right] are [5.07, 4.75, 4.59, 5.05, 5.04] m.
- Nearest obstacle sector is center at 4.59 m and clearance status is clear.
- Lateral planning hint: prefer center progress.","{""waypoints"":[{""x"":1.5690020000000016,""y"":3.1499995000000025},{""x"":1.7690020000000017,""y"":3.5999995000000022},{""x"":1.9690020000000015,""y"":4.049999500000002},{""x"":2.1690020000000017,""y"":4.499999500000002},{""x"":2.3690020000000014,""y"":4.949999500000001}],""reasoning"":""Selected waypoint 0 moves the reference anchor from 28.57 m to 28.08 m from goal immediately and to 26.13 m by the final waypoint, so progress is 0.49 m selected / 2.43 m final and passes with monotonic goal-distance reduction. Kinematics is evaluated on 5 unique label waypoint(s), excluding consecutive duplicate terminal holds, and checks only that the trajectory stays within the configured bounds speed <= 15.00 m/s and acceleration <= 8.00 m/s^2, so kinematics passes. Goal is not reached within this label waypoint window. Safety passes: minimum clearance 2.08 m against manifest obstacles with 0 violating segment(s).""}",1.5690020000000016,3.1499995000000025,-2.5,1.7690020000000017,3.5999995000000022,-2.5,1.9690020000000015,4.049999500000002,-2.5,2.1690020000000017,4.499999500000002,-2.5,2.3690020000000014,4.949999500000001,-2.5
1773868918.798181772,1773868918.798181772,0.000,offline_ground_truth_window,"Environment section (T(v)):
- Current position NED is (1.51, 2.91, -2.51) m.
- Current velocity is (0.02, 0.08, 0.01) m/s (speed 0.08 m/s).
- Goal position NED is (8.92, 30.25, -2.50) m.
- Output contract: predict exactly 5 waypoint x/y pairs in NED. The planner will set every waypoint z to goal z = -2.50 m before execution.
- Goal delta from current state is (7.41, 27.34, 0.01) m with distance 28.33 m.
- Obstacle pipeline: depth_camera_to_body_to_ned_current_frame.
- Current depth frame obstacle points projected into NED: 18. Nearest depth obstacle in NED is at (1.17, 7.17, -2.50) m, relative vector (-0.34, 4.26, 0.01) m, distance 4.27 m.
- Depth validity fraction is 0.60. Global nearest obstacle distance is 4.13 m.
- Sector minimum distances [far_left, left, center, right, far_right] are [5.03, 5.03, 4.13, 5.01, 5.01] m.
- Nearest obstacle sector is center at 4.13 m and clearance status is clear.
- Lateral planning hint: prefer center progress.","{""waypoints"":[{""x"":1.7690020000000017,""y"":3.5999995000000022},{""x"":1.9690020000000015,""y"":4.049999500000002},{""x"":2.1690020000000017,""y"":4.499999500000002},{""x"":2.3690020000000014,""y"":4.949999500000001},{""x"":2.569002000000002,""y"":5.3999995000000025}],""reasoning"":""Selected waypoint 0 moves the reference anchor from 28.08 m to 27.59 m from goal immediately and to 25.65 m by the final waypoint, so progress is 0.49 m selected / 2.43 m final and passes with monotonic goal-distance reduction. Kinematics is evaluated on 5 unique label waypoint(s), excluding consecutive duplicate terminal holds, and checks only that the trajectory stays within the configured bounds speed <= 15.00 m/s and acceleration <= 8.00 m/s^2, so kinematics passes. Goal is not reached within this label waypoint window. Safety passes: minimum clearance 1.80 m against manifest obstacles with 0 violating segment(s).""}",1.7690020000000017,3.5999995000000022,-2.5,1.9690020000000015,4.049999500000002,-2.5,2.1690020000000017,4.499999500000002,-2.5,2.3690020000000014,4.949999500000001,-2.5,2.569002000000002,5.3999995000000025,-2.5
1773868924.524891615,1773868924.524891615,0.000,offline_ground_truth_window,"Environment section (T(v)):
- Current position NED is (1.67, 3.38, -2.48) m.
- Current velocity is (0.03, 0.06, 0.00) m/s (speed 0.07 m/s).
- Goal position NED is (8.92, 30.25, -2.50) m.
- Output contract: predict exactly 5 waypoint x/y pairs in NED. The planner will set every waypoint z to goal z = -2.50 m before execution.
- Goal delta from current state is (7.25, 26.87, -0.02) m with distance 27.83 m.
- Obstacle pipeline: depth_camera_to_body_to_ned_current_frame.
- Current depth frame obstacle points projected into NED: 30. Nearest depth obstacle in NED is at (1.50, 7.16, -2.52) m, relative vector (-0.16, 3.78, -0.05) m, distance 3.78 m.
- Depth validity fraction is 0.60. Global nearest obstacle distance is 3.64 m.
- Sector minimum distances [far_left, left, center, right, far_right] are [5.04, 5.04, 3.64, 5.02, 5.02] m.
- Nearest obstacle sector is center at 3.64 m and clearance status is clear.
- Lateral planning hint: prefer center progress.","{""waypoints"":[{""x"":1.9690020000000015,""y"":4.049999500000002},{""x"":2.1690020000000017,""y"":4.499999500000002},{""x"":2.3690020000000014,""y"":4.949999500000001},{""x"":2.569002000000002,""y"":5.3999995000000025},{""x"":2.7690020000000017,""y"":5.849999500000003}],""reasoning"":""Selected waypoint 0 moves the reference anchor from 27.59 m to 27.11 m from goal immediately and to 25.16 m by the final waypoint, so progress is 0.49 m selected / 2.43 m final and passes with monotonic goal-distance reduction. Kinematics is evaluated on 5 unique label waypoint(s), excluding consecutive duplicate terminal holds, and checks only that the trajectory stays within the configured bounds speed <= 15.00 m/s and acceleration <= 8.00 m/s^2, so kinematics passes. Goal is not reached within this label waypoint window. Safety passes: minimum clearance 1.60 m against manifest obstacles with 0 violating segment(s).""}",1.9690020000000015,4.049999500000002,-2.5,2.1690020000000017,4.499999500000002,-2.5,2.3690020000000014,4.949999500000001,-2.5,2.569002000000002,5.3999995000000025,-2.5,2.7690020000000017,5.849999500000003,-2.5
1773868931.960530043,1773868931.960530043,0.000,offline_ground_truth_window,"Environment section (T(v)):
- Current position NED is (1.92, 3.80, -2.51) m.
- Current velocity is (0.02, 0.05, 0.01) m/s (speed 0.06 m/s).
- Goal position NED is (8.92, 30.25, -2.50) m.
- Output contract: predict exactly 5 waypoint x/y pairs in NED. The planner will set every waypoint z to goal z = -2.50 m before execution.
- Goal delta from current state is (7.00, 26.45, 0.01) m with distance 27.36 m.
- Obstacle pipeline: depth_camera_to_body_to_ned_current_frame.
- Current depth frame obstacle points projected into NED: 80. Nearest depth obstacle in NED is at (2.00, 7.18, -2.56) m, relative vector (0.07, 3.38, -0.05) m, distance 3.38 m.
- Depth validity fraction is 0.62. Global nearest obstacle distance is 3.24 m.
- Sector minimum distances [far_left, left, center, right, far_right] are [5.04, 5.03, 3.24, 3.27, 5.01] m.
- Nearest obstacle sector is center at 3.24 m and clearance status is clear.
- Lateral planning hint: left side is clearer.","{""waypoints"":[{""x"":2.1690020000000017,""y"":4.499999500000002},{""x"":2.3690020000000014,""y"":4.949999500000001},{""x"":2.569002000000002,""y"":5.3999995000000025},{""x"":2.7690020000000017,""y"":5.849999500000003},{""x"":2.9690020000000015,""y"":6.299999500000002}],""reasoning"":""Selected waypoint 0 moves the reference anchor from 27.11 m to 26.62 m from goal immediately and to 24.68 m by the final waypoint, so progress is 0.49 m selected / 2.43 m final and passes with monotonic goal-distance reduction. Kinematics is evaluated on 5 unique label waypoint(s), excluding consecutive duplicate terminal holds, and checks only that the trajectory stays within the configured bounds speed <= 15.00 m/s and acceleration <= 8.00 m/s^2, so kinematics passes. Goal is not reached within this label waypoint window. Safety passes: minimum clearance 1.51 m against manifest obstacles with 0 violating segment(s).""}",2.1690020000000017,4.499999500000002,-2.5,2.3690020000000014,4.949999500000001,-2.5,2.569002000000002,5.3999995000000025,-2.5,2.7690020000000017,5.849999500000003,-2.5,2.9690020000000015,6.299999500000002,-2.5
1773868938.632267952,1773868938.632267952,0.000,offline_ground_truth_window,"Environment section (T(v)):
- Current position NED is (2.05, 4.29, -2.50) m.
- Current velocity is (0.02, 0.06, 0.00) m/s (speed 0.06 m/s).
- Goal position NED is (8.92, 30.25, -2.50) m.
- Output contract: predict exactly 5 waypoint x/y pairs in NED. The planner will set every waypoint z to goal z = -2.50 m before execution.
- Goal delta from current state is (6.86, 25.96, 0.00) m with distance 26.86 m.
- Obstacle pipeline: depth_camera_to_body_to_ned_current_frame.
- Current depth frame obstacle points projected into NED: 85. Nearest depth obstacle in NED is at (2.26, 7.17, -2.54) m, relative vector (0.21, 2.88, -0.03) m, distance 2.89 m.
- Depth validity fraction is 0.64. Global nearest obstacle distance is 2.72 m.
- Sector minimum distances [far_left, left, center, right, far_right] are [4.92, 4.93, 2.73, 2.72, 4.96] m.
- Nearest obstacle sector is right at 2.72 m and clearance status is caution.
- Lateral planning hint: left side is clearer.","{""waypoints"":[{""x"":2.3690020000000014,""y"":4.949999500000001},{""x"":2.569002000000002,""y"":5.3999995000000025},{""x"":2.7690020000000017,""y"":5.849999500000003},{""x"":2.9690020000000015,""y"":6.299999500000002},{""x"":3.1690020000000017,""y"":6.749999500000002}],""reasoning"":""Selected waypoint 0 moves the reference anchor from 26.62 m to 26.13 m from goal immediately and to 24.19 m by the final waypoint, so progress is 0.49 m selected / 2.43 m final and passes with monotonic goal-distance reduction. Kinematics is evaluated on 5 unique label waypoint(s), excluding consecutive duplicate terminal holds, and checks only that the trajectory stays within the configured bounds speed <= 15.00 m/s and acceleration <= 8.00 m/s^2, so kinematics passes. Goal is not reached within this label waypoint window. Safety passes: minimum clearance 1.51 m against manifest obstacles with 0 violating segment(s).""}",2.3690020000000014,4.949999500000001,-2.5,2.569002000000002,5.3999995000000025,-2.5,2.7690020000000017,5.849999500000003,-2.5,2.9690020000000015,6.299999500000002,-2.5,3.1690020000000017,6.749999500000002,-2.5
1773868943.319024801,1773868943.319024801,0.000,offline_ground_truth_window,"Environment section (T(v)):
- Current position NED is (2.28, 4.72, -2.49) m.
- Current velocity is (0.02, 0.07, 0.00) m/s (speed 0.07 m/s).
- Goal position NED is (8.92, 30.25, -2.50) m.
- Output contract: predict exactly 5 waypoint x/y pairs in NED. The planner will set every waypoint z to goal z = -2.50 m before execution.
- Goal delta from current state is (6.64, 25.53, -0.01) m with distance 26.38 m.
- Obstacle pipeline: depth_camera_to_body_to_ned_current_frame.
- Current depth frame obstacle points projected into NED: 101. Nearest depth obstacle in NED is at (2.72, 7.18, -2.21) m, relative vector (0.44, 2.46, 0.28) m, distance 2.52 m.
- Depth validity fraction is 0.66. Global nearest obstacle distance is 2.29 m.
- Sector minimum distances [far_left, left, center, right, far_right] are [4.68, 4.99, 2.39, 2.29, 4.99] m.
- Nearest obstacle sector is right at 2.29 m and clearance status is caution.
- Lateral planning hint: left side is clearer.","{""waypoints"":[{""x"":2.569002000000002,""y"":5.3999995000000025},{""x"":2.7690020000000017,""y"":5.849999500000003},{""x"":2.9690020000000015,""y"":6.299999500000002},{""x"":3.1690020000000017,""y"":6.749999500000002},{""x"":3.191729272727274,""y"":7.204544954545457}],""reasoning"":""Selected waypoint 0 moves the reference anchor from 26.13 m to 25.65 m from goal immediately and to 23.75 m by the final waypoint, so progress is 0.49 m selected / 2.39 m final and passes with monotonic goal-distance reduction. Kinematics is evaluated on 5 unique label waypoint(s), excluding consecutive duplicate terminal holds, and checks only that the trajectory stays within the configured bounds speed <= 15.00 m/s and acceleration <= 8.00 m/s^2, so kinematics passes. Goal is not reached within this label waypoint window. Safety passes: minimum clearance 1.51 m against manifest obstacles with 0 violating segment(s).""}",2.569002000000002,5.3999995000000025,-2.5,2.7690020000000017,5.849999500000003,-2.5,2.9690020000000015,6.299999500000002,-2.5,3.1690020000000017,6.749999500000002,-2.5,3.191729272727274,7.204544954545457,-2.5
1773868951.536068916,1773868951.536068916,0.000,offline_ground_truth_window,"Environment section (T(v)):
- Current position NED is (2.45, 5.19, -2.48) m.
- Current velocity is (0.01, 0.04, 0.00) m/s (speed 0.04 m/s).
- Goal position NED is (8.92, 30.25, -2.50) m.
- Output contract: predict exactly 5 waypoint x/y pairs in NED. The planner will set every waypoint z to goal z = -2.50 m before execution.
- Goal delta from current state is (6.47, 25.06, -0.02) m with distance 25.89 m.
- Obstacle pipeline: depth_camera_to_body_to_ned_current_frame.
- Current depth frame obstacle points projected into NED: 150. Nearest depth obstacle in NED is at (2.99, 7.18, -2.38) m, relative vector (0.54, 2.00, 0.10) m, distance 2.07 m.
- Depth validity fraction is 0.68. Global nearest obstacle distance is 1.80 m.
- Sector minimum distances [far_left, left, center, right, far_right] are [4.42, 4.97, 2.22, 1.80, 1.80] m.
- Nearest obstacle sector is far_right at 1.80 m and clearance status is caution.
- Lateral planning hint: left side is clearer.","{""waypoints"":[{""x"":2.7690020000000017,""y"":5.849999500000003},{""x"":2.9690020000000015,""y"":6.299999500000002},{""x"":3.1690020000000017,""y"":6.749999500000002},{""x"":3.191729272727274,""y"":7.204544954545457},{""x"":3.214456545454547,""y"":7.659090409090912}],""reasoning"":""Selected waypoint 0 moves the reference anchor from 25.65 m to 25.16 m from goal immediately and to 23.30 m by the final waypoint, so progress is 0.49 m selected / 2.35 m final and passes with monotonic goal-distance reduction. Kinematics is evaluated on 5 unique label waypoint(s), excluding consecutive duplicate terminal holds, and checks only that the trajectory stays within the configured bounds speed <= 15.00 m/s and acceleration <= 8.00 m/s^2, so kinematics passes. Goal is not reached within this label waypoint window. Safety passes: minimum clearance 1.51 m against manifest obstacles with 0 violating segment(s).""}",2.7690020000000017,5.849999500000003,-2.5,2.9690020000000015,6.299999500000002,-2.5,3.1690020000000017,6.749999500000002,-2.5,3.191729272727274,7.204544954545457,-2.5,3.214456545454547,7.659090409090912,-2.5
1773868958.670812368,1773868958.670812368,0.000,offline_ground_truth_window,"Environment section (T(v)):
- Current position NED is (2.63, 5.64, -2.48) m.
- Current velocity is (0.01, 0.05, -0.00) m/s (speed 0.05 m/s).
- Goal position NED is (8.92, 30.25, -2.50) m.
- Output contract: predict exactly 5 waypoint x/y pairs in NED. The planner will set every waypoint z to goal z = -2.50 m before execution.
- Goal delta from current state is (6.29, 24.61, -0.02) m with distance 25.40 m.
- Obstacle pipeline: depth_camera_to_body_to_ned_current_frame.
- Current depth frame obstacle points projected into NED: 178. Nearest depth obstacle in NED is at (3.32, 7.20, -2.51) m, relative vector (0.69, 1.56, -0.03) m, distance 1.71 m.
- Depth validity fraction is 0.69. Global nearest obstacle distance is 1.34 m.
- Sector minimum distances [far_left, left, center, right, far_right] are [4.19, 4.94, 4.95, 1.47, 1.34] m.
- Nearest obstacle sector is far_right at 1.34 m and clearance status is blocked.
- Lateral planning hint: left side is clearer.","{""waypoints"":[{""x"":2.9690020000000015,""y"":6.299999500000002},{""x"":3.1690020000000017,""y"":6.749999500000002},{""x"":3.191729272727274,""y"":7.204544954545457},{""x"":3.214456545454547,""y"":7.659090409090912},{""x"":3.23718381818182,""y"":8.113635863636366}],""reasoning"":""Selected waypoint 0 moves the reference anchor from 25.16 m to 24.68 m from goal immediately and to 22.85 m by the final waypoint, so progress is 0.49 m selected / 2.31 m final and passes with monotonic goal-distance reduction. Kinematics is evaluated on 5 unique label waypoint(s), excluding consecutive duplicate terminal holds, and checks only that the trajectory stays within the configured bounds speed <= 15.00 m/s and acceleration <= 8.00 m/s^2, so kinematics passes. Goal is not reached within this label waypoint window. Safety passes: minimum clearance 1.51 m against manifest obstacles with 0 violating segment(s).""}",2.9690020000000015,6.299999500000002,-2.5,3.1690020000000017,6.749999500000002,-2.5,3.191729272727274,7.204544954545457,-2.5,3.214456545454547,7.659090409090912,-2.5,3.23718381818182,8.113635863636366,-2.5
1773868965.130691767,1773868965.130691767,0.000,offline_ground_truth_window,"Environment section (T(v)):
- Current position NED is (2.87, 6.08, -2.51) m.
- Current velocity is (0.03, 0.06, 0.01) m/s (speed 0.06 m/s).
- Goal position NED is (8.92, 30.25, -2.50) m.
- Output contract: predict exactly 5 waypoint x/y pairs in NED. The planner will set every waypoint z to goal z = -2.50 m before execution.
- Goal delta from current state is (6.05, 24.17, 0.01) m with distance 24.92 m.
- Obstacle pipeline: depth_camera_to_body_to_ned_current_frame.
- Current depth frame obstacle points projected into NED: 163. Nearest depth obstacle in NED is at (3.61, 7.37, -2.53) m, relative vector (0.74, 1.29, -0.02) m, distance 1.49 m.
- Depth validity fraction is 0.65. Global nearest obstacle distance is 1.10 m.
- Sector minimum distances [far_left, left, center, right, far_right] are [3.84, 5.00, 5.00, 5.00, 1.10] m.
- Nearest obstacle sector is far_right at 1.10 m and clearance status is blocked.
- Lateral planning hint: left side is clearer.","{""waypoints"":[{""x"":3.1690020000000017,""y"":6.749999500000002},{""x"":3.191729272727274,""y"":7.204544954545457},{""x"":3.214456545454547,""y"":7.659090409090912},{""x"":3.23718381818182,""y"":8.113635863636366},{""x"":3.2599110909090925,""y"":8.568181318181821}],""reasoning"":""Selected waypoint 0 moves the reference anchor from 24.68 m to 24.19 m from goal immediately and to 22.41 m by the final waypoint, so progress is 0.48 m selected / 2.27 m final and passes with monotonic goal-distance reduction. Kinematics is evaluated on 5 unique label waypoint(s), excluding consecutive duplicate terminal holds, and checks only that the trajectory stays within the configured bounds speed <= 15.00 m/s and acceleration <= 8.00 m/s^2, so kinematics passes. Goal is not reached within this label waypoint window. Safety passes: minimum clearance 1.51 m against manifest obstacles with 0 violating segment(s).""}",3.1690020000000017,6.749999500000002,-2.5,3.191729272727274,7.204544954545457,-2.5,3.214456545454547,7.659090409090912,-2.5,3.23718381818182,8.113635863636366,-2.5,3.2599110909090925,8.568181318181821,-2.5
1773868971.631664276,1773868971.631664276,0.000,offline_ground_truth_window,"Environment section (T(v)):
- Current position NED is (3.08, 6.52, -2.53) m.
- Current velocity is (0.02, 0.05, 0.01) m/s (speed 0.05 m/s).
- Goal position NED is (8.92, 30.25, -2.50) m.
- Output contract: predict exactly 5 waypoint x/y pairs in NED. The planner will set every waypoint z to goal z = -2.50 m before execution.
- Goal delta from current state is (5.84, 23.73, 0.03) m with distance 24.44 m.
- Obstacle pipeline: depth_camera_to_body_to_ned_current_frame.
- Current depth frame obstacle points projected into NED: 97. Nearest depth obstacle in NED is at (0.27, 10.17, -2.76) m, relative vector (-2.81, 3.65, -0.23) m, distance 4.62 m.
- Depth validity fraction is 0.62. Global nearest obstacle distance is 3.60 m.
- Sector minimum distances [far_left, left, center, right, far_right] are [3.60, 5.03, 5.03, 5.03, 5.03] m.
- Nearest obstacle sector is far_left at 3.60 m and clearance status is clear.
- Lateral planning hint: right side is clearer.","{""waypoints"":[{""x"":3.191729272727274,""y"":7.204544954545457},{""x"":3.214456545454547,""y"":7.659090409090912},{""x"":3.23718381818182,""y"":8.113635863636366},{""x"":3.2599110909090925,""y"":8.568181318181821},{""x"":3.282638363636365,""y"":9.022726772727276}],""reasoning"":""Selected waypoint 0 moves the reference anchor from 24.19 m to 23.75 m from goal immediately and to 21.96 m by the final waypoint, so progress is 0.45 m selected / 2.23 m final and passes with monotonic goal-distance reduction. Kinematics is evaluated on 5 unique label waypoint(s), excluding consecutive duplicate terminal holds, and checks only that the trajectory stays within the configured bounds speed <= 15.00 m/s and acceleration <= 8.00 m/s^2, so kinematics passes. Goal is not reached within this label waypoint window. Safety passes: minimum clearance 1.53 m against manifest obstacles with 0 violating segment(s).""}",3.191729272727274,7.204544954545457,-2.5,3.214456545454547,7.659090409090912,-2.5,3.23718381818182,8.113635863636366,-2.5,3.2599110909090925,8.568181318181821,-2.5,3.282638363636365,9.022726772727276,-2.5
1773868978.238251925,1773868978.238251925,0.000,offline_ground_truth_window,"Environment section (T(v)):
- Current position NED is (3.19, 6.98, -2.50) m.
- Current velocity is (0.00, 0.05, 0.00) m/s (speed 0.05 m/s).
- Goal position NED is (8.92, 30.25, -2.50) m.
- Output contract: predict exactly 5 waypoint x/y pairs in NED. The planner will set every waypoint z to goal z = -2.50 m before execution.
- Goal delta from current state is (5.73, 23.27, -0.00) m with distance 23.97 m.
- Obstacle pipeline: depth_camera_to_body_to_ned_current_frame.
- Current depth frame obstacle points projected into NED: 104. Nearest depth obstacle in NED is at (0.46, 10.53, -2.74) m, relative vector (-2.73, 3.55, -0.24) m, distance 4.49 m.
- Depth validity fraction is 0.62. Global nearest obstacle distance is 3.48 m.
- Sector minimum distances [far_left, left, center, right, far_right] are [3.48, 4.65, 4.65, 4.94, 4.94] m.
- Nearest obstacle sector is far_left at 3.48 m and clearance status is clear.
- Lateral planning hint: right side is clearer.","{""waypoints"":[{""x"":3.214456545454547,""y"":7.659090409090912},{""x"":3.23718381818182,""y"":8.113635863636366},{""x"":3.2599110909090925,""y"":8.568181318181821},{""x"":3.282638363636365,""y"":9.022726772727276},{""x"":3.305365636363638,""y"":9.47727222727273}],""reasoning"":""Selected waypoint 0 moves the reference anchor from 23.75 m to 23.30 m from goal immediately and to 21.52 m by the final waypoint, so progress is 0.45 m selected / 2.23 m final and passes with monotonic goal-distance reduction. Kinematics is evaluated on 5 unique label waypoint(s), excluding consecutive duplicate terminal holds, and checks only that the trajectory stays within the configured bounds speed <= 15.00 m/s and acceleration <= 8.00 m/s^2, so kinematics passes. Goal is not reached within this label waypoint window. Safety passes: minimum clearance 1.54 m against manifest obstacles with 0 violating segment(s).""}",3.214456545454547,7.659090409090912,-2.5,3.23718381818182,8.113635863636366,-2.5,3.2599110909090925,8.568181318181821,-2.5,3.282638363636365,9.022726772727276,-2.5,3.305365636363638,9.47727222727273,-2.5
1773868984.696362972,1773868984.696362972,0.000,offline_ground_truth_window,"Environment section (T(v)):
- Current position NED is (3.17, 7.44, -2.50) m.
- Current velocity is (-0.01, 0.06, 0.00) m/s (speed 0.06 m/s).
- Goal position NED is (8.92, 30.25, -2.50) m.
- Output contract: predict exactly 5 waypoint x/y pairs in NED. The planner will set every waypoint z to goal z = -2.50 m before execution.
- Goal delta from current state is (5.75, 22.81, -0.00) m with distance 23.53 m.
- Obstacle pipeline: depth_camera_to_body_to_ned_current_frame.
- Current depth frame obstacle points projected into NED: 98. Nearest depth obstacle in NED is at (2.32, 11.73, -2.46) m, relative vector (-0.85, 4.29, 0.04) m, distance 4.38 m.
- Depth validity fraction is 0.62. Global nearest obstacle distance is 3.50 m.
- Sector minimum distances [far_left, left, center, right, far_right] are [3.50, 4.19, 4.20, 4.95, 4.95] m.
- Nearest obstacle sector is far_left at 3.50 m and clearance status is clear.
- Lateral planning hint: right side is clearer.","{""waypoints"":[{""x"":3.23718381818182,""y"":8.113635863636366},{""x"":3.2599110909090925,""y"":8.568181318181821},{""x"":3.282638363636365,""y"":9.022726772727276},{""x"":3.305365636363638,""y"":9.47727222727273},{""x"":3.328092909090911,""y"":9.931817681818185}],""reasoning"":""Selected waypoint 0 moves the reference anchor from 23.30 m to 22.85 m from goal immediately and to 21.07 m by the final waypoint, so progress is 0.45 m selected / 2.23 m final and passes with monotonic goal-distance reduction. Kinematics is evaluated on 5 unique label waypoint(s), excluding consecutive duplicate terminal holds, and checks only that the trajectory stays within the configured bounds speed <= 15.00 m/s and acceleration <= 8.00 m/s^2, so kinematics passes. Goal is not reached within this label waypoint window. Safety passes: minimum clearance 1.63 m against manifest obstacles with 0 violating segment(s).""}",3.23718381818182,8.113635863636366,-2.5,3.2599110909090925,8.568181318181821,-2.5,3.282638363636365,9.022726772727276,-2.5,3.305365636363638,9.47727222727273,-2.5,3.328092909090911,9.931817681818185,-2.5
1773868992.233431816,1773868992.233431816,0.000,offline_ground_truth_window,"Environment section (T(v)):
- Current position NED is (3.24, 7.89, -2.48) m.
- Current velocity is (0.01, 0.06, -0.00) m/s (speed 0.06 m/s).
- Goal position NED is (8.92, 30.25, -2.50) m.
- Output contract: predict exactly 5 waypoint x/y pairs in NED. The planner will set every waypoint z to goal z = -2.50 m before execution.
- Goal delta from current state is (5.68, 22.36, -0.02) m with distance 23.07 m.
- Obstacle pipeline: depth_camera_to_body_to_ned_current_frame.
- Current depth frame obstacle points projected into NED: 108. Nearest depth obstacle in NED is at (2.57, 11.72, -2.49) m, relative vector (-0.67, 3.83, -0.01) m, distance 3.89 m.
- Depth validity fraction is 0.62. Global nearest obstacle distance is 3.38 m.
- Sector minimum distances [far_left, left, center, right, far_right] are [3.38, 3.70, 3.71, 4.98, 4.98] m.
- Nearest obstacle sector is far_left at 3.38 m and clearance status is clear.
- Lateral planning hint: right side is clearer.","{""waypoints"":[{""x"":3.2599110909090925,""y"":8.568181318181821},{""x"":3.282638363636365,""y"":9.022726772727276},{""x"":3.305365636363638,""y"":9.47727222727273},{""x"":3.328092909090911,""y"":9.931817681818185},{""x"":3.3508201818181833,""y"":10.38636313636364}],""reasoning"":""Selected waypoint 0 moves the reference anchor from 22.85 m to 22.41 m from goal immediately and to 20.63 m by the final waypoint, so progress is 0.45 m selected / 2.22 m final and passes with monotonic goal-distance reduction. Kinematics is evaluated on 5 unique label waypoint(s), excluding consecutive duplicate terminal holds, and checks only that the trajectory stays within the configured bounds speed <= 15.00 m/s and acceleration <= 8.00 m/s^2, so kinematics passes. Goal is not reached within this label waypoint window. Safety passes: minimum clearance 1.63 m against manifest obstacles with 0 violating segment(s).""}",3.2599110909090925,8.568181318181821,-2.5,3.282638363636365,9.022726772727276,-2.5,3.305365636363638,9.47727222727273,-2.5,3.328092909090911,9.931817681818185,-2.5,3.3508201818181833,10.38636313636364,-2.5
1773868999.501484871,1773868999.501484871,0.000,offline_ground_truth_window,"Environment section (T(v)):
- Current position NED is (3.23, 8.34, -2.51) m.
- Current velocity is (0.01, 0.04, 0.01) m/s (speed 0.04 m/s).
- Goal position NED is (8.92, 30.25, -2.50) m.
- Output contract: predict exactly 5 waypoint x/y pairs in NED. The planner will set every waypoint z to goal z = -2.50 m before execution.
- Goal delta from current state is (5.69, 21.91, 0.01) m with distance 22.63 m.
- Obstacle pipeline: depth_camera_to_body_to_ned_current_frame.
- Current depth frame obstacle points projected into NED: 104. Nearest depth obstacle in NED is at (2.56, 11.72, -2.42) m, relative vector (-0.66, 3.38, 0.10) m, distance 3.45 m.
- Depth validity fraction is 0.61. Global nearest obstacle distance is 3.24 m.
- Sector minimum distances [far_left, left, center, right, far_right] are [3.41, 3.24, 3.29, 5.04, 5.04] m.
- Nearest obstacle sector is left at 3.24 m and clearance status is clear.
- Lateral planning hint: right side is clearer.","{""waypoints"":[{""x"":3.282638363636365,""y"":9.022726772727276},{""x"":3.305365636363638,""y"":9.47727222727273},{""x"":3.328092909090911,""y"":9.931817681818185},{""x"":3.3508201818181833,""y"":10.38636313636364},{""x"":3.3735474545454562,""y"":10.840908590909093}],""reasoning"":""Selected waypoint 0 moves the reference anchor from 22.41 m to 21.96 m from goal immediately and to 20.19 m by the final waypoint, so progress is 0.45 m selected / 2.22 m final and passes with monotonic goal-distance reduction. Kinematics is evaluated on 5 unique label waypoint(s), excluding consecutive duplicate terminal holds, and checks only that the trajectory stays within the configured bounds speed <= 15.00 m/s and acceleration <= 8.00 m/s^2, so kinematics passes. Goal is not reached within this label waypoint window. Safety passes: minimum clearance 1.63 m against manifest obstacles with 0 violating segment(s).""}",3.282638363636365,9.022726772727276,-2.5,3.305365636363638,9.47727222727273,-2.5,3.328092909090911,9.931817681818185,-2.5,3.3508201818181833,10.38636313636364,-2.5,3.3735474545454562,10.840908590909093,-2.5
1773869005.871682882,1773869005.871682882,0.000,offline_ground_truth_window,"Environment section (T(v)):
- Current position NED is (3.26, 8.80, -2.50) m.
- Current velocity is (0.01, 0.05, 0.01) m/s (speed 0.06 m/s).
- Goal position NED is (8.92, 30.25, -2.50) m.
- Output contract: predict exactly 5 waypoint x/y pairs in NED. The planner will set every waypoint z to goal z = -2.50 m before execution.
- Goal delta from current state is (5.66, 21.45, -0.00) m with distance 22.19 m.
- Obstacle pipeline: depth_camera_to_body_to_ned_current_frame.
- Current depth frame obstacle points projected into NED: 104. Nearest depth obstacle in NED is at (2.62, 11.73, -2.57) m, relative vector (-0.64, 2.93, -0.08) m, distance 3.00 m.
- Depth validity fraction is 0.61. Global nearest obstacle distance is 2.80 m.
- Sector minimum distances [far_left, left, center, right, far_right] are [3.35, 2.80, 2.88, 5.04, 5.04] m.
- Nearest obstacle sector is left at 2.80 m and clearance status is caution.
- Lateral planning hint: right side is clearer.","{""waypoints"":[{""x"":3.305365636363638,""y"":9.47727222727273},{""x"":3.328092909090911,""y"":9.931817681818185},{""x"":3.3508201818181833,""y"":10.38636313636364},{""x"":3.3735474545454562,""y"":10.840908590909093},{""x"":3.396274727272729,""y"":11.295454045454548}],""reasoning"":""Selected waypoint 0 moves the reference anchor from 21.96 m to 21.52 m from goal immediately and to 19.74 m by the final waypoint, so progress is 0.44 m selected / 2.22 m final and passes with monotonic goal-distance reduction. Kinematics is evaluated on 5 unique label waypoint(s), excluding consecutive duplicate terminal holds, and checks only that the trajectory stays within the configured bounds speed <= 15.00 m/s and acceleration <= 8.00 m/s^2, so kinematics passes. Goal is not reached within this label waypoint window. Safety passes: minimum clearance 1.63 m against manifest obstacles with 0 violating segment(s).""}",3.305365636363638,9.47727222727273,-2.5,3.328092909090911,9.931817681818185,-2.5,3.3508201818181833,10.38636313636364,-2.5,3.3735474545454562,10.840908590909093,-2.5,3.396274727272729,11.295454045454548,-2.5
1773869012.574445724,1773869012.574445724,0.000,offline_ground_truth_window,"Environment section (T(v)):
- Current position NED is (3.28, 9.25, -2.49) m.
- Current velocity is (0.00, 0.04, 0.00) m/s (speed 0.04 m/s).
- Goal position NED is (8.92, 30.25, -2.50) m.
- Output contract: predict exactly 5 waypoint x/y pairs in NED. The planner will set every waypoint z to goal z = -2.50 m before execution.
- Goal delta from current state is (5.64, 21.00, -0.01) m with distance 21.74 m.
- Obstacle pipeline: depth_camera_to_body_to_ned_current_frame.
- Current depth frame obstacle points projected into NED: 106. Nearest depth obstacle in NED is at (2.65, 11.72, -2.60) m, relative vector (-0.63, 2.47, -0.11) m, distance 2.55 m.
- Depth validity fraction is 0.62. Global nearest obstacle distance is 2.34 m.
- Sector minimum distances [far_left, left, center, right, far_right] are [3.33, 2.34, 2.50, 5.07, 5.07] m.
- Nearest obstacle sector is left at 2.34 m and clearance status is caution.
- Lateral planning hint: right side is clearer.","{""waypoints"":[{""x"":3.328092909090911,""y"":9.931817681818185},{""x"":3.3508201818181833,""y"":10.38636313636364},{""x"":3.3735474545454562,""y"":10.840908590909093},{""x"":3.396274727272729,""y"":11.295454045454548},{""x"":3.4190020000000017,""y"":11.749999500000003}],""reasoning"":""Selected waypoint 0 moves the reference anchor from 21.52 m to 21.07 m from goal immediately and to 19.30 m by the final waypoint, so progress is 0.44 m selected / 2.22 m final and passes with monotonic goal-distance reduction. Kinematics is evaluated on 5 unique label waypoint(s), excluding consecutive duplicate terminal holds, and checks only that the trajectory stays within the configured bounds speed <= 15.00 m/s and acceleration <= 8.00 m/s^2, so kinematics passes. Goal is not reached within this label waypoint window. Safety passes: minimum clearance 1.63 m against manifest obstacles with 0 violating segment(s).""}",3.328092909090911,9.931817681818185,-2.5,3.3508201818181833,10.38636313636364,-2.5,3.3735474545454562,10.840908590909093,-2.5,3.396274727272729,11.295454045454548,-2.5,3.4190020000000017,11.749999500000003,-2.5
1773869019.559250593,1773869019.559250593,0.000,offline_ground_truth_window,"Environment section (T(v)):
- Current position NED is (3.32, 9.71, -2.52) m.
- Current velocity is (0.00, 0.06, 0.01) m/s (speed 0.06 m/s).
- Goal position NED is (8.92, 30.25, -2.50) m.
- Output contract: predict exactly 5 waypoint x/y pairs in NED. The planner will set every waypoint z to goal z = -2.50 m before execution.
- Goal delta from current state is (5.60, 20.54, 0.02) m with distance 21.30 m.
- Obstacle pipeline: depth_camera_to_body_to_ned_current_frame.
- Current depth frame obstacle points projected into NED: 114. Nearest depth obstacle in NED is at (2.73, 11.71, -2.61) m, relative vector (-0.58, 2.01, -0.09) m, distance 2.09 m.
- Depth validity fraction is 0.62. Global nearest obstacle distance is 1.87 m.
- Sector minimum distances [far_left, left, center, right, far_right] are [3.27, 1.87, 2.14, 5.05, 5.05] m.
- Nearest obstacle sector is left at 1.87 m and clearance status is caution.
- Lateral planning hint: right side is clearer.","{""waypoints"":[{""x"":3.3508201818181833,""y"":10.38636313636364},{""x"":3.3735474545454562,""y"":10.840908590909093},{""x"":3.396274727272729,""y"":11.295454045454548},{""x"":3.4190020000000017,""y"":11.749999500000003},{""x"":3.0975734285714305,""y"":12.071428071428574}],""reasoning"":""Selected waypoint 0 moves the reference anchor from 21.07 m to 20.63 m from goal immediately and to 19.09 m by the final waypoint, so progress is 0.44 m selected / 1.99 m final and passes with monotonic goal-distance reduction. Kinematics is evaluated on 5 unique label waypoint(s), excluding consecutive duplicate terminal holds, and checks only that the trajectory stays within the configured bounds speed <= 15.00 m/s and acceleration <= 8.00 m/s^2, so kinematics passes. Goal is not reached within this label waypoint window. Safety passes: minimum clearance 1.63 m against manifest obstacles with 0 violating segment(s).""}",3.3508201818181833,10.38636313636364,-2.5,3.3735474545454562,10.840908590909093,-2.5,3.396274727272729,11.295454045454548,-2.5,3.4190020000000017,11.749999500000003,-2.5,3.0975734285714305,12.071428071428574,-2.5
1773869026.219926119,1773869026.219926119,0.000,offline_ground_truth_window,"Environment section (T(v)):
- Current position NED is (3.34, 10.16, -2.51) m.
- Current velocity is (0.00, 0.05, 0.00) m/s (speed 0.05 m/s).
- Goal position NED is (8.92, 30.25, -2.50) m.
- Output contract: predict exactly 5 waypoint x/y pairs in NED. The planner will set every waypoint z to goal z = -2.50 m before execution.
- Goal delta from current state is (5.58, 20.09, 0.01) m with distance 20.85 m.
- Obstacle pipeline: depth_camera_to_body_to_ned_current_frame.
- Current depth frame obstacle points projected into NED: 132. Nearest depth obstacle in NED is at (2.77, 11.74, -2.42) m, relative vector (-0.57, 1.58, 0.09) m, distance 1.68 m.
- Depth validity fraction is 0.64. Global nearest obstacle distance is 1.45 m.
- Sector minimum distances [far_left, left, center, right, far_right] are [1.45, 1.45, 4.95, 4.95, 4.95] m.
- Nearest obstacle sector is left at 1.45 m and clearance status is blocked.
- Lateral planning hint: right side is clearer.","{""waypoints"":[{""x"":3.3735474545454562,""y"":10.840908590909093},{""x"":3.396274727272729,""y"":11.295454045454548},{""x"":3.4190020000000017,""y"":11.749999500000003},{""x"":3.0975734285714305,""y"":12.071428071428574},{""x"":2.776144857142859,""y"":12.392856642857145}],""reasoning"":""Selected waypoint 0 moves the reference anchor from 20.63 m to 20.19 m from goal immediately and to 18.88 m by the final waypoint, so progress is 0.44 m selected / 1.75 m final and passes with monotonic goal-distance reduction. Kinematics is evaluated on 5 unique label waypoint(s), excluding consecutive duplicate terminal holds, and checks only that the trajectory stays within the configured bounds speed <= 15.00 m/s and acceleration <= 8.00 m/s^2, so kinematics passes. Goal is not reached within this label waypoint window. Safety passes: minimum clearance 1.63 m against manifest obstacles with 0 violating segment(s).""}",3.3735474545454562,10.840908590909093,-2.5,3.396274727272729,11.295454045454548,-2.5,3.4190020000000017,11.749999500000003,-2.5,3.0975734285714305,12.071428071428574,-2.5,2.776144857142859,12.392856642857145,-2.5
1773869032.380228996,1773869032.380228996,0.000,offline_ground_truth_window,"Environment section (T(v)):
- Current position NED is (3.36, 10.61, -2.48) m.
- Current velocity is (0.00, 0.06, 0.00) m/s (speed 0.06 m/s).
- Goal position NED is (8.92, 30.25, -2.50) m.
- Output contract: predict exactly 5 waypoint x/y pairs in NED. The planner will set every waypoint z to goal z = -2.50 m before execution.
- Goal delta from current state is (5.56, 19.64, -0.02) m with distance 20.41 m.
- Obstacle pipeline: depth_camera_to_body_to_ned_current_frame.
- Current depth frame obstacle points projected into NED: 187. Nearest depth obstacle in NED is at (2.82, 11.72, -2.45) m, relative vector (-0.54, 1.10, 0.02) m, distance 1.23 m.
- Depth validity fraction is 0.64. Global nearest obstacle distance is 0.96 m.
- Sector minimum distances [far_left, left, center, right, far_right] are [0.96, 1.01, 5.03, 5.02, 5.02] m.
- Nearest obstacle sector is far_left at 0.96 m and clearance status is blocked.
- Lateral planning hint: right side is clearer.","{""waypoints"":[{""x"":3.396274727272729,""y"":11.295454045454548},{""x"":3.4190020000000017,""y"":11.749999500000003},{""x"":3.0975734285714305,""y"":12.071428071428574},{""x"":2.776144857142859,""y"":12.392856642857145},{""x"":2.4547162857142872,""y"":12.714285214285717}],""reasoning"":""Selected waypoint 0 moves the reference anchor from 20.19 m to 19.74 m from goal immediately and to 18.69 m by the final waypoint, so progress is 0.44 m selected / 1.50 m final and passes with monotonic goal-distance reduction. Kinematics is evaluated on 5 unique label waypoint(s), excluding consecutive duplicate terminal holds, and checks only that the trajectory stays within the configured bounds speed <= 15.00 m/s and acceleration <= 8.00 m/s^2, so kinematics passes. Goal is not reached within this label waypoint window. Safety passes: minimum clearance 1.71 m against manifest obstacles with 0 violating segment(s).""}",3.396274727272729,11.295454045454548,-2.5,3.4190020000000017,11.749999500000003,-2.5,3.0975734285714305,12.071428071428574,-2.5,2.776144857142859,12.392856642857145,-2.5,2.4547162857142872,12.714285214285717,-2.5
1773869040.018339157,1773869040.018339157,0.000,offline_ground_truth_window,"Environment section (T(v)):
- Current position NED is (3.41, 11.07, -2.48) m.
- Current velocity is (0.00, 0.05, 0.00) m/s (speed 0.05 m/s).
- Goal position NED is (8.92, 30.25, -2.50) m.
- Output contract: predict exactly 5 waypoint x/y pairs in NED. The planner will set every waypoint z to goal z = -2.50 m before execution.
- Goal delta from current state is (5.51, 19.18, -0.02) m with distance 19.96 m.
- Obstacle pipeline: depth_camera_to_body_to_ned_current_frame.
- Current depth frame obstacle points projected into NED: 161. Nearest depth obstacle in NED is at (2.95, 11.77, -2.47) m, relative vector (-0.45, 0.70, 0.01) m, distance 0.83 m.
- Depth validity fraction is 0.65. Global nearest obstacle distance is 0.58 m.
- Sector minimum distances [far_left, left, center, right, far_right] are [0.58, 0.73, 4.98, 4.86, 4.98] m.
- Nearest obstacle sector is far_left at 0.58 m and clearance status is blocked.
- Lateral planning hint: right side is clearer.","{""waypoints"":[{""x"":3.4190020000000017,""y"":11.749999500000003},{""x"":3.0975734285714305,""y"":12.071428071428574},{""x"":2.776144857142859,""y"":12.392856642857145},{""x"":2.4547162857142872,""y"":12.714285214285717},{""x"":2.133287714285716,""y"":13.035713785714288}],""reasoning"":""Selected waypoint 0 moves the reference anchor from 19.74 m to 19.30 m from goal immediately and to 18.50 m by the final waypoint, so progress is 0.44 m selected / 1.24 m final and passes with monotonic goal-distance reduction. Kinematics is evaluated on 5 unique label waypoint(s), excluding consecutive duplicate terminal holds, and checks only that the trajectory stays within the configured bounds speed <= 15.00 m/s and acceleration <= 8.00 m/s^2, so kinematics passes. Goal is not reached within this label waypoint window. Safety passes: minimum clearance 1.57 m against manifest obstacles with 0 violating segment(s).""}",3.4190020000000017,11.749999500000003,-2.5,3.0975734285714305,12.071428071428574,-2.5,2.776144857142859,12.392856642857145,-2.5,2.4547162857142872,12.714285214285717,-2.5,2.133287714285716,13.035713785714288,-2.5
1773869046.373636961,1773869046.373636961,0.000,offline_ground_truth_window,"Environment section (T(v)):
- Current position NED is (3.41, 11.52, -2.49) m.
- Current velocity is (0.02, 0.07, 0.00) m/s (speed 0.07 m/s).
- Goal position NED is (8.92, 30.25, -2.50) m.
- Output contract: predict exactly 5 waypoint x/y pairs in NED. The planner will set every waypoint z to goal z = -2.50 m before execution.
- Goal delta from current state is (5.51, 18.73, -0.01) m with distance 19.52 m.
- Obstacle pipeline: depth_camera_to_body_to_ned_current_frame.
- Current depth frame obstacle points projected into NED: 131. Nearest depth obstacle in NED is at (3.06, 12.10, -2.43) m, relative vector (-0.34, 0.57, 0.06) m, distance 0.67 m.
- Depth validity fraction is 0.65. Global nearest obstacle distance is 0.43 m.
- Sector minimum distances [far_left, left, center, right, far_right] are [0.43, 4.96, 4.92, 4.40, 4.97] m.
- Nearest obstacle sector is far_left at 0.43 m and clearance status is blocked.
- Lateral planning hint: right side is clearer.","{""waypoints"":[{""x"":3.0975734285714305,""y"":12.071428071428574},{""x"":2.776144857142859,""y"":12.392856642857145},{""x"":2.4547162857142872,""y"":12.714285214285717},{""x"":2.133287714285716,""y"":13.035713785714288},{""x"":1.8118591428571444,""y"":13.35714235714286}],""reasoning"":""Selected waypoint 0 moves the reference anchor from 19.30 m to 19.09 m from goal immediately and to 18.33 m by the final waypoint, so progress is 0.21 m selected / 0.97 m final and passes with monotonic goal-distance reduction. Kinematics is evaluated on 5 unique label waypoint(s), excluding consecutive duplicate terminal holds, and checks only that the trajectory stays within the configured bounds speed <= 15.00 m/s and acceleration <= 8.00 m/s^2, so kinematics passes. Goal is not reached within this label waypoint window. Safety passes: minimum clearance 1.51 m against manifest obstacles with 0 violating segment(s).""}",3.0975734285714305,12.071428071428574,-2.5,2.776144857142859,12.392856642857145,-2.5,2.4547162857142872,12.714285214285717,-2.5,2.133287714285716,13.035713785714288,-2.5,1.8118591428571444,13.35714235714286,-2.5
1773869051.709418058,1773869051.709418058,0.000,offline_ground_truth_window,"Environment section (T(v)):
- Current position NED is (3.20, 11.85, -2.51) m.
- Current velocity is (-0.04, 0.05, 0.00) m/s (speed 0.06 m/s).
- Goal position NED is (8.92, 30.25, -2.50) m.
- Output contract: predict exactly 5 waypoint x/y pairs in NED. The planner will set every waypoint z to goal z = -2.50 m before execution.
- Goal delta from current state is (5.72, 18.40, 0.01) m with distance 19.26 m.
- Obstacle pipeline: depth_camera_to_body_to_ned_current_frame.
- Current depth frame obstacle points projected into NED: 93. Nearest depth obstacle in NED is at (3.78, 16.15, -2.69) m, relative vector (0.58, 4.29, -0.18) m, distance 4.33 m.
- Depth validity fraction is 0.64. Global nearest obstacle distance is 3.46 m.
- Sector minimum distances [far_left, left, center, right, far_right] are [3.46, 5.05, 4.22, 4.08, 5.06] m.
- Nearest obstacle sector is far_left at 3.46 m and clearance status is clear.
- Lateral planning hint: prefer center progress.","{""waypoints"":[{""x"":2.776144857142859,""y"":12.392856642857145},{""x"":2.4547162857142872,""y"":12.714285214285717},{""x"":2.133287714285716,""y"":13.035713785714288},{""x"":1.8118591428571444,""y"":13.35714235714286},{""x"":1.4904305714285733,""y"":13.678570928571432}],""reasoning"":""Selected waypoint 0 moves the reference anchor from 19.09 m to 18.88 m from goal immediately and to 18.16 m by the final waypoint, so progress is 0.20 m selected / 0.93 m final and passes with monotonic goal-distance reduction. Kinematics is evaluated on 5 unique label waypoint(s), excluding consecutive duplicate terminal holds, and checks only that the trajectory stays within the configured bounds speed <= 15.00 m/s and acceleration <= 8.00 m/s^2, so kinematics passes. Goal is not reached within this label waypoint window. Safety passes: minimum clearance 1.51 m against manifest obstacles with 0 violating segment(s).""}",2.776144857142859,12.392856642857145,-2.5,2.4547162857142872,12.714285214285717,-2.5,2.133287714285716,13.035713785714288,-2.5,1.8118591428571444,13.35714235714286,-2.5,1.4904305714285733,13.678570928571432,-2.5
1773869057.651086807,1773869057.651086807,0.000,offline_ground_truth_window,"Environment section (T(v)):
- Current position NED is (2.93, 12.23, -2.53) m.
- Current velocity is (-0.05, 0.05, 0.01) m/s (speed 0.07 m/s).
- Goal position NED is (8.92, 30.25, -2.50) m.
- Output contract: predict exactly 5 waypoint x/y pairs in NED. The planner will set every waypoint z to goal z = -2.50 m before execution.
- Goal delta from current state is (5.99, 18.02, 0.03) m with distance 18.99 m.
- Obstacle pipeline: depth_camera_to_body_to_ned_current_frame.
- Current depth frame obstacle points projected into NED: 91. Nearest depth obstacle in NED is at (3.38, 16.15, -2.54) m, relative vector (0.45, 3.92, -0.02) m, distance 3.94 m.
- Depth validity fraction is 0.63. Global nearest obstacle distance is 3.75 m.
- Sector minimum distances [far_left, left, center, right, far_right] are [3.79, 5.03, 3.77, 3.75, 5.03] m.
- Nearest obstacle sector is right at 3.75 m and clearance status is clear.
- Lateral planning hint: prefer center progress.","{""waypoints"":[{""x"":2.4547162857142872,""y"":12.714285214285717},{""x"":2.133287714285716,""y"":13.035713785714288},{""x"":1.8118591428571444,""y"":13.35714235714286},{""x"":1.4904305714285733,""y"":13.678570928571432},{""x"":1.1690020000000017,""y"":13.999999500000003}],""reasoning"":""Selected waypoint 0 moves the reference anchor from 18.88 m to 18.69 m from goal immediately and to 18.00 m by the final waypoint, so progress is 0.19 m selected / 0.88 m final and passes with monotonic goal-distance reduction. Kinematics is evaluated on 5 unique label waypoint(s), excluding consecutive duplicate terminal holds, and checks only that the trajectory stays within the configured bounds speed <= 15.00 m/s and acceleration <= 8.00 m/s^2, so kinematics passes. Goal is not reached within this label waypoint window. Safety passes: minimum clearance 1.51 m against manifest obstacles with 0 violating segment(s).""}",2.4547162857142872,12.714285214285717,-2.5,2.133287714285716,13.035713785714288,-2.5,1.8118591428571444,13.35714235714286,-2.5,1.4904305714285733,13.678570928571432,-2.5,1.1690020000000017,13.999999500000003,-2.5
1773869065.056909084,1773869065.056909084,0.000,offline_ground_truth_window,"Environment section (T(v)):
- Current position NED is (2.60, 12.54, -2.47) m.
- Current velocity is (-0.03, 0.03, -0.01) m/s (speed 0.04 m/s).
- Goal position NED is (8.92, 30.25, -2.50) m.
- Output contract: predict exactly 5 waypoint x/y pairs in NED. The planner will set every waypoint z to goal z = -2.50 m before execution.
- Goal delta from current state is (6.32, 17.71, -0.03) m with distance 18.80 m.
- Obstacle pipeline: depth_camera_to_body_to_ned_current_frame.
- Current depth frame obstacle points projected into NED: 79. Nearest depth obstacle in NED is at (2.82, 16.14, -2.47) m, relative vector (0.22, 3.60, -0.01) m, distance 3.61 m.
- Depth validity fraction is 0.63. Global nearest obstacle distance is 3.45 m.
- Sector minimum distances [far_left, left, center, right, far_right] are [4.18, 4.93, 3.45, 3.47, 4.92] m.
- Nearest obstacle sector is center at 3.45 m and clearance status is clear.
- Lateral planning hint: prefer center progress.","{""waypoints"":[{""x"":2.133287714285716,""y"":13.035713785714288},{""x"":1.8118591428571444,""y"":13.35714235714286},{""x"":1.4904305714285733,""y"":13.678570928571432},{""x"":1.1690020000000017,""y"":13.999999500000003},{""x"":1.1690020000000017,""y"":14.499999500000003}],""reasoning"":""Selected waypoint 0 moves the reference anchor from 18.69 m to 18.50 m from goal immediately and to 17.55 m by the final waypoint, so progress is 0.19 m selected / 1.14 m final and passes with monotonic goal-distance reduction. Kinematics is evaluated on 5 unique label waypoint(s), excluding consecutive duplicate terminal holds, and checks only that the trajectory stays within the configured bounds speed <= 15.00 m/s and acceleration <= 8.00 m/s^2, so kinematics passes. Goal is not reached within this label waypoint window. Safety passes: minimum clearance 1.51 m against manifest obstacles with 0 violating segment(s).""}",2.133287714285716,13.035713785714288,-2.5,1.8118591428571444,13.35714235714286,-2.5,1.4904305714285733,13.678570928571432,-2.5,1.1690020000000017,13.999999500000003,-2.5,1.1690020000000017,14.499999500000003,-2.5
1773869072.712794542,1773869072.712794542,0.000,offline_ground_truth_window,"Environment section (T(v)):
- Current position NED is (2.29, 12.87, -2.50) m.
- Current velocity is (-0.03, 0.04, 0.00) m/s (speed 0.05 m/s).
- Goal position NED is (8.92, 30.25, -2.50) m.
- Output contract: predict exactly 5 waypoint x/y pairs in NED. The planner will set every waypoint z to goal z = -2.50 m before execution.
- Goal delta from current state is (6.63, 17.38, -0.00) m with distance 18.60 m.
- Obstacle pipeline: depth_camera_to_body_to_ned_current_frame.
- Current depth frame obstacle points projected into NED: 94. Nearest depth obstacle in NED is at (2.09, 16.12, -2.44) m, relative vector (-0.20, 3.25, 0.06) m, distance 3.25 m.
- Depth validity fraction is 0.62. Global nearest obstacle distance is 3.12 m.
- Sector minimum distances [far_left, left, center, right, far_right] are [4.69, 3.39, 3.12, 3.44, 5.01] m.
- Nearest obstacle sector is center at 3.12 m and clearance status is clear.
- Lateral planning hint: prefer center progress.","{""waypoints"":[{""x"":1.8118591428571444,""y"":13.35714235714286},{""x"":1.4904305714285733,""y"":13.678570928571432},{""x"":1.1690020000000017,""y"":13.999999500000003},{""x"":1.1690020000000017,""y"":14.499999500000003},{""x"":1.1690020000000017,""y"":14.999999500000003}],""reasoning"":""Selected waypoint 0 moves the reference anchor from 18.50 m to 18.33 m from goal immediately and to 17.11 m by the final waypoint, so progress is 0.18 m selected / 1.40 m final and passes with monotonic goal-distance reduction. Kinematics is evaluated on 5 unique label waypoint(s), excluding consecutive duplicate terminal holds, and checks only that the trajectory stays within the configured bounds speed <= 15.00 m/s and acceleration <= 8.00 m/s^2, so kinematics passes. Goal is not reached within this label waypoint window. Safety passes: minimum clearance 1.51 m against manifest obstacles with 0 violating segment(s).""}",1.8118591428571444,13.35714235714286,-2.5,1.4904305714285733,13.678570928571432,-2.5,1.1690020000000017,13.999999500000003,-2.5,1.1690020000000017,14.499999500000003,-2.5,1.1690020000000017,14.999999500000003,-2.5
1773869079.271251917,1773869079.271251917,0.000,offline_ground_truth_window,"Environment section (T(v)):
- Current position NED is (1.96, 13.18, -2.50) m.
- Current velocity is (-0.03, 0.03, 0.00) m/s (speed 0.05 m/s).
- Goal position NED is (8.92, 30.25, -2.50) m.
- Output contract: predict exactly 5 waypoint x/y pairs in NED. The planner will set every waypoint z to goal z = -2.50 m before execution.
- Goal delta from current state is (6.96, 17.07, -0.00) m with distance 18.43 m.
- Obstacle pipeline: depth_camera_to_body_to_ned_current_frame.
- Current depth frame obstacle points projected into NED: 87. Nearest depth obstacle in NED is at (1.58, 16.12, -2.38) m, relative vector (-0.38, 2.94, 0.12) m, distance 2.96 m.
- Depth validity fraction is 0.61. Global nearest obstacle distance is 2.81 m.
- Sector minimum distances [far_left, left, center, right, far_right] are [4.99, 2.82, 2.81, 5.01, 5.02] m.
- Nearest obstacle sector is center at 2.81 m and clearance status is caution.
- Lateral planning hint: right side is clearer.","{""waypoints"":[{""x"":1.4904305714285733,""y"":13.678570928571432},{""x"":1.1690020000000017,""y"":13.999999500000003},{""x"":1.1690020000000017,""y"":14.499999500000003},{""x"":1.1690020000000017,""y"":14.999999500000003},{""x"":1.1690020000000017,""y"":15.499999500000003}],""reasoning"":""Selected waypoint 0 moves the reference anchor from 18.33 m to 18.16 m from goal immediately and to 16.66 m by the final waypoint, so progress is 0.17 m selected / 1.66 m final and passes with monotonic goal-distance reduction. Kinematics is evaluated on 5 unique label waypoint(s), excluding consecutive duplicate terminal holds, and checks only that the trajectory stays within the configured bounds speed <= 15.00 m/s and acceleration <= 8.00 m/s^2, so kinematics passes. Goal is not reached within this label waypoint window. Safety passes: minimum clearance 1.51 m against manifest obstacles with 0 violating segment(s).""}",1.4904305714285733,13.678570928571432,-2.5,1.1690020000000017,13.999999500000003,-2.5,1.1690020000000017,14.499999500000003,-2.5,1.1690020000000017,14.999999500000003,-2.5,1.1690020000000017,15.499999500000003,-2.5
1773869086.871182680,1773869086.871182680,0.000,offline_ground_truth_window,"Environment section (T(v)):
- Current position NED is (1.68, 13.55, -2.48) m.
- Current velocity is (-0.08, 0.05, 0.00) m/s (speed 0.09 m/s).
- Goal position NED is (8.92, 30.25, -2.50) m.
- Output contract: predict exactly 5 waypoint x/y pairs in NED. The planner will set every waypoint z to goal z = -2.50 m before execution.
- Goal delta from current state is (7.24, 16.70, -0.02) m with distance 18.20 m.
- Obstacle pipeline: depth_camera_to_body_to_ned_current_frame.
- Current depth frame obstacle points projected into NED: 53. Nearest depth obstacle in NED is at (0.99, 16.07, -2.40) m, relative vector (-0.69, 2.52, 0.08) m, distance 2.62 m.
- Depth validity fraction is 0.61. Global nearest obstacle distance is 2.41 m.
- Sector minimum distances [far_left, left, center, right, far_right] are [4.99, 2.41, 2.50, 4.99, 4.99] m.
- Nearest obstacle sector is left at 2.41 m and clearance status is caution.
- Lateral planning hint: right side is clearer.","{""waypoints"":[{""x"":1.1690020000000017,""y"":13.999999500000003},{""x"":1.1690020000000017,""y"":14.499999500000003},{""x"":1.1690020000000017,""y"":14.999999500000003},{""x"":1.1690020000000017,""y"":15.499999500000003},{""x"":1.3544858709677436,""y"":15.959676919354843}],""reasoning"":""Selected waypoint 0 moves the reference anchor from 18.16 m to 18.00 m from goal immediately and to 16.17 m by the final waypoint, so progress is 0.16 m selected / 1.99 m final and passes with monotonic goal-distance reduction. Kinematics is evaluated on 5 unique label waypoint(s), excluding consecutive duplicate terminal holds, and checks only that the trajectory stays within the configured bounds speed <= 15.00 m/s and acceleration <= 8.00 m/s^2, so kinematics passes. Goal is not reached within this label waypoint window. Safety passes: minimum clearance 1.56 m against manifest obstacles with 0 violating segment(s).""}",1.1690020000000017,13.999999500000003,-2.5,1.1690020000000017,14.499999500000003,-2.5,1.1690020000000017,14.999999500000003,-2.5,1.1690020000000017,15.499999500000003,-2.5,1.3544858709677436,15.959676919354843,-2.5
1773869093.251138449,1773869093.251138449,0.000,offline_ground_truth_window,"Environment section (T(v)):
- Current position NED is (1.34, 13.85, -2.51) m.
- Current velocity is (-0.05, 0.04, 0.01) m/s (speed 0.07 m/s).
- Goal position NED is (8.92, 30.25, -2.50) m.
- Output contract: predict exactly 5 waypoint x/y pairs in NED. The planner will set every waypoint z to goal z = -2.50 m before execution.
- Goal delta from current state is (7.58, 16.40, 0.01) m with distance 18.07 m.
- Obstacle pipeline: depth_camera_to_body_to_ned_current_frame.
- Current depth frame obstacle points projected into NED: 50. Nearest depth obstacle in NED is at (0.32, 16.08, -2.45) m, relative vector (-1.02, 2.23, 0.06) m, distance 2.46 m.
- Depth validity fraction is 0.59. Global nearest obstacle distance is 2.15 m.
- Sector minimum distances [far_left, left, center, right, far_right] are [2.15, 2.15, 2.81, 5.01, 5.01] m.
- Nearest obstacle sector is far_left at 2.15 m and clearance status is caution.
- Lateral planning hint: right side is clearer.","{""waypoints"":[{""x"":1.1690020000000017,""y"":14.499999500000003},{""x"":1.1690020000000017,""y"":14.999999500000003},{""x"":1.1690020000000017,""y"":15.499999500000003},{""x"":1.3544858709677436,""y"":15.959676919354843},{""x"":1.5399697419354856,""y"":16.419354338709677}],""reasoning"":""Selected waypoint 0 moves the reference anchor from 18.00 m to 17.55 m from goal immediately and to 15.68 m by the final waypoint, so progress is 0.45 m selected / 2.33 m final and passes with monotonic goal-distance reduction. Kinematics is evaluated on 5 unique label waypoint(s), excluding consecutive duplicate terminal holds, and checks only that the trajectory stays within the configured bounds speed <= 15.00 m/s and acceleration <= 8.00 m/s^2, so kinematics passes. Goal is not reached within this label waypoint window. Safety passes: minimum clearance 1.56 m against manifest obstacles with 0 violating segment(s).""}",1.1690020000000017,14.499999500000003,-2.5,1.1690020000000017,14.999999500000003,-2.5,1.1690020000000017,15.499999500000003,-2.5,1.3544858709677436,15.959676919354843,-2.5,1.5399697419354856,16.419354338709677,-2.5
1773869099.562041521,1773869099.562041521,0.000,offline_ground_truth_window,"Environment section (T(v)):
- Current position NED is (1.25, 14.25, -2.50) m.
- Current velocity is (-0.01, 0.05, 0.00) m/s (speed 0.05 m/s).
- Goal position NED is (8.92, 30.25, -2.50) m.
- Output contract: predict exactly 5 waypoint x/y pairs in NED. The planner will set every waypoint z to goal z = -2.50 m before execution.
- Goal delta from current state is (7.67, 16.00, 0.00) m with distance 17.74 m.
- Obstacle pipeline: depth_camera_to_body_to_ned_current_frame.
- Current depth frame obstacle points projected into NED: 92. Nearest depth obstacle in NED is at (0.28, 16.11, -2.56) m, relative vector (-0.97, 1.86, -0.06) m, distance 2.10 m.
- Depth validity fraction is 0.59. Global nearest obstacle distance is 1.74 m.
- Sector minimum distances [far_left, left, center, right, far_right] are [1.74, 1.80, 4.97, 4.97, 4.97] m.
- Nearest obstacle sector is far_left at 1.74 m and clearance status is caution.
- Lateral planning hint: right side is clearer.","{""waypoints"":[{""x"":1.1690020000000017,""y"":14.999999500000003},{""x"":1.1690020000000017,""y"":15.499999500000003},{""x"":1.3544858709677436,""y"":15.959676919354843},{""x"":1.5399697419354856,""y"":16.419354338709677},{""x"":1.7254536129032276,""y"":16.879031758064517}],""reasoning"":""Selected waypoint 0 moves the reference anchor from 17.55 m to 17.11 m from goal immediately and to 15.18 m by the final waypoint, so progress is 0.45 m selected / 2.37 m final and passes with monotonic goal-distance reduction. Kinematics is evaluated on 5 unique label waypoint(s), excluding consecutive duplicate terminal holds, and checks only that the trajectory stays within the configured bounds speed <= 15.00 m/s and acceleration <= 8.00 m/s^2, so kinematics passes. Goal is not reached within this label waypoint window. Safety passes: minimum clearance 1.56 m against manifest obstacles with 0 violating segment(s).""}",1.1690020000000017,14.999999500000003,-2.5,1.1690020000000017,15.499999500000003,-2.5,1.3544858709677436,15.959676919354843,-2.5,1.5399697419354856,16.419354338709677,-2.5,1.7254536129032276,16.879031758064517,-2.5
1773869105.434424162,1773869105.434424162,0.000,offline_ground_truth_window,"Environment section (T(v)):
- Current position NED is (1.20, 14.75, -2.51) m.
- Current velocity is (-0.00, 0.04, 0.01) m/s (speed 0.04 m/s).
- Goal position NED is (8.92, 30.25, -2.50) m.
- Output contract: predict exactly 5 waypoint x/y pairs in NED. The planner will set every waypoint z to goal z = -2.50 m before execution.
- Goal delta from current state is (7.72, 15.50, 0.01) m with distance 17.32 m.
- Obstacle pipeline: depth_camera_to_body_to_ned_current_frame.
- Current depth frame obstacle points projected into NED: 80. Nearest depth obstacle in NED is at (0.28, 16.17, -2.57) m, relative vector (-0.92, 1.42, -0.06) m, distance 1.69 m.
- Depth validity fraction is 0.59. Global nearest obstacle distance is 1.29 m.
- Sector minimum distances [far_left, left, center, right, far_right] are [1.29, 1.50, 5.00, 5.00, 5.00] m.
- Nearest obstacle sector is far_left at 1.29 m and clearance status is blocked.
- Lateral planning hint: right side is clearer.","{""waypoints"":[{""x"":1.1690020000000017,""y"":15.499999500000003},{""x"":1.3544858709677436,""y"":15.959676919354843},{""x"":1.5399697419354856,""y"":16.419354338709677},{""x"":1.7254536129032276,""y"":16.879031758064517},{""x"":1.9109374838709696,""y"":17.338709177419357}],""reasoning"":""Selected waypoint 0 moves the reference anchor from 17.11 m to 16.66 m from goal immediately and to 14.69 m by the final waypoint, so progress is 0.44 m selected / 2.42 m final and passes with monotonic goal-distance reduction. Kinematics is evaluated on 5 unique label waypoint(s), excluding consecutive duplicate terminal holds, and checks only that the trajectory stays within the configured bounds speed <= 15.00 m/s and acceleration <= 8.00 m/s^2, so kinematics passes. Goal is not reached within this label waypoint window. Safety passes: minimum clearance 1.58 m against manifest obstacles with 0 violating segment(s).""}",1.1690020000000017,15.499999500000003,-2.5,1.3544858709677436,15.959676919354843,-2.5,1.5399697419354856,16.419354338709677,-2.5,1.7254536129032276,16.879031758064517,-2.5,1.9109374838709696,17.338709177419357,-2.5
1773869113.406151533,1773869113.406151533,0.000,offline_ground_truth_window,"Environment section (T(v)):
- Current position NED is (1.18, 15.25, -2.49) m.
- Current velocity is (-0.00, 0.06, -0.00) m/s (speed 0.06 m/s).
- Goal position NED is (8.92, 30.25, -2.50) m.
- Output contract: predict exactly 5 waypoint x/y pairs in NED. The planner will set every waypoint z to goal z = -2.50 m before execution.
- Goal delta from current state is (7.74, 15.00, -0.01) m with distance 16.88 m.
- Obstacle pipeline: depth_camera_to_body_to_ned_current_frame.
- Current depth frame obstacle points projected into NED: 96. Nearest depth obstacle in NED is at (0.41, 16.32, -2.41) m, relative vector (-0.77, 1.07, 0.07) m, distance 1.32 m.
- Depth validity fraction is 0.60. Global nearest obstacle distance is 0.97 m.
- Sector minimum distances [far_left, left, center, right, far_right] are [0.97, 1.35, 4.94, 4.94, 4.94] m.
- Nearest obstacle sector is far_left at 0.97 m and clearance status is blocked.
- Lateral planning hint: right side is clearer.","{""waypoints"":[{""x"":1.3544858709677436,""y"":15.959676919354843},{""x"":1.5399697419354856,""y"":16.419354338709677},{""x"":1.7254536129032276,""y"":16.879031758064517},{""x"":1.9109374838709696,""y"":17.338709177419357},{""x"":2.096421354838711,""y"":17.798386596774193}],""reasoning"":""Selected waypoint 0 moves the reference anchor from 16.66 m to 16.17 m from goal immediately and to 14.20 m by the final waypoint, so progress is 0.49 m selected / 2.46 m final and passes with monotonic goal-distance reduction. Kinematics is evaluated on 5 unique label waypoint(s), excluding consecutive duplicate terminal holds, and checks only that the trajectory stays within the configured bounds speed <= 15.00 m/s and acceleration <= 8.00 m/s^2, so kinematics passes. Goal is not reached within this label waypoint window. Safety passes: minimum clearance 1.70 m against manifest obstacles with 0 violating segment(s).""}",1.3544858709677436,15.959676919354843,-2.5,1.5399697419354856,16.419354338709677,-2.5,1.7254536129032276,16.879031758064517,-2.5,1.9109374838709696,17.338709177419357,-2.5,2.096421354838711,17.798386596774193,-2.5
1773869119.665207148,1773869119.665207148,0.000,offline_ground_truth_window,"Environment section (T(v)):
- Current position NED is (1.27, 15.73, -2.49) m.
- Current velocity is (0.02, 0.07, 0.00) m/s (speed 0.08 m/s).
- Goal position NED is (8.92, 30.25, -2.50) m.
- Output contract: predict exactly 5 waypoint x/y pairs in NED. The planner will set every waypoint z to goal z = -2.50 m before execution.
- Goal delta from current state is (7.65, 14.52, -0.01) m with distance 16.41 m.
- Obstacle pipeline: depth_camera_to_body_to_ned_current_frame.
- Current depth frame obstacle points projected into NED: 70. Nearest depth obstacle in NED is at (0.71, 16.54, -2.57) m, relative vector (-0.56, 0.81, -0.08) m, distance 0.99 m.
- Depth validity fraction is 0.61. Global nearest obstacle distance is 0.70 m.
- Sector minimum distances [far_left, left, center, right, far_right] are [0.70, 4.97, 4.97, 4.97, 4.97] m.
- Nearest obstacle sector is far_left at 0.70 m and clearance status is blocked.
- Lateral planning hint: right side is clearer.","{""waypoints"":[{""x"":1.5399697419354856,""y"":16.419354338709677},{""x"":1.7254536129032276,""y"":16.879031758064517},{""x"":1.9109374838709696,""y"":17.338709177419357},{""x"":2.096421354838711,""y"":17.798386596774193},{""x"":2.281905225806453,""y"":18.258064016129033}],""reasoning"":""Selected waypoint 0 moves the reference anchor from 16.17 m to 15.68 m from goal immediately and to 13.71 m by the final waypoint, so progress is 0.49 m selected / 2.46 m final and passes with monotonic goal-distance reduction. Kinematics is evaluated on 5 unique label waypoint(s), excluding consecutive duplicate terminal holds, and checks only that the trajectory stays within the configured bounds speed <= 15.00 m/s and acceleration <= 8.00 m/s^2, so kinematics passes. Goal is not reached within this label waypoint window. Safety passes: minimum clearance 1.74 m against manifest obstacles with 0 violating segment(s).""}",1.5399697419354856,16.419354338709677,-2.5,1.7254536129032276,16.879031758064517,-2.5,1.9109374838709696,17.338709177419357,-2.5,2.096421354838711,17.798386596774193,-2.5,2.281905225806453,18.258064016129033,-2.5
1773869128.590448856,1773869128.590448856,0.000,offline_ground_truth_window,"Environment section (T(v)):
- Current position NED is (1.46, 16.19, -2.50) m.
- Current velocity is (0.01, 0.03, 0.00) m/s (speed 0.03 m/s).
- Goal position NED is (8.92, 30.25, -2.50) m.
- Output contract: predict exactly 5 waypoint x/y pairs in NED. The planner will set every waypoint z to goal z = -2.50 m before execution.
- Goal delta from current state is (7.46, 14.06, -0.00) m with distance 15.92 m.
- Obstacle pipeline: depth_camera_to_body_to_ned_current_frame.
- Current depth frame obstacle points projected into NED: 92. Nearest depth obstacle in NED is at (1.15, 16.69, -2.45) m, relative vector (-0.30, 0.50, 0.05) m, distance 0.59 m.
- Depth validity fraction is 0.61. Global nearest obstacle distance is 0.38 m.
- Sector minimum distances [far_left, left, center, right, far_right] are [0.38, 4.96, 4.96, 4.97, 4.97] m.
- Nearest obstacle sector is far_left at 0.38 m and clearance status is blocked.
- Lateral planning hint: right side is clearer.","{""waypoints"":[{""x"":1.7254536129032276,""y"":16.879031758064517},{""x"":1.9109374838709696,""y"":17.338709177419357},{""x"":2.096421354838711,""y"":17.798386596774193},{""x"":2.281905225806453,""y"":18.258064016129033},{""x"":2.467389096774195,""y"":18.717741435483873}],""reasoning"":""Selected waypoint 0 moves the reference anchor from 15.68 m to 15.18 m from goal immediately and to 13.21 m by the final waypoint, so progress is 0.49 m selected / 2.46 m final and passes with monotonic goal-distance reduction. Kinematics is evaluated on 5 unique label waypoint(s), excluding consecutive duplicate terminal holds, and checks only that the trajectory stays within the configured bounds speed <= 15.00 m/s and acceleration <= 8.00 m/s^2, so kinematics passes. Goal is not reached within this label waypoint window. Safety passes: minimum clearance 1.82 m against manifest obstacles with 0 violating segment(s).""}",1.7254536129032276,16.879031758064517,-2.5,1.9109374838709696,17.338709177419357,-2.5,2.096421354838711,17.798386596774193,-2.5,2.281905225806453,18.258064016129033,-2.5,2.467389096774195,18.717741435483873,-2.5
1773869135.312858820,1773869135.312858820,0.000,offline_ground_truth_window,"Environment section (T(v)):
- Current position NED is (1.72, 16.62, -2.49) m.
- Current velocity is (-0.01, 0.17, -0.07) m/s (speed 0.18 m/s).
- Goal position NED is (8.92, 30.25, -2.50) m.
- Output contract: predict exactly 5 waypoint x/y pairs in NED. The planner will set every waypoint z to goal z = -2.50 m before execution.
- Goal delta from current state is (7.20, 13.63, -0.01) m with distance 15.41 m.
- Obstacle pipeline: depth_camera_to_body_to_ned_current_frame.
- Current depth frame obstacle points projected into NED: 135. Nearest depth obstacle in NED is at (-1.18, 15.95, -2.28) m, relative vector (-2.90, -0.67, 0.22) m, distance 2.99 m.
- Depth validity fraction is 0.77. Global nearest obstacle distance is 2.80 m.
- Sector minimum distances [far_left, left, center, right, far_right] are [4.91, 4.89, 2.82, 2.80, 4.82] m.
- Nearest obstacle sector is right at 2.80 m and clearance status is caution.
- Lateral planning hint: left side is clearer.","{""waypoints"":[{""x"":1.9109374838709696,""y"":17.338709177419357},{""x"":2.096421354838711,""y"":17.798386596774193},{""x"":2.281905225806453,""y"":18.258064016129033},{""x"":2.467389096774195,""y"":18.717741435483873},{""x"":2.652872967741937,""y"":19.17741885483871}],""reasoning"":""Selected waypoint 0 moves the reference anchor from 15.18 m to 14.69 m from goal immediately and to 12.72 m by the final waypoint, so progress is 0.49 m selected / 2.46 m final and passes with monotonic goal-distance reduction. Kinematics is evaluated on 5 unique label waypoint(s), excluding consecutive duplicate terminal holds, and checks only that the trajectory stays within the configured bounds speed <= 15.00 m/s and acceleration <= 8.00 m/s^2, so kinematics passes. Goal is not reached within this label waypoint window. Safety passes: minimum clearance 1.82 m against manifest obstacles with 0 violating segment(s).""}",1.9109374838709696,17.338709177419357,-2.5,2.096421354838711,17.798386596774193,-2.5,2.281905225806453,18.258064016129033,-2.5,2.467389096774195,18.717741435483873,-2.5,2.652872967741937,19.17741885483871,-2.5
1773869140.035686970,1773869140.035686970,0.000,offline_ground_truth_window,"Environment section (T(v)):
- Current position NED is (1.70, 17.16, -2.56) m.
- Current velocity is (0.03, 0.08, 0.01) m/s (speed 0.08 m/s).
- Goal position NED is (8.92, 30.25, -2.50) m.
- Output contract: predict exactly 5 waypoint x/y pairs in NED. The planner will set every waypoint z to goal z = -2.50 m before execution.
- Goal delta from current state is (7.22, 13.09, 0.06) m with distance 14.95 m.
- Obstacle pipeline: depth_camera_to_body_to_ned_current_frame.
- Current depth frame obstacle points projected into NED: 125. Nearest depth obstacle in NED is at (-1.20, 15.84, -2.34) m, relative vector (-2.90, -1.32, 0.22) m, distance 3.19 m.
- Depth validity fraction is 0.74. Global nearest obstacle distance is 3.03 m.
- Sector minimum distances [far_left, left, center, right, far_right] are [5.09, 5.08, 3.03, 3.03, 5.04] m.
- Nearest obstacle sector is center at 3.03 m and clearance status is clear.
- Lateral planning hint: left side is clearer.","{""waypoints"":[{""x"":2.096421354838711,""y"":17.798386596774193},{""x"":2.281905225806453,""y"":18.258064016129033},{""x"":2.467389096774195,""y"":18.717741435483873},{""x"":2.652872967741937,""y"":19.17741885483871},{""x"":2.838356838709679,""y"":19.63709627419355}],""reasoning"":""Selected waypoint 0 moves the reference anchor from 14.69 m to 14.20 m from goal immediately and to 12.23 m by the final waypoint, so progress is 0.49 m selected / 2.46 m final and passes with monotonic goal-distance reduction. Kinematics is evaluated on 5 unique label waypoint(s), excluding consecutive duplicate terminal holds, and checks only that the trajectory stays within the configured bounds speed <= 15.00 m/s and acceleration <= 8.00 m/s^2, so kinematics passes. Goal is not reached within this label waypoint window. Safety passes: minimum clearance 1.82 m against manifest obstacles with 0 violating segment(s).""}",2.096421354838711,17.798386596774193,-2.5,2.281905225806453,18.258064016129033,-2.5,2.467389096774195,18.717741435483873,-2.5,2.652872967741937,19.17741885483871,-2.5,2.838356838709679,19.63709627419355,-2.5
1773869147.849419832,1773869147.849419832,0.000,offline_ground_truth_window,"Environment section (T(v)):
- Current position NED is (1.97, 17.58, -2.51) m.
- Current velocity is (0.02, 0.05, 0.00) m/s (speed 0.05 m/s).
- Goal position NED is (8.92, 30.25, -2.50) m.
- Output contract: predict exactly 5 waypoint x/y pairs in NED. The planner will set every waypoint z to goal z = -2.50 m before execution.
- Goal delta from current state is (6.95, 12.67, 0.01) m with distance 14.45 m.
- Obstacle pipeline: depth_camera_to_body_to_ned_current_frame.
- Current depth frame obstacle points projected into NED: 119. Nearest depth obstacle in NED is at (-1.34, 16.02, -2.51) m, relative vector (-3.31, -1.56, -0.00) m, distance 3.67 m.
- Depth validity fraction is 0.73. Global nearest obstacle distance is 3.49 m.
- Sector minimum distances [far_left, left, center, right, far_right] are [4.97, 4.97, 3.50, 3.49, 4.98] m.
- Nearest obstacle sector is right at 3.49 m and clearance status is clear.
- Lateral planning hint: left side is clearer.","{""waypoints"":[{""x"":2.281905225806453,""y"":18.258064016129033},{""x"":2.467389096774195,""y"":18.717741435483873},{""x"":2.652872967741937,""y"":19.17741885483871},{""x"":2.838356838709679,""y"":19.63709627419355},{""x"":3.0238407096774207,""y"":20.09677369354839}],""reasoning"":""Selected waypoint 0 moves the reference anchor from 14.20 m to 13.71 m from goal immediately and to 11.74 m by the final waypoint, so progress is 0.49 m selected / 2.46 m final and passes with monotonic goal-distance reduction. Kinematics is evaluated on 5 unique label waypoint(s), excluding consecutive duplicate terminal holds, and checks only that the trajectory stays within the configured bounds speed <= 15.00 m/s and acceleration <= 8.00 m/s^2, so kinematics passes. Goal is not reached within this label waypoint window. Safety passes: minimum clearance 1.82 m against manifest obstacles with 0 violating segment(s).""}",2.281905225806453,18.258064016129033,-2.5,2.467389096774195,18.717741435483873,-2.5,2.652872967741937,19.17741885483871,-2.5,2.838356838709679,19.63709627419355,-2.5,3.0238407096774207,20.09677369354839,-2.5
1773869153.259552002,1773869153.259552002,0.000,offline_ground_truth_window,"Environment section (T(v)):
- Current position NED is (2.17, 18.04, -2.49) m.
- Current velocity is (0.02, 0.04, 0.00) m/s (speed 0.04 m/s).
- Goal position NED is (8.92, 30.25, -2.50) m.
- Output contract: predict exactly 5 waypoint x/y pairs in NED. The planner will set every waypoint z to goal z = -2.50 m before execution.
- Goal delta from current state is (6.75, 12.21, -0.01) m with distance 13.95 m.
- Obstacle pipeline: depth_camera_to_body_to_ned_current_frame.
- Current depth frame obstacle points projected into NED: 103. Nearest depth obstacle in NED is at (-1.59, 16.47, -2.18) m, relative vector (-3.76, -1.57, 0.31) m, distance 4.08 m.
- Depth validity fraction is 0.73. Global nearest obstacle distance is 3.86 m.
- Sector minimum distances [far_left, left, center, right, far_right] are [4.96, 4.96, 3.95, 3.86, 4.95] m.
- Nearest obstacle sector is right at 3.86 m and clearance status is clear.
- Lateral planning hint: left side is clearer.","{""waypoints"":[{""x"":2.467389096774195,""y"":18.717741435483873},{""x"":2.652872967741937,""y"":19.17741885483871},{""x"":2.838356838709679,""y"":19.63709627419355},{""x"":3.0238407096774207,""y"":20.09677369354839},{""x"":3.209324580645163,""y"":20.556451112903225}],""reasoning"":""Selected waypoint 0 moves the reference anchor from 13.71 m to 13.21 m from goal immediately and to 11.25 m by the final waypoint, so progress is 0.49 m selected / 2.46 m final and passes with monotonic goal-distance reduction. Kinematics is evaluated on 5 unique label waypoint(s), excluding consecutive duplicate terminal holds, and checks only that the trajectory stays within the configured bounds speed <= 15.00 m/s and acceleration <= 8.00 m/s^2, so kinematics passes. Goal is not reached within this label waypoint window. Safety passes: minimum clearance 1.82 m against manifest obstacles with 0 violating segment(s).""}",2.467389096774195,18.717741435483873,-2.5,2.652872967741937,19.17741885483871,-2.5,2.838356838709679,19.63709627419355,-2.5,3.0238407096774207,20.09677369354839,-2.5,3.209324580645163,20.556451112903225,-2.5
1773869160.760318756,1773869160.760318756,0.000,offline_ground_truth_window,"Environment section (T(v)):
- Current position NED is (2.36, 18.50, -2.51) m.
- Current velocity is (0.02, 0.06, 0.01) m/s (speed 0.06 m/s).
- Goal position NED is (8.92, 30.25, -2.50) m.
- Output contract: predict exactly 5 waypoint x/y pairs in NED. The planner will set every waypoint z to goal z = -2.50 m before execution.
- Goal delta from current state is (6.56, 11.75, 0.01) m with distance 13.46 m.
- Obstacle pipeline: depth_camera_to_body_to_ned_current_frame.
- Current depth frame obstacle points projected into NED: 94. Nearest depth obstacle in NED is at (-1.88, 16.94, -2.58) m, relative vector (-4.24, -1.56, -0.07) m, distance 4.52 m.
- Depth validity fraction is 0.72. Global nearest obstacle distance is 4.25 m.
- Sector minimum distances [far_left, left, center, right, far_right] are [4.99, 4.98, 4.98, 4.25, 4.97] m.
- Nearest obstacle sector is right at 4.25 m and clearance status is clear.
- Lateral planning hint: prefer center progress.","{""waypoints"":[{""x"":2.652872967741937,""y"":19.17741885483871},{""x"":2.838356838709679,""y"":19.63709627419355},{""x"":3.0238407096774207,""y"":20.09677369354839},{""x"":3.209324580645163,""y"":20.556451112903225},{""x"":3.3948084516129047,""y"":21.016128532258065}],""reasoning"":""Selected waypoint 0 moves the reference anchor from 13.21 m to 12.72 m from goal immediately and to 10.76 m by the final waypoint, so progress is 0.49 m selected / 2.45 m final and passes with monotonic goal-distance reduction. Kinematics is evaluated on 5 unique label waypoint(s), excluding consecutive duplicate terminal holds, and checks only that the trajectory stays within the configured bounds speed <= 15.00 m/s and acceleration <= 8.00 m/s^2, so kinematics passes. Goal is not reached within this label waypoint window. Safety passes: minimum clearance 1.82 m against manifest obstacles with 0 violating segment(s).""}",2.652872967741937,19.17741885483871,-2.5,2.838356838709679,19.63709627419355,-2.5,3.0238407096774207,20.09677369354839,-2.5,3.209324580645163,20.556451112903225,-2.5,3.3948084516129047,21.016128532258065,-2.5
1773869167.665330887,1773869167.665330887,0.000,offline_ground_truth_window,"Environment section (T(v)):
- Current position NED is (2.53, 18.96, -2.53) m.
- Current velocity is (0.02, 0.04, 0.01) m/s (speed 0.04 m/s).
- Goal position NED is (8.92, 30.25, -2.50) m.
- Output contract: predict exactly 5 waypoint x/y pairs in NED. The planner will set every waypoint z to goal z = -2.50 m before execution.
- Goal delta from current state is (6.39, 11.29, 0.03) m with distance 12.97 m.
- Obstacle pipeline: depth_camera_to_body_to_ned_current_frame.
- Current depth frame obstacle points projected into NED: 90. Nearest depth obstacle in NED is at (-2.20, 17.42, -2.53) m, relative vector (-4.73, -1.54, -0.00) m, distance 4.97 m.
- Depth validity fraction is 0.71. Global nearest obstacle distance is 4.63 m.
- Sector minimum distances [far_left, left, center, right, far_right] are [5.04, 5.05, 5.05, 4.63, 5.06] m.
- Nearest obstacle sector is right at 4.63 m and clearance status is clear.
- Lateral planning hint: prefer center progress.","{""waypoints"":[{""x"":2.838356838709679,""y"":19.63709627419355},{""x"":3.0238407096774207,""y"":20.09677369354839},{""x"":3.209324580645163,""y"":20.556451112903225},{""x"":3.3948084516129047,""y"":21.016128532258065},{""x"":3.580292322580647,""y"":21.475805951612905}],""reasoning"":""Selected waypoint 0 moves the reference anchor from 12.72 m to 12.23 m from goal immediately and to 10.27 m by the final waypoint, so progress is 0.49 m selected / 2.45 m final and passes with monotonic goal-distance reduction. Kinematics is evaluated on 5 unique label waypoint(s), excluding consecutive duplicate terminal holds, and checks only that the trajectory stays within the configured bounds speed <= 15.00 m/s and acceleration <= 8.00 m/s^2, so kinematics passes. Goal is not reached within this label waypoint window. Safety passes: minimum clearance 1.89 m against manifest obstacles with 0 violating segment(s).""}",2.838356838709679,19.63709627419355,-2.5,3.0238407096774207,20.09677369354839,-2.5,3.209324580645163,20.556451112903225,-2.5,3.3948084516129047,21.016128532258065,-2.5,3.580292322580647,21.475805951612905,-2.5
1773869175.161301374,1773869175.161301374,0.000,offline_ground_truth_window,"Environment section (T(v)):
- Current position NED is (2.73, 19.41, -2.48) m.
- Current velocity is (0.01, 0.06, -0.00) m/s (speed 0.06 m/s).
- Goal position NED is (8.92, 30.25, -2.50) m.
- Output contract: predict exactly 5 waypoint x/y pairs in NED. The planner will set every waypoint z to goal z = -2.50 m before execution.
- Goal delta from current state is (6.19, 10.84, -0.02) m with distance 12.48 m.
- Obstacle pipeline: depth_camera_to_body_to_ned_current_frame.
- Current depth frame obstacle points projected into NED: 84. Nearest depth obstacle in NED is at (-2.51, 17.94, -2.63) m, relative vector (-5.25, -1.47, -0.16) m, distance 5.45 m.
- Depth validity fraction is 0.71. Global nearest obstacle distance is 4.94 m.
- Sector minimum distances [far_left, left, center, right, far_right] are [4.95, 4.95, 4.95, 4.94, 4.94] m.
- Nearest obstacle sector is far_right at 4.94 m and clearance status is clear.
- Lateral planning hint: prefer center progress.","{""waypoints"":[{""x"":3.0238407096774207,""y"":20.09677369354839},{""x"":3.209324580645163,""y"":20.556451112903225},{""x"":3.3948084516129047,""y"":21.016128532258065},{""x"":3.580292322580647,""y"":21.475805951612905},{""x"":3.7657761935483887,""y"":21.935483370967745}],""reasoning"":""Selected waypoint 0 moves the reference anchor from 12.23 m to 11.74 m from goal immediately and to 9.78 m by the final waypoint, so progress is 0.49 m selected / 2.45 m final and passes with monotonic goal-distance reduction. Kinematics is evaluated on 5 unique label waypoint(s), excluding consecutive duplicate terminal holds, and checks only that the trajectory stays within the configured bounds speed <= 15.00 m/s and acceleration <= 8.00 m/s^2, so kinematics passes. Goal is not reached within this label waypoint window. Safety passes: minimum clearance 2.06 m against manifest obstacles with 0 violating segment(s).""}",3.0238407096774207,20.09677369354839,-2.5,3.209324580645163,20.556451112903225,-2.5,3.3948084516129047,21.016128532258065,-2.5,3.580292322580647,21.475805951612905,-2.5,3.7657761935483887,21.935483370967745,-2.5
1773869182.303854227,1773869182.303854227,0.000,offline_ground_truth_window,"Environment section (T(v)):
- Current position NED is (2.91, 19.88, -2.48) m.
- Current velocity is (0.01, 0.03, -0.00) m/s (speed 0.04 m/s).
- Goal position NED is (8.92, 30.25, -2.50) m.
- Output contract: predict exactly 5 waypoint x/y pairs in NED. The planner will set every waypoint z to goal z = -2.50 m before execution.
- Goal delta from current state is (6.01, 10.37, -0.02) m with distance 11.99 m.
- Obstacle pipeline: depth_camera_to_body_to_ned_current_frame.
- Current depth frame obstacle points projected into NED: 83. Nearest depth obstacle in NED is at (-2.75, 18.17, -2.67) m, relative vector (-5.66, -1.70, -0.19) m, distance 5.91 m.
- Depth validity fraction is 0.71. Global nearest obstacle distance is 4.92 m.
- Sector minimum distances [far_left, left, center, right, far_right] are [4.92, 4.92, 4.92, 4.92, 4.92] m.
- Nearest obstacle sector is far_right at 4.92 m and clearance status is clear.
- Lateral planning hint: prefer center progress.","{""waypoints"":[{""x"":3.209324580645163,""y"":20.556451112903225},{""x"":3.3948084516129047,""y"":21.016128532258065},{""x"":3.580292322580647,""y"":21.475805951612905},{""x"":3.7657761935483887,""y"":21.935483370967745},{""x"":3.9512600645161307,""y"":22.39516079032258}],""reasoning"":""Selected waypoint 0 moves the reference anchor from 11.74 m to 11.25 m from goal immediately and to 9.29 m by the final waypoint, so progress is 0.49 m selected / 2.45 m final and passes with monotonic goal-distance reduction. Kinematics is evaluated on 5 unique label waypoint(s), excluding consecutive duplicate terminal holds, and checks only that the trajectory stays within the configured bounds speed <= 15.00 m/s and acceleration <= 8.00 m/s^2, so kinematics passes. Goal is not reached within this label waypoint window. Safety passes: minimum clearance 2.32 m against manifest obstacles with 0 violating segment(s).""}",3.209324580645163,20.556451112903225,-2.5,3.3948084516129047,21.016128532258065,-2.5,3.580292322580647,21.475805951612905,-2.5,3.7657761935483887,21.935483370967745,-2.5,3.9512600645161307,22.39516079032258,-2.5
1773869188.659471512,1773869188.659471512,0.000,offline_ground_truth_window,"Environment section (T(v)):
- Current position NED is (3.10, 20.33, -2.49) m.
- Current velocity is (0.02, 0.06, 0.00) m/s (speed 0.06 m/s).
- Goal position NED is (8.92, 30.25, -2.50) m.
- Output contract: predict exactly 5 waypoint x/y pairs in NED. The planner will set every waypoint z to goal z = -2.50 m before execution.
- Goal delta from current state is (5.81, 9.92, -0.01) m with distance 11.50 m.
- Obstacle pipeline: depth_camera_to_body_to_ned_current_frame.
- Current depth frame obstacle points projected into NED: 85. Nearest depth obstacle in NED is at (-3.03, 18.68, -1.90) m, relative vector (-6.13, -1.66, 0.59) m, distance 6.38 m.
- Depth validity fraction is 0.70. Global nearest obstacle distance is 4.88 m.
- Sector minimum distances [far_left, left, center, right, far_right] are [4.88, 4.93, 4.92, 4.91, 4.90] m.
- Nearest obstacle sector is far_left at 4.88 m and clearance status is clear.
- Lateral planning hint: prefer center progress.","{""waypoints"":[{""x"":3.3948084516129047,""y"":21.016128532258065},{""x"":3.580292322580647,""y"":21.475805951612905},{""x"":3.7657761935483887,""y"":21.935483370967745},{""x"":3.9512600645161307,""y"":22.39516079032258},{""x"":4.136743935483873,""y"":22.85483820967742}],""reasoning"":""Selected waypoint 0 moves the reference anchor from 11.25 m to 10.76 m from goal immediately and to 8.81 m by the final waypoint, so progress is 0.49 m selected / 2.44 m final and passes with monotonic goal-distance reduction. Kinematics is evaluated on 5 unique label waypoint(s), excluding consecutive duplicate terminal holds, and checks only that the trajectory stays within the configured bounds speed <= 15.00 m/s and acceleration <= 8.00 m/s^2, so kinematics passes. Goal is not reached within this label waypoint window. Safety passes: minimum clearance 2.64 m against manifest obstacles with 0 violating segment(s).""}",3.3948084516129047,21.016128532258065,-2.5,3.580292322580647,21.475805951612905,-2.5,3.7657761935483887,21.935483370967745,-2.5,3.9512600645161307,22.39516079032258,-2.5,4.136743935483873,22.85483820967742,-2.5
1773869195.678738117,1773869195.678738117,0.000,offline_ground_truth_window,"Environment section (T(v)):
- Current position NED is (3.27, 20.80, -2.49) m.
- Current velocity is (0.03, 0.06, -0.00) m/s (speed 0.07 m/s).
- Goal position NED is (8.92, 30.25, -2.50) m.
- Output contract: predict exactly 5 waypoint x/y pairs in NED. The planner will set every waypoint z to goal z = -2.50 m before execution.
- Goal delta from current state is (5.65, 9.45, -0.01) m with distance 11.01 m.
- Obstacle pipeline: depth_camera_to_body_to_ned_current_frame.
- Current depth frame obstacle points projected into NED: 71. Nearest depth obstacle in NED is at (-3.43, 19.37, -2.17) m, relative vector (-6.69, -1.43, 0.32) m, distance 6.85 m.
- Depth validity fraction is 0.69. Global nearest obstacle distance is 4.29 m.
- Sector minimum distances [far_left, left, center, right, far_right] are [4.29, 4.96, 4.96, 4.96, 4.97] m.
- Nearest obstacle sector is far_left at 4.29 m and clearance status is clear.
- Lateral planning hint: prefer center progress.","{""waypoints"":[{""x"":3.580292322580647,""y"":21.475805951612905},{""x"":3.7657761935483887,""y"":21.935483370967745},{""x"":3.9512600645161307,""y"":22.39516079032258},{""x"":4.136743935483873,""y"":22.85483820967742},{""x"":4.322227806451615,""y"":23.314515629032257}],""reasoning"":""Selected waypoint 0 moves the reference anchor from 10.76 m to 10.27 m from goal immediately and to 8.32 m by the final waypoint, so progress is 0.49 m selected / 2.44 m final and passes with monotonic goal-distance reduction. Kinematics is evaluated on 5 unique label waypoint(s), excluding consecutive duplicate terminal holds, and checks only that the trajectory stays within the configured bounds speed <= 15.00 m/s and acceleration <= 8.00 m/s^2, so kinematics passes. Goal is not reached within this label waypoint window. Safety passes: minimum clearance 3.00 m against manifest obstacles with 0 violating segment(s).""}",3.580292322580647,21.475805951612905,-2.5,3.7657761935483887,21.935483370967745,-2.5,3.9512600645161307,22.39516079032258,-2.5,4.136743935483873,22.85483820967742,-2.5,4.322227806451615,23.314515629032257,-2.5
1773869202.745867729,1773869202.745867729,0.000,offline_ground_truth_window,"Environment section (T(v)):
- Current position NED is (3.49, 21.25, -2.48) m.
- Current velocity is (0.02, 0.07, 0.01) m/s (speed 0.07 m/s).
- Goal position NED is (8.92, 30.25, -2.50) m.
- Output contract: predict exactly 5 waypoint x/y pairs in NED. The planner will set every waypoint z to goal z = -2.50 m before execution.
- Goal delta from current state is (5.43, 9.00, -0.02) m with distance 10.51 m.
- Obstacle pipeline: depth_camera_to_body_to_ned_current_frame.
- Current depth frame obstacle points projected into NED: 48. Nearest depth obstacle in NED is at (-3.62, 19.51, -1.70) m, relative vector (-7.11, -1.75, 0.78) m, distance 7.37 m.
- Depth validity fraction is 0.68. Global nearest obstacle distance is 3.72 m.
- Sector minimum distances [far_left, left, center, right, far_right] are [3.72, 4.87, 4.91, 4.90, 4.89] m.
- Nearest obstacle sector is far_left at 3.72 m and clearance status is clear.
- Lateral planning hint: right side is clearer.","{""waypoints"":[{""x"":3.7657761935483887,""y"":21.935483370967745},{""x"":3.9512600645161307,""y"":22.39516079032258},{""x"":4.136743935483873,""y"":22.85483820967742},{""x"":4.322227806451615,""y"":23.314515629032257},{""x"":4.507711677419357,""y"":23.774193048387097}],""reasoning"":""Selected waypoint 0 moves the reference anchor from 10.27 m to 9.78 m from goal immediately and to 7.84 m by the final waypoint, so progress is 0.49 m selected / 2.44 m final and passes with monotonic goal-distance reduction. Kinematics is evaluated on 5 unique label waypoint(s), excluding consecutive duplicate terminal holds, and checks only that the trajectory stays within the configured bounds speed <= 15.00 m/s and acceleration <= 8.00 m/s^2, so kinematics passes. Goal is not reached within this label waypoint window. Safety passes: minimum clearance 3.40 m against manifest obstacles with 0 violating segment(s).""}",3.7657761935483887,21.935483370967745,-2.5,3.9512600645161307,22.39516079032258,-2.5,4.136743935483873,22.85483820967742,-2.5,4.322227806451615,23.314515629032257,-2.5,4.507711677419357,23.774193048387097,-2.5
1773869209.651019096,1773869209.651019096,0.000,offline_ground_truth_window,"Environment section (T(v)):
- Current position NED is (3.63, 21.72, -2.50) m.
- Current velocity is (0.03, 0.05, 0.00) m/s (speed 0.06 m/s).
- Goal position NED is (8.92, 30.25, -2.50) m.
- Output contract: predict exactly 5 waypoint x/y pairs in NED. The planner will set every waypoint z to goal z = -2.50 m before execution.
- Goal delta from current state is (5.29, 8.53, -0.00) m with distance 10.03 m.
- Obstacle pipeline: depth_camera_to_body_to_ned_current_frame.
- Current depth frame obstacle points projected into NED: 61. Nearest depth obstacle in NED is at (-1.14, 15.81, -1.88) m, relative vector (-4.78, -5.91, 0.61) m, distance 7.62 m.
- Depth validity fraction is 0.67. Global nearest obstacle distance is 3.25 m.
- Sector minimum distances [far_left, left, center, right, far_right] are [3.25, 4.09, 4.98, 4.97, 4.96] m.
- Nearest obstacle sector is far_left at 3.25 m and clearance status is clear.
- Lateral planning hint: right side is clearer.","{""waypoints"":[{""x"":3.9512600645161307,""y"":22.39516079032258},{""x"":4.136743935483873,""y"":22.85483820967742},{""x"":4.322227806451615,""y"":23.314515629032257},{""x"":4.507711677419357,""y"":23.774193048387097},{""x"":4.693195548387099,""y"":24.233870467741937}],""reasoning"":""Selected waypoint 0 moves the reference anchor from 9.78 m to 9.29 m from goal immediately and to 7.35 m by the final waypoint, so progress is 0.49 m selected / 2.43 m final and passes with monotonic goal-distance reduction. Kinematics is evaluated on 5 unique label waypoint(s), excluding consecutive duplicate terminal holds, and checks only that the trajectory stays within the configured bounds speed <= 15.00 m/s and acceleration <= 8.00 m/s^2, so kinematics passes. Goal is not reached within this label waypoint window. Safety passes: minimum clearance 3.81 m against manifest obstacles with 0 violating segment(s).""}",3.9512600645161307,22.39516079032258,-2.5,4.136743935483873,22.85483820967742,-2.5,4.322227806451615,23.314515629032257,-2.5,4.507711677419357,23.774193048387097,-2.5,4.693195548387099,24.233870467741937,-2.5
1773869217.076567888,1773869217.076567888,0.000,offline_ground_truth_window,"Environment section (T(v)):
- Current position NED is (3.85, 22.17, -2.50) m.
- Current velocity is (0.02, 0.08, 0.00) m/s (speed 0.08 m/s).
- Goal position NED is (8.92, 30.25, -2.50) m.
- Output contract: predict exactly 5 waypoint x/y pairs in NED. The planner will set every waypoint z to goal z = -2.50 m before execution.
- Goal delta from current state is (5.07, 8.08, -0.00) m with distance 9.54 m.
- Obstacle pipeline: depth_camera_to_body_to_ned_current_frame.
- Current depth frame obstacle points projected into NED: 48. Nearest depth obstacle in NED is at (-1.39, 16.22, -2.72) m, relative vector (-5.24, -5.95, -0.22) m, distance 7.93 m.
- Depth validity fraction is 0.66. Global nearest obstacle distance is 2.91 m.
- Sector minimum distances [far_left, left, center, right, far_right] are [2.91, 3.40, 4.82, 4.97, 4.96] m.
- Nearest obstacle sector is far_left at 2.91 m and clearance status is caution.
- Lateral planning hint: right side is clearer.","{""waypoints"":[{""x"":4.136743935483873,""y"":22.85483820967742},{""x"":4.322227806451615,""y"":23.314515629032257},{""x"":4.507711677419357,""y"":23.774193048387097},{""x"":4.693195548387099,""y"":24.233870467741937},{""x"":4.878679419354841,""y"":24.693547887096777}],""reasoning"":""Selected waypoint 0 moves the reference anchor from 9.29 m to 8.81 m from goal immediately and to 6.87 m by the final waypoint, so progress is 0.49 m selected / 2.42 m final and passes with monotonic goal-distance reduction. Kinematics is evaluated on 5 unique label waypoint(s), excluding consecutive duplicate terminal holds, and checks only that the trajectory stays within the configured bounds speed <= 15.00 m/s and acceleration <= 8.00 m/s^2, so kinematics passes. Goal is not reached within this label waypoint window. Safety passes: minimum clearance 4.25 m against manifest obstacles with 0 violating segment(s).""}",4.136743935483873,22.85483820967742,-2.5,4.322227806451615,23.314515629032257,-2.5,4.507711677419357,23.774193048387097,-2.5,4.693195548387099,24.233870467741937,-2.5,4.878679419354841,24.693547887096777,-2.5
1773869223.305603981,1773869223.305603981,0.000,offline_ground_truth_window,"Environment section (T(v)):
- Current position NED is (4.05, 22.62, -2.49) m.
- Current velocity is (0.02, 0.05, 0.00) m/s (speed 0.05 m/s).
- Goal position NED is (8.92, 30.25, -2.50) m.
- Output contract: predict exactly 5 waypoint x/y pairs in NED. The planner will set every waypoint z to goal z = -2.50 m before execution.
- Goal delta from current state is (4.87, 7.63, -0.01) m with distance 9.05 m.
- Obstacle pipeline: depth_camera_to_body_to_ned_current_frame.
- Current depth frame obstacle points projected into NED: 46. Nearest depth obstacle in NED is at (-1.73, 16.67, -2.71) m, relative vector (-5.78, -5.95, -0.22) m, distance 8.30 m.
- Depth validity fraction is 0.66. Global nearest obstacle distance is 2.98 m.
- Sector minimum distances [far_left, left, center, right, far_right] are [2.99, 2.98, 3.80, 4.97, 4.97] m.
- Nearest obstacle sector is left at 2.98 m and clearance status is caution.
- Lateral planning hint: right side is clearer.","{""waypoints"":[{""x"":4.322227806451615,""y"":23.314515629032257},{""x"":4.507711677419357,""y"":23.774193048387097},{""x"":4.693195548387099,""y"":24.233870467741937},{""x"":4.878679419354841,""y"":24.693547887096777},{""x"":5.064163290322583,""y"":25.153225306451613}],""reasoning"":""Selected waypoint 0 moves the reference anchor from 8.81 m to 8.32 m from goal immediately and to 6.39 m by the final waypoint, so progress is 0.49 m selected / 2.42 m final and passes with monotonic goal-distance reduction. Kinematics is evaluated on 5 unique label waypoint(s), excluding consecutive duplicate terminal holds, and checks only that the trajectory stays within the configured bounds speed <= 15.00 m/s and acceleration <= 8.00 m/s^2, so kinematics passes. Goal is not reached within this label waypoint window. Safety passes: minimum clearance 4.38 m against manifest obstacles with 0 violating segment(s).""}",4.322227806451615,23.314515629032257,-2.5,4.507711677419357,23.774193048387097,-2.5,4.693195548387099,24.233870467741937,-2.5,4.878679419354841,24.693547887096777,-2.5,5.064163290322583,25.153225306451613,-2.5
1773869229.490703583,1773869229.490703583,0.000,offline_ground_truth_window,"Environment section (T(v)):
- Current position NED is (4.20, 23.10, -2.49) m.
- Current velocity is (0.02, 0.05, 0.00) m/s (speed 0.06 m/s).
- Goal position NED is (8.92, 30.25, -2.50) m.
- Output contract: predict exactly 5 waypoint x/y pairs in NED. The planner will set every waypoint z to goal z = -2.50 m before execution.
- Goal delta from current state is (4.72, 7.15, -0.01) m with distance 8.57 m.
- Obstacle pipeline: depth_camera_to_body_to_ned_current_frame.
- Current depth frame obstacle points projected into NED: 49. Nearest depth obstacle in NED is at (-1.77, 16.85, -2.50) m, relative vector (-5.97, -6.25, -0.00) m, distance 8.64 m.
- Depth validity fraction is 0.65. Global nearest obstacle distance is 3.11 m.
- Sector minimum distances [far_left, left, center, right, far_right] are [5.01, 3.11, 3.13, 4.98, 4.98] m.
- Nearest obstacle sector is left at 3.11 m and clearance status is clear.
- Lateral planning hint: right side is clearer.","{""waypoints"":[{""x"":4.507711677419357,""y"":23.774193048387097},{""x"":4.693195548387099,""y"":24.233870467741937},{""x"":4.878679419354841,""y"":24.693547887096777},{""x"":5.064163290322583,""y"":25.153225306451613},{""x"":5.249647161290325,""y"":25.612902725806453}],""reasoning"":""Selected waypoint 0 moves the reference anchor from 8.32 m to 7.84 m from goal immediately and to 5.91 m by the final waypoint, so progress is 0.49 m selected / 2.41 m final and passes with monotonic goal-distance reduction. Kinematics is evaluated on 5 unique label waypoint(s), excluding consecutive duplicate terminal holds, and checks only that the trajectory stays within the configured bounds speed <= 15.00 m/s and acceleration <= 8.00 m/s^2, so kinematics passes. Goal is not reached within this label waypoint window. Safety passes: minimum clearance 3.93 m against manifest obstacles with 0 violating segment(s).""}",4.507711677419357,23.774193048387097,-2.5,4.693195548387099,24.233870467741937,-2.5,4.878679419354841,24.693547887096777,-2.5,5.064163290322583,25.153225306451613,-2.5,5.249647161290325,25.612902725806453,-2.5
1773869237.222931385,1773869237.222931385,0.000,offline_ground_truth_window,"Environment section (T(v)):
- Current position NED is (4.43, 23.54, -2.50) m.
- Current velocity is (0.02, 0.05, 0.01) m/s (speed 0.05 m/s).
- Goal position NED is (8.92, 30.25, -2.50) m.
- Output contract: predict exactly 5 waypoint x/y pairs in NED. The planner will set every waypoint z to goal z = -2.50 m before execution.
- Goal delta from current state is (4.49, 6.71, 0.00) m with distance 8.07 m.
- Obstacle pipeline: depth_camera_to_body_to_ned_current_frame.
- Current depth frame obstacle points projected into NED: 38. Nearest depth obstacle in NED is at (-2.44, 17.43, -2.25) m, relative vector (-6.87, -6.11, 0.25) m, distance 9.20 m.
- Depth validity fraction is 0.65. Global nearest obstacle distance is 3.21 m.
- Sector minimum distances [far_left, left, center, right, far_right] are [5.02, 5.02, 3.21, 3.36, 5.02] m.
- Nearest obstacle sector is center at 3.21 m and clearance status is clear.
- Lateral planning hint: left side is clearer.","{""waypoints"":[{""x"":4.693195548387099,""y"":24.233870467741937},{""x"":4.878679419354841,""y"":24.693547887096777},{""x"":5.064163290322583,""y"":25.153225306451613},{""x"":5.249647161290325,""y"":25.612902725806453},{""x"":5.435131032258067,""y"":26.07258014516129}],""reasoning"":""Selected waypoint 0 moves the reference anchor from 7.84 m to 7.35 m from goal immediately and to 5.44 m by the final waypoint, so progress is 0.48 m selected / 2.40 m final and passes with monotonic goal-distance reduction. Kinematics is evaluated on 5 unique label waypoint(s), excluding consecutive duplicate terminal holds, and checks only that the trajectory stays within the configured bounds speed <= 15.00 m/s and acceleration <= 8.00 m/s^2, so kinematics passes. Goal is not reached within this label waypoint window. Safety passes: minimum clearance 3.49 m against manifest obstacles with 0 violating segment(s).""}",4.693195548387099,24.233870467741937,-2.5,4.878679419354841,24.693547887096777,-2.5,5.064163290322583,25.153225306451613,-2.5,5.249647161290325,25.612902725806453,-2.5,5.435131032258067,26.07258014516129,-2.5
1773869244.445449352,1773869244.445449352,0.000,offline_ground_truth_window,"Environment section (T(v)):
- Current position NED is (4.63, 23.99, -2.50) m.
- Current velocity is (0.02, 0.07, 0.00) m/s (speed 0.07 m/s).
- Goal position NED is (8.92, 30.25, -2.50) m.
- Output contract: predict exactly 5 waypoint x/y pairs in NED. The planner will set every waypoint z to goal z = -2.50 m before execution.
- Goal delta from current state is (4.29, 6.26, 0.00) m with distance 7.59 m.
- Obstacle pipeline: depth_camera_to_body_to_ned_current_frame.
- Current depth frame obstacle points projected into NED: 32. Nearest depth obstacle in NED is at (-2.44, 17.89, -1.75) m, relative vector (-7.06, -6.10, 0.75) m, distance 9.36 m.
- Depth validity fraction is 0.64. Global nearest obstacle distance is 3.34 m.
- Sector minimum distances [far_left, left, center, right, far_right] are [5.03, 5.04, 3.65, 3.34, 5.07] m.
- Nearest obstacle sector is right at 3.34 m and clearance status is clear.
- Lateral planning hint: left side is clearer.","{""waypoints"":[{""x"":4.878679419354841,""y"":24.693547887096777},{""x"":5.064163290322583,""y"":25.153225306451613},{""x"":5.249647161290325,""y"":25.612902725806453},{""x"":5.435131032258067,""y"":26.07258014516129},{""x"":5.620614903225808,""y"":26.53225756451613}],""reasoning"":""Selected waypoint 0 moves the reference anchor from 7.35 m to 6.87 m from goal immediately and to 4.97 m by the final waypoint, so progress is 0.48 m selected / 2.38 m final and passes with monotonic goal-distance reduction. Kinematics is evaluated on 5 unique label waypoint(s), excluding consecutive duplicate terminal holds, and checks only that the trajectory stays within the configured bounds speed <= 15.00 m/s and acceleration <= 8.00 m/s^2, so kinematics passes. Goal is not reached within this label waypoint window. Safety passes: minimum clearance 3.07 m against manifest obstacles with 0 violating segment(s).""}",4.878679419354841,24.693547887096777,-2.5,5.064163290322583,25.153225306451613,-2.5,5.249647161290325,25.612902725806453,-2.5,5.435131032258067,26.07258014516129,-2.5,5.620614903225808,26.53225756451613,-2.5
1773869251.540682554,1773869251.540682554,0.000,offline_ground_truth_window,"Environment section (T(v)):
- Current position NED is (4.79, 24.46, -2.49) m.
- Current velocity is (0.01, 0.05, 0.00) m/s (speed 0.05 m/s).
- Goal position NED is (8.92, 30.25, -2.50) m.
- Output contract: predict exactly 5 waypoint x/y pairs in NED. The planner will set every waypoint z to goal z = -2.50 m before execution.
- Goal delta from current state is (4.13, 5.79, -0.01) m with distance 7.11 m.
- Obstacle pipeline: depth_camera_to_body_to_ned_current_frame.
- Current depth frame obstacle points projected into NED: 24. Nearest depth obstacle in NED is at (-1.17, 15.36, -2.12) m, relative vector (-5.96, -9.10, 0.37) m, distance 10.88 m.
- Depth validity fraction is 0.64. Global nearest obstacle distance is 3.49 m.
- Sector minimum distances [far_left, left, center, right, far_right] are [5.03, 5.02, 5.02, 3.71, 3.49] m.
- Nearest obstacle sector is far_right at 3.49 m and clearance status is clear.
- Lateral planning hint: left side is clearer.","{""waypoints"":[{""x"":5.064163290322583,""y"":25.153225306451613},{""x"":5.249647161290325,""y"":25.612902725806453},{""x"":5.435131032258067,""y"":26.07258014516129},{""x"":5.620614903225808,""y"":26.53225756451613},{""x"":5.80609877419355,""y"":26.99193498387097}],""reasoning"":""Selected waypoint 0 moves the reference anchor from 6.87 m to 6.39 m from goal immediately and to 4.51 m by the final waypoint, so progress is 0.48 m selected / 2.36 m final and passes with monotonic goal-distance reduction. Kinematics is evaluated on 5 unique label waypoint(s), excluding consecutive duplicate terminal holds, and checks only that the trajectory stays within the configured bounds speed <= 15.00 m/s and acceleration <= 8.00 m/s^2, so kinematics passes. Goal is not reached within this label waypoint window. Safety passes: minimum clearance 2.66 m against manifest obstacles with 0 violating segment(s).""}",5.064163290322583,25.153225306451613,-2.5,5.249647161290325,25.612902725806453,-2.5,5.435131032258067,26.07258014516129,-2.5,5.620614903225808,26.53225756451613,-2.5,5.80609877419355,26.99193498387097,-2.5
1773869257.719239712,1773869257.719239712,0.000,offline_ground_truth_window,"Environment section (T(v)):
- Current position NED is (4.97, 24.92, -2.52) m.
- Current velocity is (0.02, 0.05, 0.01) m/s (speed 0.06 m/s).
- Goal position NED is (8.92, 30.25, -2.50) m.
- Output contract: predict exactly 5 waypoint x/y pairs in NED. The planner will set every waypoint z to goal z = -2.50 m before execution.
- Goal delta from current state is (3.94, 5.33, 0.02) m with distance 6.63 m.
- Obstacle pipeline: depth_camera_to_body_to_ned_current_frame.
- Current depth frame obstacle points projected into NED: 32. Nearest depth obstacle in NED is at (-2.87, 18.72, -2.38) m, relative vector (-7.85, -6.20, 0.15) m, distance 10.00 m.
- Depth validity fraction is 0.64. Global nearest obstacle distance is 3.70 m.
- Sector minimum distances [far_left, left, center, right, far_right] are [5.05, 5.05, 5.04, 5.04, 3.70] m.
- Nearest obstacle sector is far_right at 3.70 m and clearance status is clear.
- Lateral planning hint: left side is clearer.","{""waypoints"":[{""x"":5.249647161290325,""y"":25.612902725806453},{""x"":5.435131032258067,""y"":26.07258014516129},{""x"":5.620614903225808,""y"":26.53225756451613},{""x"":5.80609877419355,""y"":26.99193498387097},{""x"":5.991582645161293,""y"":27.45161240322581}],""reasoning"":""Selected waypoint 0 moves the reference anchor from 6.39 m to 5.91 m from goal immediately and to 4.05 m by the final waypoint, so progress is 0.48 m selected / 2.34 m final and passes with monotonic goal-distance reduction. Kinematics is evaluated on 5 unique label waypoint(s), excluding consecutive duplicate terminal holds, and checks only that the trajectory stays within the configured bounds speed <= 15.00 m/s and acceleration <= 8.00 m/s^2, so kinematics passes. Goal is not reached within this label waypoint window. Safety passes: minimum clearance 2.29 m against manifest obstacles with 0 violating segment(s).""}",5.249647161290325,25.612902725806453,-2.5,5.435131032258067,26.07258014516129,-2.5,5.620614903225808,26.53225756451613,-2.5,5.80609877419355,26.99193498387097,-2.5,5.991582645161293,27.45161240322581,-2.5
1773869264.809976101,1773869264.809976101,0.000,offline_ground_truth_window,"Environment section (T(v)):
- Current position NED is (5.15, 25.39, -2.51) m.
- Current velocity is (0.02, 0.04, 0.01) m/s (speed 0.05 m/s).
- Goal position NED is (8.92, 30.25, -2.50) m.
- Output contract: predict exactly 5 waypoint x/y pairs in NED. The planner will set every waypoint z to goal z = -2.50 m before execution.
- Goal delta from current state is (3.77, 4.86, 0.01) m with distance 6.15 m.
- Obstacle pipeline: depth_camera_to_body_to_ned_current_frame.
- Current depth frame obstacle points projected into NED: 24. Nearest depth obstacle in NED is at (-3.08, 19.02, -1.54) m, relative vector (-8.24, -6.37, 0.97) m, distance 10.46 m.
- Depth validity fraction is 0.62. Global nearest obstacle distance is 4.12 m.
- Sector minimum distances [far_left, left, center, right, far_right] are [5.04, 5.04, 5.04, 5.05, 4.12] m.
- Nearest obstacle sector is far_right at 4.12 m and clearance status is clear.
- Lateral planning hint: left side is clearer.","{""waypoints"":[{""x"":5.435131032258067,""y"":26.07258014516129},{""x"":5.620614903225808,""y"":26.53225756451613},{""x"":5.80609877419355,""y"":26.99193498387097},{""x"":5.991582645161293,""y"":27.45161240322581},{""x"":6.177066516129034,""y"":27.91128982258065}],""reasoning"":""Selected waypoint 0 moves the reference anchor from 5.91 m to 5.44 m from goal immediately and to 3.60 m by the final waypoint, so progress is 0.47 m selected / 2.31 m final and passes with monotonic goal-distance reduction. Kinematics is evaluated on 5 unique label waypoint(s), excluding consecutive duplicate terminal holds, and checks only that the trajectory stays within the configured bounds speed <= 15.00 m/s and acceleration <= 8.00 m/s^2, so kinematics passes. Goal is not reached within this label waypoint window. Safety passes: minimum clearance 1.97 m against manifest obstacles with 0 violating segment(s).""}",5.435131032258067,26.07258014516129,-2.5,5.620614903225808,26.53225756451613,-2.5,5.80609877419355,26.99193498387097,-2.5,5.991582645161293,27.45161240322581,-2.5,6.177066516129034,27.91128982258065,-2.5
1773869271.699195147,1773869271.699195147,0.000,offline_ground_truth_window,"Environment section (T(v)):
- Current position NED is (5.26, 25.88, -2.43) m.
- Current velocity is (-0.29, 0.77, 0.16) m/s (speed 0.84 m/s).
- Goal position NED is (8.92, 30.25, -2.50) m.
- Output contract: predict exactly 5 waypoint x/y pairs in NED. The planner will set every waypoint z to goal z = -2.50 m before execution.
- Goal delta from current state is (3.66, 4.37, -0.07) m with distance 5.70 m.
- Obstacle pipeline: depth_camera_to_body_to_ned_current_frame.
- Current depth frame obstacle points projected into NED: 28. Nearest depth obstacle in NED is at (3.63, 23.54, -2.69) m, relative vector (-1.62, -2.34, -0.25) m, distance 2.86 m.
- Depth validity fraction is 0.50. Global nearest obstacle distance is 2.10 m.
- Sector minimum distances [far_left, left, center, right, far_right] are [5.70, 5.81, 5.32, 5.37, 2.10] m.
- Nearest obstacle sector is far_right at 2.10 m and clearance status is caution.
- Lateral planning hint: left side is clearer.","{""waypoints"":[{""x"":5.620614903225808,""y"":26.53225756451613},{""x"":5.80609877419355,""y"":26.99193498387097},{""x"":5.991582645161293,""y"":27.45161240322581},{""x"":6.177066516129034,""y"":27.91128982258065},{""x"":6.362550387096776,""y"":28.370967241935485}],""reasoning"":""Selected waypoint 0 moves the reference anchor from 5.44 m to 4.97 m from goal immediately and to 3.17 m by the final waypoint, so progress is 0.47 m selected / 2.27 m final and passes with monotonic goal-distance reduction. Kinematics is evaluated on 5 unique label waypoint(s), excluding consecutive duplicate terminal holds, and checks only that the trajectory stays within the configured bounds speed <= 15.00 m/s and acceleration <= 8.00 m/s^2, so kinematics passes. Goal is not reached within this label waypoint window. Safety passes: minimum clearance 1.72 m against manifest obstacles with 0 violating segment(s).""}",5.620614903225808,26.53225756451613,-2.5,5.80609877419355,26.99193498387097,-2.5,5.991582645161293,27.45161240322581,-2.5,6.177066516129034,27.91128982258065,-2.5,6.362550387096776,28.370967241935485,-2.5
1773869272.722602606,1773869272.722602606,0.000,offline_ground_truth_window,"Environment section (T(v)):
- Current position NED is (5.09, 26.48, -2.23) m.
- Current velocity is (-1.06, 0.71, 0.21) m/s (speed 1.29 m/s).
- Goal position NED is (8.92, 30.25, -2.50) m.
- Output contract: predict exactly 5 waypoint x/y pairs in NED. The planner will set every waypoint z to goal z = -2.50 m before execution.
- Goal delta from current state is (3.83, 3.77, -0.27) m with distance 5.38 m.
- Obstacle pipeline: depth_camera_to_body_to_ned_current_frame.
- Current depth frame obstacle points projected into NED: 3. Nearest depth obstacle in NED is at (4.86, 15.62, -0.27) m, relative vector (-0.23, -10.86, 1.96) m, distance 11.04 m.
- Depth validity fraction is 0.64. Global nearest obstacle distance is 3.75 m.
- Sector minimum distances [far_left, left, center, right, far_right] are [4.24, 4.10, 3.98, 3.86, 3.75] m.
- Nearest obstacle sector is far_right at 3.75 m and clearance status is clear.
- Lateral planning hint: prefer center progress.","{""waypoints"":[{""x"":5.80609877419355,""y"":26.99193498387097},{""x"":5.991582645161293,""y"":27.45161240322581},{""x"":6.177066516129034,""y"":27.91128982258065},{""x"":6.362550387096776,""y"":28.370967241935485},{""x"":6.548034258064518,""y"":28.83064466129032}],""reasoning"":""Selected waypoint 0 moves the reference anchor from 4.97 m to 4.51 m from goal immediately and to 2.76 m by the final waypoint, so progress is 0.46 m selected / 2.21 m final and passes with monotonic goal-distance reduction. Kinematics is evaluated on 5 unique label waypoint(s), excluding consecutive duplicate terminal holds, and checks only that the trajectory stays within the configured bounds speed <= 15.00 m/s and acceleration <= 8.00 m/s^2, so kinematics passes. Goal is not reached within this label waypoint window. Safety passes: minimum clearance 1.57 m against manifest obstacles with 0 violating segment(s).""}",5.80609877419355,26.99193498387097,-2.5,5.991582645161293,27.45161240322581,-2.5,6.177066516129034,27.91128982258065,-2.5,6.362550387096776,28.370967241935485,-2.5,6.548034258064518,28.83064466129032,-2.5
1773869287.650775194,1773869287.650775194,0.000,offline_ground_truth_window,"Environment section (T(v)):
- Current position NED is (5.91, 26.69, -2.57) m.
- Current velocity is (-0.02, 0.08, 0.00) m/s (speed 0.08 m/s).
- Goal position NED is (8.92, 30.25, -2.50) m.
- Output contract: predict exactly 5 waypoint x/y pairs in NED. The planner will set every waypoint z to goal z = -2.50 m before execution.
- Goal delta from current state is (3.01, 3.56, 0.07) m with distance 4.67 m.
- Obstacle pipeline: depth_camera_to_body_to_ned_current_frame.
- Current depth frame obstacle points projected into NED: 0. Nearest depth obstacle in NED is at (5.91, 26.69, -2.57) m, relative vector (20.00, 0.00, 0.00) m, distance 20.00 m.
- Depth validity fraction is 0.36. Global nearest obstacle distance is 3.31 m.
- Sector minimum distances [far_left, left, center, right, far_right] are [3.34, 3.33, 3.33, 3.32, 3.31] m.
- Nearest obstacle sector is far_right at 3.31 m and clearance status is clear.
- Lateral planning hint: prefer center progress.","{""waypoints"":[{""x"":5.991582645161293,""y"":27.45161240322581},{""x"":6.177066516129034,""y"":27.91128982258065},{""x"":6.362550387096776,""y"":28.370967241935485},{""x"":6.548034258064518,""y"":28.83064466129032},{""x"":6.73351812903226,""y"":29.29032208064516}],""reasoning"":""Selected waypoint 0 moves the reference anchor from 4.51 m to 4.05 m from goal immediately and to 2.39 m by the final waypoint, so progress is 0.46 m selected / 2.12 m final and passes with monotonic goal-distance reduction. Kinematics is evaluated on 5 unique label waypoint(s), excluding consecutive duplicate terminal holds, and checks only that the trajectory stays within the configured bounds speed <= 15.00 m/s and acceleration <= 8.00 m/s^2, so kinematics passes. Goal is not reached within this label waypoint window. Safety passes: minimum clearance 1.55 m against manifest obstacles with 0 violating segment(s).""}",5.991582645161293,27.45161240322581,-2.5,6.177066516129034,27.91128982258065,-2.5,6.362550387096776,28.370967241935485,-2.5,6.548034258064518,28.83064466129032,-2.5,6.73351812903226,29.29032208064516,-2.5
1773869293.953249216,1773869293.953249216,0.000,offline_ground_truth_window,"Environment section (T(v)):
- Current position NED is (6.00, 27.18, -2.53) m.
- Current velocity is (0.00, 0.05, 0.01) m/s (speed 0.05 m/s).
- Goal position NED is (8.92, 30.25, -2.50) m.
- Output contract: predict exactly 5 waypoint x/y pairs in NED. The planner will set every waypoint z to goal z = -2.50 m before execution.
- Goal delta from current state is (2.92, 3.07, 0.03) m with distance 4.23 m.
- Obstacle pipeline: depth_camera_to_body_to_ned_current_frame.
- Current depth frame obstacle points projected into NED: 0. Nearest depth obstacle in NED is at (6.00, 27.18, -2.53) m, relative vector (20.00, 0.00, 0.00) m, distance 20.00 m.
- Depth validity fraction is 0.36. Global nearest obstacle distance is 3.15 m.
- Sector minimum distances [far_left, left, center, right, far_right] are [3.31, 3.27, 3.23, 3.19, 3.15] m.
- Nearest obstacle sector is far_right at 3.15 m and clearance status is clear.
- Lateral planning hint: prefer center progress.","{""waypoints"":[{""x"":6.177066516129034,""y"":27.91128982258065},{""x"":6.362550387096776,""y"":28.370967241935485},{""x"":6.548034258064518,""y"":28.83064466129032},{""x"":6.73351812903226,""y"":29.29032208064516},{""x"":6.919002000000002,""y"":29.7499995}],""reasoning"":""Selected waypoint 0 moves the reference anchor from 4.05 m to 3.60 m from goal immediately and to 2.06 m by the final waypoint, so progress is 0.45 m selected / 1.99 m final and passes with monotonic goal-distance reduction. Kinematics is evaluated on 5 unique label waypoint(s), excluding consecutive duplicate terminal holds, and checks only that the trajectory stays within the configured bounds speed <= 15.00 m/s and acceleration <= 8.00 m/s^2, so kinematics passes. Goal is not reached within this label waypoint window. Safety passes: minimum clearance 1.55 m against manifest obstacles with 0 violating segment(s).""}",6.177066516129034,27.91128982258065,-2.5,6.362550387096776,28.370967241935485,-2.5,6.548034258064518,28.83064466129032,-2.5,6.73351812903226,29.29032208064516,-2.5,6.919002000000002,29.7499995,-2.5
1773869299.573434591,1773869299.573434591,0.000,offline_ground_truth_window,"Environment section (T(v)):
- Current position NED is (6.11, 27.67, -2.50) m.
- Current velocity is (0.01, 0.06, 0.00) m/s (speed 0.06 m/s).
- Goal position NED is (8.92, 30.25, -2.50) m.
- Output contract: predict exactly 5 waypoint x/y pairs in NED. The planner will set every waypoint z to goal z = -2.50 m before execution.
- Goal delta from current state is (2.80, 2.58, -0.00) m with distance 3.81 m.
- Obstacle pipeline: depth_camera_to_body_to_ned_current_frame.
- Current depth frame obstacle points projected into NED: 0. Nearest depth obstacle in NED is at (6.11, 27.67, -2.50) m, relative vector (20.00, 0.00, 0.00) m, distance 20.00 m.
- Depth validity fraction is 0.36. Global nearest obstacle distance is 3.06 m.
- Sector minimum distances [far_left, left, center, right, far_right] are [3.19, 3.16, 3.13, 3.10, 3.06] m.
- Nearest obstacle sector is far_right at 3.06 m and clearance status is clear.
- Lateral planning hint: prefer center progress.","{""waypoints"":[{""x"":6.362550387096776,""y"":28.370967241935485},{""x"":6.548034258064518,""y"":28.83064466129032},{""x"":6.73351812903226,""y"":29.29032208064516},{""x"":6.919002000000002,""y"":29.7499995},{""x"":7.294002000000002,""y"":29.9374995}],""reasoning"":""Selected waypoint 0 moves the reference anchor from 3.60 m to 3.17 m from goal immediately and to 1.65 m by the final waypoint, so progress is 0.43 m selected / 1.95 m final and passes with monotonic goal-distance reduction. Kinematics is evaluated on 5 unique label waypoint(s), excluding consecutive duplicate terminal holds, and checks only that the trajectory stays within the configured bounds speed <= 15.00 m/s and acceleration <= 8.00 m/s^2, so kinematics passes. Goal is not reached within this label waypoint window. Safety passes: minimum clearance 1.54 m against manifest obstacles with 0 violating segment(s).""}",6.362550387096776,28.370967241935485,-2.5,6.548034258064518,28.83064466129032,-2.5,6.73351812903226,29.29032208064516,-2.5,6.919002000000002,29.7499995,-2.5,7.294002000000002,29.9374995,-2.5
1773869306.132066011,1773869306.132066011,0.000,offline_ground_truth_window,"Environment section (T(v)):
- Current position NED is (6.30, 28.13, -2.50) m.
- Current velocity is (0.02, 0.04, 0.00) m/s (speed 0.04 m/s).
- Goal position NED is (8.92, 30.25, -2.50) m.
- Output contract: predict exactly 5 waypoint x/y pairs in NED. The planner will set every waypoint z to goal z = -2.50 m before execution.
- Goal delta from current state is (2.62, 2.12, 0.00) m with distance 3.37 m.
- Obstacle pipeline: depth_camera_to_body_to_ned_current_frame.
- Current depth frame obstacle points projected into NED: 0. Nearest depth obstacle in NED is at (6.30, 28.13, -2.50) m, relative vector (20.00, 0.00, 0.00) m, distance 20.00 m.
- Depth validity fraction is 0.36. Global nearest obstacle distance is 3.06 m.
- Sector minimum distances [far_left, left, center, right, far_right] are [3.17, 3.14, 3.11, 3.08, 3.06] m.
- Nearest obstacle sector is far_right at 3.06 m and clearance status is clear.
- Lateral planning hint: prefer center progress.","{""waypoints"":[{""x"":6.548034258064518,""y"":28.83064466129032},{""x"":6.73351812903226,""y"":29.29032208064516},{""x"":6.919002000000002,""y"":29.7499995},{""x"":7.294002000000002,""y"":29.9374995},{""x"":7.669002000000002,""y"":30.1249995}],""reasoning"":""Selected waypoint 0 moves the reference anchor from 3.17 m to 2.76 m from goal immediately and to 1.26 m by the final waypoint, so progress is 0.41 m selected / 1.92 m final and passes with monotonic goal-distance reduction. Kinematics is evaluated on 5 unique label waypoint(s), excluding consecutive duplicate terminal holds, and checks only that the trajectory stays within the configured bounds speed <= 15.00 m/s and acceleration <= 8.00 m/s^2, so kinematics passes. Goal is not reached within this label waypoint window. Safety passes: minimum clearance 1.52 m against manifest obstacles with 0 violating segment(s).""}",6.548034258064518,28.83064466129032,-2.5,6.73351812903226,29.29032208064516,-2.5,6.919002000000002,29.7499995,-2.5,7.294002000000002,29.9374995,-2.5,7.669002000000002,30.1249995,-2.5
1773869311.712162256,1773869311.712162256,0.000,offline_ground_truth_window,"Environment section (T(v)):
- Current position NED is (6.47, 28.60, -2.49) m.
- Current velocity is (0.02, 0.05, 0.00) m/s (speed 0.06 m/s).
- Goal position NED is (8.92, 30.25, -2.50) m.
- Output contract: predict exactly 5 waypoint x/y pairs in NED. The planner will set every waypoint z to goal z = -2.50 m before execution.
- Goal delta from current state is (2.45, 1.65, -0.01) m with distance 2.96 m.
- Obstacle pipeline: depth_camera_to_body_to_ned_current_frame.
- Current depth frame obstacle points projected into NED: 0. Nearest depth obstacle in NED is at (6.47, 28.60, -2.49) m, relative vector (20.00, 0.00, 0.00) m, distance 20.00 m.
- Depth validity fraction is 0.36. Global nearest obstacle distance is 3.02 m.
- Sector minimum distances [far_left, left, center, right, far_right] are [3.12, 3.09, 3.07, 3.05, 3.02] m.
- Nearest obstacle sector is far_right at 3.02 m and clearance status is clear.
- Lateral planning hint: prefer center progress.","{""waypoints"":[{""x"":6.73351812903226,""y"":29.29032208064516},{""x"":6.919002000000002,""y"":29.7499995},{""x"":7.294002000000002,""y"":29.9374995},{""x"":7.669002000000002,""y"":30.1249995},{""x"":8.044002000000003,""y"":30.3124995}],""reasoning"":""Selected waypoint 0 moves the reference anchor from 2.76 m to 2.39 m from goal immediately and to 0.88 m by the final waypoint, so progress is 0.38 m selected / 1.89 m final and passes with monotonic goal-distance reduction. Kinematics is evaluated on 5 unique label waypoint(s), excluding consecutive duplicate terminal holds, and checks only that the trajectory stays within the configured bounds speed <= 15.00 m/s and acceleration <= 8.00 m/s^2, so kinematics passes. Goal is not reached within this label waypoint window. Safety passes: minimum clearance 1.52 m against manifest obstacles with 0 violating segment(s).""}",6.73351812903226,29.29032208064516,-2.5,6.919002000000002,29.7499995,-2.5,7.294002000000002,29.9374995,-2.5,7.669002000000002,30.1249995,-2.5,8.044002000000003,30.3124995,-2.5
1773869318.402361870,1773869318.402361870,0.000,offline_ground_truth_window,"Environment section (T(v)):
- Current position NED is (6.58, 29.09, -2.47) m.
- Current velocity is (0.03, 0.05, -0.01) m/s (speed 0.06 m/s).
- Goal position NED is (8.92, 30.25, -2.50) m.
- Output contract: predict exactly 5 waypoint x/y pairs in NED. The planner will set every waypoint z to goal z = -2.50 m before execution.
- Goal delta from current state is (2.34, 1.16, -0.03) m with distance 2.61 m.
- Obstacle pipeline: depth_camera_to_body_to_ned_current_frame.
- Current depth frame obstacle points projected into NED: 0. Nearest depth obstacle in NED is at (6.58, 29.09, -2.47) m, relative vector (20.00, 0.00, 0.00) m, distance 20.00 m.
- Depth validity fraction is 0.37. Global nearest obstacle distance is 2.92 m.
- Sector minimum distances [far_left, left, center, right, far_right] are [3.08, 3.04, 3.00, 2.96, 2.92] m.
- Nearest obstacle sector is far_right at 2.92 m and clearance status is caution.
- Lateral planning hint: prefer center progress.","{""waypoints"":[{""x"":6.919002000000002,""y"":29.7499995},{""x"":7.294002000000002,""y"":29.9374995},{""x"":7.669002000000002,""y"":30.1249995},{""x"":8.044002000000003,""y"":30.3124995},{""x"":8.419002000000003,""y"":30.4999995}],""reasoning"":""Selected waypoint 0 moves the reference anchor from 2.39 m to 2.06 m from goal immediately and to 0.56 m by the final waypoint, so progress is 0.33 m selected / 1.83 m final and passes with monotonic goal-distance reduction. Kinematics is evaluated on 5 unique label waypoint(s), excluding consecutive duplicate terminal holds, and checks only that the trajectory stays within the configured bounds speed <= 15.00 m/s and acceleration <= 8.00 m/s^2, so kinematics passes. Goal is not reached within this label waypoint window. Safety passes: minimum clearance 1.52 m against manifest obstacles with 0 violating segment(s).""}",6.919002000000002,29.7499995,-2.5,7.294002000000002,29.9374995,-2.5,7.669002000000002,30.1249995,-2.5,8.044002000000003,30.3124995,-2.5,8.419002000000003,30.4999995,-2.5
1773869325.766810417,1773869325.766810417,0.000,offline_ground_truth_window,"Environment section (T(v)):
- Current position NED is (6.81, 29.53, -2.46) m.
- Current velocity is (0.02, 0.05, -0.02) m/s (speed 0.06 m/s).
- Goal position NED is (8.92, 30.25, -2.50) m.
- Output contract: predict exactly 5 waypoint x/y pairs in NED. The planner will set every waypoint z to goal z = -2.50 m before execution.
- Goal delta from current state is (2.11, 0.72, -0.04) m with distance 2.23 m.
- Obstacle pipeline: depth_camera_to_body_to_ned_current_frame.
- Current depth frame obstacle points projected into NED: 0. Nearest depth obstacle in NED is at (6.81, 29.53, -2.46) m, relative vector (20.00, 0.00, 0.00) m, distance 20.00 m.
- Depth validity fraction is 0.36. Global nearest obstacle distance is 2.96 m.
- Sector minimum distances [far_left, left, center, right, far_right] are [3.12, 3.08, 3.04, 3.00, 2.96] m.
- Nearest obstacle sector is far_right at 2.96 m and clearance status is caution.
- Lateral planning hint: prefer center progress.","{""waypoints"":[{""x"":7.294002000000002,""y"":29.9374995},{""x"":7.669002000000002,""y"":30.1249995},{""x"":8.044002000000003,""y"":30.3124995},{""x"":8.419002000000003,""y"":30.4999995},{""x"":8.669002000000003,""y"":30.3749995}],""reasoning"":""Selected waypoint 0 moves the reference anchor from 2.06 m to 1.65 m from goal immediately and to 0.28 m by the final waypoint, so progress is 0.41 m selected / 1.78 m final and passes with monotonic goal-distance reduction. Kinematics is evaluated on 5 unique label waypoint(s), excluding consecutive duplicate terminal holds, and checks only that the trajectory stays within the configured bounds speed <= 15.00 m/s and acceleration <= 8.00 m/s^2, so kinematics fails. Goal will be reached in 5 waypoint(s) within 0.35 m tolerance. Safety passes: minimum clearance 1.52 m against manifest obstacles with 0 violating segment(s).""}",7.294002000000002,29.9374995,-2.5,7.669002000000002,30.1249995,-2.5,8.044002000000003,30.3124995,-2.5,8.419002000000003,30.4999995,-2.5,8.669002000000003,30.3749995,-2.5
1773869332.707532167,1773869332.707532167,0.000,offline_ground_truth_window,"Environment section (T(v)):
- Current position NED is (7.11, 29.84, -2.50) m.
- Current velocity is (0.03, 0.03, -0.00) m/s (speed 0.04 m/s).
- Goal position NED is (8.92, 30.25, -2.50) m.
- Output contract: predict exactly 5 waypoint x/y pairs in NED. The planner will set every waypoint z to goal z = -2.50 m before execution.
- Goal delta from current state is (1.81, 0.41, -0.00) m with distance 1.85 m.
- Obstacle pipeline: depth_camera_to_body_to_ned_current_frame.
- Current depth frame obstacle points projected into NED: 0. Nearest depth obstacle in NED is at (7.11, 29.84, -2.50) m, relative vector (20.00, 0.00, 0.00) m, distance 20.00 m.
- Depth validity fraction is 0.36. Global nearest obstacle distance is 3.11 m.
- Sector minimum distances [far_left, left, center, right, far_right] are [3.14, 3.11, 4.96, 4.96, 4.95] m.
- Nearest obstacle sector is left at 3.11 m and clearance status is clear.
- Lateral planning hint: right side is clearer.","{""waypoints"":[{""x"":7.669002000000002,""y"":30.1249995},{""x"":8.044002000000003,""y"":30.3124995},{""x"":8.419002000000003,""y"":30.4999995},{""x"":8.669002000000003,""y"":30.3749995},{""x"":8.919002000000003,""y"":30.2499995}],""reasoning"":""Selected waypoint 0 moves the reference anchor from 1.65 m to 1.26 m from goal immediately and to 0.00 m by the final waypoint, so progress is 0.40 m selected / 1.65 m final and passes with monotonic goal-distance reduction. Kinematics is evaluated on 5 unique label waypoint(s), excluding consecutive duplicate terminal holds, and checks only that the trajectory stays within the configured bounds speed <= 15.00 m/s and acceleration <= 8.00 m/s^2, so kinematics fails. Goal will be reached in 4 waypoint(s) within 0.35 m tolerance. Safety passes: minimum clearance 1.52 m against manifest obstacles with 0 violating segment(s).""}",7.669002000000002,30.1249995,-2.5,8.044002000000003,30.3124995,-2.5,8.419002000000003,30.4999995,-2.5,8.669002000000003,30.3749995,-2.5,8.919002000000003,30.2499995,-2.5
1773869339.349365473,1773869339.349365473,0.000,offline_ground_truth_window,"Environment section (T(v)):
- Current position NED is (7.50, 30.00, -2.49) m.
- Current velocity is (0.04, 0.03, -0.00) m/s (speed 0.04 m/s).
- Goal position NED is (8.92, 30.25, -2.50) m.
- Output contract: predict exactly 5 waypoint x/y pairs in NED. The planner will set every waypoint z to goal z = -2.50 m before execution.
- Goal delta from current state is (1.42, 0.25, -0.01) m with distance 1.44 m.
- Obstacle pipeline: depth_camera_to_body_to_ned_current_frame.
- Current depth frame obstacle points projected into NED: 0. Nearest depth obstacle in NED is at (7.50, 30.00, -2.49) m, relative vector (20.00, 0.00, 0.00) m, distance 20.00 m.
- Depth validity fraction is 0.36. Global nearest obstacle distance is 4.96 m.
- Sector minimum distances [far_left, left, center, right, far_right] are [4.99, 4.98, 4.98, 4.97, 4.96] m.
- Nearest obstacle sector is far_right at 4.96 m and clearance status is clear.
- Lateral planning hint: prefer center progress.","{""waypoints"":[{""x"":8.919002000000003,""y"":30.2499995},{""x"":8.919002000000003,""y"":30.2499995},{""x"":8.919002000000003,""y"":30.2499995},{""x"":8.919002000000003,""y"":30.2499995},{""x"":8.919002000000003,""y"":30.2499995}],""reasoning"":""Selected waypoint 0 moves the reference anchor from 1.26 m to 0.00 m from goal immediately and to 0.00 m by the final waypoint, so progress is 1.26 m selected / 1.26 m final and passes with monotonic goal-distance reduction. Kinematics is evaluated on 1 unique label waypoint(s), excluding consecutive duplicate terminal holds, and checks only that the trajectory stays within the configured bounds speed <= 15.00 m/s and acceleration <= 8.00 m/s^2, so kinematics passes. Goal will be reached in 1 waypoint(s) within 0.35 m tolerance. Safety fails: minimum clearance 1.44 m against manifest obstacles with 1 violating segment(s).""}",8.919002000000003,30.2499995,-2.5,8.919002000000003,30.2499995,-2.5,8.919002000000003,30.2499995,-2.5,8.919002000000003,30.2499995,-2.5,8.919002000000003,30.2499995,-2.5
1773869345.596765041,1773869345.596765041,0.000,offline_ground_truth_window,"Environment section (T(v)):
- Current position NED is (7.87, 30.21, -2.49) m.
- Current velocity is (0.05, 0.02, 0.00) m/s (speed 0.06 m/s).
- Goal position NED is (8.92, 30.25, -2.50) m.
- Output contract: predict exactly 5 waypoint x/y pairs in NED. The planner will set every waypoint z to goal z = -2.50 m before execution.
- Goal delta from current state is (1.05, 0.04, -0.01) m with distance 1.05 m.
- Obstacle pipeline: depth_camera_to_body_to_ned_current_frame.
- Current depth frame obstacle points projected into NED: 0. Nearest depth obstacle in NED is at (7.87, 30.21, -2.49) m, relative vector (20.00, 0.00, 0.00) m, distance 20.00 m.
- Depth validity fraction is 0.36. Global nearest obstacle distance is 4.96 m.
- Sector minimum distances [far_left, left, center, right, far_right] are [4.96, 4.96, 4.97, 4.97, 4.97] m.
- Nearest obstacle sector is far_left at 4.96 m and clearance status is clear.
- Lateral planning hint: prefer center progress.","{""waypoints"":[{""x"":8.919002000000003,""y"":30.2499995},{""x"":8.919002000000003,""y"":30.2499995},{""x"":8.919002000000003,""y"":30.2499995},{""x"":8.919002000000003,""y"":30.2499995},{""x"":8.919002000000003,""y"":30.2499995}],""reasoning"":""Selected waypoint 0 moves the reference anchor from 0.88 m to 0.00 m from goal immediately and to 0.00 m by the final waypoint, so progress is 0.88 m selected / 0.88 m final and passes with monotonic goal-distance reduction. Kinematics is evaluated on 1 unique label waypoint(s), excluding consecutive duplicate terminal holds, and checks only that the trajectory stays within the configured bounds speed <= 15.00 m/s and acceleration <= 8.00 m/s^2, so kinematics passes. Goal will be reached in 1 waypoint(s) within 0.35 m tolerance. Safety passes: minimum clearance 1.53 m against manifest obstacles with 0 violating segment(s).""}",8.919002000000003,30.2499995,-2.5,8.919002000000003,30.2499995,-2.5,8.919002000000003,30.2499995,-2.5,8.919002000000003,30.2499995,-2.5,8.919002000000003,30.2499995,-2.5
1773869351.739487410,1773869351.739487410,0.000,offline_ground_truth_window,"Environment section (T(v)):
- Current position NED is (8.24, 30.40, -2.49) m.
- Current velocity is (0.05, 0.03, -0.00) m/s (speed 0.05 m/s).
- Goal position NED is (8.92, 30.25, -2.50) m.
- Output contract: predict exactly 5 waypoint x/y pairs in NED. The planner will set every waypoint z to goal z = -2.50 m before execution.
- Goal delta from current state is (0.68, -0.15, -0.01) m with distance 0.70 m.
- Obstacle pipeline: depth_camera_to_body_to_ned_current_frame.
- Current depth frame obstacle points projected into NED: 0. Nearest depth obstacle in NED is at (8.24, 30.40, -2.49) m, relative vector (20.00, 0.00, 0.00) m, distance 20.00 m.
- Depth validity fraction is 0.36. Global nearest obstacle distance is 4.93 m.
- Sector minimum distances [far_left, left, center, right, far_right] are [4.94, 4.94, 4.94, 4.94, 4.93] m.
- Nearest obstacle sector is far_right at 4.93 m and clearance status is clear.
- Lateral planning hint: prefer center progress.","{""waypoints"":[{""x"":8.919002000000003,""y"":30.2499995},{""x"":8.919002000000003,""y"":30.2499995},{""x"":8.919002000000003,""y"":30.2499995},{""x"":8.919002000000003,""y"":30.2499995},{""x"":8.919002000000003,""y"":30.2499995}],""reasoning"":""Selected waypoint 0 moves the reference anchor from 0.56 m to 0.00 m from goal immediately and to 0.00 m by the final waypoint, so progress is 0.56 m selected / 0.56 m final and passes with monotonic goal-distance reduction. Kinematics is evaluated on 1 unique label waypoint(s), excluding consecutive duplicate terminal holds, and checks only that the trajectory stays within the configured bounds speed <= 15.00 m/s and acceleration <= 8.00 m/s^2, so kinematics passes. Goal will be reached in 1 waypoint(s) within 0.35 m tolerance. Safety passes: minimum clearance 1.57 m against manifest obstacles with 0 violating segment(s).""}",8.919002000000003,30.2499995,-2.5,8.919002000000003,30.2499995,-2.5,8.919002000000003,30.2499995,-2.5,8.919002000000003,30.2499995,-2.5,8.919002000000003,30.2499995,-2.5
1773869357.870254040,1773869357.870254040,0.000,offline_ground_truth_window,"Environment section (T(v)):
- Current position NED is (8.50, 30.35, -2.50) m.
- Current velocity is (0.04, -0.00, 0.00) m/s (speed 0.04 m/s).
- Goal position NED is (8.92, 30.25, -2.50) m.
- Output contract: predict exactly 5 waypoint x/y pairs in NED. The planner will set every waypoint z to goal z = -2.50 m before execution.
- Goal delta from current state is (0.42, -0.10, 0.00) m with distance 0.43 m.
- Obstacle pipeline: depth_camera_to_body_to_ned_current_frame.
- Current depth frame obstacle points projected into NED: 0. Nearest depth obstacle in NED is at (8.50, 30.35, -2.50) m, relative vector (20.00, 0.00, 0.00) m, distance 20.00 m.
- Depth validity fraction is 0.36. Global nearest obstacle distance is 4.95 m.
- Sector minimum distances [far_left, left, center, right, far_right] are [4.98, 4.97, 4.96, 4.96, 4.95] m.
- Nearest obstacle sector is far_right at 4.95 m and clearance status is clear.
- Lateral planning hint: prefer center progress.","{""waypoints"":[{""x"":8.919002000000003,""y"":30.2499995},{""x"":8.919002000000003,""y"":30.2499995},{""x"":8.919002000000003,""y"":30.2499995},{""x"":8.919002000000003,""y"":30.2499995},{""x"":8.919002000000003,""y"":30.2499995}],""reasoning"":""Selected waypoint 0 moves the reference anchor from 0.28 m to 0.00 m from goal immediately and to 0.00 m by the final waypoint, so progress is 0.28 m selected / 0.28 m final and passes with monotonic goal-distance reduction. Kinematics is evaluated on 1 unique label waypoint(s), excluding consecutive duplicate terminal holds, and checks only that the trajectory stays within the configured bounds speed <= 15.00 m/s and acceleration <= 8.00 m/s^2, so kinematics passes. Goal has already been reached at the reference anchor within 0.35 m tolerance. Safety passes: minimum clearance 1.57 m against manifest obstacles with 0 violating segment(s).""}",8.919002000000003,30.2499995,-2.5,8.919002000000003,30.2499995,-2.5,8.919002000000003,30.2499995,-2.5,8.919002000000003,30.2499995,-2.5,8.919002000000003,30.2499995,-2.5
1773869364.894939661,1773869364.894939661,0.000,offline_ground_truth_window,"Environment section (T(v)):
- Current position NED is (8.78, 30.28, -2.49) m.
- Current velocity is (0.04, -0.01, 0.00) m/s (speed 0.04 m/s).
- Goal position NED is (8.92, 30.25, -2.50) m.
- Output contract: predict exactly 5 waypoint x/y pairs in NED. The planner will set every waypoint z to goal z = -2.50 m before execution.
- Goal delta from current state is (0.14, -0.03, -0.01) m with distance 0.14 m.
- Obstacle pipeline: depth_camera_to_body_to_ned_current_frame.
- Current depth frame obstacle points projected into NED: 0. Nearest depth obstacle in NED is at (8.78, 30.28, -2.49) m, relative vector (20.00, 0.00, 0.00) m, distance 20.00 m.
- Depth validity fraction is 0.36. Global nearest obstacle distance is 4.98 m.
- Sector minimum distances [far_left, left, center, right, far_right] are [4.99, 4.99, 4.99, 4.99, 4.98] m.
- Nearest obstacle sector is far_right at 4.98 m and clearance status is clear.
- Lateral planning hint: prefer center progress.","{""waypoints"":[{""x"":8.919002000000003,""y"":30.2499995},{""x"":8.919002000000003,""y"":30.2499995},{""x"":8.919002000000003,""y"":30.2499995},{""x"":8.919002000000003,""y"":30.2499995},{""x"":8.919002000000003,""y"":30.2499995}],""reasoning"":""Selected waypoint 0 moves the reference anchor from 0.00 m to 0.00 m from goal immediately and to 0.00 m by the final waypoint, so progress is 0.00 m selected / 0.00 m final and fails with monotonic goal-distance reduction. Kinematics is evaluated on 1 unique label waypoint(s), excluding consecutive duplicate terminal holds, and checks only that the trajectory stays within the configured bounds speed <= 15.00 m/s and acceleration <= 8.00 m/s^2, so kinematics passes. Goal has already been reached at the reference anchor within 0.35 m tolerance. Safety passes: minimum clearance 1.57 m against manifest obstacles with 0 violating segment(s).""}",8.919002000000003,30.2499995,-2.5,8.919002000000003,30.2499995,-2.5,8.919002000000003,30.2499995,-2.5,8.919002000000003,30.2499995,-2.5,8.919002000000003,30.2499995,-2.5
