anchor_stamp_s,scene_stamp_s,sync_dt_ms,label_mode,prompt,label_waypoints_json,wp0_x,wp0_y,wp0_z,wp1_x,wp1_y,wp1_z,wp2_x,wp2_y,wp2_z,wp3_x,wp3_y,wp3_z,wp4_x,wp4_y,wp4_z
1773878618.236970663,1773878618.236970663,0.000,offline_ground_truth_window,"Environment section (T(v)):
- Current position NED is (-0.00, 0.04, -2.39) m.
- Current velocity is (-0.00, 0.00, 0.00) m/s (speed 0.00 m/s).
- Goal position NED is (3.81, 28.75, -2.50) m.
- Output contract: predict exactly 5 waypoint x/y pairs in NED. The planner will set every waypoint z to goal z = -2.50 m before execution.
- Goal delta from current state is (3.81, 28.71, -0.11) m with distance 28.96 m.
- Obstacle pipeline: depth_camera_to_body_to_ned_current_frame.
- Current depth frame obstacle points projected into NED: 23. Nearest depth obstacle in NED is at (-1.61, 5.07, -2.49) m, relative vector (-1.61, 5.04, -0.09) m, distance 5.29 m.
- Depth validity fraction is 0.61. Global nearest obstacle distance is 4.72 m.
- Sector minimum distances [far_left, left, center, right, far_right] are [4.72, 4.72, 4.72, 4.73, 4.73] m.
- Nearest obstacle sector is far_left at 4.72 m and clearance status is clear.
- Lateral planning hint: prefer center progress.","{""waypoints"":[{""x"":0.16338866666666618,""y"":0.47916666666666663},{""x"":0.2675553333333327,""y"":0.9583333333333334},{""x"":0.37172199999999944,""y"":1.4375},{""x"":0.47588866666666596,""y"":1.9166666666666665},{""x"":0.5800553333333329,""y"":2.3958333333333335}],""reasoning"":""Selected waypoint 0 moves the reference anchor from 28.99 m to 28.50 m from goal immediately and to 26.55 m by the final waypoint, so progress is 0.49 m selected / 2.44 m final and passes with monotonic goal-distance reduction. Kinematics is evaluated on 5 unique label waypoint(s), excluding consecutive duplicate terminal holds, and checks only that the trajectory stays within the configured bounds speed <= 15.00 m/s and acceleration <= 8.00 m/s^2, so kinematics passes. Goal is not reached within this label waypoint window. Safety passes: minimum clearance 3.02 m against manifest obstacles with 0 violating segment(s).""}",0.16338866666666618,0.47916666666666663,-2.5,0.2675553333333327,0.9583333333333334,-2.5,0.37172199999999944,1.4375,-2.5,0.47588866666666596,1.9166666666666665,-2.5,0.5800553333333329,2.3958333333333335,-2.5
1773878621.608667850,1773878621.608667850,0.000,offline_ground_truth_window,"Environment section (T(v)):
- Current position NED is (0.09, 0.25, -2.48) m.
- Current velocity is (0.02, 0.07, -0.00) m/s (speed 0.07 m/s).
- Goal position NED is (3.81, 28.75, -2.50) m.
- Output contract: predict exactly 5 waypoint x/y pairs in NED. The planner will set every waypoint z to goal z = -2.50 m before execution.
- Goal delta from current state is (3.72, 28.50, -0.02) m with distance 28.75 m.
- Obstacle pipeline: depth_camera_to_body_to_ned_current_frame.
- Current depth frame obstacle points projected into NED: 16. Nearest depth obstacle in NED is at (-1.34, 5.11, -2.35) m, relative vector (-1.44, 4.86, 0.13) m, distance 5.07 m.
- Depth validity fraction is 0.61. Global nearest obstacle distance is 4.82 m.
- Sector minimum distances [far_left, left, center, right, far_right] are [4.82, 4.82, 4.82, 4.82, 4.82] m.
- Nearest obstacle sector is far_right at 4.82 m and clearance status is clear.
- Lateral planning hint: prefer center progress.","{""waypoints"":[{""x"":0.2675553333333327,""y"":0.9583333333333334},{""x"":0.37172199999999944,""y"":1.4375},{""x"":0.47588866666666596,""y"":1.9166666666666665},{""x"":0.5800553333333329,""y"":2.3958333333333335},{""x"":0.6842219999999994,""y"":2.875}],""reasoning"":""Selected waypoint 0 moves the reference anchor from 28.50 m to 28.02 m from goal immediately and to 26.06 m by the final waypoint, so progress is 0.49 m selected / 2.44 m final and passes with monotonic goal-distance reduction. Kinematics is evaluated on 5 unique label waypoint(s), excluding consecutive duplicate terminal holds, and checks only that the trajectory stays within the configured bounds speed <= 15.00 m/s and acceleration <= 8.00 m/s^2, so kinematics passes. Goal is not reached within this label waypoint window. Safety passes: minimum clearance 2.63 m against manifest obstacles with 0 violating segment(s).""}",0.2675553333333327,0.9583333333333334,-2.5,0.37172199999999944,1.4375,-2.5,0.47588866666666596,1.9166666666666665,-2.5,0.5800553333333329,2.3958333333333335,-2.5,0.6842219999999994,2.875,-2.5
1773878626.333203554,1773878626.333203554,0.000,offline_ground_truth_window,"Environment section (T(v)):
- Current position NED is (0.20, 0.72, -2.47) m.
- Current velocity is (0.02, 0.09, 0.00) m/s (speed 0.10 m/s).
- Goal position NED is (3.81, 28.75, -2.50) m.
- Output contract: predict exactly 5 waypoint x/y pairs in NED. The planner will set every waypoint z to goal z = -2.50 m before execution.
- Goal delta from current state is (3.61, 28.03, -0.03) m with distance 28.26 m.
- Obstacle pipeline: depth_camera_to_body_to_ned_current_frame.
- Current depth frame obstacle points projected into NED: 13. Nearest depth obstacle in NED is at (-1.02, 5.15, -2.29) m, relative vector (-1.22, 4.42, 0.19) m, distance 4.59 m.
- Depth validity fraction is 0.61. Global nearest obstacle distance is 4.34 m.
- Sector minimum distances [far_left, left, center, right, far_right] are [4.90, 4.34, 4.49, 4.88, 4.88] m.
- Nearest obstacle sector is left at 4.34 m and clearance status is clear.
- Lateral planning hint: prefer center progress.","{""waypoints"":[{""x"":0.37172199999999944,""y"":1.4375},{""x"":0.47588866666666596,""y"":1.9166666666666665},{""x"":0.5800553333333329,""y"":2.3958333333333335},{""x"":0.6842219999999994,""y"":2.875},{""x"":0.7883886666666662,""y"":3.354166666666667}],""reasoning"":""Selected waypoint 0 moves the reference anchor from 28.02 m to 27.53 m from goal immediately and to 25.57 m by the final waypoint, so progress is 0.49 m selected / 2.44 m final and passes with monotonic goal-distance reduction. Kinematics is evaluated on 5 unique label waypoint(s), excluding consecutive duplicate terminal holds, and checks only that the trajectory stays within the configured bounds speed <= 15.00 m/s and acceleration <= 8.00 m/s^2, so kinematics passes. Goal is not reached within this label waypoint window. Safety passes: minimum clearance 2.27 m against manifest obstacles with 0 violating segment(s).""}",0.37172199999999944,1.4375,-2.5,0.47588866666666596,1.9166666666666665,-2.5,0.5800553333333329,2.3958333333333335,-2.5,0.6842219999999994,2.875,-2.5,0.7883886666666662,3.354166666666667,-2.5
1773878630.733811617,1773878630.733811617,0.000,offline_ground_truth_window,"Environment section (T(v)):
- Current position NED is (0.30, 1.20, -2.49) m.
- Current velocity is (0.01, 0.09, 0.01) m/s (speed 0.09 m/s).
- Goal position NED is (3.81, 28.75, -2.50) m.
- Output contract: predict exactly 5 waypoint x/y pairs in NED. The planner will set every waypoint z to goal z = -2.50 m before execution.
- Goal delta from current state is (3.51, 27.55, -0.01) m with distance 27.77 m.
- Obstacle pipeline: depth_camera_to_body_to_ned_current_frame.
- Current depth frame obstacle points projected into NED: 18. Nearest depth obstacle in NED is at (-0.79, 5.15, -2.29) m, relative vector (-1.09, 3.95, 0.20) m, distance 4.10 m.
- Depth validity fraction is 0.61. Global nearest obstacle distance is 3.87 m.
- Sector minimum distances [far_left, left, center, right, far_right] are [4.87, 3.87, 4.01, 4.88, 4.88] m.
- Nearest obstacle sector is left at 3.87 m and clearance status is clear.
- Lateral planning hint: right side is clearer.","{""waypoints"":[{""x"":0.47588866666666596,""y"":1.9166666666666665},{""x"":0.5800553333333329,""y"":2.3958333333333335},{""x"":0.6842219999999994,""y"":2.875},{""x"":0.7883886666666662,""y"":3.354166666666667},{""x"":0.8925553333333327,""y"":3.833333333333333}],""reasoning"":""Selected waypoint 0 moves the reference anchor from 27.53 m to 27.04 m from goal immediately and to 25.09 m by the final waypoint, so progress is 0.49 m selected / 2.44 m final and passes with monotonic goal-distance reduction. Kinematics is evaluated on 5 unique label waypoint(s), excluding consecutive duplicate terminal holds, and checks only that the trajectory stays within the configured bounds speed <= 15.00 m/s and acceleration <= 8.00 m/s^2, so kinematics passes. Goal is not reached within this label waypoint window. Safety passes: minimum clearance 1.95 m against manifest obstacles with 0 violating segment(s).""}",0.47588866666666596,1.9166666666666665,-2.5,0.5800553333333329,2.3958333333333335,-2.5,0.6842219999999994,2.875,-2.5,0.7883886666666662,3.354166666666667,-2.5,0.8925553333333327,3.833333333333333,-2.5
1773878634.873500586,1773878634.873500586,0.000,offline_ground_truth_window,"Environment section (T(v)):
- Current position NED is (0.41, 1.68, -2.48) m.
- Current velocity is (0.03, 0.10, 0.00) m/s (speed 0.11 m/s).
- Goal position NED is (3.81, 28.75, -2.50) m.
- Output contract: predict exactly 5 waypoint x/y pairs in NED. The planner will set every waypoint z to goal z = -2.50 m before execution.
- Goal delta from current state is (3.40, 27.07, -0.02) m with distance 27.28 m.
- Obstacle pipeline: depth_camera_to_body_to_ned_current_frame.
- Current depth frame obstacle points projected into NED: 30. Nearest depth obstacle in NED is at (-0.54, 5.14, -2.57) m, relative vector (-0.95, 3.46, -0.09) m, distance 3.59 m.
- Depth validity fraction is 0.61. Global nearest obstacle distance is 3.38 m.
- Sector minimum distances [far_left, left, center, right, far_right] are [4.92, 3.38, 3.45, 4.91, 4.90] m.
- Nearest obstacle sector is left at 3.38 m and clearance status is clear.
- Lateral planning hint: right side is clearer.","{""waypoints"":[{""x"":0.5800553333333329,""y"":2.3958333333333335},{""x"":0.6842219999999994,""y"":2.875},{""x"":0.7883886666666662,""y"":3.354166666666667},{""x"":0.8925553333333327,""y"":3.833333333333333},{""x"":0.9967219999999994,""y"":4.3125}],""reasoning"":""Selected waypoint 0 moves the reference anchor from 27.04 m to 26.55 m from goal immediately and to 24.60 m by the final waypoint, so progress is 0.49 m selected / 2.44 m final and passes with monotonic goal-distance reduction. Kinematics is evaluated on 5 unique label waypoint(s), excluding consecutive duplicate terminal holds, and checks only that the trajectory stays within the configured bounds speed <= 15.00 m/s and acceleration <= 8.00 m/s^2, so kinematics passes. Goal is not reached within this label waypoint window. Safety passes: minimum clearance 1.71 m against manifest obstacles with 0 violating segment(s).""}",0.5800553333333329,2.3958333333333335,-2.5,0.6842219999999994,2.875,-2.5,0.7883886666666662,3.354166666666667,-2.5,0.8925553333333327,3.833333333333333,-2.5,0.9967219999999994,4.3125,-2.5
1773878639.215803862,1773878639.215803862,0.000,offline_ground_truth_window,"Environment section (T(v)):
- Current position NED is (0.53, 2.16, -2.48) m.
- Current velocity is (0.02, 0.10, 0.00) m/s (speed 0.10 m/s).
- Goal position NED is (3.81, 28.75, -2.50) m.
- Output contract: predict exactly 5 waypoint x/y pairs in NED. The planner will set every waypoint z to goal z = -2.50 m before execution.
- Goal delta from current state is (3.28, 26.59, -0.02) m with distance 26.79 m.
- Obstacle pipeline: depth_camera_to_body_to_ned_current_frame.
- Current depth frame obstacle points projected into NED: 45. Nearest depth obstacle in NED is at (-0.21, 5.18, -2.42) m, relative vector (-0.74, 3.03, 0.07) m, distance 3.11 m.
- Depth validity fraction is 0.62. Global nearest obstacle distance is 2.92 m.
- Sector minimum distances [far_left, left, center, right, far_right] are [4.88, 2.92, 2.97, 4.88, 4.88] m.
- Nearest obstacle sector is left at 2.92 m and clearance status is caution.
- Lateral planning hint: right side is clearer.","{""waypoints"":[{""x"":0.6842219999999994,""y"":2.875},{""x"":0.7883886666666662,""y"":3.354166666666667},{""x"":0.8925553333333327,""y"":3.833333333333333},{""x"":0.9967219999999994,""y"":4.3125},{""x"":1.1008886666666662,""y"":4.791666666666667}],""reasoning"":""Selected waypoint 0 moves the reference anchor from 26.55 m to 26.06 m from goal immediately and to 24.11 m by the final waypoint, so progress is 0.49 m selected / 2.44 m final and passes with monotonic goal-distance reduction. Kinematics is evaluated on 5 unique label waypoint(s), excluding consecutive duplicate terminal holds, and checks only that the trajectory stays within the configured bounds speed <= 15.00 m/s and acceleration <= 8.00 m/s^2, so kinematics passes. Goal is not reached within this label waypoint window. Safety passes: minimum clearance 1.56 m against manifest obstacles with 0 violating segment(s).""}",0.6842219999999994,2.875,-2.5,0.7883886666666662,3.354166666666667,-2.5,0.8925553333333327,3.833333333333333,-2.5,0.9967219999999994,4.3125,-2.5,1.1008886666666662,4.791666666666667,-2.5
1773878644.402730465,1773878644.402730465,0.000,offline_ground_truth_window,"Environment section (T(v)):
- Current position NED is (0.59, 2.65, -2.50) m.
- Current velocity is (0.01, 0.08, 0.00) m/s (speed 0.08 m/s).
- Goal position NED is (3.81, 28.75, -2.50) m.
- Output contract: predict exactly 5 waypoint x/y pairs in NED. The planner will set every waypoint z to goal z = -2.50 m before execution.
- Goal delta from current state is (3.22, 26.10, -0.00) m with distance 26.30 m.
- Obstacle pipeline: depth_camera_to_body_to_ned_current_frame.
- Current depth frame obstacle points projected into NED: 51. Nearest depth obstacle in NED is at (-0.10, 5.19, -2.43) m, relative vector (-0.69, 2.54, 0.06) m, distance 2.63 m.
- Depth validity fraction is 0.62. Global nearest obstacle distance is 2.45 m.
- Sector minimum distances [far_left, left, center, right, far_right] are [4.90, 2.45, 2.50, 4.92, 4.78] m.
- Nearest obstacle sector is left at 2.45 m and clearance status is caution.
- Lateral planning hint: right side is clearer.","{""waypoints"":[{""x"":0.7883886666666662,""y"":3.354166666666667},{""x"":0.8925553333333327,""y"":3.833333333333333},{""x"":0.9967219999999994,""y"":4.3125},{""x"":1.1008886666666662,""y"":4.791666666666667},{""x"":1.2050553333333327,""y"":5.270833333333333}],""reasoning"":""Selected waypoint 0 moves the reference anchor from 26.06 m to 25.57 m from goal immediately and to 23.62 m by the final waypoint, so progress is 0.49 m selected / 2.44 m final and passes with monotonic goal-distance reduction. Kinematics is evaluated on 5 unique label waypoint(s), excluding consecutive duplicate terminal holds, and checks only that the trajectory stays within the configured bounds speed <= 15.00 m/s and acceleration <= 8.00 m/s^2, so kinematics passes. Goal is not reached within this label waypoint window. Safety passes: minimum clearance 1.53 m against manifest obstacles with 0 violating segment(s).""}",0.7883886666666662,3.354166666666667,-2.5,0.8925553333333327,3.833333333333333,-2.5,0.9967219999999994,4.3125,-2.5,1.1008886666666662,4.791666666666667,-2.5,1.2050553333333327,5.270833333333333,-2.5
1773878649.096382141,1773878649.096382141,0.000,offline_ground_truth_window,"Environment section (T(v)):
- Current position NED is (0.74, 3.11, -2.49) m.
- Current velocity is (0.02, 0.11, 0.00) m/s (speed 0.11 m/s).
- Goal position NED is (3.81, 28.75, -2.50) m.
- Output contract: predict exactly 5 waypoint x/y pairs in NED. The planner will set every waypoint z to goal z = -2.50 m before execution.
- Goal delta from current state is (3.07, 25.64, -0.01) m with distance 25.82 m.
- Obstacle pipeline: depth_camera_to_body_to_ned_current_frame.
- Current depth frame obstacle points projected into NED: 65. Nearest depth obstacle in NED is at (0.26, 5.20, -2.51) m, relative vector (-0.48, 2.09, -0.01) m, distance 2.14 m.
- Depth validity fraction is 0.64. Global nearest obstacle distance is 1.97 m.
- Sector minimum distances [far_left, left, center, right, far_right] are [4.93, 1.97, 1.99, 4.92, 4.29] m.
- Nearest obstacle sector is left at 1.97 m and clearance status is caution.
- Lateral planning hint: right side is clearer.","{""waypoints"":[{""x"":0.8925553333333327,""y"":3.833333333333333},{""x"":0.9967219999999994,""y"":4.3125},{""x"":1.1008886666666662,""y"":4.791666666666667},{""x"":1.2050553333333327,""y"":5.270833333333333},{""x"":1.3092219999999994,""y"":5.75}],""reasoning"":""Selected waypoint 0 moves the reference anchor from 25.57 m to 25.09 m from goal immediately and to 23.14 m by the final waypoint, so progress is 0.49 m selected / 2.44 m final and passes with monotonic goal-distance reduction. Kinematics is evaluated on 5 unique label waypoint(s), excluding consecutive duplicate terminal holds, and checks only that the trajectory stays within the configured bounds speed <= 15.00 m/s and acceleration <= 8.00 m/s^2, so kinematics passes. Goal is not reached within this label waypoint window. Safety passes: minimum clearance 1.53 m against manifest obstacles with 0 violating segment(s).""}",0.8925553333333327,3.833333333333333,-2.5,0.9967219999999994,4.3125,-2.5,1.1008886666666662,4.791666666666667,-2.5,1.2050553333333327,5.270833333333333,-2.5,1.3092219999999994,5.75,-2.5
1773878653.954191446,1773878653.954191446,0.000,offline_ground_truth_window,"Environment section (T(v)):
- Current position NED is (0.87, 3.59, -2.51) m.
- Current velocity is (0.01, 0.08, 0.01) m/s (speed 0.09 m/s).
- Goal position NED is (3.81, 28.75, -2.50) m.
- Output contract: predict exactly 5 waypoint x/y pairs in NED. The planner will set every waypoint z to goal z = -2.50 m before execution.
- Goal delta from current state is (2.94, 25.16, 0.01) m with distance 25.33 m.
- Obstacle pipeline: depth_camera_to_body_to_ned_current_frame.
- Current depth frame obstacle points projected into NED: 83. Nearest depth obstacle in NED is at (0.55, 5.19, -2.57) m, relative vector (-0.32, 1.60, -0.06) m, distance 1.63 m.
- Depth validity fraction is 0.67. Global nearest obstacle distance is 1.48 m.
- Sector minimum distances [far_left, left, center, right, far_right] are [4.93, 1.48, 1.48, 4.92, 3.81] m.
- Nearest obstacle sector is left at 1.48 m and clearance status is blocked.
- Lateral planning hint: right side is clearer.","{""waypoints"":[{""x"":0.9967219999999994,""y"":4.3125},{""x"":1.1008886666666662,""y"":4.791666666666667},{""x"":1.2050553333333327,""y"":5.270833333333333},{""x"":1.3092219999999994,""y"":5.75},{""x"":1.4758886666666662,""y"":6.083333333333333}],""reasoning"":""Selected waypoint 0 moves the reference anchor from 25.09 m to 24.60 m from goal immediately and to 22.79 m by the final waypoint, so progress is 0.49 m selected / 2.30 m final and passes with monotonic goal-distance reduction. Kinematics is evaluated on 5 unique label waypoint(s), excluding consecutive duplicate terminal holds, and checks only that the trajectory stays within the configured bounds speed <= 15.00 m/s and acceleration <= 8.00 m/s^2, so kinematics fails. Goal is not reached within this label waypoint window. Safety passes: minimum clearance 1.53 m against manifest obstacles with 0 violating segment(s).""}",0.9967219999999994,4.3125,-2.5,1.1008886666666662,4.791666666666667,-2.5,1.2050553333333327,5.270833333333333,-2.5,1.3092219999999994,5.75,-2.5,1.4758886666666662,6.083333333333333,-2.5
1773878658.687615871,1773878658.687615871,0.000,offline_ground_truth_window,"Environment section (T(v)):
- Current position NED is (0.95, 4.07, -2.50) m.
- Current velocity is (0.01, 0.09, 0.00) m/s (speed 0.09 m/s).
- Goal position NED is (3.81, 28.75, -2.50) m.
- Output contract: predict exactly 5 waypoint x/y pairs in NED. The planner will set every waypoint z to goal z = -2.50 m before execution.
- Goal delta from current state is (2.85, 24.68, -0.00) m with distance 24.84 m.
- Obstacle pipeline: depth_camera_to_body_to_ned_current_frame.
- Current depth frame obstacle points projected into NED: 180. Nearest depth obstacle in NED is at (0.74, 5.20, -2.44) m, relative vector (-0.22, 1.13, 0.05) m, distance 1.15 m.
- Depth validity fraction is 0.74. Global nearest obstacle distance is 1.00 m.
- Sector minimum distances [far_left, left, center, right, far_right] are [4.95, 1.00, 1.01, 4.94, 3.55] m.
- Nearest obstacle sector is left at 1.00 m and clearance status is blocked.
- Lateral planning hint: right side is clearer.","{""waypoints"":[{""x"":1.1008886666666662,""y"":4.791666666666667},{""x"":1.2050553333333327,""y"":5.270833333333333},{""x"":1.3092219999999994,""y"":5.75},{""x"":1.4758886666666662,""y"":6.083333333333333},{""x"":1.6425553333333327,""y"":6.416666666666667}],""reasoning"":""Selected waypoint 0 moves the reference anchor from 24.60 m to 24.11 m from goal immediately and to 22.44 m by the final waypoint, so progress is 0.49 m selected / 2.16 m final and passes with monotonic goal-distance reduction. Kinematics is evaluated on 5 unique label waypoint(s), excluding consecutive duplicate terminal holds, and checks only that the trajectory stays within the configured bounds speed <= 15.00 m/s and acceleration <= 8.00 m/s^2, so kinematics fails. Goal is not reached within this label waypoint window. Safety passes: minimum clearance 1.52 m against manifest obstacles with 0 violating segment(s).""}",1.1008886666666662,4.791666666666667,-2.5,1.2050553333333327,5.270833333333333,-2.5,1.3092219999999994,5.75,-2.5,1.4758886666666662,6.083333333333333,-2.5,1.6425553333333327,6.416666666666667,-2.5
1773878663.030773640,1773878663.030773640,0.000,offline_ground_truth_window,"Environment section (T(v)):
- Current position NED is (1.04, 4.55, -2.48) m.
- Current velocity is (0.02, 0.09, 0.00) m/s (speed 0.09 m/s).
- Goal position NED is (3.81, 28.75, -2.50) m.
- Output contract: predict exactly 5 waypoint x/y pairs in NED. The planner will set every waypoint z to goal z = -2.50 m before execution.
- Goal delta from current state is (2.77, 24.20, -0.02) m with distance 24.35 m.
- Obstacle pipeline: depth_camera_to_body_to_ned_current_frame.
- Current depth frame obstacle points projected into NED: 304. Nearest depth obstacle in NED is at (0.93, 5.23, -2.49) m, relative vector (-0.12, 0.67, -0.01) m, distance 0.68 m.
- Depth validity fraction is 0.86. Global nearest obstacle distance is 0.54 m.
- Sector minimum distances [far_left, left, center, right, far_right] are [0.57, 0.54, 0.55, 0.62, 4.93] m.
- Nearest obstacle sector is left at 0.54 m and clearance status is blocked.
- Lateral planning hint: right side is clearer.","{""waypoints"":[{""x"":1.2050553333333327,""y"":5.270833333333333},{""x"":1.3092219999999994,""y"":5.75},{""x"":1.4758886666666662,""y"":6.083333333333333},{""x"":1.6425553333333327,""y"":6.416666666666667},{""x"":1.8092219999999994,""y"":6.75}],""reasoning"":""Selected waypoint 0 moves the reference anchor from 24.11 m to 23.62 m from goal immediately and to 22.09 m by the final waypoint, so progress is 0.49 m selected / 2.02 m final and passes with monotonic goal-distance reduction. Kinematics is evaluated on 5 unique label waypoint(s), excluding consecutive duplicate terminal holds, and checks only that the trajectory stays within the configured bounds speed <= 15.00 m/s and acceleration <= 8.00 m/s^2, so kinematics fails. Goal is not reached within this label waypoint window. Safety passes: minimum clearance 1.52 m against manifest obstacles with 0 violating segment(s).""}",1.2050553333333327,5.270833333333333,-2.5,1.3092219999999994,5.75,-2.5,1.4758886666666662,6.083333333333333,-2.5,1.6425553333333327,6.416666666666667,-2.5,1.8092219999999994,6.75,-2.5
1773878668.359751463,1773878668.359751463,0.000,offline_ground_truth_window,"Environment section (T(v)):
- Current position NED is (0.36, 5.22, -2.13) m.
- Current velocity is (1.03, 0.27, 0.29) m/s (speed 1.11 m/s).
- Goal position NED is (3.81, 28.75, -2.50) m.
- Output contract: predict exactly 5 waypoint x/y pairs in NED. The planner will set every waypoint z to goal z = -2.50 m before execution.
- Goal delta from current state is (3.45, 23.53, -0.37) m with distance 23.78 m.
- Obstacle pipeline: depth_camera_to_body_to_ned_current_frame.
- Current depth frame obstacle points projected into NED: 120. Nearest depth obstacle in NED is at (0.98, 10.42, -2.88) m, relative vector (0.62, 5.21, -0.75) m, distance 5.30 m.
- Depth validity fraction is 0.67. Global nearest obstacle distance is 3.03 m.
- Sector minimum distances [far_left, left, center, right, far_right] are [3.03, 4.65, 5.47, 6.65, 8.46] m.
- Nearest obstacle sector is far_left at 3.03 m and clearance status is clear.
- Lateral planning hint: right side is clearer.","{""waypoints"":[{""x"":1.3092219999999994,""y"":5.75},{""x"":1.4758886666666662,""y"":6.083333333333333},{""x"":1.6425553333333327,""y"":6.416666666666667},{""x"":1.8092219999999994,""y"":6.75},{""x"":1.8360077142857136,""y"":7.232142857142858}],""reasoning"":""Selected waypoint 0 moves the reference anchor from 23.62 m to 23.14 m from goal immediately and to 21.61 m by the final waypoint, so progress is 0.49 m selected / 2.02 m final and passes with monotonic goal-distance reduction. Kinematics is evaluated on 5 unique label waypoint(s), excluding consecutive duplicate terminal holds, and checks only that the trajectory stays within the configured bounds speed <= 15.00 m/s and acceleration <= 8.00 m/s^2, so kinematics fails. Goal is not reached within this label waypoint window. Safety passes: minimum clearance 1.52 m against manifest obstacles with 0 violating segment(s).""}",1.3092219999999994,5.75,-2.5,1.4758886666666662,6.083333333333333,-2.5,1.6425553333333327,6.416666666666667,-2.5,1.8092219999999994,6.75,-2.5,1.8360077142857136,7.232142857142858,-2.5
1773878671.764553308,1773878671.764553308,0.000,offline_ground_truth_window,"Environment section (T(v)):
- Current position NED is (1.04, 5.56, -2.53) m.
- Current velocity is (0.23, 0.06, -0.10) m/s (speed 0.26 m/s).
- Goal position NED is (3.81, 28.75, -2.50) m.
- Output contract: predict exactly 5 waypoint x/y pairs in NED. The planner will set every waypoint z to goal z = -2.50 m before execution.
- Goal delta from current state is (2.77, 23.19, 0.03) m with distance 23.36 m.
- Obstacle pipeline: depth_camera_to_body_to_ned_current_frame.
- Current depth frame obstacle points projected into NED: 172. Nearest depth obstacle in NED is at (-2.26, 4.11, -1.91) m, relative vector (-3.30, -1.45, 0.63) m, distance 3.66 m.
- Depth validity fraction is 0.83. Global nearest obstacle distance is 2.81 m.
- Sector minimum distances [far_left, left, center, right, far_right] are [2.81, 4.80, 4.79, 4.78, 4.77] m.
- Nearest obstacle sector is far_left at 2.81 m and clearance status is caution.
- Lateral planning hint: right side is clearer.","{""waypoints"":[{""x"":1.4758886666666662,""y"":6.083333333333333},{""x"":1.6425553333333327,""y"":6.416666666666667},{""x"":1.8092219999999994,""y"":6.75},{""x"":1.8360077142857136,""y"":7.232142857142858},{""x"":1.862793428571428,""y"":7.7142857142857135}],""reasoning"":""Selected waypoint 0 moves the reference anchor from 23.14 m to 22.79 m from goal immediately and to 21.13 m by the final waypoint, so progress is 0.35 m selected / 2.01 m final and passes with monotonic goal-distance reduction. Kinematics is evaluated on 5 unique label waypoint(s), excluding consecutive duplicate terminal holds, and checks only that the trajectory stays within the configured bounds speed <= 15.00 m/s and acceleration <= 8.00 m/s^2, so kinematics fails. Goal is not reached within this label waypoint window. Safety passes: minimum clearance 1.52 m against manifest obstacles with 0 violating segment(s).""}",1.4758886666666662,6.083333333333333,-2.5,1.6425553333333327,6.416666666666667,-2.5,1.8092219999999994,6.75,-2.5,1.8360077142857136,7.232142857142858,-2.5,1.862793428571428,7.7142857142857135,-2.5
1773878675.990873337,1773878675.990873337,0.000,offline_ground_truth_window,"Environment section (T(v)):
- Current position NED is (1.55, 5.84, -2.56) m.
- Current velocity is (0.06, 0.09, 0.00) m/s (speed 0.11 m/s).
- Goal position NED is (3.81, 28.75, -2.50) m.
- Output contract: predict exactly 5 waypoint x/y pairs in NED. The planner will set every waypoint z to goal z = -2.50 m before execution.
- Goal delta from current state is (2.26, 22.91, 0.06) m with distance 23.02 m.
- Obstacle pipeline: depth_camera_to_body_to_ned_current_frame.
- Current depth frame obstacle points projected into NED: 162. Nearest depth obstacle in NED is at (-1.99, 4.69, -2.40) m, relative vector (-3.54, -1.15, 0.16) m, distance 3.73 m.
- Depth validity fraction is 0.80. Global nearest obstacle distance is 2.99 m.
- Sector minimum distances [far_left, left, center, right, far_right] are [2.99, 4.92, 4.93, 4.93, 4.94] m.
- Nearest obstacle sector is far_left at 2.99 m and clearance status is caution.
- Lateral planning hint: right side is clearer.","{""waypoints"":[{""x"":1.6425553333333327,""y"":6.416666666666667},{""x"":1.8092219999999994,""y"":6.75},{""x"":1.8360077142857136,""y"":7.232142857142858},{""x"":1.862793428571428,""y"":7.7142857142857135},{""x"":1.8895791428571422,""y"":8.196428571428571}],""reasoning"":""Selected waypoint 0 moves the reference anchor from 22.79 m to 22.44 m from goal immediately and to 20.64 m by the final waypoint, so progress is 0.35 m selected / 2.14 m final and passes with monotonic goal-distance reduction. Kinematics is evaluated on 5 unique label waypoint(s), excluding consecutive duplicate terminal holds, and checks only that the trajectory stays within the configured bounds speed <= 15.00 m/s and acceleration <= 8.00 m/s^2, so kinematics fails. Goal is not reached within this label waypoint window. Safety passes: minimum clearance 1.52 m against manifest obstacles with 0 violating segment(s).""}",1.6425553333333327,6.416666666666667,-2.5,1.8092219999999994,6.75,-2.5,1.8360077142857136,7.232142857142858,-2.5,1.862793428571428,7.7142857142857135,-2.5,1.8895791428571422,8.196428571428571,-2.5
1773878680.090069056,1773878680.090069056,0.000,offline_ground_truth_window,"Environment section (T(v)):
- Current position NED is (1.67, 6.20, -2.55) m.
- Current velocity is (0.02, 0.09, 0.01) m/s (speed 0.09 m/s).
- Goal position NED is (3.81, 28.75, -2.50) m.
- Output contract: predict exactly 5 waypoint x/y pairs in NED. The planner will set every waypoint z to goal z = -2.50 m before execution.
- Goal delta from current state is (2.14, 22.55, 0.05) m with distance 22.66 m.
- Obstacle pipeline: depth_camera_to_body_to_ned_current_frame.
- Current depth frame obstacle points projected into NED: 132. Nearest depth obstacle in NED is at (-1.92, 5.52, -2.47) m, relative vector (-3.60, -0.67, 0.08) m, distance 3.66 m.
- Depth validity fraction is 0.79. Global nearest obstacle distance is 3.14 m.
- Sector minimum distances [far_left, left, center, right, far_right] are [3.14, 3.24, 4.95, 4.94, 4.94] m.
- Nearest obstacle sector is far_left at 3.14 m and clearance status is clear.
- Lateral planning hint: right side is clearer.","{""waypoints"":[{""x"":1.8092219999999994,""y"":6.75},{""x"":1.8360077142857136,""y"":7.232142857142858},{""x"":1.862793428571428,""y"":7.7142857142857135},{""x"":1.8895791428571422,""y"":8.196428571428571},{""x"":1.9163648571428566,""y"":8.678571428571429}],""reasoning"":""Selected waypoint 0 moves the reference anchor from 22.44 m to 22.09 m from goal immediately and to 20.16 m by the final waypoint, so progress is 0.35 m selected / 2.28 m final and passes with monotonic goal-distance reduction. Kinematics is evaluated on 5 unique label waypoint(s), excluding consecutive duplicate terminal holds, and checks only that the trajectory stays within the configured bounds speed <= 15.00 m/s and acceleration <= 8.00 m/s^2, so kinematics passes. Goal is not reached within this label waypoint window. Safety passes: minimum clearance 1.52 m against manifest obstacles with 0 violating segment(s).""}",1.8092219999999994,6.75,-2.5,1.8360077142857136,7.232142857142858,-2.5,1.862793428571428,7.7142857142857135,-2.5,1.8895791428571422,8.196428571428571,-2.5,1.9163648571428566,8.678571428571429,-2.5
1773878684.568662882,1773878684.568662882,0.000,offline_ground_truth_window,"Environment section (T(v)):
- Current position NED is (1.81, 6.54, -2.50) m.
- Current velocity is (0.02, 0.06, -0.00) m/s (speed 0.06 m/s).
- Goal position NED is (3.81, 28.75, -2.50) m.
- Output contract: predict exactly 5 waypoint x/y pairs in NED. The planner will set every waypoint z to goal z = -2.50 m before execution.
- Goal delta from current state is (1.99, 22.21, 0.00) m with distance 22.30 m.
- Obstacle pipeline: depth_camera_to_body_to_ned_current_frame.
- Current depth frame obstacle points projected into NED: 143. Nearest depth obstacle in NED is at (-1.79, 6.19, -2.56) m, relative vector (-3.61, -0.35, -0.06) m, distance 3.62 m.
- Depth validity fraction is 0.79. Global nearest obstacle distance is 3.25 m.
- Sector minimum distances [far_left, left, center, right, far_right] are [3.26, 3.25, 4.90, 4.90, 4.90] m.
- Nearest obstacle sector is left at 3.25 m and clearance status is clear.
- Lateral planning hint: right side is clearer.","{""waypoints"":[{""x"":1.8360077142857136,""y"":7.232142857142858},{""x"":1.862793428571428,""y"":7.7142857142857135},{""x"":1.8895791428571422,""y"":8.196428571428571},{""x"":1.9163648571428566,""y"":8.678571428571429},{""x"":1.9431505714285708,""y"":9.160714285714285}],""reasoning"":""Selected waypoint 0 moves the reference anchor from 22.09 m to 21.61 m from goal immediately and to 19.68 m by the final waypoint, so progress is 0.48 m selected / 2.41 m final and passes with monotonic goal-distance reduction. Kinematics is evaluated on 5 unique label waypoint(s), excluding consecutive duplicate terminal holds, and checks only that the trajectory stays within the configured bounds speed <= 15.00 m/s and acceleration <= 8.00 m/s^2, so kinematics passes. Goal is not reached within this label waypoint window. Safety passes: minimum clearance 1.55 m against manifest obstacles with 0 violating segment(s).""}",1.8360077142857136,7.232142857142858,-2.5,1.862793428571428,7.7142857142857135,-2.5,1.8895791428571422,8.196428571428571,-2.5,1.9163648571428566,8.678571428571429,-2.5,1.9431505714285708,9.160714285714285,-2.5
1773878689.214335918,1773878689.214335918,0.000,offline_ground_truth_window,"Environment section (T(v)):
- Current position NED is (1.84, 6.99, -2.50) m.
- Current velocity is (0.01, 0.07, 0.00) m/s (speed 0.07 m/s).
- Goal position NED is (3.81, 28.75, -2.50) m.
- Output contract: predict exactly 5 waypoint x/y pairs in NED. The planner will set every waypoint z to goal z = -2.50 m before execution.
- Goal delta from current state is (1.97, 21.76, 0.00) m with distance 21.85 m.
- Obstacle pipeline: depth_camera_to_body_to_ned_current_frame.
- Current depth frame obstacle points projected into NED: 145. Nearest depth obstacle in NED is at (-1.67, 7.10, -2.50) m, relative vector (-3.50, 0.11, 0.00) m, distance 3.51 m.
- Depth validity fraction is 0.78. Global nearest obstacle distance is 3.27 m.
- Sector minimum distances [far_left, left, center, right, far_right] are [4.94, 3.27, 3.48, 4.91, 4.90] m.
- Nearest obstacle sector is left at 3.27 m and clearance status is clear.
- Lateral planning hint: right side is clearer.","{""waypoints"":[{""x"":1.862793428571428,""y"":7.7142857142857135},{""x"":1.8895791428571422,""y"":8.196428571428571},{""x"":1.9163648571428566,""y"":8.678571428571429},{""x"":1.9431505714285708,""y"":9.160714285714285},{""x"":1.9699362857142853,""y"":9.642857142857142}],""reasoning"":""Selected waypoint 0 moves the reference anchor from 21.61 m to 21.13 m from goal immediately and to 19.20 m by the final waypoint, so progress is 0.48 m selected / 2.41 m final and passes with monotonic goal-distance reduction. Kinematics is evaluated on 5 unique label waypoint(s), excluding consecutive duplicate terminal holds, and checks only that the trajectory stays within the configured bounds speed <= 15.00 m/s and acceleration <= 8.00 m/s^2, so kinematics passes. Goal is not reached within this label waypoint window. Safety passes: minimum clearance 1.55 m against manifest obstacles with 0 violating segment(s).""}",1.862793428571428,7.7142857142857135,-2.5,1.8895791428571422,8.196428571428571,-2.5,1.9163648571428566,8.678571428571429,-2.5,1.9431505714285708,9.160714285714285,-2.5,1.9699362857142853,9.642857142857142,-2.5
1773878694.735429287,1773878694.735429287,0.000,offline_ground_truth_window,"Environment section (T(v)):
- Current position NED is (1.85, 7.47, -2.51) m.
- Current velocity is (0.01, 0.08, 0.00) m/s (speed 0.08 m/s).
- Goal position NED is (3.81, 28.75, -2.50) m.
- Output contract: predict exactly 5 waypoint x/y pairs in NED. The planner will set every waypoint z to goal z = -2.50 m before execution.
- Goal delta from current state is (1.96, 21.28, 0.01) m with distance 21.37 m.
- Obstacle pipeline: depth_camera_to_body_to_ned_current_frame.
- Current depth frame obstacle points projected into NED: 141. Nearest depth obstacle in NED is at (-1.55, 7.98, -2.49) m, relative vector (-3.40, 0.51, 0.01) m, distance 3.44 m.
- Depth validity fraction is 0.78. Global nearest obstacle distance is 3.28 m.
- Sector minimum distances [far_left, left, center, right, far_right] are [4.90, 3.29, 3.28, 4.90, 4.90] m.
- Nearest obstacle sector is center at 3.28 m and clearance status is clear.
- Lateral planning hint: right side is clearer.","{""waypoints"":[{""x"":1.8895791428571422,""y"":8.196428571428571},{""x"":1.9163648571428566,""y"":8.678571428571429},{""x"":1.9431505714285708,""y"":9.160714285714285},{""x"":1.9699362857142853,""y"":9.642857142857142},{""x"":1.9967219999999994,""y"":10.125}],""reasoning"":""Selected waypoint 0 moves the reference anchor from 21.13 m to 20.64 m from goal immediately and to 18.71 m by the final waypoint, so progress is 0.48 m selected / 2.41 m final and passes with monotonic goal-distance reduction. Kinematics is evaluated on 5 unique label waypoint(s), excluding consecutive duplicate terminal holds, and checks only that the trajectory stays within the configured bounds speed <= 15.00 m/s and acceleration <= 8.00 m/s^2, so kinematics passes. Goal is not reached within this label waypoint window. Safety passes: minimum clearance 1.64 m against manifest obstacles with 0 violating segment(s).""}",1.8895791428571422,8.196428571428571,-2.5,1.9163648571428566,8.678571428571429,-2.5,1.9431505714285708,9.160714285714285,-2.5,1.9699362857142853,9.642857142857142,-2.5,1.9967219999999994,10.125,-2.5
1773878699.490993261,1773878699.490993261,0.000,offline_ground_truth_window,"Environment section (T(v)):
- Current position NED is (1.88, 7.96, -2.50) m.
- Current velocity is (0.01, 0.09, 0.00) m/s (speed 0.09 m/s).
- Goal position NED is (3.81, 28.75, -2.50) m.
- Output contract: predict exactly 5 waypoint x/y pairs in NED. The planner will set every waypoint z to goal z = -2.50 m before execution.
- Goal delta from current state is (1.93, 20.79, 0.00) m with distance 20.88 m.
- Obstacle pipeline: depth_camera_to_body_to_ned_current_frame.
- Current depth frame obstacle points projected into NED: 155. Nearest depth obstacle in NED is at (-1.39, 8.94, -2.37) m, relative vector (-3.27, 0.98, 0.13) m, distance 3.42 m.
- Depth validity fraction is 0.78. Global nearest obstacle distance is 3.28 m.
- Sector minimum distances [far_left, left, center, right, far_right] are [4.92, 4.91, 3.28, 4.90, 4.89] m.
- Nearest obstacle sector is center at 3.28 m and clearance status is clear.
- Lateral planning hint: prefer center progress.","{""waypoints"":[{""x"":1.9163648571428566,""y"":8.678571428571429},{""x"":1.9431505714285708,""y"":9.160714285714285},{""x"":1.9699362857142853,""y"":9.642857142857142},{""x"":1.9967219999999994,""y"":10.125},{""x"":2.0235077142857136,""y"":10.607142857142858}],""reasoning"":""Selected waypoint 0 moves the reference anchor from 20.64 m to 20.16 m from goal immediately and to 18.23 m by the final waypoint, so progress is 0.48 m selected / 2.41 m final and passes with monotonic goal-distance reduction. Kinematics is evaluated on 5 unique label waypoint(s), excluding consecutive duplicate terminal holds, and checks only that the trajectory stays within the configured bounds speed <= 15.00 m/s and acceleration <= 8.00 m/s^2, so kinematics passes. Goal is not reached within this label waypoint window. Safety passes: minimum clearance 1.84 m against manifest obstacles with 0 violating segment(s).""}",1.9163648571428566,8.678571428571429,-2.5,1.9431505714285708,9.160714285714285,-2.5,1.9699362857142853,9.642857142857142,-2.5,1.9967219999999994,10.125,-2.5,2.0235077142857136,10.607142857142858,-2.5
1773878703.687722683,1773878703.687722683,0.000,offline_ground_truth_window,"Environment section (T(v)):
- Current position NED is (1.91, 8.44, -2.50) m.
- Current velocity is (0.01, 0.10, 0.00) m/s (speed 0.10 m/s).
- Goal position NED is (3.81, 28.75, -2.50) m.
- Output contract: predict exactly 5 waypoint x/y pairs in NED. The planner will set every waypoint z to goal z = -2.50 m before execution.
- Goal delta from current state is (1.90, 20.31, 0.00) m with distance 20.40 m.
- Obstacle pipeline: depth_camera_to_body_to_ned_current_frame.
- Current depth frame obstacle points projected into NED: 132. Nearest depth obstacle in NED is at (-1.26, 9.83, -2.42) m, relative vector (-3.17, 1.39, 0.08) m, distance 3.46 m.
- Depth validity fraction is 0.78. Global nearest obstacle distance is 3.28 m.
- Sector minimum distances [far_left, left, center, right, far_right] are [4.92, 4.91, 3.30, 3.28, 4.88] m.
- Nearest obstacle sector is right at 3.28 m and clearance status is clear.
- Lateral planning hint: left side is clearer.","{""waypoints"":[{""x"":1.9431505714285708,""y"":9.160714285714285},{""x"":1.9699362857142853,""y"":9.642857142857142},{""x"":1.9967219999999994,""y"":10.125},{""x"":2.0235077142857136,""y"":10.607142857142858},{""x"":2.050293428571428,""y"":11.089285714285715}],""reasoning"":""Selected waypoint 0 moves the reference anchor from 20.16 m to 19.68 m from goal immediately and to 17.75 m by the final waypoint, so progress is 0.48 m selected / 2.41 m final and passes with monotonic goal-distance reduction. Kinematics is evaluated on 5 unique label waypoint(s), excluding consecutive duplicate terminal holds, and checks only that the trajectory stays within the configured bounds speed <= 15.00 m/s and acceleration <= 8.00 m/s^2, so kinematics passes. Goal is not reached within this label waypoint window. Safety passes: minimum clearance 2.11 m against manifest obstacles with 0 violating segment(s).""}",1.9431505714285708,9.160714285714285,-2.5,1.9699362857142853,9.642857142857142,-2.5,1.9967219999999994,10.125,-2.5,2.0235077142857136,10.607142857142858,-2.5,2.050293428571428,11.089285714285715,-2.5
1773878707.859870672,1773878707.859870672,0.000,offline_ground_truth_window,"Environment section (T(v)):
- Current position NED is (1.94, 8.92, -2.51) m.
- Current velocity is (0.01, 0.09, 0.01) m/s (speed 0.09 m/s).
- Goal position NED is (3.81, 28.75, -2.50) m.
- Output contract: predict exactly 5 waypoint x/y pairs in NED. The planner will set every waypoint z to goal z = -2.50 m before execution.
- Goal delta from current state is (1.87, 19.83, 0.01) m with distance 19.91 m.
- Obstacle pipeline: depth_camera_to_body_to_ned_current_frame.
- Current depth frame obstacle points projected into NED: 131. Nearest depth obstacle in NED is at (-1.17, 10.75, -2.55) m, relative vector (-3.11, 1.82, -0.05) m, distance 3.61 m.
- Depth validity fraction is 0.78. Global nearest obstacle distance is 3.33 m.
- Sector minimum distances [far_left, left, center, right, far_right] are [4.90, 4.89, 4.89, 3.33, 4.87] m.
- Nearest obstacle sector is right at 3.33 m and clearance status is clear.
- Lateral planning hint: left side is clearer.","{""waypoints"":[{""x"":1.9699362857142853,""y"":9.642857142857142},{""x"":1.9967219999999994,""y"":10.125},{""x"":2.0235077142857136,""y"":10.607142857142858},{""x"":2.050293428571428,""y"":11.089285714285715},{""x"":2.0770791428571425,""y"":11.571428571428571}],""reasoning"":""Selected waypoint 0 moves the reference anchor from 19.68 m to 19.20 m from goal immediately and to 17.27 m by the final waypoint, so progress is 0.48 m selected / 2.41 m final and passes with monotonic goal-distance reduction. Kinematics is evaluated on 5 unique label waypoint(s), excluding consecutive duplicate terminal holds, and checks only that the trajectory stays within the configured bounds speed <= 15.00 m/s and acceleration <= 8.00 m/s^2, so kinematics passes. Goal is not reached within this label waypoint window. Safety passes: minimum clearance 2.06 m against manifest obstacles with 0 violating segment(s).""}",1.9699362857142853,9.642857142857142,-2.5,1.9967219999999994,10.125,-2.5,2.0235077142857136,10.607142857142858,-2.5,2.050293428571428,11.089285714285715,-2.5,2.0770791428571425,11.571428571428571,-2.5
1773878712.589038610,1773878712.589038610,0.000,offline_ground_truth_window,"Environment section (T(v)):
- Current position NED is (1.98, 9.40, -2.49) m.
- Current velocity is (-0.01, 0.09, -0.00) m/s (speed 0.09 m/s).
- Goal position NED is (3.81, 28.75, -2.50) m.
- Output contract: predict exactly 5 waypoint x/y pairs in NED. The planner will set every waypoint z to goal z = -2.50 m before execution.
- Goal delta from current state is (1.83, 19.35, -0.01) m with distance 19.43 m.
- Obstacle pipeline: depth_camera_to_body_to_ned_current_frame.
- Current depth frame obstacle points projected into NED: 137. Nearest depth obstacle in NED is at (-1.01, 11.65, -2.42) m, relative vector (-2.99, 2.25, 0.06) m, distance 3.74 m.
- Depth validity fraction is 0.78. Global nearest obstacle distance is 3.31 m.
- Sector minimum distances [far_left, left, center, right, far_right] are [4.09, 4.91, 4.90, 3.32, 3.31] m.
- Nearest obstacle sector is far_right at 3.31 m and clearance status is clear.
- Lateral planning hint: left side is clearer.","{""waypoints"":[{""x"":1.9967219999999994,""y"":10.125},{""x"":2.0235077142857136,""y"":10.607142857142858},{""x"":2.050293428571428,""y"":11.089285714285715},{""x"":2.0770791428571425,""y"":11.571428571428571},{""x"":2.1038648571428564,""y"":12.053571428571429}],""reasoning"":""Selected waypoint 0 moves the reference anchor from 19.20 m to 18.71 m from goal immediately and to 16.78 m by the final waypoint, so progress is 0.48 m selected / 2.41 m final and passes with monotonic goal-distance reduction. Kinematics is evaluated on 5 unique label waypoint(s), excluding consecutive duplicate terminal holds, and checks only that the trajectory stays within the configured bounds speed <= 15.00 m/s and acceleration <= 8.00 m/s^2, so kinematics passes. Goal is not reached within this label waypoint window. Safety passes: minimum clearance 2.00 m against manifest obstacles with 0 violating segment(s).""}",1.9967219999999994,10.125,-2.5,2.0235077142857136,10.607142857142858,-2.5,2.050293428571428,11.089285714285715,-2.5,2.0770791428571425,11.571428571428571,-2.5,2.1038648571428564,12.053571428571429,-2.5
1773878718.136282444,1773878718.136282444,0.000,offline_ground_truth_window,"Environment section (T(v)):
- Current position NED is (2.01, 9.88, -2.51) m.
- Current velocity is (0.01, 0.07, 0.01) m/s (speed 0.07 m/s).
- Goal position NED is (3.81, 28.75, -2.50) m.
- Output contract: predict exactly 5 waypoint x/y pairs in NED. The planner will set every waypoint z to goal z = -2.50 m before execution.
- Goal delta from current state is (1.80, 18.87, 0.01) m with distance 18.95 m.
- Obstacle pipeline: depth_camera_to_body_to_ned_current_frame.
- Current depth frame obstacle points projected into NED: 151. Nearest depth obstacle in NED is at (-0.91, 12.55, -2.52) m, relative vector (-2.92, 2.67, -0.01) m, distance 3.96 m.
- Depth validity fraction is 0.78. Global nearest obstacle distance is 3.34 m.
- Sector minimum distances [far_left, left, center, right, far_right] are [3.77, 4.89, 4.89, 3.61, 3.34] m.
- Nearest obstacle sector is far_right at 3.34 m and clearance status is clear.
- Lateral planning hint: left side is clearer.","{""waypoints"":[{""x"":2.0235077142857136,""y"":10.607142857142858},{""x"":2.050293428571428,""y"":11.089285714285715},{""x"":2.0770791428571425,""y"":11.571428571428571},{""x"":2.1038648571428564,""y"":12.053571428571429},{""x"":2.130650571428571,""y"":12.535714285714285}],""reasoning"":""Selected waypoint 0 moves the reference anchor from 18.71 m to 18.23 m from goal immediately and to 16.30 m by the final waypoint, so progress is 0.48 m selected / 2.41 m final and passes with monotonic goal-distance reduction. Kinematics is evaluated on 5 unique label waypoint(s), excluding consecutive duplicate terminal holds, and checks only that the trajectory stays within the configured bounds speed <= 15.00 m/s and acceleration <= 8.00 m/s^2, so kinematics passes. Goal is not reached within this label waypoint window. Safety passes: minimum clearance 2.00 m against manifest obstacles with 0 violating segment(s).""}",2.0235077142857136,10.607142857142858,-2.5,2.050293428571428,11.089285714285715,-2.5,2.0770791428571425,11.571428571428571,-2.5,2.1038648571428564,12.053571428571429,-2.5,2.130650571428571,12.535714285714285,-2.5
1773878723.319523096,1773878723.319523096,0.000,offline_ground_truth_window,"Environment section (T(v)):
- Current position NED is (2.00, 10.37, -2.50) m.
- Current velocity is (0.00, 0.08, 0.00) m/s (speed 0.08 m/s).
- Goal position NED is (3.81, 28.75, -2.50) m.
- Output contract: predict exactly 5 waypoint x/y pairs in NED. The planner will set every waypoint z to goal z = -2.50 m before execution.
- Goal delta from current state is (1.81, 18.38, 0.00) m with distance 18.47 m.
- Obstacle pipeline: depth_camera_to_body_to_ned_current_frame.
- Current depth frame obstacle points projected into NED: 147. Nearest depth obstacle in NED is at (-0.82, 13.45, -2.49) m, relative vector (-2.82, 3.08, 0.01) m, distance 4.18 m.
- Depth validity fraction is 0.78. Global nearest obstacle distance is 3.32 m.
- Sector minimum distances [far_left, left, center, right, far_right] are [3.69, 4.88, 4.89, 4.89, 3.32] m.
- Nearest obstacle sector is far_right at 3.32 m and clearance status is clear.
- Lateral planning hint: prefer center progress.","{""waypoints"":[{""x"":2.050293428571428,""y"":11.089285714285715},{""x"":2.0770791428571425,""y"":11.571428571428571},{""x"":2.1038648571428564,""y"":12.053571428571429},{""x"":2.130650571428571,""y"":12.535714285714285},{""x"":2.1574362857142853,""y"":13.017857142857142}],""reasoning"":""Selected waypoint 0 moves the reference anchor from 18.23 m to 17.75 m from goal immediately and to 15.82 m by the final waypoint, so progress is 0.48 m selected / 2.41 m final and passes with monotonic goal-distance reduction. Kinematics is evaluated on 5 unique label waypoint(s), excluding consecutive duplicate terminal holds, and checks only that the trajectory stays within the configured bounds speed <= 15.00 m/s and acceleration <= 8.00 m/s^2, so kinematics passes. Goal is not reached within this label waypoint window. Safety passes: minimum clearance 2.00 m against manifest obstacles with 0 violating segment(s).""}",2.050293428571428,11.089285714285715,-2.5,2.0770791428571425,11.571428571428571,-2.5,2.1038648571428564,12.053571428571429,-2.5,2.130650571428571,12.535714285714285,-2.5,2.1574362857142853,13.017857142857142,-2.5
1773878728.209395647,1773878728.209395647,0.000,offline_ground_truth_window,"Environment section (T(v)):
- Current position NED is (2.06, 10.85, -2.49) m.
- Current velocity is (-0.01, 0.08, 0.00) m/s (speed 0.08 m/s).
- Goal position NED is (3.81, 28.75, -2.50) m.
- Output contract: predict exactly 5 waypoint x/y pairs in NED. The planner will set every waypoint z to goal z = -2.50 m before execution.
- Goal delta from current state is (1.75, 17.90, -0.01) m with distance 17.99 m.
- Obstacle pipeline: depth_camera_to_body_to_ned_current_frame.
- Current depth frame obstacle points projected into NED: 128. Nearest depth obstacle in NED is at (-2.16, 10.06, -2.53) m, relative vector (-4.23, -0.78, -0.04) m, distance 4.30 m.
- Depth validity fraction is 0.78. Global nearest obstacle distance is 3.55 m.
- Sector minimum distances [far_left, left, center, right, far_right] are [3.71, 3.83, 4.87, 4.85, 3.55] m.
- Nearest obstacle sector is far_right at 3.55 m and clearance status is clear.
- Lateral planning hint: right side is clearer.","{""waypoints"":[{""x"":2.0770791428571425,""y"":11.571428571428571},{""x"":2.1038648571428564,""y"":12.053571428571429},{""x"":2.130650571428571,""y"":12.535714285714285},{""x"":2.1574362857142853,""y"":13.017857142857142},{""x"":2.184221999999999,""y"":13.5}],""reasoning"":""Selected waypoint 0 moves the reference anchor from 17.75 m to 17.27 m from goal immediately and to 15.34 m by the final waypoint, so progress is 0.48 m selected / 2.41 m final and passes with monotonic goal-distance reduction. Kinematics is evaluated on 5 unique label waypoint(s), excluding consecutive duplicate terminal holds, and checks only that the trajectory stays within the configured bounds speed <= 15.00 m/s and acceleration <= 8.00 m/s^2, so kinematics passes. Goal is not reached within this label waypoint window. Safety passes: minimum clearance 2.00 m against manifest obstacles with 0 violating segment(s).""}",2.0770791428571425,11.571428571428571,-2.5,2.1038648571428564,12.053571428571429,-2.5,2.130650571428571,12.535714285714285,-2.5,2.1574362857142853,13.017857142857142,-2.5,2.184221999999999,13.5,-2.5
1773878734.442080736,1773878734.442080736,0.000,offline_ground_truth_window,"Environment section (T(v)):
- Current position NED is (2.08, 11.33, -2.50) m.
- Current velocity is (0.01, 0.04, 0.00) m/s (speed 0.04 m/s).
- Goal position NED is (3.81, 28.75, -2.50) m.
- Output contract: predict exactly 5 waypoint x/y pairs in NED. The planner will set every waypoint z to goal z = -2.50 m before execution.
- Goal delta from current state is (1.73, 17.42, 0.00) m with distance 17.51 m.
- Obstacle pipeline: depth_camera_to_body_to_ned_current_frame.
- Current depth frame obstacle points projected into NED: 139. Nearest depth obstacle in NED is at (-2.04, 11.00, -2.49) m, relative vector (-4.11, -0.33, 0.01) m, distance 4.13 m.
- Depth validity fraction is 0.78. Global nearest obstacle distance is 3.72 m.
- Sector minimum distances [far_left, left, center, right, far_right] are [3.74, 3.72, 4.87, 4.87, 4.87] m.
- Nearest obstacle sector is left at 3.72 m and clearance status is clear.
- Lateral planning hint: right side is clearer.","{""waypoints"":[{""x"":2.1038648571428564,""y"":12.053571428571429},{""x"":2.130650571428571,""y"":12.535714285714285},{""x"":2.1574362857142853,""y"":13.017857142857142},{""x"":2.184221999999999,""y"":13.5},{""x"":2.2110077142857136,""y"":13.982142857142858}],""reasoning"":""Selected waypoint 0 moves the reference anchor from 17.27 m to 16.78 m from goal immediately and to 14.85 m by the final waypoint, so progress is 0.48 m selected / 2.41 m final and passes with monotonic goal-distance reduction. Kinematics is evaluated on 5 unique label waypoint(s), excluding consecutive duplicate terminal holds, and checks only that the trajectory stays within the configured bounds speed <= 15.00 m/s and acceleration <= 8.00 m/s^2, so kinematics passes. Goal is not reached within this label waypoint window. Safety passes: minimum clearance 2.00 m against manifest obstacles with 0 violating segment(s).""}",2.1038648571428564,12.053571428571429,-2.5,2.130650571428571,12.535714285714285,-2.5,2.1574362857142853,13.017857142857142,-2.5,2.184221999999999,13.5,-2.5,2.2110077142857136,13.982142857142858,-2.5
1773878739.804614782,1773878739.804614782,0.000,offline_ground_truth_window,"Environment section (T(v)):
- Current position NED is (2.11, 11.82, -2.50) m.
- Current velocity is (0.00, 0.10, 0.00) m/s (speed 0.10 m/s).
- Goal position NED is (3.81, 28.75, -2.50) m.
- Output contract: predict exactly 5 waypoint x/y pairs in NED. The planner will set every waypoint z to goal z = -2.50 m before execution.
- Goal delta from current state is (1.70, 16.93, -0.00) m with distance 17.02 m.
- Obstacle pipeline: depth_camera_to_body_to_ned_current_frame.
- Current depth frame obstacle points projected into NED: 141. Nearest depth obstacle in NED is at (-1.90, 11.99, -2.59) m, relative vector (-4.01, 0.18, -0.09) m, distance 4.02 m.
- Depth validity fraction is 0.77. Global nearest obstacle distance is 3.74 m.
- Sector minimum distances [far_left, left, center, right, far_right] are [4.94, 3.74, 4.10, 4.91, 4.90] m.
- Nearest obstacle sector is left at 3.74 m and clearance status is clear.
- Lateral planning hint: right side is clearer.","{""waypoints"":[{""x"":2.130650571428571,""y"":12.535714285714285},{""x"":2.1574362857142853,""y"":13.017857142857142},{""x"":2.184221999999999,""y"":13.5},{""x"":2.2110077142857136,""y"":13.982142857142858},{""x"":2.237793428571428,""y"":14.464285714285714}],""reasoning"":""Selected waypoint 0 moves the reference anchor from 16.78 m to 16.30 m from goal immediately and to 14.37 m by the final waypoint, so progress is 0.48 m selected / 2.41 m final and passes with monotonic goal-distance reduction. Kinematics is evaluated on 5 unique label waypoint(s), excluding consecutive duplicate terminal holds, and checks only that the trajectory stays within the configured bounds speed <= 15.00 m/s and acceleration <= 8.00 m/s^2, so kinematics passes. Goal is not reached within this label waypoint window. Safety passes: minimum clearance 2.00 m against manifest obstacles with 0 violating segment(s).""}",2.130650571428571,12.535714285714285,-2.5,2.1574362857142853,13.017857142857142,-2.5,2.184221999999999,13.5,-2.5,2.2110077142857136,13.982142857142858,-2.5,2.237793428571428,14.464285714285714,-2.5
1773878744.561343908,1773878744.561343908,0.000,offline_ground_truth_window,"Environment section (T(v)):
- Current position NED is (2.14, 12.30, -2.51) m.
- Current velocity is (-0.00, 0.09, 0.01) m/s (speed 0.09 m/s).
- Goal position NED is (3.81, 28.75, -2.50) m.
- Output contract: predict exactly 5 waypoint x/y pairs in NED. The planner will set every waypoint z to goal z = -2.50 m before execution.
- Goal delta from current state is (1.67, 16.45, 0.01) m with distance 16.54 m.
- Obstacle pipeline: depth_camera_to_body_to_ned_current_frame.
- Current depth frame obstacle points projected into NED: 142. Nearest depth obstacle in NED is at (-1.72, 12.89, -2.63) m, relative vector (-3.86, 0.60, -0.11) m, distance 3.91 m.
- Depth validity fraction is 0.77. Global nearest obstacle distance is 3.73 m.
- Sector minimum distances [far_left, left, center, right, far_right] are [4.94, 3.73, 3.73, 4.93, 4.93] m.
- Nearest obstacle sector is left at 3.73 m and clearance status is clear.
- Lateral planning hint: right side is clearer.","{""waypoints"":[{""x"":2.1574362857142853,""y"":13.017857142857142},{""x"":2.184221999999999,""y"":13.5},{""x"":2.2110077142857136,""y"":13.982142857142858},{""x"":2.237793428571428,""y"":14.464285714285714},{""x"":2.2645791428571425,""y"":14.946428571428571}],""reasoning"":""Selected waypoint 0 moves the reference anchor from 16.30 m to 15.82 m from goal immediately and to 13.89 m by the final waypoint, so progress is 0.48 m selected / 2.41 m final and passes with monotonic goal-distance reduction. Kinematics is evaluated on 5 unique label waypoint(s), excluding consecutive duplicate terminal holds, and checks only that the trajectory stays within the configured bounds speed <= 15.00 m/s and acceleration <= 8.00 m/s^2, so kinematics passes. Goal is not reached within this label waypoint window. Safety passes: minimum clearance 2.04 m against manifest obstacles with 0 violating segment(s).""}",2.1574362857142853,13.017857142857142,-2.5,2.184221999999999,13.5,-2.5,2.2110077142857136,13.982142857142858,-2.5,2.237793428571428,14.464285714285714,-2.5,2.2645791428571425,14.946428571428571,-2.5
1773878748.727558136,1773878748.727558136,0.000,offline_ground_truth_window,"Environment section (T(v)):
- Current position NED is (2.13, 12.78, -2.49) m.
- Current velocity is (0.02, 0.12, 0.00) m/s (speed 0.12 m/s).
- Goal position NED is (3.81, 28.75, -2.50) m.
- Output contract: predict exactly 5 waypoint x/y pairs in NED. The planner will set every waypoint z to goal z = -2.50 m before execution.
- Goal delta from current state is (1.68, 15.97, -0.01) m with distance 16.06 m.
- Obstacle pipeline: depth_camera_to_body_to_ned_current_frame.
- Current depth frame obstacle points projected into NED: 112. Nearest depth obstacle in NED is at (-1.59, 13.79, -2.58) m, relative vector (-3.72, 1.01, -0.09) m, distance 3.86 m.
- Depth validity fraction is 0.77. Global nearest obstacle distance is 3.72 m.
- Sector minimum distances [far_left, left, center, right, far_right] are [4.92, 4.91, 3.72, 4.89, 4.88] m.
- Nearest obstacle sector is center at 3.72 m and clearance status is clear.
- Lateral planning hint: prefer center progress.","{""waypoints"":[{""x"":2.184221999999999,""y"":13.5},{""x"":2.2110077142857136,""y"":13.982142857142858},{""x"":2.237793428571428,""y"":14.464285714285714},{""x"":2.2645791428571425,""y"":14.946428571428571},{""x"":2.291364857142857,""y"":15.42857142857143}],""reasoning"":""Selected waypoint 0 moves the reference anchor from 15.82 m to 15.34 m from goal immediately and to 13.41 m by the final waypoint, so progress is 0.48 m selected / 2.41 m final and passes with monotonic goal-distance reduction. Kinematics is evaluated on 5 unique label waypoint(s), excluding consecutive duplicate terminal holds, and checks only that the trajectory stays within the configured bounds speed <= 15.00 m/s and acceleration <= 8.00 m/s^2, so kinematics passes. Goal is not reached within this label waypoint window. Safety passes: minimum clearance 2.16 m against manifest obstacles with 0 violating segment(s).""}",2.184221999999999,13.5,-2.5,2.2110077142857136,13.982142857142858,-2.5,2.237793428571428,14.464285714285714,-2.5,2.2645791428571425,14.946428571428571,-2.5,2.291364857142857,15.42857142857143,-2.5
1773878753.040386200,1773878753.040386200,0.000,offline_ground_truth_window,"Environment section (T(v)):
- Current position NED is (2.18, 13.26, -2.49) m.
- Current velocity is (-0.00, 0.09, -0.00) m/s (speed 0.09 m/s).
- Goal position NED is (3.81, 28.75, -2.50) m.
- Output contract: predict exactly 5 waypoint x/y pairs in NED. The planner will set every waypoint z to goal z = -2.50 m before execution.
- Goal delta from current state is (1.63, 15.49, -0.01) m with distance 15.57 m.
- Obstacle pipeline: depth_camera_to_body_to_ned_current_frame.
- Current depth frame obstacle points projected into NED: 155. Nearest depth obstacle in NED is at (-1.44, 14.67, -2.39) m, relative vector (-3.63, 1.41, 0.10) m, distance 3.89 m.
- Depth validity fraction is 0.77. Global nearest obstacle distance is 3.74 m.
- Sector minimum distances [far_left, left, center, right, far_right] are [4.89, 4.89, 3.74, 3.78, 4.90] m.
- Nearest obstacle sector is center at 3.74 m and clearance status is clear.
- Lateral planning hint: left side is clearer.","{""waypoints"":[{""x"":2.2110077142857136,""y"":13.982142857142858},{""x"":2.237793428571428,""y"":14.464285714285714},{""x"":2.2645791428571425,""y"":14.946428571428571},{""x"":2.291364857142857,""y"":15.42857142857143},{""x"":2.318150571428571,""y"":15.910714285714285}],""reasoning"":""Selected waypoint 0 moves the reference anchor from 15.34 m to 14.85 m from goal immediately and to 12.93 m by the final waypoint, so progress is 0.48 m selected / 2.41 m final and passes with monotonic goal-distance reduction. Kinematics is evaluated on 5 unique label waypoint(s), excluding consecutive duplicate terminal holds, and checks only that the trajectory stays within the configured bounds speed <= 15.00 m/s and acceleration <= 8.00 m/s^2, so kinematics passes. Goal is not reached within this label waypoint window. Safety passes: minimum clearance 2.37 m against manifest obstacles with 0 violating segment(s).""}",2.2110077142857136,13.982142857142858,-2.5,2.237793428571428,14.464285714285714,-2.5,2.2645791428571425,14.946428571428571,-2.5,2.291364857142857,15.42857142857143,-2.5,2.318150571428571,15.910714285714285,-2.5
1773878757.629915953,1773878757.629915953,0.000,offline_ground_truth_window,"Environment section (T(v)):
- Current position NED is (2.19, 13.74, -2.50) m.
- Current velocity is (0.02, 0.08, 0.00) m/s (speed 0.08 m/s).
- Goal position NED is (3.81, 28.75, -2.50) m.
- Output contract: predict exactly 5 waypoint x/y pairs in NED. The planner will set every waypoint z to goal z = -2.50 m before execution.
- Goal delta from current state is (1.61, 15.01, -0.00) m with distance 15.09 m.
- Obstacle pipeline: depth_camera_to_body_to_ned_current_frame.
- Current depth frame obstacle points projected into NED: 130. Nearest depth obstacle in NED is at (-1.33, 15.50, -2.12) m, relative vector (-3.52, 1.76, 0.37) m, distance 3.96 m.
- Depth validity fraction is 0.77. Global nearest obstacle distance is 3.72 m.
- Sector minimum distances [far_left, left, center, right, far_right] are [4.93, 4.93, 3.83, 3.72, 4.92] m.
- Nearest obstacle sector is right at 3.72 m and clearance status is clear.
- Lateral planning hint: left side is clearer.","{""waypoints"":[{""x"":2.237793428571428,""y"":14.464285714285714},{""x"":2.2645791428571425,""y"":14.946428571428571},{""x"":2.291364857142857,""y"":15.42857142857143},{""x"":2.318150571428571,""y"":15.910714285714285},{""x"":2.3449362857142853,""y"":16.392857142857142}],""reasoning"":""Selected waypoint 0 moves the reference anchor from 14.85 m to 14.37 m from goal immediately and to 12.44 m by the final waypoint, so progress is 0.48 m selected / 2.41 m final and passes with monotonic goal-distance reduction. Kinematics is evaluated on 5 unique label waypoint(s), excluding consecutive duplicate terminal holds, and checks only that the trajectory stays within the configured bounds speed <= 15.00 m/s and acceleration <= 8.00 m/s^2, so kinematics passes. Goal is not reached within this label waypoint window. Safety passes: minimum clearance 2.63 m against manifest obstacles with 0 violating segment(s).""}",2.237793428571428,14.464285714285714,-2.5,2.2645791428571425,14.946428571428571,-2.5,2.291364857142857,15.42857142857143,-2.5,2.318150571428571,15.910714285714285,-2.5,2.3449362857142853,16.392857142857142,-2.5
1773878761.982138157,1773878761.982138157,0.000,offline_ground_truth_window,"Environment section (T(v)):
- Current position NED is (2.20, 14.23, -2.51) m.
- Current velocity is (0.02, 0.10, 0.01) m/s (speed 0.10 m/s).
- Goal position NED is (3.81, 28.75, -2.50) m.
- Output contract: predict exactly 5 waypoint x/y pairs in NED. The planner will set every waypoint z to goal z = -2.50 m before execution.
- Goal delta from current state is (1.61, 14.52, 0.01) m with distance 14.61 m.
- Obstacle pipeline: depth_camera_to_body_to_ned_current_frame.
- Current depth frame obstacle points projected into NED: 113. Nearest depth obstacle in NED is at (-1.29, 16.36, -2.62) m, relative vector (-3.49, 2.13, -0.10) m, distance 4.09 m.
- Depth validity fraction is 0.77. Global nearest obstacle distance is 3.75 m.
- Sector minimum distances [far_left, left, center, right, far_right] are [4.91, 4.90, 4.90, 3.75, 4.89] m.
- Nearest obstacle sector is right at 3.75 m and clearance status is clear.
- Lateral planning hint: left side is clearer.","{""waypoints"":[{""x"":2.2645791428571425,""y"":14.946428571428571},{""x"":2.291364857142857,""y"":15.42857142857143},{""x"":2.318150571428571,""y"":15.910714285714285},{""x"":2.3449362857142853,""y"":16.392857142857142},{""x"":2.371721999999999,""y"":16.875}],""reasoning"":""Selected waypoint 0 moves the reference anchor from 14.37 m to 13.89 m from goal immediately and to 11.96 m by the final waypoint, so progress is 0.48 m selected / 2.41 m final and passes with monotonic goal-distance reduction. Kinematics is evaluated on 5 unique label waypoint(s), excluding consecutive duplicate terminal holds, and checks only that the trajectory stays within the configured bounds speed <= 15.00 m/s and acceleration <= 8.00 m/s^2, so kinematics passes. Goal is not reached within this label waypoint window. Safety passes: minimum clearance 2.65 m against manifest obstacles with 0 violating segment(s).""}",2.2645791428571425,14.946428571428571,-2.5,2.291364857142857,15.42857142857143,-2.5,2.318150571428571,15.910714285714285,-2.5,2.3449362857142853,16.392857142857142,-2.5,2.371721999999999,16.875,-2.5
1773878767.328429222,1773878767.328429222,0.000,offline_ground_truth_window,"Environment section (T(v)):
- Current position NED is (2.31, 14.70, -2.48) m.
- Current velocity is (-0.01, 0.07, 0.00) m/s (speed 0.07 m/s).
- Goal position NED is (3.81, 28.75, -2.50) m.
- Output contract: predict exactly 5 waypoint x/y pairs in NED. The planner will set every waypoint z to goal z = -2.50 m before execution.
- Goal delta from current state is (1.50, 14.05, -0.02) m with distance 14.13 m.
- Obstacle pipeline: depth_camera_to_body_to_ned_current_frame.
- Current depth frame obstacle points projected into NED: 119. Nearest depth obstacle in NED is at (-1.07, 17.37, -2.60) m, relative vector (-3.39, 2.66, -0.12) m, distance 4.31 m.
- Depth validity fraction is 0.77. Global nearest obstacle distance is 3.81 m.
- Sector minimum distances [far_left, left, center, right, far_right] are [4.83, 4.83, 4.82, 3.83, 3.81] m.
- Nearest obstacle sector is far_right at 3.81 m and clearance status is clear.
- Lateral planning hint: left side is clearer.","{""waypoints"":[{""x"":2.291364857142857,""y"":15.42857142857143},{""x"":2.318150571428571,""y"":15.910714285714285},{""x"":2.3449362857142853,""y"":16.392857142857142},{""x"":2.371721999999999,""y"":16.875},{""x"":2.3985077142857136,""y"":17.357142857142858}],""reasoning"":""Selected waypoint 0 moves the reference anchor from 13.89 m to 13.41 m from goal immediately and to 11.48 m by the final waypoint, so progress is 0.48 m selected / 2.41 m final and passes with monotonic goal-distance reduction. Kinematics is evaluated on 5 unique label waypoint(s), excluding consecutive duplicate terminal holds, and checks only that the trajectory stays within the configured bounds speed <= 15.00 m/s and acceleration <= 8.00 m/s^2, so kinematics passes. Goal is not reached within this label waypoint window. Safety passes: minimum clearance 2.30 m against manifest obstacles with 0 violating segment(s).""}",2.291364857142857,15.42857142857143,-2.5,2.318150571428571,15.910714285714285,-2.5,2.3449362857142853,16.392857142857142,-2.5,2.371721999999999,16.875,-2.5,2.3985077142857136,17.357142857142858,-2.5
1773878771.974107742,1773878771.974107742,0.000,offline_ground_truth_window,"Environment section (T(v)):
- Current position NED is (2.28, 15.19, -2.49) m.
- Current velocity is (0.02, 0.09, -0.00) m/s (speed 0.09 m/s).
- Goal position NED is (3.81, 28.75, -2.50) m.
- Output contract: predict exactly 5 waypoint x/y pairs in NED. The planner will set every waypoint z to goal z = -2.50 m before execution.
- Goal delta from current state is (1.53, 13.56, -0.01) m with distance 13.65 m.
- Obstacle pipeline: depth_camera_to_body_to_ned_current_frame.
- Current depth frame obstacle points projected into NED: 131. Nearest depth obstacle in NED is at (-0.96, 18.25, -2.53) m, relative vector (-3.24, 3.06, -0.04) m, distance 4.46 m.
- Depth validity fraction is 0.77. Global nearest obstacle distance is 3.75 m.
- Sector minimum distances [far_left, left, center, right, far_right] are [4.84, 4.83, 4.82, 4.14, 3.75] m.
- Nearest obstacle sector is far_right at 3.75 m and clearance status is clear.
- Lateral planning hint: left side is clearer.","{""waypoints"":[{""x"":2.318150571428571,""y"":15.910714285714285},{""x"":2.3449362857142853,""y"":16.392857142857142},{""x"":2.371721999999999,""y"":16.875},{""x"":2.3985077142857136,""y"":17.357142857142858},{""x"":2.425293428571428,""y"":17.839285714285715}],""reasoning"":""Selected waypoint 0 moves the reference anchor from 13.41 m to 12.93 m from goal immediately and to 11.00 m by the final waypoint, so progress is 0.48 m selected / 2.41 m final and passes with monotonic goal-distance reduction. Kinematics is evaluated on 5 unique label waypoint(s), excluding consecutive duplicate terminal holds, and checks only that the trajectory stays within the configured bounds speed <= 15.00 m/s and acceleration <= 8.00 m/s^2, so kinematics passes. Goal is not reached within this label waypoint window. Safety passes: minimum clearance 1.99 m against manifest obstacles with 0 violating segment(s).""}",2.318150571428571,15.910714285714285,-2.5,2.3449362857142853,16.392857142857142,-2.5,2.371721999999999,16.875,-2.5,2.3985077142857136,17.357142857142858,-2.5,2.425293428571428,17.839285714285715,-2.5
1773878776.624685049,1773878776.624685049,0.000,offline_ground_truth_window,"Environment section (T(v)):
- Current position NED is (2.28, 15.67, -2.48) m.
- Current velocity is (0.02, 0.11, -0.00) m/s (speed 0.11 m/s).
- Goal position NED is (3.81, 28.75, -2.50) m.
- Output contract: predict exactly 5 waypoint x/y pairs in NED. The planner will set every waypoint z to goal z = -2.50 m before execution.
- Goal delta from current state is (1.53, 13.08, -0.02) m with distance 13.17 m.
- Obstacle pipeline: depth_camera_to_body_to_ned_current_frame.
- Current depth frame obstacle points projected into NED: 124. Nearest depth obstacle in NED is at (-0.87, 19.17, -2.62) m, relative vector (-3.15, 3.50, -0.14) m, distance 4.71 m.
- Depth validity fraction is 0.77. Global nearest obstacle distance is 3.75 m.
- Sector minimum distances [far_left, left, center, right, far_right] are [4.86, 4.85, 4.84, 4.84, 3.75] m.
- Nearest obstacle sector is far_right at 3.75 m and clearance status is clear.
- Lateral planning hint: left side is clearer.","{""waypoints"":[{""x"":2.3449362857142853,""y"":16.392857142857142},{""x"":2.371721999999999,""y"":16.875},{""x"":2.3985077142857136,""y"":17.357142857142858},{""x"":2.425293428571428,""y"":17.839285714285715},{""x"":2.4520791428571425,""y"":18.32142857142857}],""reasoning"":""Selected waypoint 0 moves the reference anchor from 12.93 m to 12.44 m from goal immediately and to 10.52 m by the final waypoint, so progress is 0.48 m selected / 2.41 m final and passes with monotonic goal-distance reduction. Kinematics is evaluated on 5 unique label waypoint(s), excluding consecutive duplicate terminal holds, and checks only that the trajectory stays within the configured bounds speed <= 15.00 m/s and acceleration <= 8.00 m/s^2, so kinematics passes. Goal is not reached within this label waypoint window. Safety passes: minimum clearance 1.74 m against manifest obstacles with 0 violating segment(s).""}",2.3449362857142853,16.392857142857142,-2.5,2.371721999999999,16.875,-2.5,2.3985077142857136,17.357142857142858,-2.5,2.425293428571428,17.839285714285715,-2.5,2.4520791428571425,18.32142857142857,-2.5
1773878781.233866692,1773878781.233866692,0.000,offline_ground_truth_window,"Environment section (T(v)):
- Current position NED is (2.32, 16.16, -2.49) m.
- Current velocity is (0.01, 0.09, 0.00) m/s (speed 0.09 m/s).
- Goal position NED is (3.81, 28.75, -2.50) m.
- Output contract: predict exactly 5 waypoint x/y pairs in NED. The planner will set every waypoint z to goal z = -2.50 m before execution.
- Goal delta from current state is (1.49, 12.59, -0.01) m with distance 12.68 m.
- Obstacle pipeline: depth_camera_to_body_to_ned_current_frame.
- Current depth frame obstacle points projected into NED: 121. Nearest depth obstacle in NED is at (-0.90, 20.05, -2.28) m, relative vector (-3.22, 3.89, 0.21) m, distance 5.05 m.
- Depth validity fraction is 0.77. Global nearest obstacle distance is 3.96 m.
- Sector minimum distances [far_left, left, center, right, far_right] are [4.91, 4.89, 4.87, 4.86, 3.96] m.
- Nearest obstacle sector is far_right at 3.96 m and clearance status is clear.
- Lateral planning hint: left side is clearer.","{""waypoints"":[{""x"":2.371721999999999,""y"":16.875},{""x"":2.3985077142857136,""y"":17.357142857142858},{""x"":2.425293428571428,""y"":17.839285714285715},{""x"":2.4520791428571425,""y"":18.32142857142857},{""x"":2.478864857142857,""y"":18.80357142857143}],""reasoning"":""Selected waypoint 0 moves the reference anchor from 12.44 m to 11.96 m from goal immediately and to 10.04 m by the final waypoint, so progress is 0.48 m selected / 2.41 m final and passes with monotonic goal-distance reduction. Kinematics is evaluated on 5 unique label waypoint(s), excluding consecutive duplicate terminal holds, and checks only that the trajectory stays within the configured bounds speed <= 15.00 m/s and acceleration <= 8.00 m/s^2, so kinematics passes. Goal is not reached within this label waypoint window. Safety passes: minimum clearance 1.57 m against manifest obstacles with 0 violating segment(s).""}",2.371721999999999,16.875,-2.5,2.3985077142857136,17.357142857142858,-2.5,2.425293428571428,17.839285714285715,-2.5,2.4520791428571425,18.32142857142857,-2.5,2.478864857142857,18.80357142857143,-2.5
1773878787.165577173,1773878787.165577173,0.000,offline_ground_truth_window,"Environment section (T(v)):
- Current position NED is (2.41, 16.63, -2.49) m.
- Current velocity is (0.00, 0.05, -0.00) m/s (speed 0.05 m/s).
- Goal position NED is (3.81, 28.75, -2.50) m.
- Output contract: predict exactly 5 waypoint x/y pairs in NED. The planner will set every waypoint z to goal z = -2.50 m before execution.
- Goal delta from current state is (1.40, 12.12, -0.01) m with distance 12.20 m.
- Obstacle pipeline: depth_camera_to_body_to_ned_current_frame.
- Current depth frame obstacle points projected into NED: 133. Nearest depth obstacle in NED is at (-2.19, 14.92, -1.73) m, relative vector (-4.60, -1.71, 0.76) m, distance 4.97 m.
- Depth validity fraction is 0.77. Global nearest obstacle distance is 3.85 m.
- Sector minimum distances [far_left, left, center, right, far_right] are [3.85, 4.86, 4.87, 4.87, 4.55] m.
- Nearest obstacle sector is far_left at 3.85 m and clearance status is clear.
- Lateral planning hint: prefer center progress.","{""waypoints"":[{""x"":2.3985077142857136,""y"":17.357142857142858},{""x"":2.425293428571428,""y"":17.839285714285715},{""x"":2.4520791428571425,""y"":18.32142857142857},{""x"":2.478864857142857,""y"":18.80357142857143},{""x"":2.505650571428571,""y"":19.285714285714285}],""reasoning"":""Selected waypoint 0 moves the reference anchor from 11.96 m to 11.48 m from goal immediately and to 9.55 m by the final waypoint, so progress is 0.48 m selected / 2.41 m final and passes with monotonic goal-distance reduction. Kinematics is evaluated on 5 unique label waypoint(s), excluding consecutive duplicate terminal holds, and checks only that the trajectory stays within the configured bounds speed <= 15.00 m/s and acceleration <= 8.00 m/s^2, so kinematics passes. Goal is not reached within this label waypoint window. Safety passes: minimum clearance 1.51 m against manifest obstacles with 0 violating segment(s).""}",2.3985077142857136,17.357142857142858,-2.5,2.425293428571428,17.839285714285715,-2.5,2.4520791428571425,18.32142857142857,-2.5,2.478864857142857,18.80357142857143,-2.5,2.505650571428571,19.285714285714285,-2.5
1773878793.695621014,1773878793.695621014,0.000,offline_ground_truth_window,"Environment section (T(v)):
- Current position NED is (2.40, 17.12, -2.50) m.
- Current velocity is (0.01, 0.07, 0.01) m/s (speed 0.07 m/s).
- Goal position NED is (3.81, 28.75, -2.50) m.
- Output contract: predict exactly 5 waypoint x/y pairs in NED. The planner will set every waypoint z to goal z = -2.50 m before execution.
- Goal delta from current state is (1.41, 11.63, 0.00) m with distance 11.72 m.
- Obstacle pipeline: depth_camera_to_body_to_ned_current_frame.
- Current depth frame obstacle points projected into NED: 127. Nearest depth obstacle in NED is at (-1.73, 15.65, -2.69) m, relative vector (-4.13, -1.46, -0.19) m, distance 4.39 m.
- Depth validity fraction is 0.76. Global nearest obstacle distance is 3.42 m.
- Sector minimum distances [far_left, left, center, right, far_right] are [3.42, 4.92, 4.90, 4.88, 4.86] m.
- Nearest obstacle sector is far_left at 3.42 m and clearance status is clear.
- Lateral planning hint: right side is clearer.","{""waypoints"":[{""x"":2.425293428571428,""y"":17.839285714285715},{""x"":2.4520791428571425,""y"":18.32142857142857},{""x"":2.478864857142857,""y"":18.80357142857143},{""x"":2.505650571428571,""y"":19.285714285714285},{""x"":2.5324362857142853,""y"":19.767857142857142}],""reasoning"":""Selected waypoint 0 moves the reference anchor from 11.48 m to 11.00 m from goal immediately and to 9.07 m by the final waypoint, so progress is 0.48 m selected / 2.41 m final and passes with monotonic goal-distance reduction. Kinematics is evaluated on 5 unique label waypoint(s), excluding consecutive duplicate terminal holds, and checks only that the trajectory stays within the configured bounds speed <= 15.00 m/s and acceleration <= 8.00 m/s^2, so kinematics passes. Goal is not reached within this label waypoint window. Safety passes: minimum clearance 1.51 m against manifest obstacles with 0 violating segment(s).""}",2.425293428571428,17.839285714285715,-2.5,2.4520791428571425,18.32142857142857,-2.5,2.478864857142857,18.80357142857143,-2.5,2.505650571428571,19.285714285714285,-2.5,2.5324362857142853,19.767857142857142,-2.5
1773878798.521280050,1773878798.521280050,0.000,offline_ground_truth_window,"Environment section (T(v)):
- Current position NED is (2.42, 17.60, -2.49) m.
- Current velocity is (-0.01, 0.10, 0.00) m/s (speed 0.10 m/s).
- Goal position NED is (3.81, 28.75, -2.50) m.
- Output contract: predict exactly 5 waypoint x/y pairs in NED. The planner will set every waypoint z to goal z = -2.50 m before execution.
- Goal delta from current state is (1.39, 11.15, -0.01) m with distance 11.24 m.
- Obstacle pipeline: depth_camera_to_body_to_ned_current_frame.
- Current depth frame obstacle points projected into NED: 121. Nearest depth obstacle in NED is at (-1.45, 16.42, -2.68) m, relative vector (-3.87, -1.18, -0.19) m, distance 4.05 m.
- Depth validity fraction is 0.76. Global nearest obstacle distance is 3.22 m.
- Sector minimum distances [far_left, left, center, right, far_right] are [3.22, 4.94, 4.94, 4.94, 4.93] m.
- Nearest obstacle sector is far_left at 3.22 m and clearance status is clear.
- Lateral planning hint: right side is clearer.","{""waypoints"":[{""x"":2.4520791428571425,""y"":18.32142857142857},{""x"":2.478864857142857,""y"":18.80357142857143},{""x"":2.505650571428571,""y"":19.285714285714285},{""x"":2.5324362857142853,""y"":19.767857142857142},{""x"":2.559221999999999,""y"":20.25}],""reasoning"":""Selected waypoint 0 moves the reference anchor from 11.00 m to 10.52 m from goal immediately and to 8.59 m by the final waypoint, so progress is 0.48 m selected / 2.41 m final and passes with monotonic goal-distance reduction. Kinematics is evaluated on 5 unique label waypoint(s), excluding consecutive duplicate terminal holds, and checks only that the trajectory stays within the configured bounds speed <= 15.00 m/s and acceleration <= 8.00 m/s^2, so kinematics passes. Goal is not reached within this label waypoint window. Safety passes: minimum clearance 1.51 m against manifest obstacles with 0 violating segment(s).""}",2.4520791428571425,18.32142857142857,-2.5,2.478864857142857,18.80357142857143,-2.5,2.505650571428571,19.285714285714285,-2.5,2.5324362857142853,19.767857142857142,-2.5,2.559221999999999,20.25,-2.5
1773878803.492515087,1773878803.492515087,0.000,offline_ground_truth_window,"Environment section (T(v)):
- Current position NED is (2.44, 18.08, -2.51) m.
- Current velocity is (0.02, 0.05, 0.01) m/s (speed 0.05 m/s).
- Goal position NED is (3.81, 28.75, -2.50) m.
- Output contract: predict exactly 5 waypoint x/y pairs in NED. The planner will set every waypoint z to goal z = -2.50 m before execution.
- Goal delta from current state is (1.37, 10.67, 0.01) m with distance 10.76 m.
- Obstacle pipeline: depth_camera_to_body_to_ned_current_frame.
- Current depth frame obstacle points projected into NED: 135. Nearest depth obstacle in NED is at (-1.32, 17.30, -2.43) m, relative vector (-3.76, -0.78, 0.08) m, distance 3.84 m.
- Depth validity fraction is 0.76. Global nearest obstacle distance is 3.23 m.
- Sector minimum distances [far_left, left, center, right, far_right] are [3.23, 3.46, 4.90, 4.90, 4.90] m.
- Nearest obstacle sector is far_left at 3.23 m and clearance status is clear.
- Lateral planning hint: right side is clearer.","{""waypoints"":[{""x"":2.478864857142857,""y"":18.80357142857143},{""x"":2.505650571428571,""y"":19.285714285714285},{""x"":2.5324362857142853,""y"":19.767857142857142},{""x"":2.559221999999999,""y"":20.25},{""x"":2.309221999999999,""y"":20.666666666666668}],""reasoning"":""Selected waypoint 0 moves the reference anchor from 10.52 m to 10.04 m from goal immediately and to 8.22 m by the final waypoint, so progress is 0.48 m selected / 2.30 m final and passes with monotonic goal-distance reduction. Kinematics is evaluated on 5 unique label waypoint(s), excluding consecutive duplicate terminal holds, and checks only that the trajectory stays within the configured bounds speed <= 15.00 m/s and acceleration <= 8.00 m/s^2, so kinematics passes. Goal is not reached within this label waypoint window. Safety passes: minimum clearance 1.51 m against manifest obstacles with 0 violating segment(s).""}",2.478864857142857,18.80357142857143,-2.5,2.505650571428571,19.285714285714285,-2.5,2.5324362857142853,19.767857142857142,-2.5,2.559221999999999,20.25,-2.5,2.309221999999999,20.666666666666668,-2.5
1773878807.742179871,1773878807.742179871,0.000,offline_ground_truth_window,"Environment section (T(v)):
- Current position NED is (2.46, 18.57, -2.49) m.
- Current velocity is (0.01, 0.12, 0.00) m/s (speed 0.12 m/s).
- Goal position NED is (3.81, 28.75, -2.50) m.
- Output contract: predict exactly 5 waypoint x/y pairs in NED. The planner will set every waypoint z to goal z = -2.50 m before execution.
- Goal delta from current state is (1.35, 10.18, -0.01) m with distance 10.27 m.
- Obstacle pipeline: depth_camera_to_body_to_ned_current_frame.
- Current depth frame obstacle points projected into NED: 124. Nearest depth obstacle in NED is at (-1.12, 18.20, -2.38) m, relative vector (-3.58, -0.37, 0.11) m, distance 3.60 m.
- Depth validity fraction is 0.76. Global nearest obstacle distance is 3.20 m.
- Sector minimum distances [far_left, left, center, right, far_right] are [3.20, 3.20, 4.89, 4.88, 4.87] m.
- Nearest obstacle sector is far_left at 3.20 m and clearance status is clear.
- Lateral planning hint: right side is clearer.","{""waypoints"":[{""x"":2.505650571428571,""y"":19.285714285714285},{""x"":2.5324362857142853,""y"":19.767857142857142},{""x"":2.559221999999999,""y"":20.25},{""x"":2.309221999999999,""y"":20.666666666666668},{""x"":2.059221999999999,""y"":21.083333333333332}],""reasoning"":""Selected waypoint 0 moves the reference anchor from 10.04 m to 9.55 m from goal immediately and to 7.86 m by the final waypoint, so progress is 0.48 m selected / 2.17 m final and passes with monotonic goal-distance reduction. Kinematics is evaluated on 5 unique label waypoint(s), excluding consecutive duplicate terminal holds, and checks only that the trajectory stays within the configured bounds speed <= 15.00 m/s and acceleration <= 8.00 m/s^2, so kinematics passes. Goal is not reached within this label waypoint window. Safety passes: minimum clearance 1.50 m against manifest obstacles with 0 violating segment(s).""}",2.505650571428571,19.285714285714285,-2.5,2.5324362857142853,19.767857142857142,-2.5,2.559221999999999,20.25,-2.5,2.309221999999999,20.666666666666668,-2.5,2.059221999999999,21.083333333333332,-2.5
1773878812.209979057,1773878812.209979057,0.000,offline_ground_truth_window,"Environment section (T(v)):
- Current position NED is (2.47, 19.05, -2.50) m.
- Current velocity is (0.02, 0.09, 0.00) m/s (speed 0.09 m/s).
- Goal position NED is (3.81, 28.75, -2.50) m.
- Output contract: predict exactly 5 waypoint x/y pairs in NED. The planner will set every waypoint z to goal z = -2.50 m before execution.
- Goal delta from current state is (1.34, 9.70, -0.00) m with distance 9.79 m.
- Obstacle pipeline: depth_camera_to_body_to_ned_current_frame.
- Current depth frame obstacle points projected into NED: 119. Nearest depth obstacle in NED is at (-1.02, 19.03, -2.44) m, relative vector (-3.49, -0.02, 0.06) m, distance 3.49 m.
- Depth validity fraction is 0.76. Global nearest obstacle distance is 3.23 m.
- Sector minimum distances [far_left, left, center, right, far_right] are [4.91, 3.23, 3.49, 4.90, 4.90] m.
- Nearest obstacle sector is left at 3.23 m and clearance status is clear.
- Lateral planning hint: right side is clearer.","{""waypoints"":[{""x"":2.5324362857142853,""y"":19.767857142857142},{""x"":2.559221999999999,""y"":20.25},{""x"":2.309221999999999,""y"":20.666666666666668},{""x"":2.059221999999999,""y"":21.083333333333332},{""x"":1.8092219999999994,""y"":21.5}],""reasoning"":""Selected waypoint 0 moves the reference anchor from 9.55 m to 9.07 m from goal immediately and to 7.52 m by the final waypoint, so progress is 0.48 m selected / 2.03 m final and passes with monotonic goal-distance reduction. Kinematics is evaluated on 5 unique label waypoint(s), excluding consecutive duplicate terminal holds, and checks only that the trajectory stays within the configured bounds speed <= 15.00 m/s and acceleration <= 8.00 m/s^2, so kinematics passes. Goal is not reached within this label waypoint window. Safety passes: minimum clearance 1.50 m against manifest obstacles with 0 violating segment(s).""}",2.5324362857142853,19.767857142857142,-2.5,2.559221999999999,20.25,-2.5,2.309221999999999,20.666666666666668,-2.5,2.059221999999999,21.083333333333332,-2.5,1.8092219999999994,21.5,-2.5
1773878817.127714872,1773878817.127714872,0.000,offline_ground_truth_window,"Environment section (T(v)):
- Current position NED is (2.54, 19.53, -2.50) m.
- Current velocity is (-0.00, 0.07, 0.00) m/s (speed 0.07 m/s).
- Goal position NED is (3.81, 28.75, -2.50) m.
- Output contract: predict exactly 5 waypoint x/y pairs in NED. The planner will set every waypoint z to goal z = -2.50 m before execution.
- Goal delta from current state is (1.26, 9.22, 0.00) m with distance 9.31 m.
- Obstacle pipeline: depth_camera_to_body_to_ned_current_frame.
- Current depth frame obstacle points projected into NED: 126. Nearest depth obstacle in NED is at (-0.83, 20.03, -2.51) m, relative vector (-3.37, 0.50, -0.00) m, distance 3.41 m.
- Depth validity fraction is 0.76. Global nearest obstacle distance is 3.25 m.
- Sector minimum distances [far_left, left, center, right, far_right] are [4.91, 3.25, 3.25, 4.91, 4.91] m.
- Nearest obstacle sector is left at 3.25 m and clearance status is clear.
- Lateral planning hint: right side is clearer.","{""waypoints"":[{""x"":2.559221999999999,""y"":20.25},{""x"":2.309221999999999,""y"":20.666666666666668},{""x"":2.059221999999999,""y"":21.083333333333332},{""x"":1.8092219999999994,""y"":21.5},{""x"":1.9001310909090903,""y"":21.977272727272727}],""reasoning"":""Selected waypoint 0 moves the reference anchor from 9.07 m to 8.59 m from goal immediately and to 7.04 m by the final waypoint, so progress is 0.48 m selected / 2.04 m final and passes with monotonic goal-distance reduction. Kinematics is evaluated on 5 unique label waypoint(s), excluding consecutive duplicate terminal holds, and checks only that the trajectory stays within the configured bounds speed <= 15.00 m/s and acceleration <= 8.00 m/s^2, so kinematics passes. Goal is not reached within this label waypoint window. Safety passes: minimum clearance 1.50 m against manifest obstacles with 0 violating segment(s).""}",2.559221999999999,20.25,-2.5,2.309221999999999,20.666666666666668,-2.5,2.059221999999999,21.083333333333332,-2.5,1.8092219999999994,21.5,-2.5,1.9001310909090903,21.977272727272727,-2.5
1773878820.912935734,1773878820.912935734,0.000,offline_ground_truth_window,"Environment section (T(v)):
- Current position NED is (2.55, 20.01, -2.49) m.
- Current velocity is (0.02, 0.11, 0.00) m/s (speed 0.11 m/s).
- Goal position NED is (3.81, 28.75, -2.50) m.
- Output contract: predict exactly 5 waypoint x/y pairs in NED. The planner will set every waypoint z to goal z = -2.50 m before execution.
- Goal delta from current state is (1.26, 8.74, -0.01) m with distance 8.83 m.
- Obstacle pipeline: depth_camera_to_body_to_ned_current_frame.
- Current depth frame obstacle points projected into NED: 120. Nearest depth obstacle in NED is at (-0.70, 20.86, -2.47) m, relative vector (-3.26, 0.85, 0.02) m, distance 3.37 m.
- Depth validity fraction is 0.76. Global nearest obstacle distance is 3.23 m.
- Sector minimum distances [far_left, left, center, right, far_right] are [4.91, 3.52, 3.23, 3.63, 4.84] m.
- Nearest obstacle sector is center at 3.23 m and clearance status is clear.
- Lateral planning hint: prefer center progress.","{""waypoints"":[{""x"":2.309221999999999,""y"":20.666666666666668},{""x"":2.059221999999999,""y"":21.083333333333332},{""x"":1.8092219999999994,""y"":21.5},{""x"":1.9001310909090903,""y"":21.977272727272727},{""x"":1.9910401818181813,""y"":22.454545454545453}],""reasoning"":""Selected waypoint 0 moves the reference anchor from 8.59 m to 8.22 m from goal immediately and to 6.55 m by the final waypoint, so progress is 0.37 m selected / 2.04 m final and passes with monotonic goal-distance reduction. Kinematics is evaluated on 5 unique label waypoint(s), excluding consecutive duplicate terminal holds, and checks only that the trajectory stays within the configured bounds speed <= 15.00 m/s and acceleration <= 8.00 m/s^2, so kinematics passes. Goal is not reached within this label waypoint window. Safety passes: minimum clearance 1.50 m against manifest obstacles with 0 violating segment(s).""}",2.309221999999999,20.666666666666668,-2.5,2.059221999999999,21.083333333333332,-2.5,1.8092219999999994,21.5,-2.5,1.9001310909090903,21.977272727272727,-2.5,1.9910401818181813,22.454545454545453,-2.5
1773878827.563713074,1773878827.563713074,0.000,offline_ground_truth_window,"Environment section (T(v)):
- Current position NED is (2.39, 20.43, -2.49) m.
- Current velocity is (-0.02, 0.06, 0.00) m/s (speed 0.06 m/s).
- Goal position NED is (3.81, 28.75, -2.50) m.
- Output contract: predict exactly 5 waypoint x/y pairs in NED. The planner will set every waypoint z to goal z = -2.50 m before execution.
- Goal delta from current state is (1.42, 8.32, -0.01) m with distance 8.44 m.
- Obstacle pipeline: depth_camera_to_body_to_ned_current_frame.
- Current depth frame obstacle points projected into NED: 113. Nearest depth obstacle in NED is at (-0.63, 21.56, -2.35) m, relative vector (-3.02, 1.13, 0.14) m, distance 3.23 m.
- Depth validity fraction is 0.76. Global nearest obstacle distance is 3.07 m.
- Sector minimum distances [far_left, left, center, right, far_right] are [4.93, 4.92, 3.07, 3.07, 4.92] m.
- Nearest obstacle sector is center at 3.07 m and clearance status is clear.
- Lateral planning hint: left side is clearer.","{""waypoints"":[{""x"":2.059221999999999,""y"":21.083333333333332},{""x"":1.8092219999999994,""y"":21.5},{""x"":1.9001310909090903,""y"":21.977272727272727},{""x"":1.9910401818181813,""y"":22.454545454545453},{""x"":2.081949272727272,""y"":22.93181818181818}],""reasoning"":""Selected waypoint 0 moves the reference anchor from 8.22 m to 7.86 m from goal immediately and to 6.07 m by the final waypoint, so progress is 0.36 m selected / 2.15 m final and passes with monotonic goal-distance reduction. Kinematics is evaluated on 5 unique label waypoint(s), excluding consecutive duplicate terminal holds, and checks only that the trajectory stays within the configured bounds speed <= 15.00 m/s and acceleration <= 8.00 m/s^2, so kinematics passes. Goal is not reached within this label waypoint window. Safety passes: minimum clearance 1.50 m against manifest obstacles with 0 violating segment(s).""}",2.059221999999999,21.083333333333332,-2.5,1.8092219999999994,21.5,-2.5,1.9001310909090903,21.977272727272727,-2.5,1.9910401818181813,22.454545454545453,-2.5,2.081949272727272,22.93181818181818,-2.5
1773878833.400826693,1773878833.400826693,0.000,offline_ground_truth_window,"Environment section (T(v)):
- Current position NED is (2.16, 20.86, -2.51) m.
- Current velocity is (-0.04, 0.08, 0.01) m/s (speed 0.09 m/s).
- Goal position NED is (3.81, 28.75, -2.50) m.
- Output contract: predict exactly 5 waypoint x/y pairs in NED. The planner will set every waypoint z to goal z = -2.50 m before execution.
- Goal delta from current state is (1.65, 7.89, 0.01) m with distance 8.06 m.
- Obstacle pipeline: depth_camera_to_body_to_ned_current_frame.
- Current depth frame obstacle points projected into NED: 132. Nearest depth obstacle in NED is at (-0.45, 22.42, -2.67) m, relative vector (-2.61, 1.56, -0.16) m, distance 3.05 m.
- Depth validity fraction is 0.76. Global nearest obstacle distance is 2.79 m.
- Sector minimum distances [far_left, left, center, right, far_right] are [4.97, 4.97, 3.01, 2.79, 2.98] m.
- Nearest obstacle sector is right at 2.79 m and clearance status is caution.
- Lateral planning hint: left side is clearer.","{""waypoints"":[{""x"":1.8092219999999994,""y"":21.5},{""x"":1.9001310909090903,""y"":21.977272727272727},{""x"":1.9910401818181813,""y"":22.454545454545453},{""x"":2.081949272727272,""y"":22.93181818181818},{""x"":2.172858363636363,""y"":23.40909090909091}],""reasoning"":""Selected waypoint 0 moves the reference anchor from 7.86 m to 7.52 m from goal immediately and to 5.59 m by the final waypoint, so progress is 0.34 m selected / 2.28 m final and passes with monotonic goal-distance reduction. Kinematics is evaluated on 5 unique label waypoint(s), excluding consecutive duplicate terminal holds, and checks only that the trajectory stays within the configured bounds speed <= 15.00 m/s and acceleration <= 8.00 m/s^2, so kinematics passes. Goal is not reached within this label waypoint window. Safety passes: minimum clearance 1.50 m against manifest obstacles with 0 violating segment(s).""}",1.8092219999999994,21.5,-2.5,1.9001310909090903,21.977272727272727,-2.5,1.9910401818181813,22.454545454545453,-2.5,2.081949272727272,22.93181818181818,-2.5,2.172858363636363,23.40909090909091,-2.5
1773878836.816165209,1773878836.816165209,0.000,offline_ground_truth_window,"Environment section (T(v)):
- Current position NED is (1.93, 21.29, -2.51) m.
- Current velocity is (-0.05, 0.11, 0.01) m/s (speed 0.12 m/s).
- Goal position NED is (3.81, 28.75, -2.50) m.
- Output contract: predict exactly 5 waypoint x/y pairs in NED. The planner will set every waypoint z to goal z = -2.50 m before execution.
- Goal delta from current state is (1.87, 7.46, 0.01) m with distance 7.69 m.
- Obstacle pipeline: depth_camera_to_body_to_ned_current_frame.
- Current depth frame obstacle points projected into NED: 147. Nearest depth obstacle in NED is at (-0.39, 23.09, -2.56) m, relative vector (-2.32, 1.80, -0.05) m, distance 2.94 m.
- Depth validity fraction is 0.77. Global nearest obstacle distance is 2.54 m.
- Sector minimum distances [far_left, left, center, right, far_right] are [4.99, 4.97, 4.93, 2.57, 2.54] m.
- Nearest obstacle sector is far_right at 2.54 m and clearance status is caution.
- Lateral planning hint: left side is clearer.","{""waypoints"":[{""x"":1.9001310909090903,""y"":21.977272727272727},{""x"":1.9910401818181813,""y"":22.454545454545453},{""x"":2.081949272727272,""y"":22.93181818181818},{""x"":2.172858363636363,""y"":23.40909090909091},{""x"":2.263767454545454,""y"":23.886363636363637}],""reasoning"":""Selected waypoint 0 moves the reference anchor from 7.52 m to 7.04 m from goal immediately and to 5.10 m by the final waypoint, so progress is 0.48 m selected / 2.42 m final and passes with monotonic goal-distance reduction. Kinematics is evaluated on 5 unique label waypoint(s), excluding consecutive duplicate terminal holds, and checks only that the trajectory stays within the configured bounds speed <= 15.00 m/s and acceleration <= 8.00 m/s^2, so kinematics passes. Goal is not reached within this label waypoint window. Safety passes: minimum clearance 1.50 m against manifest obstacles with 0 violating segment(s).""}",1.9001310909090903,21.977272727272727,-2.5,1.9910401818181813,22.454545454545453,-2.5,2.081949272727272,22.93181818181818,-2.5,2.172858363636363,23.40909090909091,-2.5,2.263767454545454,23.886363636363637,-2.5
1773878841.166688681,1773878841.166688681,0.000,offline_ground_truth_window,"Environment section (T(v)):
- Current position NED is (1.94, 21.72, -2.48) m.
- Current velocity is (0.01, 0.06, -0.00) m/s (speed 0.06 m/s).
- Goal position NED is (3.81, 28.75, -2.50) m.
- Output contract: predict exactly 5 waypoint x/y pairs in NED. The planner will set every waypoint z to goal z = -2.50 m before execution.
- Goal delta from current state is (1.86, 7.03, -0.02) m with distance 7.27 m.
- Obstacle pipeline: depth_camera_to_body_to_ned_current_frame.
- Current depth frame obstacle points projected into NED: 163. Nearest depth obstacle in NED is at (-0.26, 23.88, -2.55) m, relative vector (-2.21, 2.16, -0.07) m, distance 3.09 m.
- Depth validity fraction is 0.78. Global nearest obstacle distance is 2.51 m.
- Sector minimum distances [far_left, left, center, right, far_right] are [4.90, 4.90, 4.89, 2.80, 2.51] m.
- Nearest obstacle sector is far_right at 2.51 m and clearance status is caution.
- Lateral planning hint: left side is clearer.","{""waypoints"":[{""x"":1.9910401818181813,""y"":22.454545454545453},{""x"":2.081949272727272,""y"":22.93181818181818},{""x"":2.172858363636363,""y"":23.40909090909091},{""x"":2.263767454545454,""y"":23.886363636363637},{""x"":2.354676545454545,""y"":24.363636363636363}],""reasoning"":""Selected waypoint 0 moves the reference anchor from 7.04 m to 6.55 m from goal immediately and to 4.62 m by the final waypoint, so progress is 0.48 m selected / 2.42 m final and passes with monotonic goal-distance reduction. Kinematics is evaluated on 5 unique label waypoint(s), excluding consecutive duplicate terminal holds, and checks only that the trajectory stays within the configured bounds speed <= 15.00 m/s and acceleration <= 8.00 m/s^2, so kinematics passes. Goal is not reached within this label waypoint window. Safety passes: minimum clearance 1.50 m against manifest obstacles with 0 violating segment(s).""}",1.9910401818181813,22.454545454545453,-2.5,2.081949272727272,22.93181818181818,-2.5,2.172858363636363,23.40909090909091,-2.5,2.263767454545454,23.886363636363637,-2.5,2.354676545454545,24.363636363636363,-2.5
1773878846.933980227,1773878846.933980227,0.000,offline_ground_truth_window,"Environment section (T(v)):
- Current position NED is (1.84, 22.24, -2.55) m.
- Current velocity is (0.20, 0.18, -0.00) m/s (speed 0.27 m/s).
- Goal position NED is (3.81, 28.75, -2.50) m.
- Output contract: predict exactly 5 waypoint x/y pairs in NED. The planner will set every waypoint z to goal z = -2.50 m before execution.
- Goal delta from current state is (1.97, 6.51, 0.05) m with distance 6.80 m.
- Obstacle pipeline: depth_camera_to_body_to_ned_current_frame.
- Current depth frame obstacle points projected into NED: 269. Nearest depth obstacle in NED is at (5.20, 24.37, -2.72) m, relative vector (3.36, 2.14, -0.18) m, distance 3.98 m.
- Depth validity fraction is 0.95. Global nearest obstacle distance is 3.01 m.
- Sector minimum distances [far_left, left, center, right, far_right] are [3.12, 3.40, 3.74, 3.01, 3.24] m.
- Nearest obstacle sector is right at 3.01 m and clearance status is clear.
- Lateral planning hint: prefer center progress.","{""waypoints"":[{""x"":2.081949272727272,""y"":22.93181818181818},{""x"":2.172858363636363,""y"":23.40909090909091},{""x"":2.263767454545454,""y"":23.886363636363637},{""x"":2.354676545454545,""y"":24.363636363636363},{""x"":2.445585636363636,""y"":24.84090909090909}],""reasoning"":""Selected waypoint 0 moves the reference anchor from 6.55 m to 6.07 m from goal immediately and to 4.14 m by the final waypoint, so progress is 0.48 m selected / 2.41 m final and passes with monotonic goal-distance reduction. Kinematics is evaluated on 5 unique label waypoint(s), excluding consecutive duplicate terminal holds, and checks only that the trajectory stays within the configured bounds speed <= 15.00 m/s and acceleration <= 8.00 m/s^2, so kinematics passes. Goal is not reached within this label waypoint window. Safety passes: minimum clearance 1.51 m against manifest obstacles with 0 violating segment(s).""}",2.081949272727272,22.93181818181818,-2.5,2.172858363636363,23.40909090909091,-2.5,2.263767454545454,23.886363636363637,-2.5,2.354676545454545,24.363636363636363,-2.5,2.445585636363636,24.84090909090909,-2.5
1773878849.912771463,1773878849.912771463,0.000,offline_ground_truth_window,"Environment section (T(v)):
- Current position NED is (2.21, 22.66, -2.53) m.
- Current velocity is (0.07, 0.13, 0.01) m/s (speed 0.15 m/s).
- Goal position NED is (3.81, 28.75, -2.50) m.
- Output contract: predict exactly 5 waypoint x/y pairs in NED. The planner will set every waypoint z to goal z = -2.50 m before execution.
- Goal delta from current state is (1.60, 6.09, 0.03) m with distance 6.30 m.
- Obstacle pipeline: depth_camera_to_body_to_ned_current_frame.
- Current depth frame obstacle points projected into NED: 214. Nearest depth obstacle in NED is at (5.89, 24.73, -2.75) m, relative vector (3.68, 2.07, -0.22) m, distance 4.23 m.
- Depth validity fraction is 0.85. Global nearest obstacle distance is 2.99 m.
- Sector minimum distances [far_left, left, center, right, far_right] are [3.07, 3.28, 3.52, 2.99, 3.02] m.
- Nearest obstacle sector is right at 2.99 m and clearance status is caution.
- Lateral planning hint: prefer center progress.","{""waypoints"":[{""x"":2.172858363636363,""y"":23.40909090909091},{""x"":2.263767454545454,""y"":23.886363636363637},{""x"":2.354676545454545,""y"":24.363636363636363},{""x"":2.445585636363636,""y"":24.84090909090909},{""x"":2.5364947272727267,""y"":25.31818181818182}],""reasoning"":""Selected waypoint 0 moves the reference anchor from 6.07 m to 5.59 m from goal immediately and to 3.66 m by the final waypoint, so progress is 0.48 m selected / 2.41 m final and passes with monotonic goal-distance reduction. Kinematics is evaluated on 5 unique label waypoint(s), excluding consecutive duplicate terminal holds, and checks only that the trajectory stays within the configured bounds speed <= 15.00 m/s and acceleration <= 8.00 m/s^2, so kinematics passes. Goal is not reached within this label waypoint window. Safety passes: minimum clearance 1.61 m against manifest obstacles with 0 violating segment(s).""}",2.172858363636363,23.40909090909091,-2.5,2.263767454545454,23.886363636363637,-2.5,2.354676545454545,24.363636363636363,-2.5,2.445585636363636,24.84090909090909,-2.5,2.5364947272727267,25.31818181818182,-2.5
1773878853.465815067,1773878853.465815067,0.000,offline_ground_truth_window,"Environment section (T(v)):
- Current position NED is (2.30, 23.14, -2.53) m.
- Current velocity is (0.01, 0.11, 0.01) m/s (speed 0.11 m/s).
- Goal position NED is (3.81, 28.75, -2.50) m.
- Output contract: predict exactly 5 waypoint x/y pairs in NED. The planner will set every waypoint z to goal z = -2.50 m before execution.
- Goal delta from current state is (1.51, 5.61, 0.03) m with distance 5.81 m.
- Obstacle pipeline: depth_camera_to_body_to_ned_current_frame.
- Current depth frame obstacle points projected into NED: 0. Nearest depth obstacle in NED is at (2.30, 23.14, -2.53) m, relative vector (20.00, 0.00, 0.00) m, distance 20.00 m.
- Depth validity fraction is 0.36. Global nearest obstacle distance is 2.93 m.
- Sector minimum distances [far_left, left, center, right, far_right] are [4.01, 4.01, 4.01, 2.93, 4.54] m.
- Nearest obstacle sector is right at 2.93 m and clearance status is caution.
- Lateral planning hint: prefer center progress.","{""waypoints"":[{""x"":2.263767454545454,""y"":23.886363636363637},{""x"":2.354676545454545,""y"":24.363636363636363},{""x"":2.445585636363636,""y"":24.84090909090909},{""x"":2.5364947272727267,""y"":25.31818181818182},{""x"":2.6274038181818176,""y"":25.795454545454547}],""reasoning"":""Selected waypoint 0 moves the reference anchor from 5.59 m to 5.10 m from goal immediately and to 3.18 m by the final waypoint, so progress is 0.48 m selected / 2.40 m final and passes with monotonic goal-distance reduction. Kinematics is evaluated on 5 unique label waypoint(s), excluding consecutive duplicate terminal holds, and checks only that the trajectory stays within the configured bounds speed <= 15.00 m/s and acceleration <= 8.00 m/s^2, so kinematics passes. Goal is not reached within this label waypoint window. Safety passes: minimum clearance 1.81 m against manifest obstacles with 0 violating segment(s).""}",2.263767454545454,23.886363636363637,-2.5,2.354676545454545,24.363636363636363,-2.5,2.445585636363636,24.84090909090909,-2.5,2.5364947272727267,25.31818181818182,-2.5,2.6274038181818176,25.795454545454547,-2.5
1773878857.116687536,1773878857.116687536,0.000,offline_ground_truth_window,"Environment section (T(v)):
- Current position NED is (2.33, 23.63, -2.49) m.
- Current velocity is (-0.00, 0.12, 0.00) m/s (speed 0.12 m/s).
- Goal position NED is (3.81, 28.75, -2.50) m.
- Output contract: predict exactly 5 waypoint x/y pairs in NED. The planner will set every waypoint z to goal z = -2.50 m before execution.
- Goal delta from current state is (1.48, 5.12, -0.01) m with distance 5.33 m.
- Obstacle pipeline: depth_camera_to_body_to_ned_current_frame.
- Current depth frame obstacle points projected into NED: 0. Nearest depth obstacle in NED is at (2.33, 23.63, -2.49) m, relative vector (20.00, 0.00, 0.00) m, distance 20.00 m.
- Depth validity fraction is 0.36. Global nearest obstacle distance is 2.85 m.
- Sector minimum distances [far_left, left, center, right, far_right] are [3.92, 3.92, 2.86, 2.85, 4.49] m.
- Nearest obstacle sector is right at 2.85 m and clearance status is caution.
- Lateral planning hint: prefer center progress.","{""waypoints"":[{""x"":2.354676545454545,""y"":24.363636363636363},{""x"":2.445585636363636,""y"":24.84090909090909},{""x"":2.5364947272727267,""y"":25.31818181818182},{""x"":2.6274038181818176,""y"":25.795454545454547},{""x"":2.7183129090909084,""y"":26.272727272727273}],""reasoning"":""Selected waypoint 0 moves the reference anchor from 5.10 m to 4.62 m from goal immediately and to 2.71 m by the final waypoint, so progress is 0.48 m selected / 2.40 m final and passes with monotonic goal-distance reduction. Kinematics is evaluated on 5 unique label waypoint(s), excluding consecutive duplicate terminal holds, and checks only that the trajectory stays within the configured bounds speed <= 15.00 m/s and acceleration <= 8.00 m/s^2, so kinematics passes. Goal is not reached within this label waypoint window. Safety passes: minimum clearance 2.08 m against manifest obstacles with 0 violating segment(s).""}",2.354676545454545,24.363636363636363,-2.5,2.445585636363636,24.84090909090909,-2.5,2.5364947272727267,25.31818181818182,-2.5,2.6274038181818176,25.795454545454547,-2.5,2.7183129090909084,26.272727272727273,-2.5
1773878860.992394209,1773878860.992394209,0.000,offline_ground_truth_window,"Environment section (T(v)):
- Current position NED is (2.36, 24.11, -2.47) m.
- Current velocity is (0.01, 0.07, -0.00) m/s (speed 0.07 m/s).
- Goal position NED is (3.81, 28.75, -2.50) m.
- Output contract: predict exactly 5 waypoint x/y pairs in NED. The planner will set every waypoint z to goal z = -2.50 m before execution.
- Goal delta from current state is (1.44, 4.64, -0.03) m with distance 4.86 m.
- Obstacle pipeline: depth_camera_to_body_to_ned_current_frame.
- Current depth frame obstacle points projected into NED: 0. Nearest depth obstacle in NED is at (2.36, 24.11, -2.47) m, relative vector (20.00, 0.00, 0.00) m, distance 20.00 m.
- Depth validity fraction is 0.36. Global nearest obstacle distance is 2.85 m.
- Sector minimum distances [far_left, left, center, right, far_right] are [3.93, 3.93, 2.85, 4.06, 4.46] m.
- Nearest obstacle sector is center at 2.85 m and clearance status is caution.
- Lateral planning hint: prefer center progress.","{""waypoints"":[{""x"":2.445585636363636,""y"":24.84090909090909},{""x"":2.5364947272727267,""y"":25.31818181818182},{""x"":2.6274038181818176,""y"":25.795454545454547},{""x"":2.7183129090909084,""y"":26.272727272727273},{""x"":2.809221999999999,""y"":26.75}],""reasoning"":""Selected waypoint 0 moves the reference anchor from 4.62 m to 4.14 m from goal immediately and to 2.24 m by the final waypoint, so progress is 0.48 m selected / 2.39 m final and passes with monotonic goal-distance reduction. Kinematics is evaluated on 5 unique label waypoint(s), excluding consecutive duplicate terminal holds, and checks only that the trajectory stays within the configured bounds speed <= 15.00 m/s and acceleration <= 8.00 m/s^2, so kinematics passes. Goal is not reached within this label waypoint window. Safety passes: minimum clearance 2.41 m against manifest obstacles with 0 violating segment(s).""}",2.445585636363636,24.84090909090909,-2.5,2.5364947272727267,25.31818181818182,-2.5,2.6274038181818176,25.795454545454547,-2.5,2.7183129090909084,26.272727272727273,-2.5,2.809221999999999,26.75,-2.5
1773878865.468257904,1773878865.468257904,0.000,offline_ground_truth_window,"Environment section (T(v)):
- Current position NED is (2.43, 24.60, -2.48) m.
- Current velocity is (0.01, 0.06, 0.00) m/s (speed 0.06 m/s).
- Goal position NED is (3.81, 28.75, -2.50) m.
- Output contract: predict exactly 5 waypoint x/y pairs in NED. The planner will set every waypoint z to goal z = -2.50 m before execution.
- Goal delta from current state is (1.38, 4.15, -0.02) m with distance 4.38 m.
- Obstacle pipeline: depth_camera_to_body_to_ned_current_frame.
- Current depth frame obstacle points projected into NED: 0. Nearest depth obstacle in NED is at (2.43, 24.60, -2.48) m, relative vector (20.00, 0.00, 0.00) m, distance 20.00 m.
- Depth validity fraction is 0.36. Global nearest obstacle distance is 3.96 m.
- Sector minimum distances [far_left, left, center, right, far_right] are [3.96, 3.96, 3.96, 4.01, 4.41] m.
- Nearest obstacle sector is far_left at 3.96 m and clearance status is clear.
- Lateral planning hint: prefer center progress.","{""waypoints"":[{""x"":2.5364947272727267,""y"":25.31818181818182},{""x"":2.6274038181818176,""y"":25.795454545454547},{""x"":2.7183129090909084,""y"":26.272727272727273},{""x"":2.809221999999999,""y"":26.75},{""x"":3.0092219999999994,""y"":27.15}],""reasoning"":""Selected waypoint 0 moves the reference anchor from 4.14 m to 3.66 m from goal immediately and to 1.79 m by the final waypoint, so progress is 0.48 m selected / 2.35 m final and passes with monotonic goal-distance reduction. Kinematics is evaluated on 5 unique label waypoint(s), excluding consecutive duplicate terminal holds, and checks only that the trajectory stays within the configured bounds speed <= 15.00 m/s and acceleration <= 8.00 m/s^2, so kinematics passes. Goal is not reached within this label waypoint window. Safety passes: minimum clearance 2.49 m against manifest obstacles with 0 violating segment(s).""}",2.5364947272727267,25.31818181818182,-2.5,2.6274038181818176,25.795454545454547,-2.5,2.7183129090909084,26.272727272727273,-2.5,2.809221999999999,26.75,-2.5,3.0092219999999994,27.15,-2.5
1773878871.940354347,1773878871.940354347,0.000,offline_ground_truth_window,"Environment section (T(v)):
- Current position NED is (2.51, 25.08, -2.50) m.
- Current velocity is (0.02, 0.05, 0.01) m/s (speed 0.05 m/s).
- Goal position NED is (3.81, 28.75, -2.50) m.
- Output contract: predict exactly 5 waypoint x/y pairs in NED. The planner will set every waypoint z to goal z = -2.50 m before execution.
- Goal delta from current state is (1.30, 3.67, 0.00) m with distance 3.90 m.
- Obstacle pipeline: depth_camera_to_body_to_ned_current_frame.
- Current depth frame obstacle points projected into NED: 0. Nearest depth obstacle in NED is at (2.51, 25.08, -2.50) m, relative vector (20.00, 0.00, 0.00) m, distance 20.00 m.
- Depth validity fraction is 0.36. Global nearest obstacle distance is 4.00 m.
- Sector minimum distances [far_left, left, center, right, far_right] are [4.01, 4.00, 4.00, 4.00, 4.31] m.
- Nearest obstacle sector is right at 4.00 m and clearance status is clear.
- Lateral planning hint: prefer center progress.","{""waypoints"":[{""x"":2.6274038181818176,""y"":25.795454545454547},{""x"":2.7183129090909084,""y"":26.272727272727273},{""x"":2.809221999999999,""y"":26.75},{""x"":3.0092219999999994,""y"":27.15},{""x"":3.2092219999999996,""y"":27.55}],""reasoning"":""Selected waypoint 0 moves the reference anchor from 3.66 m to 3.18 m from goal immediately and to 1.34 m by the final waypoint, so progress is 0.48 m selected / 2.32 m final and passes with monotonic goal-distance reduction. Kinematics is evaluated on 5 unique label waypoint(s), excluding consecutive duplicate terminal holds, and checks only that the trajectory stays within the configured bounds speed <= 15.00 m/s and acceleration <= 8.00 m/s^2, so kinematics passes. Goal is not reached within this label waypoint window. Safety passes: minimum clearance 2.17 m against manifest obstacles with 0 violating segment(s).""}",2.6274038181818176,25.795454545454547,-2.5,2.7183129090909084,26.272727272727273,-2.5,2.809221999999999,26.75,-2.5,3.0092219999999994,27.15,-2.5,3.2092219999999996,27.55,-2.5
1773878878.555450439,1773878878.555450439,0.000,offline_ground_truth_window,"Environment section (T(v)):
- Current position NED is (2.62, 25.55, -2.50) m.
- Current velocity is (0.01, 0.05, 0.00) m/s (speed 0.05 m/s).
- Goal position NED is (3.81, 28.75, -2.50) m.
- Output contract: predict exactly 5 waypoint x/y pairs in NED. The planner will set every waypoint z to goal z = -2.50 m before execution.
- Goal delta from current state is (1.19, 3.20, 0.00) m with distance 3.41 m.
- Obstacle pipeline: depth_camera_to_body_to_ned_current_frame.
- Current depth frame obstacle points projected into NED: 0. Nearest depth obstacle in NED is at (2.62, 25.55, -2.50) m, relative vector (20.00, 0.00, 0.00) m, distance 20.00 m.
- Depth validity fraction is 0.36. Global nearest obstacle distance is 4.03 m.
- Sector minimum distances [far_left, left, center, right, far_right] are [4.03, 4.03, 4.03, 4.03, 4.14] m.
- Nearest obstacle sector is right at 4.03 m and clearance status is clear.
- Lateral planning hint: prefer center progress.","{""waypoints"":[{""x"":2.7183129090909084,""y"":26.272727272727273},{""x"":2.809221999999999,""y"":26.75},{""x"":3.0092219999999994,""y"":27.15},{""x"":3.2092219999999996,""y"":27.55},{""x"":3.4092219999999998,""y"":27.95}],""reasoning"":""Selected waypoint 0 moves the reference anchor from 3.18 m to 2.71 m from goal immediately and to 0.89 m by the final waypoint, so progress is 0.48 m selected / 2.29 m final and passes with monotonic goal-distance reduction. Kinematics is evaluated on 5 unique label waypoint(s), excluding consecutive duplicate terminal holds, and checks only that the trajectory stays within the configured bounds speed <= 15.00 m/s and acceleration <= 8.00 m/s^2, so kinematics passes. Goal is not reached within this label waypoint window. Safety passes: minimum clearance 1.90 m against manifest obstacles with 0 violating segment(s).""}",2.7183129090909084,26.272727272727273,-2.5,2.809221999999999,26.75,-2.5,3.0092219999999994,27.15,-2.5,3.2092219999999996,27.55,-2.5,3.4092219999999998,27.95,-2.5
1773878884.693541288,1773878884.693541288,0.000,offline_ground_truth_window,"Environment section (T(v)):
- Current position NED is (2.68, 26.03, -2.53) m.
- Current velocity is (0.00, 0.06, 0.01) m/s (speed 0.06 m/s).
- Goal position NED is (3.81, 28.75, -2.50) m.
- Output contract: predict exactly 5 waypoint x/y pairs in NED. The planner will set every waypoint z to goal z = -2.50 m before execution.
- Goal delta from current state is (1.12, 2.72, 0.03) m with distance 2.94 m.
- Obstacle pipeline: depth_camera_to_body_to_ned_current_frame.
- Current depth frame obstacle points projected into NED: 0. Nearest depth obstacle in NED is at (2.68, 26.03, -2.53) m, relative vector (20.00, 0.00, 0.00) m, distance 20.00 m.
- Depth validity fraction is 0.36. Global nearest obstacle distance is 4.02 m.
- Sector minimum distances [far_left, left, center, right, far_right] are [4.02, 4.02, 4.02, 4.02, 4.07] m.
- Nearest obstacle sector is far_left at 4.02 m and clearance status is clear.
- Lateral planning hint: prefer center progress.","{""waypoints"":[{""x"":2.809221999999999,""y"":26.75},{""x"":3.0092219999999994,""y"":27.15},{""x"":3.2092219999999996,""y"":27.55},{""x"":3.4092219999999998,""y"":27.95},{""x"":3.6092219999999995,""y"":28.35}],""reasoning"":""Selected waypoint 0 moves the reference anchor from 2.71 m to 2.24 m from goal immediately and to 0.45 m by the final waypoint, so progress is 0.47 m selected / 2.26 m final and passes with monotonic goal-distance reduction. Kinematics is evaluated on 5 unique label waypoint(s), excluding consecutive duplicate terminal holds, and checks only that the trajectory stays within the configured bounds speed <= 15.00 m/s and acceleration <= 8.00 m/s^2, so kinematics passes. Goal is not reached within this label waypoint window. Safety passes: minimum clearance 1.70 m against manifest obstacles with 0 violating segment(s).""}",2.809221999999999,26.75,-2.5,3.0092219999999994,27.15,-2.5,3.2092219999999996,27.55,-2.5,3.4092219999999998,27.95,-2.5,3.6092219999999995,28.35,-2.5
1773878890.221566200,1773878890.221566200,0.000,offline_ground_truth_window,"Environment section (T(v)):
- Current position NED is (2.78, 26.51, -2.49) m.
- Current velocity is (0.02, 0.05, 0.00) m/s (speed 0.06 m/s).
- Goal position NED is (3.81, 28.75, -2.50) m.
- Output contract: predict exactly 5 waypoint x/y pairs in NED. The planner will set every waypoint z to goal z = -2.50 m before execution.
- Goal delta from current state is (1.03, 2.24, -0.01) m with distance 2.46 m.
- Obstacle pipeline: depth_camera_to_body_to_ned_current_frame.
- Current depth frame obstacle points projected into NED: 0. Nearest depth obstacle in NED is at (2.78, 26.51, -2.49) m, relative vector (20.00, 0.00, 0.00) m, distance 20.00 m.
- Depth validity fraction is 0.36. Global nearest obstacle distance is 3.96 m.
- Sector minimum distances [far_left, left, center, right, far_right] are [3.96, 3.97, 3.98, 3.99, 4.00] m.
- Nearest obstacle sector is far_left at 3.96 m and clearance status is clear.
- Lateral planning hint: prefer center progress.","{""waypoints"":[{""x"":3.0092219999999994,""y"":27.15},{""x"":3.2092219999999996,""y"":27.55},{""x"":3.4092219999999998,""y"":27.95},{""x"":3.6092219999999995,""y"":28.35},{""x"":3.809221999999999,""y"":28.75}],""reasoning"":""Selected waypoint 0 moves the reference anchor from 2.24 m to 1.79 m from goal immediately and to 0.00 m by the final waypoint, so progress is 0.45 m selected / 2.24 m final and passes with monotonic goal-distance reduction. Kinematics is evaluated on 5 unique label waypoint(s), excluding consecutive duplicate terminal holds, and checks only that the trajectory stays within the configured bounds speed <= 15.00 m/s and acceleration <= 8.00 m/s^2, so kinematics passes. Goal will be reached in 5 waypoint(s) within 0.35 m tolerance. Safety passes: minimum clearance 1.58 m against manifest obstacles with 0 violating segment(s).""}",3.0092219999999994,27.15,-2.5,3.2092219999999996,27.55,-2.5,3.4092219999999998,27.95,-2.5,3.6092219999999995,28.35,-2.5,3.809221999999999,28.75,-2.5
1773878896.247809887,1773878896.247809887,0.000,offline_ground_truth_window,"Environment section (T(v)):
- Current position NED is (2.93, 26.94, -2.48) m.
- Current velocity is (0.04, 0.08, 0.00) m/s (speed 0.09 m/s).
- Goal position NED is (3.81, 28.75, -2.50) m.
- Output contract: predict exactly 5 waypoint x/y pairs in NED. The planner will set every waypoint z to goal z = -2.50 m before execution.
- Goal delta from current state is (0.88, 1.81, -0.02) m with distance 2.01 m.
- Obstacle pipeline: depth_camera_to_body_to_ned_current_frame.
- Current depth frame obstacle points projected into NED: 0. Nearest depth obstacle in NED is at (2.93, 26.94, -2.48) m, relative vector (20.00, 0.00, 0.00) m, distance 20.00 m.
- Depth validity fraction is 0.36. Global nearest obstacle distance is 3.99 m.
- Sector minimum distances [far_left, left, center, right, far_right] are [3.99, 4.00, 4.00, 4.01, 4.01] m.
- Nearest obstacle sector is far_left at 3.99 m and clearance status is clear.
- Lateral planning hint: prefer center progress.","{""waypoints"":[{""x"":3.809221999999999,""y"":28.75},{""x"":3.809221999999999,""y"":28.75},{""x"":3.809221999999999,""y"":28.75},{""x"":3.809221999999999,""y"":28.75},{""x"":3.809221999999999,""y"":28.75}],""reasoning"":""Selected waypoint 0 moves the reference anchor from 1.79 m to 0.00 m from goal immediately and to 0.00 m by the final waypoint, so progress is 1.79 m selected / 1.79 m final and passes with monotonic goal-distance reduction. Kinematics is evaluated on 1 unique label waypoint(s), excluding consecutive duplicate terminal holds, and checks only that the trajectory stays within the configured bounds speed <= 15.00 m/s and acceleration <= 8.00 m/s^2, so kinematics passes. Goal will be reached in 1 waypoint(s) within 0.35 m tolerance. Safety passes: minimum clearance 1.58 m against manifest obstacles with 0 violating segment(s).""}",3.809221999999999,28.75,-2.5,3.809221999999999,28.75,-2.5,3.809221999999999,28.75,-2.5,3.809221999999999,28.75,-2.5,3.809221999999999,28.75,-2.5
1773878901.439402819,1773878901.439402819,0.000,offline_ground_truth_window,"Environment section (T(v)):
- Current position NED is (3.08, 27.37, -2.49) m.
- Current velocity is (0.04, 0.08, 0.00) m/s (speed 0.09 m/s).
- Goal position NED is (3.81, 28.75, -2.50) m.
- Output contract: predict exactly 5 waypoint x/y pairs in NED. The planner will set every waypoint z to goal z = -2.50 m before execution.
- Goal delta from current state is (0.73, 1.38, -0.01) m with distance 1.56 m.
- Obstacle pipeline: depth_camera_to_body_to_ned_current_frame.
- Current depth frame obstacle points projected into NED: 0. Nearest depth obstacle in NED is at (3.08, 27.37, -2.49) m, relative vector (20.00, 0.00, 0.00) m, distance 20.00 m.
- Depth validity fraction is 0.36. Global nearest obstacle distance is 3.95 m.
- Sector minimum distances [far_left, left, center, right, far_right] are [3.95, 3.96, 3.96, 3.97, 3.98] m.
- Nearest obstacle sector is far_left at 3.95 m and clearance status is clear.
- Lateral planning hint: prefer center progress.","{""waypoints"":[{""x"":3.809221999999999,""y"":28.75},{""x"":3.809221999999999,""y"":28.75},{""x"":3.809221999999999,""y"":28.75},{""x"":3.809221999999999,""y"":28.75},{""x"":3.809221999999999,""y"":28.75}],""reasoning"":""Selected waypoint 0 moves the reference anchor from 1.34 m to 0.00 m from goal immediately and to 0.00 m by the final waypoint, so progress is 1.34 m selected / 1.34 m final and passes with monotonic goal-distance reduction. Kinematics is evaluated on 1 unique label waypoint(s), excluding consecutive duplicate terminal holds, and checks only that the trajectory stays within the configured bounds speed <= 15.00 m/s and acceleration <= 8.00 m/s^2, so kinematics passes. Goal will be reached in 1 waypoint(s) within 0.35 m tolerance. Safety passes: minimum clearance 1.58 m against manifest obstacles with 0 violating segment(s).""}",3.809221999999999,28.75,-2.5,3.809221999999999,28.75,-2.5,3.809221999999999,28.75,-2.5,3.809221999999999,28.75,-2.5,3.809221999999999,28.75,-2.5
1773878906.104330778,1773878906.104330778,0.000,offline_ground_truth_window,"Environment section (T(v)):
- Current position NED is (3.31, 27.75, -2.49) m.
- Current velocity is (0.05, 0.09, 0.00) m/s (speed 0.11 m/s).
- Goal position NED is (3.81, 28.75, -2.50) m.
- Output contract: predict exactly 5 waypoint x/y pairs in NED. The planner will set every waypoint z to goal z = -2.50 m before execution.
- Goal delta from current state is (0.50, 1.00, -0.01) m with distance 1.12 m.
- Obstacle pipeline: depth_camera_to_body_to_ned_current_frame.
- Current depth frame obstacle points projected into NED: 0. Nearest depth obstacle in NED is at (3.31, 27.75, -2.49) m, relative vector (20.00, 0.00, 0.00) m, distance 20.00 m.
- Depth validity fraction is 0.36. Global nearest obstacle distance is 4.01 m.
- Sector minimum distances [far_left, left, center, right, far_right] are [4.01, 4.01, 4.02, 4.02, 4.02] m.
- Nearest obstacle sector is far_left at 4.01 m and clearance status is clear.
- Lateral planning hint: prefer center progress.","{""waypoints"":[{""x"":3.809221999999999,""y"":28.75},{""x"":3.809221999999999,""y"":28.75},{""x"":3.809221999999999,""y"":28.75},{""x"":3.809221999999999,""y"":28.75},{""x"":3.809221999999999,""y"":28.75}],""reasoning"":""Selected waypoint 0 moves the reference anchor from 0.89 m to 0.00 m from goal immediately and to 0.00 m by the final waypoint, so progress is 0.89 m selected / 0.89 m final and passes with monotonic goal-distance reduction. Kinematics is evaluated on 1 unique label waypoint(s), excluding consecutive duplicate terminal holds, and checks only that the trajectory stays within the configured bounds speed <= 15.00 m/s and acceleration <= 8.00 m/s^2, so kinematics passes. Goal will be reached in 1 waypoint(s) within 0.35 m tolerance. Safety passes: minimum clearance 1.58 m against manifest obstacles with 0 violating segment(s).""}",3.809221999999999,28.75,-2.5,3.809221999999999,28.75,-2.5,3.809221999999999,28.75,-2.5,3.809221999999999,28.75,-2.5,3.809221999999999,28.75,-2.5
1773878911.029459000,1773878911.029459000,0.000,offline_ground_truth_window,"Environment section (T(v)):
- Current position NED is (3.52, 28.15, -2.51) m.
- Current velocity is (0.02, 0.06, 0.01) m/s (speed 0.06 m/s).
- Goal position NED is (3.81, 28.75, -2.50) m.
- Output contract: predict exactly 5 waypoint x/y pairs in NED. The planner will set every waypoint z to goal z = -2.50 m before execution.
- Goal delta from current state is (0.29, 0.60, 0.01) m with distance 0.67 m.
- Obstacle pipeline: depth_camera_to_body_to_ned_current_frame.
- Current depth frame obstacle points projected into NED: 0. Nearest depth obstacle in NED is at (3.52, 28.15, -2.51) m, relative vector (20.00, 0.00, 0.00) m, distance 20.00 m.
- Depth validity fraction is 0.36. Global nearest obstacle distance is 4.00 m.
- Sector minimum distances [far_left, left, center, right, far_right] are [4.00, 4.00, 4.00, 4.00, 4.01] m.
- Nearest obstacle sector is far_left at 4.00 m and clearance status is clear.
- Lateral planning hint: prefer center progress.","{""waypoints"":[{""x"":3.809221999999999,""y"":28.75},{""x"":3.809221999999999,""y"":28.75},{""x"":3.809221999999999,""y"":28.75},{""x"":3.809221999999999,""y"":28.75},{""x"":3.809221999999999,""y"":28.75}],""reasoning"":""Selected waypoint 0 moves the reference anchor from 0.45 m to 0.00 m from goal immediately and to 0.00 m by the final waypoint, so progress is 0.45 m selected / 0.45 m final and passes with monotonic goal-distance reduction. Kinematics is evaluated on 1 unique label waypoint(s), excluding consecutive duplicate terminal holds, and checks only that the trajectory stays within the configured bounds speed <= 15.00 m/s and acceleration <= 8.00 m/s^2, so kinematics passes. Goal will be reached in 1 waypoint(s) within 0.35 m tolerance. Safety passes: minimum clearance 1.58 m against manifest obstacles with 0 violating segment(s).""}",3.809221999999999,28.75,-2.5,3.809221999999999,28.75,-2.5,3.809221999999999,28.75,-2.5,3.809221999999999,28.75,-2.5,3.809221999999999,28.75,-2.5
1773878915.538797140,1773878915.538797140,0.000,offline_ground_truth_window,"Environment section (T(v)):
- Current position NED is (3.56, 28.63, -2.38) m.
- Current velocity is (0.21, 0.06, -0.20) m/s (speed 0.29 m/s).
- Goal position NED is (3.81, 28.75, -2.50) m.
- Output contract: predict exactly 5 waypoint x/y pairs in NED. The planner will set every waypoint z to goal z = -2.50 m before execution.
- Goal delta from current state is (0.25, 0.12, -0.12) m with distance 0.31 m.
- Obstacle pipeline: depth_camera_to_body_to_ned_current_frame.
- Current depth frame obstacle points projected into NED: 120. Nearest depth obstacle in NED is at (6.13, 30.96, -2.60) m, relative vector (2.57, 2.33, -0.22) m, distance 3.48 m.
- Depth validity fraction is 0.60. Global nearest obstacle distance is 2.77 m.
- Sector minimum distances [far_left, left, center, right, far_right] are [2.77, 3.84, 3.40, 3.08, 4.68] m.
- Nearest obstacle sector is far_left at 2.77 m and clearance status is caution.
- Lateral planning hint: right side is clearer.","{""waypoints"":[{""x"":3.809221999999999,""y"":28.75},{""x"":3.809221999999999,""y"":28.75},{""x"":3.809221999999999,""y"":28.75},{""x"":3.809221999999999,""y"":28.75},{""x"":3.809221999999999,""y"":28.75}],""reasoning"":""Selected waypoint 0 moves the reference anchor from 0.00 m to 0.00 m from goal immediately and to 0.00 m by the final waypoint, so progress is 0.00 m selected / 0.00 m final and fails with monotonic goal-distance reduction. Kinematics is evaluated on 1 unique label waypoint(s), excluding consecutive duplicate terminal holds, and checks only that the trajectory stays within the configured bounds speed <= 15.00 m/s and acceleration <= 8.00 m/s^2, so kinematics passes. Goal has already been reached at the reference anchor within 0.35 m tolerance. Safety passes: minimum clearance 1.58 m against manifest obstacles with 0 violating segment(s).""}",3.809221999999999,28.75,-2.5,3.809221999999999,28.75,-2.5,3.809221999999999,28.75,-2.5,3.809221999999999,28.75,-2.5,3.809221999999999,28.75,-2.5
